120787.0
120788.0
120799.0
120800.0
120859.0
120860.0
120906.0
120907.0
120920.0
120948.0
120967.0
121003.0
121006.0
121008.0
121026.0
121039.0
121041.0
121042.0
121069.0
121087.0
121098.0
121101.0
121102.0
121129.0
121159.0
121161.0
121189.0
121191.0
121221.0
121222.0
121267.0
121279.0
121298.0
121324.0
121339.0
121340.0
121371.0
121387.0
121401.0
121418.0
121447.0
121448.0
121449.0
121459.0
121460.0
121507.0
121508.0
121550.0
121551.0
121563.0
121567.0
121569.0
121580.0
121581.0
121583.0
121625.0
121626.0
121627.0
121628.0
121629.0
121639.0
121640.0
121645.0
121671.0
121687.0
121688.0
121699.0
121700.0
121701.0
121731.0
121747.0
121749.0
121759.0
121760.0
121761.0
121807.0
121819.0
121820.0
121851.0
121852.0
121867.0
121879.0
121880.0
121881.0
121882.0
121883.0
121884.0
121886.0
121920.0
121921.0
121925.0
121927.0
121939.0
121940.0
121941.0
121942.0
121981.0
121987.0
121988.0
121999.0
122000.0
122001.0
122002.0
122003.0
122047.0
122057.0
122059.0
122060.0
122061.0
122062.0
122091.0
122107.0
122108.0
122119.0
122120.0
122121.0
122167.0
122168.0
122179.0
122180.0
122181.0
122182.0
122183.0
122227.0
122228.0
122239.0
122240.0
122241.0
122287.0
122288.0
122299.0
122300.0
122301.0
122347.0
122348.0
122359.0
122360.0
122361.0
122407.0
122408.0
122419.0
122420.0
122421.0
122467.0
122468.0
122479.0
122480.0
122481.0
122527.0
122539.0
122540.0
122541.0
122587.0
122588.0
122599.0
122600.0
122601.0
122647.0
122648.0
122659.0
122660.0
122707.0
122708.0
122719.0
122720.0
122767.0
122768.0
122779.0
122780.0
122824.0
122828.0
122839.0
122840.0
122887.0
122888.0
122899.0
122900.0
122947.0
122948.0
122956.0
122957.0
122959.0
122960.0
123008.0
123019.0
123020.0
123079.0
123080.0
123128.0
123129.0
123140.0
123142.0
123188.0
123189.0
123200.0
123201.0
123247.0
123248.0
123250.0
123261.0
123307.0
123308.0
123320.0
123322.0
123368.0
123380.0
123381.0
123382.0
123428.0
123429.0
123440.0
123488.0
123500.0
123501.0
123502.0
123503.0
123525.0
123548.0
123555.0
123561.0
123562.0
123582.0
123584.0
123614.0
123620.0
123621.0
123622.0
123623.0
123642.0
123643.0
123645.0
123675.0
123680.0
123681.0
123682.0
123683.0
123703.0
123704.0
123705.0
123707.0
123741.0
123742.0
123763.0
123764.0
123765.0
123766.0
123768.0
123798.0
123802.0
123803.0
123804.0
123823.0
123824.0
123825.0
123826.0
123861.0
123862.0
123863.0
123882.0
123883.0
123922.0
123923.0
123942.0
123944.0
123975.0
123981.0
123982.0
123983.0
124003.0
124004.0
124005.0
124006.0
124041.0
124045.0
124064.0
124065.0
124069.0
124070.0
124071.0
124072.0
124075.0
124093.0
124101.0
124102.0
124103.0
124123.0
124124.0
124129.0
124130.0
124137.0
124155.0
124156.0
124161.0
124162.0
124176.0
124177.0
124178.0
124182.0
124183.0
124216.0
124221.0
124222.0
124223.0
124224.0
124236.0
124237.0
124245.0
124282.0
124298.0
124304.0
124333.0
124338.0
124341.0
124342.0
124343.0
124363.0
124365.0
124394.0
124396.0
124401.0
124402.0
124424.0
124425.0
124431.0
124461.0
124462.0
124491.0
124522.0
124523.0
124582.0
124583.0
124642.0
124643.0
124701.0
124702.0
124703.0
124704.0
124732.0
124762.0
124792.0
124822.0
124862.0
124864.0
124865.0
124866.0
124867.0
124868.0
124869.0
124879.0
124881.0
124882.0
124883.0
124912.0
124916.0
124920.0
124922.0
124924.0
124925.0
124940.0
124942.0
124944.0
124967.0
124972.0
124975.0
124977.0
124980.0
124981.0
124982.0
124987.0
124988.0
125000.0
125001.0
125002.0
125017.0
125019.0
125032.0
125040.0
125042.0
125045.0
125047.0
125048.0
125049.0
125055.0
125056.0
125060.0
125061.0
125062.0
125076.0
125100.0
125102.0
125105.0
125119.0
125120.0
125121.0
125122.0
125123.0
125142.0
125151.0
125160.0
125162.0
125173.0
125175.0
125180.0
125181.0
125182.0
125183.0
125220.0
125222.0
125228.0
125229.0
125230.0
125240.0
125241.0
125242.0
125243.0
125280.0
125282.0
125291.0
125300.0
125301.0
125302.0
125303.0
125304.0
125305.0
125306.0
125340.0
125342.0
125343.0
125345.0
125348.0
125349.0
125353.0
125360.0
125361.0
125362.0
125363.0
125380.0
125381.0
125400.0
125401.0
125402.0
125404.0
125405.0
125409.0
125410.0
125411.0
125413.0
125414.0
125420.0
125421.0
125422.0
125423.0
125426.0
125452.0
125453.0
125460.0
125462.0
125463.0
125464.0
125465.0
125468.0
125469.0
125471.0
125480.0
125481.0
125482.0
125483.0
125485.0
125520.0
125522.0
125525.0
125528.0
125542.0
125543.0
125546.0
125582.0
125584.0
125586.0
125587.0
125588.0
125589.0
125590.0
125591.0
125601.0
125602.0
125607.0
125642.0
125644.0
125645.0
125647.0
125650.0
125652.0
125653.0
125659.0
125660.0
125661.0
125662.0
125663.0
125664.0
125700.0
125701.0
125702.0
125708.0
125709.0
125710.0
125720.0
125721.0
125722.0
125723.0
125724.0
125725.0
125760.0
125762.0
125768.0
125781.0
125782.0
125783.0
125785.0
125786.0
125788.0
125790.0
125820.0
125822.0
125828.0
125829.0
125830.0
125831.0
125840.0
125841.0
125844.0
125845.0
125847.0
125875.0
125877.0
125880.0
125881.0
125882.0
125886.0
125889.0
125900.0
125901.0
125902.0
125903.0
125904.0
125906.0
125940.0
125942.0
125954.0
125955.0
125960.0
125961.0
125962.0
125963.0
125964.0
125986.0
126000.0
126002.0
126007.0
126021.0
126022.0
126023.0
126024.0
126025.0
126026.0
126030.0
126035.0
126046.0
126061.0
126069.0
126071.0
126072.0
126081.0
126084.0
126087.0
126127.0
126128.0
126131.0
126132.0
126133.0
126134.0
126141.0
126142.0
126143.0
126171.0
126187.0
126188.0
126200.0
126202.0
126203.0
126204.0
126231.0
126248.0
126261.0
126262.0
126263.0
126264.0
126266.0
126307.0
126308.0
126320.0
126321.0
126326.0
126327.0
126328.0
126334.0
126337.0
126339.0
126368.0
126369.0
126370.0
126379.0
126380.0
126381.0
126420.0
126427.0
126428.0
126430.0
126440.0
126441.0
126442.0
126488.0
126489.0
126490.0
126501.0
126502.0
126503.0
126504.0
126505.0
126558.0
126559.0
126561.0
126563.0
126564.0
126567.0
126568.0
126589.0
126620.0
126621.0
126622.0
126650.0
126667.0
126668.0
126681.0
126682.0
126690.0
126692.0
126727.0
126728.0
126734.0
126787.0
126788.0
126800.0
126801.0
126802.0
126847.0
126849.0
126850.0
126860.0
126861.0
126907.0
126908.0
126909.0
126920.0
126921.0
126927.0
126967.0
126974.0
126975.0
126980.0
126982.0
126983.0
127041.0
127042.0
127100.0
127107.0
127114.0
127161.0
127200.0
127264.0
127267.0
127276.0
127277.0
127319.0
127387.0
127399.0
127451.0
127484.0
127567.0
127579.0
127605.0
127606.0
127609.0
127641.0
127663.0
127666.0
127667.0
127697.0
127700.0
127717.0
127724.0
127725.0
127726.0
127752.0
127753.0
127756.0
127761.0
127776.0
127784.0
127785.0
127797.0
127820.0
127833.0
127842.0
127864.0
127865.0
127866.0
127867.0
127875.0
127876.0
127884.0
127888.0
127904.0
127906.0
127911.0
127918.0
127964.0
127966.0
128001.0
128023.0
128024.0
128031.0
128032.0
128041.0
128060.0
128086.0
128096.0
128117.0
128121.0
128139.0
128143.0
128144.0
128145.0
128152.0
128154.0
128155.0
128175.0
128185.0
128186.0
128187.0
128189.0
128203.0
128205.0
128213.0
128278.0
128279.0
128280.0
128282.0
128301.0
128302.0
128310.0
128311.0
128314.0
128324.0
128329.0
128331.0
128361.0
128385.0
128422.0
128423.0
128424.0
128465.0
128470.0
128472.0
128481.0
128486.0
128487.0
128532.0
128541.0
128601.0
128602.0
128651.0
128652.0
128661.0
128673.0
128676.0
128678.0
128679.0
128711.0
128786.0
128787.0
128788.0
128790.0
128841.0
128842.0
128843.0
128881.0
128901.0
128902.0
128912.0
128924.0
128925.0
128927.0
128928.0
128940.0
128941.0
128947.0
128948.0
128950.0
128959.0
128960.0
128961.0
128962.0
128963.0
128965.0
128967.0
128969.0
128971.0
128974.0
129005.0
129006.0
129008.0
129009.0
129016.0
129021.0
129022.0
129023.0
129054.0
129055.0
129056.0
129070.0
129071.0
129079.0
129080.0
129081.0
129082.0
129119.0
129122.0
129123.0
129124.0
129128.0
129129.0
129130.0
129131.0
129133.0
129135.0
129140.0
129141.0
129142.0
129188.0
129189.0
129190.0
129200.0
129201.0
129202.0
129239.0
129240.0
129243.0
129245.0
129248.0
129249.0
129261.0
129263.0
129264.0
129266.0
129299.0
129300.0
129301.0
129302.0
129305.0
129306.0
129307.0
129308.0
129321.0
129322.0
129323.0
129360.0
129361.0
129367.0
129369.0
129380.0
129381.0
129382.0
129383.0
129384.0
129420.0
129421.0
129427.0
129429.0
129439.0
129440.0
129441.0
129442.0
129468.0
129470.0
129471.0
129480.0
129483.0
129488.0
129491.0
129493.0
129494.0
129495.0
129496.0
129500.0
129501.0
129502.0
129541.0
129548.0
129549.0
129550.0
129561.0
129562.0
129563.0
129605.0
129606.0
129607.0
129608.0
129609.0
129610.0
129611.0
129620.0
129621.0
129622.0
129624.0
129660.0
129664.0
129665.0
129668.0
129669.0
129680.0
129682.0
129683.0
129720.0
129721.0
129725.0
129728.0
129730.0
129734.0
129741.0
129742.0
129744.0
129745.0
129746.0
129750.0
129772.0
129781.0
129783.0
129784.0
129785.0
129788.0
129789.0
129801.0
129802.0
129803.0
129840.0
129841.0
129844.0
129845.0
129847.0
129848.0
129849.0
129851.0
129860.0
129861.0
129862.0
129864.0
129871.0
129872.0
129874.0
129875.0
129876.0
129900.0
129901.0
129908.0
129910.0
129920.0
129921.0
129922.0
129960.0
129961.0
129964.0
129965.0
129968.0
129969.0
129970.0
129981.0
129982.0
129984.0
129985.0
130016.0
130020.0
130021.0
130028.0
130030.0
130040.0
130041.0
130043.0
130081.0
130085.0
130087.0
130088.0
130089.0
130090.0
130101.0
130102.0
130103.0
130105.0
130132.0
130147.0
130148.0
130150.0
130160.0
130161.0
130162.0
130192.0
130207.0
130208.0
130220.0
130221.0
130222.0
130224.0
130268.0
130269.0
130271.0
130281.0
130282.0
130285.0
130287.0
130327.0
130328.0
130329.0
130340.0
130341.0
130342.0
130343.0
130354.0
130388.0
130389.0
130401.0
130403.0
130405.0
130448.0
130449.0
130450.0
130462.0
130507.0
130508.0
130520.0
130521.0
130522.0
130523.0
130569.0
130570.0
130580.0
130581.0
130582.0
130583.0
130628.0
130640.0
130641.0
130642.0
130688.0
130700.0
130701.0
130702.0
130706.0
130747.0
130749.0
130760.0
130761.0
130762.0
130808.0
130809.0
130810.0
130820.0
130821.0
130868.0
130869.0
130870.0
130880.0
130881.0
130914.0
130927.0
130928.0
130930.0
130941.0
130943.0
131001.0
131047.0
131048.0
131049.0
131060.0
131062.0
131107.0
131108.0
131109.0
131120.0
131121.0
131122.0
131168.0
131169.0
131180.0
131181.0
131228.0
131240.0
131241.0
131288.0
131300.0
131301.0
131302.0
131348.0
131349.0
131350.0
131360.0
131361.0
131408.0
131409.0
131420.0
131421.0
131422.0
131468.0
131470.0
131480.0
131481.0
131482.0
131528.0
131529.0
131540.0
131542.0
131588.0
131589.0
131591.0
131600.0
131601.0
131649.0
131659.0
131660.0
131661.0
131662.0
131673.0
131685.0
131686.0
131708.0
131709.0
131717.0
131718.0
131720.0
131721.0
131723.0
131747.0
131748.0
131751.0
131767.0
131768.0
131779.0
131781.0
131782.0
131784.0
131791.0
131805.0
131806.0
131820.0
131840.0
131841.0
131842.0
131843.0
131850.0
131851.0
131855.0
131867.0
131869.0
131879.0
131880.0
131895.0
131899.0
131900.0
131902.0
131904.0
131924.0
131925.0
131961.0
131962.0
131964.0
131983.0
131988.0
131991.0
132019.0
132022.0
132023.0
132024.0
132046.0
132047.0
132082.0
132083.0
132102.0
132104.0
132107.0
132142.0
132152.0
132153.0
132156.0
132161.0
132163.0
132165.0
132166.0
132167.0
132170.0
132172.0
132185.0
132201.0
132214.0
132226.0
132227.0
132228.0
132232.0
132244.0
132247.0
132248.0
132259.0
132261.0
132262.0
132264.0
132272.0
132284.0
132286.0
132303.0
132307.0
132315.0
132317.0
132321.0
132322.0
132323.0
132344.0
132345.0
132347.0
132377.0
132381.0
132382.0
132384.0
132405.0
132406.0
132421.0
132423.0
132441.0
132442.0
132443.0
132452.0
132466.0
132468.0
132478.0
132497.0
132501.0
132502.0
132504.0
132505.0
132524.0
132525.0
132527.0
132531.0
132561.0
132562.0
132563.0
132584.0
132622.0
132624.0
132645.0
132651.0
132652.0
132682.0
132683.0
132711.0
132741.0
132742.0
132743.0
132744.0
132801.0
132802.0
132803.0
132804.0
132862.0
132863.0
132864.0
132922.0
132923.0
132924.0
132981.0
132982.0
132983.0
133040.0
133041.0
133042.0
133043.0
133064.0
133066.0
133079.0
133080.0
133081.0
133082.0
133083.0
133087.0
133088.0
133089.0
133100.0
133101.0
133102.0
133103.0
133104.0
133139.0
133141.0
133142.0
133143.0
133144.0
133145.0
133147.0
133149.0
133160.0
133162.0
133180.0
133200.0
133202.0
133204.0
133205.0
133208.0
133209.0
133210.0
133221.0
133223.0
133260.0
133262.0
133264.0
133266.0
133268.0
133270.0
133281.0
133282.0
133284.0
133312.0
133323.0
133325.0
133326.0
133327.0
133328.0
133331.0
133341.0
133342.0
133372.0
133380.0
133381.0
133382.0
133386.0
133389.0
133390.0
133400.0
133401.0
133402.0
133403.0
133440.0
133441.0
133442.0
133444.0
133445.0
133448.0
133450.0
133460.0
133461.0
133462.0
133463.0
133470.0
133472.0
133475.0
133500.0
133501.0
133502.0
133505.0
133507.0
133508.0
133512.0
133521.0
133522.0
133523.0
133552.0
133560.0
133562.0
133564.0
133567.0
133568.0
133569.0
133570.0
133580.0
133581.0
133582.0
133583.0
133612.0
133613.0
133620.0
133622.0
133623.0
133624.0
133625.0
133628.0
133630.0
133640.0
133641.0
133642.0
133644.0
133672.0
133681.0
133682.0
133684.0
133688.0
133689.0
133690.0
133701.0
133702.0
133704.0
133742.0
133745.0
133746.0
133747.0
133748.0
133749.0
133754.0
133761.0
133762.0
133763.0
133792.0
133800.0
133802.0
133804.0
133808.0
133809.0
133820.0
133821.0
133822.0
133823.0
133860.0
133862.0
133869.0
133881.0
133882.0
133883.0
133884.0
133912.0
133922.0
133924.0
133927.0
133928.0
133929.0
133941.0
133942.0
133955.0
133965.0
133967.0
133972.0
133981.0
133982.0
133984.0
133985.0
133989.0
133990.0
134000.0
134001.0
134002.0
134003.0
134040.0
134042.0
134045.0
134046.0
134047.0
134048.0
134049.0
134061.0
134062.0
134063.0
134085.0
134101.0
134102.0
134108.0
134120.0
134121.0
134122.0
134124.0
134162.0
134167.0
134168.0
134183.0
134184.0
134221.0
134222.0
134227.0
134228.0
134240.0
134241.0
134242.0
134281.0
134289.0
134300.0
134301.0
134302.0
134303.0
134348.0
134350.0
134360.0
134361.0
134362.0
134363.0
134408.0
134410.0
134420.0
134421.0
134423.0
134468.0
134469.0
134480.0
134481.0
134482.0
134528.0
134540.0
134541.0
134542.0
134543.0
134588.0
134601.0
134631.0
134644.0
134648.0
134661.0
134663.0
134708.0
134709.0
134721.0
134722.0
134723.0
134724.0
134767.0
134769.0
134780.0
134782.0
134828.0
134841.0
134842.0
134843.0
134844.0
134888.0
134889.0
134900.0
134901.0
134902.0
134948.0
134949.0
134961.0
135010.0
135021.0
135070.0
135081.0
135084.0
135128.0
135129.0
135130.0
135140.0
135141.0
135201.0
135202.0
135248.0
135249.0
135261.0
135308.0
135309.0
135321.0
135367.0
135368.0
135381.0
135409.0
135428.0
135429.0
135441.0
135488.0
135489.0
135500.0
135542.0
135543.0
135548.0
135549.0
135561.0
135608.0
135609.0
135622.0
135668.0
135669.0
135681.0
135716.0
135741.0
135800.0
135801.0
135804.0
135806.0
135819.0
135821.0
135822.0
135823.0
135844.0
135863.0
135864.0
135880.0
135881.0
135884.0
135886.0
135894.0
135920.0
135921.0
135922.0
135923.0
135924.0
135944.0
135950.0
135951.0
135952.0
135954.0
135956.0
135973.0
135982.0
136002.0
136005.0
136006.0
136043.0
136044.0
136064.0
136065.0
136066.0
136067.0
136068.0
136072.0
136102.0
136103.0
136124.0
136125.0
136126.0
136127.0
136128.0
136149.0
136185.0
136190.0
136216.0
136221.0
136242.0
136244.0
136245.0
136252.0
136253.0
136267.0
136274.0
136281.0
136302.0
136303.0
136304.0
136305.0
136306.0
136318.0
136342.0
136369.0
136370.0
136395.0
136396.0
136402.0
136403.0
136404.0
136406.0
136430.0
136431.0
136434.0
136440.0
136462.0
136463.0
136483.0
136485.0
136487.0
136515.0
136522.0
136523.0
136525.0
136528.0
136529.0
136539.0
136570.0
136581.0
136582.0
136590.0
136597.0
136612.0
136620.0
136650.0
136657.0
136659.0
136667.0
136668.0
136671.0
136675.0
136676.0
136679.0
136694.0
136724.0
136725.0
136742.0
136743.0
136754.0
136762.0
136821.0
136882.0
136883.0
136884.0
136885.0
136942.0
136943.0
136944.0
137002.0
137005.0
137006.0
137063.0
137064.0
137066.0
137122.0
137123.0
137124.0
137138.0
137160.0
137163.0
137168.0
137169.0
137170.0
137174.0
137180.0
137181.0
137182.0
137183.0
137184.0
137204.0
137208.0
137220.0
137221.0
137222.0
137224.0
137225.0
137226.0
137228.0
137229.0
137240.0
137241.0
137242.0
137243.0
137244.0
137245.0
137280.0
137281.0
137287.0
137288.0
137300.0
137301.0
137302.0
137303.0
137304.0
137305.0
137306.0
137309.0
137340.0
137341.0
137344.0
137345.0
137346.0
137347.0
137348.0
137349.0
137352.0
137360.0
137363.0
137364.0
137374.0
137400.0
137401.0
137408.0
137409.0
137410.0
137420.0
137421.0
137422.0
137423.0
137424.0
137463.0
137465.0
137466.0
137468.0
137480.0
137481.0
137482.0
137486.0
137488.0
137489.0
137490.0
137491.0
137494.0
137495.0
137496.0
137498.0
137499.0
137502.0
137506.0
137520.0
137521.0
137527.0
137528.0
137540.0
137541.0
137542.0
137543.0
137544.0
137555.0
137561.0
137565.0
137572.0
137580.0
137587.0
137588.0
137589.0
137600.0
137601.0
137602.0
137603.0
137604.0
137608.0
137610.0
137642.0
137648.0
137649.0
137650.0
137660.0
137661.0
137662.0
137700.0
137701.0
137703.0
137704.0
137705.0
137706.0
137708.0
137709.0
137721.0
137722.0
137752.0
137760.0
137761.0
137764.0
137765.0
137766.0
137767.0
137768.0
137769.0
137780.0
137781.0
137783.0
137820.0
137821.0
137824.0
137825.0
137826.0
137828.0
137829.0
137840.0
137841.0
137842.0
137843.0
137844.0
137880.0
137882.0
137883.0
137885.0
137900.0
137901.0
137902.0
137932.0
137940.0
137941.0
137943.0
137944.0
137945.0
137946.0
137953.0
137955.0
137959.0
137961.0
137962.0
137963.0
138000.0
138001.0
138005.0
138022.0
138023.0
138061.0
138063.0
138064.0
138065.0
138066.0
138082.0
138083.0
138084.0
138085.0
138086.0
138088.0
138092.0
138107.0
138121.0
138123.0
138125.0
138126.0
138140.0
138142.0
138143.0
138174.0
138181.0
138184.0
138185.0
138186.0
138188.0
138196.0
138200.0
138202.0
138203.0
138232.0
138239.0
138240.0
138241.0
138243.0
138244.0
138256.0
138262.0
138263.0
138292.0
138301.0
138308.0
138320.0
138324.0
138326.0
138349.0
138350.0
138389.0
138391.0
138440.0
138547.0
138550.0
138551.0
138561.0
138570.0
138600.0
138607.0
138608.0
138610.0
138622.0
138670.0
138681.0
138728.0
138730.0
138731.0
138741.0
138788.0
138790.0
138791.0
138800.0
138801.0
138803.0
138847.0
138849.0
138860.0
138861.0
138862.0
138908.0
138909.0
138910.0
138920.0
138921.0
138923.0
138968.0
138972.0
138981.0
138982.0
138983.0
139006.0
139028.0
139029.0
139030.0
139040.0
139041.0
139088.0
139089.0
139091.0
139092.0
139100.0
139101.0
139104.0
139138.0
139148.0
139149.0
139161.0
139163.0
139208.0
139209.0
139221.0
139267.0
139268.0
139281.0
139328.0
139330.0
139332.0
139333.0
139340.0
139341.0
139388.0
139389.0
139390.0
139400.0
139401.0
139417.0
139418.0
139419.0
139447.0
139448.0
139460.0
139462.0
139464.0
139465.0
139508.0
139509.0
139520.0
139521.0
139522.0
139551.0
139567.0
139568.0
139569.0
139580.0
139581.0
139628.0
139640.0
139641.0
139642.0
139653.0
139688.0
139692.0
139700.0
139701.0
139744.0
139747.0
139749.0
139760.0
139761.0
139807.0
139808.0
139820.0
139821.0
139824.0
139867.0
139868.0
139881.0
139882.0
139904.0
139905.0
139907.0
139928.0
139940.0
139941.0
139943.0
139963.0
139965.0
139966.0
139968.0
139972.0
139973.0
140000.0
140001.0
140002.0
140003.0
140025.0
140030.0
140031.0
140037.0
140060.0
140062.0
140083.0
140084.0
140085.0
140086.0
140122.0
140126.0
140143.0
140146.0
140154.0
140181.0
140183.0
140185.0
140210.0
140242.0
140259.0
140260.0
140265.0
140266.0
140292.0
140294.0
140302.0
140303.0
140304.0
140317.0
140324.0
140326.0
140328.0
140331.0
140338.0
140339.0
140362.0
140383.0
140385.0
140388.0
140389.0
140392.0
140419.0
140422.0
140443.0
140444.0
140446.0
140447.0
140452.0
140481.0
140482.0
140504.0
140536.0
140541.0
140542.0
140543.0
140565.0
140572.0
140594.0
140620.0
140624.0
140625.0
140626.0
140627.0
140628.0
140633.0
140663.0
140684.0
140686.0
140690.0
140721.0
140722.0
140745.0
140747.0
140755.0
140757.0
140758.0
140774.0
140775.0
140782.0
140783.0
140784.0
140811.0
140812.0
140842.0
140902.0
140932.0
140962.0
140963.0
140964.0
141022.0
141024.0
141082.0
141083.0
141143.0
141144.0
141157.0
141202.0
141203.0
141230.0
141238.0
141240.0
141241.0
141248.0
141250.0
141260.0
141261.0
141262.0
141263.0
141264.0
141265.0
141267.0
141297.0
141300.0
141301.0
141308.0
141309.0
141320.0
141321.0
141323.0
141324.0
141360.0
141361.0
141365.0
141368.0
141369.0
141381.0
141382.0
141383.0
141421.0
141428.0
141430.0
141442.0
141443.0
141445.0
141446.0
141480.0
141481.0
141488.0
141490.0
141500.0
141501.0
141502.0
141503.0
141539.0
141548.0
141560.0
141561.0
141562.0
141563.0
141599.0
141600.0
141601.0
141605.0
141608.0
141621.0
141622.0
141623.0
141624.0
141660.0
141661.0
141668.0
141669.0
141681.0
141683.0
141719.0
141721.0
141724.0
141729.0
141730.0
141740.0
141742.0
141743.0
141782.0
141784.0
141785.0
141788.0
141789.0
141800.0
141801.0
141802.0
141803.0
141835.0
141841.0
141844.0
141846.0
141848.0
141862.0
141863.0
141902.0
141903.0
141904.0
141905.0
141906.0
141908.0
141909.0
141910.0
141922.0
141923.0
141962.0
141964.0
141965.0
141970.0
141980.0
141981.0
141982.0
141983.0
142020.0
142022.0
142025.0
142026.0
142028.0
142029.0
142030.0
142040.0
142042.0
142057.0
142060.0
142061.0
142082.0
142085.0
142087.0
142088.0
142089.0
142100.0
142101.0
142102.0
142103.0
142136.0
142137.0
142142.0
142143.0
142145.0
142146.0
142148.0
142149.0
142160.0
142161.0
142162.0
142164.0
142165.0
142200.0
142202.0
142204.0
142207.0
142208.0
142221.0
142222.0
142224.0
142262.0
142264.0
142265.0
142268.0
142276.0
142281.0
142282.0
142283.0
142284.0
142322.0
142324.0
142325.0
142329.0
142330.0
142340.0
142341.0
142343.0
142372.0
142382.0
142388.0
142389.0
142403.0
142408.0
142410.0
142433.0
142442.0
142448.0
142449.0
142461.0
142463.0
142508.0
142509.0
142510.0
142518.0
142521.0
142523.0
142569.0
142580.0
142582.0
142583.0
142601.0
142613.0
142628.0
142629.0
142630.0
142641.0
142642.0
142673.0
142688.0
142700.0
142701.0
142702.0
142703.0
142710.0
142734.0
142748.0
142749.0
142751.0
142761.0
142762.0
142763.0
142764.0
142810.0
142820.0
142821.0
142822.0
142823.0
142824.0
142868.0
142869.0
142882.0
142883.0
142928.0
142929.0
142940.0
142941.0
142942.0
142943.0
142944.0
142988.0
142989.0
143000.0
143001.0
143002.0
143004.0
143017.0
143018.0
143036.0
143048.0
143049.0
143060.0
143061.0
143062.0
143063.0
143108.0
143109.0
143121.0
143122.0
143150.0
143151.0
143168.0
143183.0
143227.0
143229.0
143230.0
143240.0
143241.0
143300.0
143301.0
143349.0
143350.0
143360.0
143361.0
143362.0
143409.0
143410.0
143421.0
143422.0
143423.0
143468.0
143469.0
143471.0
143480.0
143482.0
143528.0
143541.0
143589.0
143590.0
143601.0
143603.0
143633.0
143648.0
143649.0
143660.0
143662.0
143663.0
143708.0
143709.0
143721.0
143767.0
143768.0
143769.0
143781.0
143782.0
143828.0
143840.0
143841.0
143888.0
143889.0
143901.0
143902.0
143948.0
143949.0
143961.0
143986.0
143987.0
143988.0
144009.0
144010.0
144021.0
144038.0
144046.0
144047.0
144053.0
144078.0
144081.0
144082.0
144083.0
144084.0
144107.0
144108.0
144119.0
144121.0
144128.0
144141.0
144142.0
144143.0
144163.0
144167.0
144179.0
144188.0
144189.0
144197.0
144203.0
144230.0
144231.0
144233.0
144262.0
144263.0
144264.0
144271.0
144284.0
144301.0
144323.0
144331.0
144339.0
144341.0
144343.0
144353.0
144355.0
144358.0
144371.0
144375.0
144383.0
144384.0
144398.0
144442.0
144443.0
144445.0
144465.0
144473.0
144503.0
144504.0
144526.0
144528.0
144530.0
144556.0
144563.0
144564.0
144584.0
144586.0
144587.0
144599.0
144618.0
144622.0
144623.0
144642.0
144645.0
144647.0
144649.0
144653.0
144674.0
144677.0
144682.0
144683.0
144684.0
144713.0
144742.0
144743.0
144757.0
144762.0
144763.0
144767.0
144771.0
144794.0
144798.0
144801.0
144802.0
144803.0
144804.0
144805.0
144824.0
144827.0
144829.0
144830.0
144834.0
144840.0
144857.0
144858.0
144862.0
144863.0
144864.0
144865.0
144886.0
144917.0
144922.0
144923.0
144924.0
144944.0
144945.0
144983.0
144984.0
145042.0
145043.0
145044.0
145102.0
145103.0
145104.0
145163.0
145222.0
145223.0
145283.0
145284.0
145287.0
145288.0
145289.0
145321.0
145324.0
145326.0
145328.0
145329.0
145340.0
145341.0
145342.0
145343.0
145358.0
145372.0
145380.0
145381.0
145384.0
145385.0
145388.0
145400.0
145401.0
145402.0
145403.0
145404.0
145431.0
145440.0
145441.0
145444.0
145445.0
145448.0
145449.0
145460.0
145461.0
145462.0
145463.0
145464.0
145501.0
145504.0
145505.0
145506.0
145508.0
145509.0
145520.0
145521.0
145522.0
145523.0
145524.0
145561.0
145565.0
145568.0
145581.0
145582.0
145583.0
145621.0
145623.0
145624.0
145625.0
145626.0
145628.0
145629.0
145630.0
145631.0
145640.0
145641.0
145642.0
145643.0
145655.0
145657.0
145682.0
145684.0
145685.0
145686.0
145688.0
145689.0
145700.0
145703.0
145704.0
145733.0
145740.0
145741.0
145745.0
145746.0
145749.0
145750.0
145761.0
145762.0
145763.0
145800.0
145801.0
145803.0
145804.0
145809.0
145820.0
145821.0
145822.0
145823.0
145824.0
145860.0
145861.0
145864.0
145865.0
145866.0
145869.0
145881.0
145882.0
145883.0
145884.0
145921.0
145923.0
145924.0
145925.0
145926.0
145928.0
145929.0
145941.0
145943.0
145944.0
145981.0
145983.0
145984.0
145985.0
145989.0
145990.0
146000.0
146001.0
146002.0
146032.0
146041.0
146043.0
146045.0
146046.0
146048.0
146049.0
146061.0
146062.0
146063.0
146105.0
146106.0
146107.0
146108.0
146109.0
146110.0
146111.0
146119.0
146121.0
146122.0
146123.0
146125.0
146126.0
146149.0
146161.0
146164.0
146165.0
146168.0
146181.0
146182.0
146183.0
146184.0
146185.0
146198.0
146220.0
146221.0
146223.0
146228.0
146229.0
146241.0
146242.0
146243.0
146244.0
146281.0
146283.0
146285.0
146288.0
146289.0
146300.0
146303.0
146304.0
146330.0
146331.0
146340.0
146341.0
146345.0
146346.0
146349.0
146360.0
146361.0
146363.0
146364.0
146401.0
146404.0
146408.0
146409.0
146421.0
146423.0
146424.0
146461.0
146468.0
146469.0
146481.0
146482.0
146483.0
146484.0
146528.0
146529.0
146541.0
146543.0
146544.0
146551.0
146588.0
146589.0
146590.0
146601.0
146602.0
146618.0
146631.0
146632.0
146633.0
146648.0
146649.0
146661.0
146662.0
146663.0
146720.0
146721.0
146723.0
146724.0
146750.0
146751.0
146765.0
146766.0
146781.0
146782.0
146783.0
146828.0
146843.0
146844.0
146891.0
146898.0
146900.0
146903.0
146904.0
146962.0
146963.0
146964.0
147008.0
147020.0
147023.0
147024.0
147052.0
147083.0
147097.0
147140.0
147188.0
147229.0
147248.0
147249.0
147250.0
147308.0
147309.0
147320.0
147368.0
147380.0
147381.0
147428.0
147429.0
147430.0
147441.0
147442.0
147488.0
147500.0
147501.0
147548.0
147560.0
147608.0
147620.0
147621.0
147668.0
147680.0
147681.0
147728.0
147729.0
147740.0
147741.0
147788.0
147789.0
147800.0
147801.0
147848.0
147860.0
147861.0
147908.0
147920.0
147921.0
147968.0
147980.0
147981.0
147995.0
147996.0
148024.0
148028.0
148040.0
148041.0
148056.0
148089.0
148091.0
148100.0
148101.0
148110.0
148122.0
148126.0
148129.0
148144.0
148145.0
148156.0
148160.0
148161.0
148162.0
148192.0
148217.0
148222.0
148223.0
148275.0
148277.0
148282.0
148342.0
148372.0
148393.0
148394.0
148402.0
148430.0
148453.0
148462.0
148540.0
148541.0
148542.0
148578.0
148579.0
148582.0
148597.0
148604.0
148606.0
148609.0
148642.0
148663.0
148680.0
148710.0
148726.0
148727.0
148739.0
148762.0
148784.0
148785.0
148786.0
148816.0
148844.0
148845.0
148846.0
148876.0
148882.0
148903.0
148904.0
148905.0
148963.0
148964.0
148965.0
148966.0
149002.0
149006.0
149025.0
149062.0
149063.0
149122.0
149123.0
149124.0
149182.0
149242.0
149302.0
149328.0
149329.0
149362.0
149363.0
149420.0
149421.0
149422.0
149460.0
149468.0
149480.0
149481.0
149482.0
149528.0
149540.0
149541.0
149542.0
149581.0
149588.0
149600.0
149601.0
149602.0
149648.0
149649.0
149660.0
149661.0
149662.0
149701.0
149708.0
149720.0
149721.0
149722.0
149768.0
149780.0
149781.0
149782.0
149794.0
149821.0
149828.0
149829.0
149840.0
149841.0
149842.0
149881.0
149884.0
149885.0
149888.0
149900.0
149901.0
149902.0
149926.0
149927.0
149941.0
149944.0
149945.0
149946.0
149948.0
149960.0
149961.0
149962.0
150000.0
150001.0
150005.0
150008.0
150020.0
150021.0
150022.0
150060.0
150061.0
150065.0
150068.0
150080.0
150081.0
150082.0
150083.0
150119.0
150121.0
150125.0
150128.0
150140.0
150141.0
150142.0
150150.0
150151.0
150180.0
150181.0
150185.0
150188.0
150200.0
150201.0
150202.0
150218.0
150228.0
150240.0
150241.0
150245.0
150248.0
150260.0
150261.0
150262.0
150263.0
150300.0
150301.0
150304.0
150308.0
150320.0
150321.0
150322.0
150350.0
150351.0
150360.0
150361.0
150364.0
150368.0
150369.0
150380.0
150381.0
150382.0
150420.0
150421.0
150428.0
150440.0
150441.0
150442.0
150479.0
150481.0
150484.0
150488.0
150500.0
150501.0
150502.0
150541.0
150548.0
150560.0
150561.0
150562.0
150601.0
150608.0
150620.0
150621.0
150622.0
150651.0
150652.0
150653.0
150661.0
150668.0
150680.0
150681.0
150682.0
150693.0
150728.0
150740.0
150741.0
150742.0
150772.0
150788.0
150800.0
150801.0
150802.0
150803.0
150825.0
150848.0
150860.0
150861.0
150862.0
150908.0
150920.0
150921.0
150922.0
150968.0
150969.0
150980.0
150981.0
150982.0
151028.0
151040.0
151041.0
151042.0
151088.0
151100.0
151101.0
151102.0
151103.0
151127.0
151148.0
151160.0
151161.0
151162.0
151163.0
151208.0
151220.0
151221.0
151222.0
151268.0
151280.0
151281.0
151282.0
151328.0
151340.0
151341.0
151388.0
151400.0
151401.0
151448.0
151460.0
151461.0
151508.0
151520.0
151521.0
151568.0
151580.0
151581.0
151591.0
151592.0
151628.0
151629.0
151640.0
151641.0
151656.0
151688.0
151689.0
151700.0
151701.0
151725.0
151748.0
151749.0
151761.0
151762.0
151808.0
151868.0
151881.0
151928.0
151940.0
151941.0
151988.0
152000.0
152001.0
152048.0
152060.0
152061.0
152108.0
152120.0
152121.0
152168.0
152169.0
152180.0
152181.0
152195.0
152196.0
152208.0
152209.0
152225.0
152228.0
152240.0
152241.0
152242.0
152266.0
152267.0
152268.0
152295.0
152298.0
152300.0
152301.0
152302.0
152324.0
152326.0
152352.0
152360.0
152361.0
152362.0
152383.0
152386.0
152414.0
152416.0
152422.0
152445.0
152475.0
152482.0
152535.0
152542.0
152564.0
152595.0
152598.0
152602.0
152603.0
152627.0
152628.0
152656.0
152657.0
152662.0
152685.0
152686.0
152713.0
152716.0
152721.0
152722.0
152746.0
152751.0
152774.0
152775.0
152776.0
152778.0
152782.0
152804.0
152805.0
152807.0
152808.0
152836.0
152837.0
152842.0
152866.0
152867.0
152881.0
152885.0
152887.0
152902.0
152910.0
152911.0
152912.0
152913.0
152915.0
152916.0
152925.0
152940.0
152942.0
152962.0
152963.0
152976.0
152977.0
153008.0
153022.0
153032.0
153033.0
153035.0
153036.0
153063.0
153082.0
153091.0
153112.0
153142.0
153202.0
153262.0
153322.0
153382.0
153442.0
153443.0
153502.0
153518.0
153523.0
153531.0
153540.0
153541.0
153545.0
153548.0
153560.0
153561.0
153562.0
153600.0
153602.0
153605.0
153608.0
153609.0
153620.0
153621.0
153622.0
153660.0
153661.0
153665.0
153668.0
153669.0
153680.0
153681.0
153682.0
153720.0
153721.0
153725.0
153728.0
153740.0
153741.0
153742.0
153745.0
153781.0
153785.0
153788.0
153800.0
153801.0
153802.0
153803.0
153823.0
153824.0
153841.0
153845.0
153848.0
153861.0
153862.0
153863.0
153900.0
153901.0
153905.0
153908.0
153920.0
153921.0
153922.0
153950.0
153951.0
153960.0
153961.0
153965.0
153968.0
153980.0
153981.0
153982.0
153983.0
154020.0
154021.0
154025.0
154028.0
154029.0
154040.0
154041.0
154042.0
154043.0
154080.0
154081.0
154085.0
154088.0
154100.0
154101.0
154102.0
154103.0
154140.0
154141.0
154145.0
154148.0
154161.0
154162.0
154163.0
154200.0
154201.0
154205.0
154208.0
154221.0
154222.0
154223.0
154252.0
154260.0
154261.0
154265.0
154268.0
154280.0
154281.0
154282.0
154289.0
154320.0
154321.0
154325.0
154328.0
154329.0
154340.0
154341.0
154342.0
154343.0
154380.0
154381.0
154385.0
154388.0
154400.0
154401.0
154402.0
154421.0
154440.0
154441.0
154445.0
154448.0
154460.0
154461.0
154462.0
154463.0
154500.0
154501.0
154505.0
154508.0
154521.0
154522.0
154523.0
154560.0
154561.0
154565.0
154568.0
154580.0
154581.0
154582.0
154583.0
154621.0
154625.0
154628.0
154640.0
154641.0
154642.0
154643.0
154646.0
154681.0
154688.0
154689.0
154700.0
154701.0
154702.0
154703.0
154722.0
154723.0
154741.0
154749.0
154760.0
154761.0
154762.0
154763.0
154808.0
154809.0
154821.0
154822.0
154823.0
154868.0
154881.0
154882.0
154928.0
154929.0
154941.0
154942.0
154943.0
154989.0
154990.0
155001.0
155002.0
155003.0
155048.0
155049.0
155061.0
155062.0
155063.0
155108.0
155109.0
155121.0
155122.0
155123.0
155124.0
155169.0
155181.0
155182.0
155183.0
155187.0
155188.0
155228.0
155229.0
155230.0
155241.0
155242.0
155243.0
155257.0
155288.0
155289.0
155301.0
155302.0
155303.0
155321.0
155348.0
155349.0
155350.0
155361.0
155362.0
155363.0
155408.0
155409.0
155421.0
155422.0
155423.0
155468.0
155481.0
155482.0
155528.0
155529.0
155541.0
155588.0
155600.0
155601.0
155648.0
155661.0
155708.0
155720.0
155721.0
155768.0
155780.0
155781.0
155828.0
155840.0
155841.0
155888.0
155901.0
155948.0
155961.0
156008.0
156020.0
156021.0
156068.0
156080.0
156081.0
156128.0
156129.0
156140.0
156141.0
156188.0
156200.0
156201.0
156219.0
156248.0
156261.0
156279.0
156280.0
156281.0
156308.0
156321.0
156322.0
156323.0
156347.0
156349.0
156352.0
156353.0
156380.0
156381.0
156382.0
156383.0
156408.0
156410.0
156411.0
156415.0
156440.0
156441.0
156442.0
156443.0
156465.0
156471.0
156473.0
156482.0
156493.0
156502.0
156503.0
156510.0
156520.0
156521.0
156530.0
156532.0
156535.0
156536.0
156542.0
156551.0
156562.0
156563.0
156565.0
156592.0
156594.0
156597.0
156622.0
156623.0
156627.0
156651.0
156653.0
156682.0
156689.0
156711.0
156712.0
156713.0
156714.0
156716.0
156718.0
156722.0
156728.0
156742.0
156743.0
156753.0
156758.0
156775.0
156779.0
156782.0
156834.0
156835.0
156836.0
156863.0
156864.0
156865.0
156891.0
156892.0
156904.0
156951.0
156961.0
156962.0
156982.0
157008.0
157009.0
157011.0
157012.0
157046.0
157066.0
157075.0
157102.0
157110.0
157137.0
157150.0
157200.0
157212.0
157222.0
157402.0
157403.0
157404.0
157420.0
157462.0
157463.0
157522.0
157523.0
157582.0
157583.0
157628.0
157629.0
157641.0
157643.0
157644.0
157645.0
157685.0
157686.0
157689.0
157701.0
157703.0
157740.0
157741.0
157748.0
157761.0
157762.0
157763.0
157764.0
157765.0
157801.0
157808.0
157809.0
157810.0
157821.0
157822.0
157823.0
157824.0
157851.0
157852.0
157869.0
157870.0
157871.0
157881.0
157882.0
157883.0
157885.0
157925.0
157929.0
157930.0
157941.0
157943.0
157944.0
157989.0
158001.0
158003.0
158004.0
158005.0
158017.0
158040.0
158048.0
158049.0
158061.0
158062.0
158063.0
158064.0
158121.0
158122.0
158123.0
158169.0
158171.0
158181.0
158182.0
158183.0
158221.0
158224.0
158225.0
158228.0
158229.0
158240.0
158241.0
158242.0
158243.0
158244.0
158245.0
158281.0
158284.0
158285.0
158288.0
158289.0
158302.0
158303.0
158305.0
158319.0
158341.0
158345.0
158348.0
158349.0
158363.0
158364.0
158401.0
158405.0
158408.0
158409.0
158422.0
158423.0
158424.0
158425.0
158461.0
158464.0
158465.0
158470.0
158471.0
158481.0
158483.0
158484.0
158485.0
158521.0
158524.0
158525.0
158529.0
158530.0
158541.0
158542.0
158543.0
158544.0
158546.0
158583.0
158584.0
158585.0
158586.0
158601.0
158602.0
158603.0
158604.0
158605.0
158641.0
158644.0
158645.0
158648.0
158649.0
158650.0
158661.0
158663.0
158664.0
158665.0
158670.0
158671.0
158675.0
158701.0
158705.0
158706.0
158709.0
158721.0
158722.0
158723.0
158724.0
158761.0
158765.0
158769.0
158781.0
158782.0
158783.0
158784.0
158826.0
158829.0
158842.0
158843.0
158844.0
158857.0
158888.0
158889.0
158890.0
158901.0
158903.0
158916.0
158917.0
158948.0
158949.0
158950.0
158961.0
158962.0
158963.0
159009.0
159021.0
159022.0
159023.0
159024.0
159081.0
159083.0
159128.0
159129.0
159142.0
159143.0
159145.0
159189.0
159190.0
159201.0
159202.0
159203.0
159205.0
159218.0
159219.0
159249.0
159250.0
159261.0
159262.0
159263.0
159264.0
159265.0
159309.0
159321.0
159322.0
159323.0
159324.0
159369.0
159381.0
159382.0
159383.0
159429.0
159441.0
159442.0
159443.0
159444.0
159489.0
159490.0
159501.0
159502.0
159503.0
159548.0
159549.0
159561.0
159562.0
159563.0
159609.0
159621.0
159669.0
159681.0
159683.0
159729.0
159741.0
159742.0
159788.0
159789.0
159801.0
159802.0
159815.0
159849.0
159850.0
159861.0
159862.0
159908.0
159910.0
159922.0
159969.0
159981.0
160029.0
160030.0
160043.0
160088.0
160089.0
160101.0
160102.0
160149.0
160161.0
160208.0
160221.0
160269.0
160282.0
160329.0
160340.0
160341.0
160388.0
160389.0
160396.0
160397.0
160398.0
160400.0
160401.0
160402.0
160428.0
160449.0
160451.0
160452.0
160454.0
160461.0
160462.0
160463.0
160464.0
160508.0
160509.0
160510.0
160521.0
160523.0
160524.0
160568.0
160569.0
160581.0
160582.0
160583.0
160584.0
160629.0
160642.0
160643.0
160644.0
160674.0
160702.0
160703.0
160704.0
160729.0
160730.0
160762.0
160763.0
160764.0
160765.0
160785.0
160786.0
160787.0
160788.0
160790.0
160823.0
160825.0
160833.0
160845.0
160851.0
160852.0
160863.0
160882.0
160883.0
160884.0
160888.0
160907.0
160908.0
160942.0
160943.0
160944.0
160950.0
160975.0
160977.0
160978.0
160985.0
160988.0
160989.0
161016.0
161039.0
161044.0
161049.0
161052.0
161053.0
161061.0
161062.0
161066.0
161079.0
161108.0
161117.0
161175.0
161181.0
161182.0
161191.0
161237.0
161243.0
161249.0
161267.0
161295.0
161362.0
161363.0
161452.0
161482.0
161483.0
161543.0
161544.0
161603.0
161604.0
161663.0
161664.0
161706.0
161708.0
161709.0
161710.0
161720.0
161721.0
161722.0
161723.0
161762.0
161765.0
161768.0
161769.0
161781.0
161782.0
161783.0
161813.0
161829.0
161835.0
161837.0
161841.0
161842.0
161843.0
161844.0
161880.0
161882.0
161888.0
161901.0
161902.0
161903.0
161904.0
161915.0
161942.0
161945.0
161948.0
161961.0
161962.0
161963.0
161964.0
162008.0
162020.0
162021.0
162023.0
162024.0
162025.0
162062.0
162068.0
162069.0
162081.0
162083.0
162084.0
162128.0
162140.0
162141.0
162143.0
162144.0
162145.0
162182.0
162188.0
162201.0
162203.0
162204.0
162248.0
162261.0
162263.0
162264.0
162271.0
162272.0
162275.0
162305.0
162308.0
162320.0
162321.0
162323.0
162353.0
162361.0
162363.0
162364.0
162366.0
162368.0
162369.0
162371.0
162379.0
162381.0
162413.0
162422.0
162423.0
162425.0
162426.0
162428.0
162429.0
162430.0
162441.0
162443.0
162473.0
162482.0
162485.0
162486.0
162488.0
162501.0
162502.0
162512.0
162533.0
162540.0
162541.0
162545.0
162548.0
162561.0
162562.0
162563.0
162593.0
162601.0
162605.0
162609.0
162620.0
162621.0
162622.0
162623.0
162653.0
162661.0
162665.0
162668.0
162669.0
162680.0
162681.0
162682.0
162683.0
162721.0
162724.0
162726.0
162729.0
162735.0
162741.0
162742.0
162743.0
162760.0
162773.0
162781.0
162784.0
162788.0
162789.0
162801.0
162802.0
162803.0
162804.0
162814.0
162815.0
162841.0
162846.0
162849.0
162850.0
162861.0
162863.0
162864.0
162909.0
162921.0
162922.0
162923.0
162969.0
162970.0
162981.0
162982.0
162983.0
163028.0
163029.0
163041.0
163043.0
163044.0
163045.0
163088.0
163101.0
163103.0
163104.0
163149.0
163163.0
163164.0
163208.0
163209.0
163210.0
163221.0
163223.0
163224.0
163225.0
163268.0
163269.0
163278.0
163279.0
163281.0
163282.0
163283.0
163284.0
163329.0
163342.0
163343.0
163344.0
163389.0
163402.0
163403.0
163404.0
163405.0
163411.0
163412.0
163449.0
163450.0
163461.0
163462.0
163463.0
163464.0
163509.0
163521.0
163523.0
163568.0
163569.0
163581.0
163628.0
163630.0
163641.0
163642.0
163688.0
163689.0
163701.0
163702.0
163748.0
163749.0
163761.0
163762.0
163808.0
163809.0
163821.0
163868.0
163881.0
163928.0
163929.0
163941.0
163988.0
164001.0
164048.0
164049.0
164061.0
164108.0
164109.0
164121.0
164168.0
164178.0
164181.0
164228.0
164229.0
164240.0
164241.0
164288.0
164289.0
164301.0
164310.0
164311.0
164348.0
164349.0
164361.0
164408.0
164421.0
164448.0
164449.0
164450.0
164453.0
164468.0
164469.0
164480.0
164481.0
164507.0
164508.0
164510.0
164511.0
164512.0
164515.0
164516.0
164528.0
164540.0
164541.0
164543.0
164566.0
164570.0
164578.0
164584.0
164595.0
164600.0
164601.0
164603.0
164608.0
164613.0
164619.0
164621.0
164636.0
164651.0
164661.0
164663.0
164675.0
164677.0
164679.0
164723.0
164726.0
164728.0
164756.0
164783.0
164786.0
164814.0
164835.0
164836.0
164842.0
164843.0
164866.0
164886.0
164889.0
164903.0
164916.0
164961.0
164963.0
164990.0
165007.0
165009.0
165022.0
165023.0
165037.0
165038.0
165051.0
165052.0
165053.0
165066.0
165083.0
165096.0
165097.0
165128.0
165130.0
165143.0
165158.0
165159.0
165199.0
165203.0
165229.0
165230.0
165263.0
165264.0
165272.0
165273.0
165286.0
165287.0
165302.0
165321.0
165323.0
165324.0
165351.0
165352.0
165354.0
165383.0
165408.0
165410.0
165443.0
165444.0
165503.0
165504.0
165512.0
165563.0
165564.0
165565.0
165623.0
165624.0
165625.0
165626.0
165683.0
165684.0
165743.0
165744.0
165745.0
165803.0
165804.0
165805.0
165841.0
165845.0
165848.0
165849.0
165861.0
165863.0
165864.0
165870.0
165871.0
165872.0
165901.0
165905.0
165908.0
165909.0
165910.0
165911.0
165921.0
165923.0
165924.0
165961.0
165965.0
165968.0
165970.0
165981.0
165982.0
165983.0
166021.0
166025.0
166028.0
166029.0
166030.0
166041.0
166042.0
166043.0
166044.0
166045.0
166084.0
166085.0
166086.0
166088.0
166089.0
166090.0
166102.0
166103.0
166104.0
166105.0
166108.0
166109.0
166145.0
166146.0
166148.0
166149.0
166150.0
166162.0
166163.0
166164.0
166201.0
166205.0
166208.0
166209.0
166221.0
166222.0
166223.0
166224.0
166225.0
166265.0
166266.0
166281.0
166283.0
166284.0
166285.0
166321.0
166324.0
166325.0
166326.0
166330.0
166331.0
166342.0
166343.0
166344.0
166360.0
166385.0
166386.0
166388.0
166403.0
166404.0
166410.0
166411.0
166444.0
166445.0
166446.0
166463.0
166464.0
166465.0
166504.0
166505.0
166506.0
166521.0
166523.0
166524.0
166564.0
166565.0
166566.0
166568.0
166581.0
166583.0
166584.0
166585.0
166621.0
166625.0
166626.0
166643.0
166644.0
166685.0
166686.0
166745.0
166746.0
166765.0
166766.0
166801.0
166805.0
166821.0
166861.0
166864.0
166865.0
166866.0
166868.0
166869.0
166870.0
166875.0
166883.0
166924.0
166925.0
166926.0
166929.0
166930.0
166931.0
166941.0
166985.0
166986.0
166989.0
167002.0
167003.0
167007.0
167008.0
167045.0
167049.0
167061.0
167062.0
167063.0
167108.0
167109.0
167121.0
167123.0
167168.0
167169.0
167171.0
167181.0
167183.0
167228.0
167229.0
167241.0
167242.0
167243.0
167289.0
167301.0
167302.0
167303.0
167304.0
167305.0
167309.0
167310.0
167348.0
167349.0
167362.0
167363.0
167364.0
167365.0
167409.0
167421.0
167422.0
167423.0
167424.0
167469.0
167481.0
167482.0
167483.0
167484.0
167528.0
167529.0
167541.0
167543.0
167544.0
167545.0
167588.0
167589.0
167601.0
167602.0
167603.0
167604.0
167605.0
167661.0
167662.0
167663.0
167664.0
167711.0
167712.0
167721.0
167723.0
167724.0
167725.0
167773.0
167828.0
167844.0
167907.0
167961.0
168081.0
168188.0
168201.0
168218.0
168249.0
168308.0
168309.0
168311.0
168350.0
168351.0
168368.0
168369.0
168381.0
168382.0
168429.0
168431.0
168442.0
168443.0
168488.0
168489.0
168501.0
168548.0
168549.0
168561.0
168562.0
168563.0
168609.0
168621.0
168622.0
168623.0
168624.0
168651.0
168652.0
168653.0
168681.0
168683.0
168684.0
168685.0
168690.0
168691.0
168702.0
168741.0
168742.0
168743.0
168744.0
168745.0
168755.0
168756.0
168782.0
168803.0
168804.0
168863.0
168864.0
168865.0
168866.0
168867.0
168880.0
168892.0
168893.0
168896.0
168923.0
168924.0
168955.0
168956.0
168975.0
168976.0
168983.0
168984.0
168985.0
169031.0
169041.0
169043.0
169044.0
169045.0
169065.0
169072.0
169095.0
169097.0
169103.0
169104.0
169107.0
169108.0
169163.0
169164.0
169165.0
169214.0
169223.0
169224.0
169283.0
169284.0
169337.0
169343.0
169344.0
169403.0
169426.0
169463.0
169523.0
169583.0
169643.0
169703.0
169763.0
169823.0
169883.0
169899.0
169911.0
169924.0
169925.0
169927.0
169928.0
169929.0
169930.0
169941.0
169943.0
169961.0
169984.0
169985.0
169986.0
169988.0
169989.0
170001.0
170003.0
170006.0
170007.0
170044.0
170045.0
170046.0
170047.0
170048.0
170049.0
170061.0
170063.0
170104.0
170105.0
170106.0
170107.0
170108.0
170109.0
170111.0
170121.0
170123.0
170164.0
170165.0
170166.0
170167.0
170169.0
170181.0
170183.0
170222.0
170225.0
170227.0
170228.0
170229.0
170242.0
170243.0
170282.0
170285.0
170288.0
170289.0
170302.0
170303.0
170342.0
170345.0
170347.0
170348.0
170349.0
170361.0
170363.0
170402.0
170405.0
170408.0
170409.0
170421.0
170423.0
170462.0
170465.0
170468.0
170469.0
170471.0
170481.0
170483.0
170522.0
170525.0
170528.0
170541.0
170543.0
170544.0
170582.0
170585.0
170587.0
170601.0
170603.0
170604.0
170642.0
170645.0
170649.0
170650.0
170662.0
170663.0
170702.0
170705.0
170707.0
170709.0
170710.0
170721.0
170722.0
170723.0
170762.0
170765.0
170769.0
170770.0
170783.0
170822.0
170825.0
170827.0
170841.0
170843.0
170882.0
170885.0
170889.0
170890.0
170902.0
170903.0
170905.0
170906.0
170942.0
170945.0
170948.0
170951.0
170962.0
170963.0
170964.0
171002.0
171005.0
171007.0
171009.0
171021.0
171022.0
171023.0
171024.0
171062.0
171069.0
171082.0
171083.0
171084.0
171122.0
171129.0
171131.0
171141.0
171142.0
171143.0
171144.0
171145.0
171189.0
171202.0
171203.0
171204.0
171249.0
171261.0
171262.0
171264.0
171266.0
171308.0
171309.0
171322.0
171323.0
171324.0
171369.0
171370.0
171382.0
171383.0
171384.0
171385.0
171428.0
171429.0
171442.0
171443.0
171444.0
171488.0
171489.0
171490.0
171491.0
171501.0
171502.0
171503.0
171504.0
171505.0
171549.0
171550.0
171551.0
171561.0
171564.0
171609.0
171622.0
171623.0
171624.0
171625.0
171668.0
171669.0
171670.0
171681.0
171682.0
171683.0
171684.0
171728.0
171741.0
171742.0
171743.0
171744.0
171789.0
171801.0
171802.0
171818.0
171849.0
171862.0
171909.0
171921.0
171922.0
171923.0
171950.0
171951.0
171969.0
171971.0
171981.0
171982.0
172028.0
172041.0
172042.0
172090.0
172101.0
172102.0
172103.0
172149.0
172150.0
172161.0
172162.0
172209.0
172222.0
172269.0
172282.0
172328.0
172341.0
172342.0
172389.0
172401.0
172402.0
172449.0
172461.0
172462.0
172469.0
172471.0
172509.0
172521.0
172569.0
172582.0
172600.0
172601.0
172602.0
172604.0
172629.0
172642.0
172643.0
172647.0
172648.0
172649.0
172670.0
172676.0
172687.0
172688.0
172689.0
172691.0
172702.0
172703.0
172704.0
172706.0
172707.0
172735.0
172742.0
172743.0
172744.0
172761.0
172762.0
172764.0
172773.0
172774.0
172779.0
172782.0
172783.0
172784.0
172821.0
172822.0
172823.0
172824.0
172844.0
172846.0
172847.0
172848.0
172850.0
172877.0
172883.0
172884.0
172902.0
172903.0
172904.0
172905.0
172906.0
172908.0
172910.0
172911.0
172936.0
172944.0
172945.0
172975.0
172976.0
172978.0
173003.0
173004.0
173026.0
173027.0
173028.0
173032.0
173033.0
173063.0
173064.0
173084.0
173086.0
173087.0
173088.0
173123.0
173124.0
173125.0
173140.0
173141.0
173142.0
173146.0
173154.0
173156.0
173157.0
173175.0
173183.0
173184.0
173198.0
173199.0
173200.0
173202.0
173203.0
173243.0
173244.0
173261.0
173263.0
173264.0
173278.0
173279.0
173280.0
173295.0
173303.0
173304.0
173305.0
173317.0
173319.0
173347.0
173348.0
173358.0
173359.0
173360.0
173363.0
173364.0
173368.0
173369.0
173377.0
173378.0
173381.0
173382.0
173403.0
173423.0
173424.0
173445.0
173463.0
173476.0
173480.0
173483.0
173484.0
173485.0
173511.0
173512.0
173513.0
173538.0
173542.0
173543.0
173544.0
173603.0
173604.0
173663.0
173664.0
173723.0
173724.0
173783.0
173784.0
173785.0
173843.0
173844.0
173903.0
173904.0
173963.0
173964.0
173965.0
174005.0
174006.0
174008.0
174009.0
174011.0
174021.0
174022.0
174023.0
174024.0
174025.0
174064.0
174065.0
174066.0
174067.0
174069.0
174071.0
174081.0
174082.0
174083.0
174084.0
174085.0
174125.0
174126.0
174129.0
174130.0
174142.0
174144.0
174145.0
174176.0
174179.0
174180.0
174181.0
174183.0
174184.0
174186.0
174187.0
174189.0
174190.0
174191.0
174199.0
174200.0
174201.0
174202.0
174203.0
174204.0
174205.0
174244.0
174245.0
174246.0
174249.0
174250.0
174262.0
174264.0
174265.0
174303.0
174304.0
174305.0
174306.0
174309.0
174321.0
174323.0
174365.0
174366.0
174368.0
174369.0
174380.0
174381.0
174382.0
174383.0
174384.0
174421.0
174425.0
174426.0
174429.0
174431.0
174441.0
174442.0
174443.0
174444.0
174445.0
174485.0
174486.0
174488.0
174489.0
174490.0
174502.0
174503.0
174504.0
174505.0
174544.0
174545.0
174546.0
174549.0
174561.0
174562.0
174563.0
174564.0
174565.0
174605.0
174606.0
174609.0
174622.0
174623.0
174624.0
174625.0
174664.0
174665.0
174666.0
174669.0
174681.0
174682.0
174683.0
174684.0
174685.0
174725.0
174726.0
174742.0
174743.0
174744.0
174745.0
174784.0
174785.0
174790.0
174791.0
174801.0
174802.0
174803.0
174804.0
174844.0
174845.0
174846.0
174863.0
174864.0
174905.0
174906.0
174908.0
174923.0
174924.0
174964.0
174965.0
174966.0
174981.0
174983.0
174984.0
175025.0
175026.0
175043.0
175044.0
175045.0
175084.0
175085.0
175086.0
175099.0
175103.0
175104.0
175141.0
175146.0
175149.0
175161.0
175205.0
175206.0
175224.0
175225.0
175268.0
175283.0
175329.0
175343.0
175388.0
175389.0
175391.0
175400.0
175401.0
175417.0
175419.0
175443.0
175449.0
175451.0
175462.0
175463.0
175464.0
175508.0
175509.0
175510.0
175522.0
175552.0
175569.0
175581.0
175582.0
175583.0
175629.0
175631.0
175642.0
175689.0
175691.0
175701.0
175702.0
175703.0
175749.0
175750.0
175762.0
175763.0
175764.0
175809.0
175823.0
175824.0
175825.0
175854.0
175864.0
175865.0
175869.0
175871.0
175882.0
175883.0
175884.0
175930.0
175942.0
175989.0
175998.0
176001.0
176002.0
176003.0
176049.0
176062.0
176109.0
176110.0
176121.0
176122.0
176123.0
176169.0
176181.0
176182.0
176229.0
176231.0
176242.0
176243.0
176289.0
176290.0
176291.0
176301.0
176302.0
176349.0
176350.0
176363.0
176409.0
176411.0
176423.0
176424.0
176469.0
176482.0
176529.0
176542.0
176589.0
176649.0
176650.0
176662.0
176663.0
176709.0
176722.0
176768.0
176769.0
176770.0
176777.0
176781.0
176782.0
176790.0
176791.0
176839.0
176840.0
176841.0
176842.0
176843.0
176844.0
176845.0
176871.0
176896.0
176897.0
176902.0
176903.0
176904.0
176906.0
176908.0
176938.0
176962.0
176963.0
176964.0
176968.0
176970.0
176971.0
176972.0
176975.0
177024.0
177025.0
177038.0
177039.0
177040.0
177042.0
177070.0
177084.0
177106.0
177137.0
177143.0
177144.0
177162.0
177163.0
177165.0
177166.0
177168.0
177170.0
177194.0
177199.0
177200.0
177203.0
177204.0
177205.0
177206.0
177221.0
177222.0
177223.0
177244.0
177257.0
177263.0
177264.0
177265.0
177280.0
177286.0
177289.0
177291.0
177318.0
177321.0
177323.0
177324.0
177337.0
177351.0
177352.0
177367.0
177382.0
177383.0
177384.0
177385.0
177396.0
177402.0
177404.0
177405.0
177429.0
177432.0
177444.0
177445.0
177459.0
177476.0
177503.0
177504.0
177518.0
177519.0
177520.0
177523.0
177563.0
177564.0
177565.0
177578.0
177579.0
177580.0
177583.0
177623.0
177624.0
177625.0
177636.0
177640.0
177666.0
177683.0
177684.0
177685.0
177743.0
177744.0
177803.0
177804.0
177805.0
177863.0
177864.0
177865.0
177923.0
177924.0
177983.0
177984.0
177985.0
178043.0
178044.0
178045.0
178046.0
178085.0
178086.0
178087.0
178089.0
178091.0
178098.0
178102.0
178104.0
178105.0
178106.0
178144.0
178145.0
178146.0
178147.0
178149.0
178162.0
178163.0
178164.0
178165.0
178204.0
178205.0
178206.0
178207.0
178209.0
178210.0
178221.0
178222.0
178223.0
178224.0
178225.0
178264.0
178265.0
178266.0
178267.0
178269.0
178270.0
178282.0
178284.0
178285.0
178325.0
178326.0
178327.0
178329.0
178342.0
178343.0
178385.0
178386.0
178387.0
178389.0
178390.0
178391.0
178402.0
178403.0
178404.0
178405.0
178444.0
178445.0
178447.0
178462.0
178463.0
178464.0
178465.0
178466.0
178505.0
178507.0
178509.0
178510.0
178524.0
178525.0
178526.0
178561.0
178562.0
178563.0
178565.0
178566.0
178567.0
178568.0
178569.0
178582.0
178584.0
178625.0
178626.0
178627.0
178629.0
178630.0
178642.0
178643.0
178644.0
178684.0
178685.0
178686.0
178687.0
178689.0
178690.0
178701.0
178702.0
178703.0
178704.0
178705.0
178706.0
178744.0
178745.0
178746.0
178747.0
178749.0
178750.0
178762.0
178764.0
178765.0
178805.0
178806.0
178807.0
178809.0
178810.0
178821.0
178822.0
178823.0
178824.0
178864.0
178865.0
178867.0
178870.0
178871.0
178882.0
178883.0
178884.0
178917.0
178920.0
178924.0
178925.0
178927.0
178929.0
178930.0
178931.0
178941.0
178942.0
178943.0
178944.0
178945.0
178983.0
178984.0
178985.0
178987.0
178989.0
178990.0
178991.0
178997.0
179003.0
179004.0
179018.0
179045.0
179046.0
179047.0
179049.0
179050.0
179051.0
179061.0
179062.0
179063.0
179064.0
179105.0
179106.0
179109.0
179110.0
179121.0
179122.0
179123.0
179124.0
179125.0
179150.0
179151.0
179165.0
179167.0
179168.0
179169.0
179170.0
179181.0
179183.0
179184.0
179185.0
179227.0
179230.0
179232.0
179241.0
179242.0
179243.0
179244.0
179245.0
179285.0
179286.0
179289.0
179290.0
179302.0
179303.0
179304.0
179305.0
179307.0
179349.0
179362.0
179363.0
179364.0
179366.0
179410.0
179422.0
179423.0
179424.0
179425.0
179451.0
179452.0
179453.0
179461.0
179470.0
179482.0
179483.0
179484.0
179485.0
179486.0
179529.0
179531.0
179542.0
179543.0
179544.0
179545.0
179589.0
179594.0
179602.0
179603.0
179604.0
179605.0
179649.0
179650.0
179662.0
179664.0
179665.0
179666.0
179710.0
179722.0
179723.0
179724.0
179768.0
179769.0
179782.0
179784.0
179785.0
179829.0
179830.0
179841.0
179842.0
179843.0
179844.0
179845.0
179889.0
179890.0
179895.0
179896.0
179901.0
179902.0
179903.0
179904.0
179949.0
179951.0
179961.0
179962.0
179964.0
180010.0
180021.0
180022.0
180024.0
180069.0
180070.0
180081.0
180082.0
180083.0
180084.0
180131.0
180141.0
180142.0
180143.0
180144.0
180189.0
180191.0
180202.0
180204.0
180249.0
180250.0
180261.0
180262.0
180309.0
180310.0
180323.0
180359.0
180360.0
180369.0
180381.0
180382.0
180384.0
180429.0
180430.0
180441.0
180442.0
180443.0
180460.0
180489.0
180493.0
180501.0
180502.0
180549.0
180561.0
180562.0
180609.0
180610.0
180622.0
180670.0
180682.0
180729.0
180730.0
180742.0
180743.0
180789.0
180801.0
180802.0
180849.0
180850.0
180862.0
180863.0
180909.0
180910.0
180922.0
180924.0
180942.0
180943.0
180947.0
180949.0
180950.0
180980.0
180982.0
180983.0
180984.0
180985.0
181007.0
181008.0
181041.0
181042.0
181043.0
181044.0
181045.0
181071.0
181072.0
181073.0
181074.0
181104.0
181105.0
181106.0
181107.0
181127.0
181134.0
181135.0
181164.0
181166.0
181167.0
181187.0
181188.0
181189.0
181195.0
181223.0
181224.0
181225.0
181226.0
181249.0
181265.0
181266.0
181284.0
181285.0
181306.0
181308.0
181309.0
181311.0
181324.0
181344.0
181364.0
181365.0
181369.0
181373.0
181374.0
181404.0
181431.0
181433.0
181436.0
181464.0
181466.0
181469.0
181492.0
181494.0
181523.0
181524.0
181526.0
181528.0
181555.0
181557.0
181559.0
181564.0
181584.0
181585.0
181586.0
181593.0
181595.0
181614.0
181615.0
181616.0
181622.0
181643.0
181644.0
181646.0
181648.0
181667.0
181675.0
181676.0
181687.0
181693.0
181694.0
181704.0
181705.0
181706.0
181722.0
181733.0
181734.0
181736.0
181738.0
181739.0
181764.0
181765.0
181766.0
181788.0
181789.0
181790.0
181824.0
181884.0
181944.0
182004.0
182005.0
182064.0
182066.0
182124.0
182125.0
182184.0
182185.0
182186.0
182191.0
182212.0
182217.0
182225.0
182226.0
182228.0
182229.0
182230.0
182241.0
182242.0
182244.0
182245.0
182285.0
182286.0
182288.0
182289.0
182290.0
182291.0
182302.0
182304.0
182305.0
182343.0
182345.0
182346.0
182348.0
182349.0
182361.0
182364.0
182404.0
182405.0
182406.0
182409.0
182410.0
182411.0
182422.0
182424.0
182425.0
182426.0
182464.0
182465.0
182469.0
182473.0
182482.0
182484.0
182485.0
182486.0
182515.0
182516.0
182524.0
182525.0
182526.0
182529.0
182531.0
182541.0
182542.0
182544.0
182546.0
182585.0
182586.0
182588.0
182589.0
182592.0
182593.0
182602.0
182604.0
182605.0
182618.0
182645.0
182646.0
182648.0
182662.0
182663.0
182664.0
182705.0
182706.0
182709.0
182723.0
182724.0
182725.0
182750.0
182764.0
182765.0
182766.0
182768.0
182769.0
182770.0
182781.0
182782.0
182783.0
182784.0
182825.0
182826.0
182829.0
182830.0
182842.0
182844.0
182846.0
182885.0
182886.0
182888.0
182890.0
182901.0
182902.0
182903.0
182904.0
182945.0
182946.0
182949.0
182961.0
182962.0
182963.0
182964.0
182965.0
183005.0
183006.0
183009.0
183022.0
183023.0
183024.0
183026.0
183051.0
183052.0
183053.0
183057.0
183064.0
183065.0
183066.0
183069.0
183071.0
183081.0
183082.0
183084.0
183085.0
183086.0
183124.0
183125.0
183126.0
183129.0
183131.0
183142.0
183143.0
183144.0
183145.0
183146.0
183184.0
183185.0
183186.0
183189.0
183201.0
183202.0
183203.0
183204.0
183205.0
183244.0
183245.0
183246.0
183262.0
183263.0
183264.0
183266.0
183306.0
183309.0
183321.0
183322.0
183324.0
183325.0
183326.0
183366.0
183369.0
183381.0
183382.0
183384.0
183411.0
183426.0
183429.0
183442.0
183444.0
183446.0
183488.0
183489.0
183491.0
183492.0
183502.0
183504.0
183505.0
183506.0
183549.0
183562.0
183564.0
183565.0
183566.0
183609.0
183621.0
183622.0
183624.0
183670.0
183682.0
183684.0
183685.0
183686.0
183729.0
183742.0
183744.0
183746.0
183789.0
183802.0
183804.0
183849.0
183850.0
183862.0
183863.0
183864.0
183909.0
183910.0
183922.0
183923.0
183924.0
183955.0
183956.0
183969.0
183970.0
183982.0
183984.0
184029.0
184030.0
184042.0
184043.0
184044.0
184088.0
184089.0
184102.0
184148.0
184149.0
184151.0
184162.0
184209.0
184210.0
184221.0
184222.0
184269.0
184281.0
184282.0
184329.0
184331.0
184389.0
184390.0
184402.0
184404.0
184449.0
184461.0
184462.0
184509.0
184510.0
184521.0
184522.0
184569.0
184571.0
184581.0
184582.0
184583.0
184629.0
184630.0
184641.0
184642.0
184644.0
184689.0
184701.0
184702.0
184749.0
184761.0
184762.0
184809.0
184821.0
184869.0
184881.0
184882.0
184928.0
184929.0
184930.0
184931.0
184942.0
184957.0
184985.0
184986.0
184987.0
184988.0
184989.0
185001.0
185002.0
185004.0
185005.0
185006.0
185045.0
185062.0
185064.0
185065.0
185071.0
185101.0
185121.0
185122.0
185123.0
185124.0
185125.0
185128.0
185157.0
185182.0
185183.0
185184.0
185185.0
185212.0
185213.0
185225.0
185228.0
185234.0
185237.0
185244.0
185245.0
185253.0
185265.0
185266.0
185270.0
185272.0
185273.0
185290.0
185297.0
185304.0
185305.0
185306.0
185327.0
185355.0
185356.0
185364.0
185365.0
185366.0
185384.0
185385.0
185386.0
185424.0
185476.0
185502.0
185504.0
185506.0
185512.0
185514.0
185515.0
185542.0
185564.0
185565.0
185567.0
185579.0
185596.0
185604.0
185624.0
185626.0
185685.0
185690.0
185745.0
185750.0
185751.0
185783.0
185784.0
185804.0
185805.0
185864.0
185865.0
185868.0
185903.0
186023.0
186024.0
186025.0
186084.0
186085.0
186144.0
186188.0
186189.0
186203.0
186204.0
186264.0
186308.0
186309.0
186321.0
186324.0
186325.0
186349.0
186352.0
186362.0
186365.0
186367.0
186368.0
186369.0
186382.0
186384.0
186385.0
186427.0
186428.0
186429.0
186441.0
186442.0
186444.0
186445.0
186485.0
186487.0
186488.0
186489.0
186501.0
186504.0
186505.0
186506.0
186548.0
186549.0
186561.0
186562.0
186564.0
186566.0
186607.0
186608.0
186609.0
186621.0
186624.0
186625.0
186626.0
186653.0
186654.0
186669.0
186681.0
186682.0
186684.0
186685.0
186686.0
186725.0
186727.0
186728.0
186729.0
186741.0
186742.0
186744.0
186785.0
186786.0
186788.0
186789.0
186801.0
186802.0
186803.0
186804.0
186844.0
186845.0
186847.0
186848.0
186849.0
186861.0
186862.0
186864.0
186904.0
186905.0
186906.0
186909.0
186921.0
186922.0
186924.0
186965.0
186967.0
186968.0
186969.0
186981.0
186982.0
186984.0
187010.0
187025.0
187027.0
187029.0
187030.0
187041.0
187042.0
187044.0
187085.0
187086.0
187087.0
187088.0
187101.0
187102.0
187104.0
187146.0
187147.0
187149.0
187150.0
187161.0
187162.0
187163.0
187164.0
187205.0
187206.0
187207.0
187209.0
187210.0
187222.0
187223.0
187224.0
187264.0
187265.0
187267.0
187269.0
187271.0
187281.0
187282.0
187283.0
187284.0
187325.0
187326.0
187327.0
187329.0
187343.0
187344.0
187386.0
187387.0
187389.0
187390.0
187402.0
187404.0
187445.0
187447.0
187449.0
187462.0
187463.0
187464.0
187465.0
187475.0
187477.0
187506.0
187509.0
187522.0
187523.0
187524.0
187525.0
187526.0
187529.0
187569.0
187582.0
187584.0
187585.0
187629.0
187630.0
187642.0
187644.0
187645.0
187685.0
187689.0
187690.0
187701.0
187702.0
187704.0
187705.0
187749.0
187751.0
187761.0
187762.0
187764.0
187765.0
187809.0
187810.0
187822.0
187824.0
187825.0
187870.0
187882.0
187884.0
187885.0
187929.0
187930.0
187942.0
187944.0
187945.0
187986.0
187987.0
187989.0
187990.0
188001.0
188002.0
188003.0
188004.0
188005.0
188049.0
188050.0
188062.0
188064.0
188065.0
188066.0
188110.0
188122.0
188123.0
188124.0
188126.0
188168.0
188169.0
188182.0
188184.0
188230.0
188242.0
188243.0
188289.0
188290.0
188291.0
188301.0
188302.0
188349.0
188350.0
188361.0
188362.0
188409.0
188411.0
188422.0
188423.0
188451.0
188469.0
188470.0
188471.0
188482.0
188529.0
188530.0
188531.0
188542.0
188543.0
188583.0
188584.0
188589.0
188602.0
188649.0
188650.0
188662.0
188663.0
188710.0
188722.0
188768.0
188769.0
188770.0
188771.0
188783.0
188829.0
188830.0
188841.0
188842.0
188843.0
188889.0
188890.0
188901.0
188902.0
188949.0
188962.0
188963.0
189009.0
189010.0
189022.0
189069.0
189070.0
189077.0
189081.0
189082.0
189083.0
189084.0
189085.0
189109.0
189112.0
189113.0
189139.0
189142.0
189144.0
189145.0
189194.0
189201.0
189203.0
189204.0
189205.0
189206.0
189224.0
189228.0
189229.0
189230.0
189232.0
189242.0
189261.0
189264.0
189265.0
189266.0
189287.0
189290.0
189313.0
189314.0
189316.0
189317.0
189318.0
189324.0
189325.0
189326.0
189347.0
189383.0
189384.0
189385.0
189386.0
189412.0
189428.0
189440.0
189441.0
189443.0
189444.0
189445.0
189452.0
189453.0
189464.0
189473.0
189483.0
189485.0
189494.0
189504.0
189505.0
189506.0
189543.0
189545.0
189548.0
189564.0
189565.0
189573.0
189600.0
189605.0
189606.0
189607.0
189610.0
189624.0
189626.0
189637.0
189674.0
189675.0
189676.0
189677.0
189684.0
189685.0
189720.0
189733.0
189739.0
189740.0
189744.0
189745.0
189749.0
189750.0
189778.0
189784.0
189785.0
189804.0
189805.0
189808.0
189809.0
189839.0
189864.0
189865.0
189869.0
189870.0
189881.0
189882.0
189912.0
189924.0
189925.0
189926.0
189939.0
189940.0
189984.0
189985.0
189986.0
190044.0
190045.0
190104.0
190105.0
190164.0
190165.0
190166.0
190225.0
190252.0
190253.0
190285.0
190344.0
190345.0
190382.0
190384.0
190385.0
190386.0
190389.0
190402.0
190404.0
190444.0
190445.0
190446.0
190450.0
190462.0
190464.0
190465.0
190466.0
190505.0
190506.0
190509.0
190522.0
190523.0
190524.0
190525.0
190565.0
190566.0
190569.0
190582.0
190583.0
190584.0
190585.0
190586.0
190606.0
190625.0
190626.0
190630.0
190631.0
190642.0
190644.0
190645.0
190646.0
190683.0
190684.0
190685.0
190686.0
190689.0
190690.0
190691.0
190701.0
190702.0
190704.0
190705.0
190744.0
190745.0
190746.0
190749.0
190750.0
190761.0
190762.0
190764.0
190766.0
190805.0
190806.0
190809.0
190810.0
190812.0
190822.0
190824.0
190825.0
190826.0
190864.0
190865.0
190866.0
190869.0
190870.0
190882.0
190884.0
190885.0
190886.0
190925.0
190926.0
190929.0
190930.0
190931.0
190942.0
190944.0
190945.0
190984.0
190985.0
190989.0
190990.0
191001.0
191003.0
191004.0
191044.0
191045.0
191046.0
191050.0
191062.0
191063.0
191064.0
191065.0
191071.0
191072.0
191073.0
191075.0
191103.0
191105.0
191106.0
191109.0
191122.0
191124.0
191125.0
191127.0
191147.0
191148.0
191165.0
191166.0
191169.0
191170.0
191182.0
191183.0
191184.0
191185.0
191186.0
191225.0
191226.0
191229.0
191242.0
191244.0
191245.0
191246.0
191247.0
191281.0
191285.0
191286.0
191289.0
191302.0
191304.0
191305.0
191344.0
191345.0
191346.0
191349.0
191361.0
191362.0
191364.0
191365.0
191366.0
191404.0
191405.0
191406.0
191409.0
191421.0
191422.0
191424.0
191425.0
191465.0
191466.0
191469.0
191481.0
191482.0
191484.0
191485.0
191506.0
191526.0
191529.0
191541.0
191542.0
191544.0
191564.0
191583.0
191586.0
191589.0
191601.0
191602.0
191604.0
191605.0
191649.0
191661.0
191662.0
191663.0
191664.0
191709.0
191721.0
191722.0
191723.0
191724.0
191769.0
191781.0
191782.0
191783.0
191784.0
191829.0
191842.0
191843.0
191844.0
191889.0
191901.0
191902.0
191904.0
191949.0
191961.0
191962.0
191964.0
192009.0
192021.0
192022.0
192024.0
192047.0
192069.0
192081.0
192082.0
192084.0
192129.0
192130.0
192141.0
192142.0
192143.0
192144.0
192179.0
192180.0
192189.0
192190.0
192201.0
192202.0
192204.0
192249.0
192250.0
192262.0
192263.0
192264.0
192309.0
192310.0
192322.0
192323.0
192369.0
192370.0
192382.0
192429.0
192442.0
192490.0
192502.0
192549.0
192550.0
192561.0
192562.0
192609.0
192610.0
192622.0
192623.0
192669.0
192670.0
192671.0
192682.0
192729.0
192730.0
192742.0
192743.0
192789.0
192790.0
192791.0
192910.0
192922.0
192924.0
192947.0
192970.0
192982.0
192983.0
193029.0
193042.0
193078.0
193090.0
193102.0
193103.0
193149.0
193150.0
193161.0
193162.0
193163.0
193164.0
193190.0
193191.0
193210.0
193211.0
193220.0
193221.0
193222.0
193224.0
193225.0
193226.0
193227.0
193250.0
193251.0
193280.0
193282.0
193283.0
193285.0
193286.0
193287.0
193316.0
193317.0
193324.0
193343.0
193344.0
193345.0
193346.0
193349.0
193354.0
193378.0
193379.0
193381.0
193382.0
193383.0
193404.0
193405.0
193408.0
193412.0
193416.0
193417.0
193418.0
193421.0
193422.0
193464.0
193465.0
193466.0
193490.0
193492.0
193520.0
193524.0
193526.0
193548.0
193549.0
193550.0
193584.0
193585.0
193608.0
193610.0
193631.0
193638.0
193641.0
193644.0
193645.0
193661.0
193691.0
193704.0
193705.0
193720.0
193745.0
193746.0
193764.0
193765.0
193772.0
193773.0
193775.0
193784.0
193802.0
193824.0
193825.0
193851.0
193852.0
193853.0
193871.0
193881.0
193883.0
193884.0
193885.0
193942.0
193944.0
193945.0
193947.0
193974.0
194004.0
194005.0
194026.0
194037.0
194050.0
194054.0
194055.0
194066.0
194124.0
194125.0
194184.0
194185.0
194186.0
194244.0
194245.0
194246.0
194247.0
194278.0
194279.0
194280.0
194281.0
194304.0
194305.0
194306.0
194364.0
194365.0
194366.0
194424.0
194425.0
194426.0
194482.0
194484.0
194485.0
194486.0
194524.0
194525.0
194527.0
194529.0
194544.0
194545.0
194546.0
194585.0
194586.0
194587.0
194605.0
194606.0
194644.0
194645.0
194647.0
194649.0
194662.0
194664.0
194672.0
194676.0
194705.0
194706.0
194707.0
194708.0
194724.0
194725.0
194743.0
194765.0
194767.0
194768.0
194769.0
194770.0
194782.0
194825.0
194827.0
194847.0
194848.0
194877.0
194884.0
194885.0
194887.0
194890.0
194902.0
194904.0
194944.0
194945.0
194947.0
194949.0
194951.0
194964.0
195004.0
195005.0
195007.0
195010.0
195012.0
195022.0
195065.0
195067.0
195068.0
195069.0
195070.0
195082.0
195083.0
195084.0
195100.0
195102.0
195124.0
195125.0
195127.0
195129.0
195142.0
195143.0
195165.0
195179.0
195184.0
195185.0
195187.0
195189.0
195202.0
195204.0
195245.0
195246.0
195247.0
195249.0
195250.0
195262.0
195304.0
195305.0
195307.0
195309.0
195321.0
195322.0
195324.0
195365.0
195366.0
195367.0
195369.0
195382.0
195384.0
195385.0
195386.0
195425.0
195427.0
195429.0
195441.0
195442.0
195444.0
195445.0
195446.0
195485.0
195487.0
195489.0
195501.0
195502.0
195504.0
195547.0
195549.0
195562.0
195564.0
195609.0
195621.0
195622.0
195624.0
195643.0
195669.0
195672.0
195682.0
195684.0
195729.0
195741.0
195742.0
195744.0
195776.0
195789.0
195801.0
195802.0
195804.0
195849.0
195861.0
195862.0
195864.0
195909.0
195921.0
195922.0
195924.0
195969.0
195982.0
195984.0
196029.0
196041.0
196042.0
196044.0
196077.0
196078.0
196089.0
196102.0
196104.0
196149.0
196161.0
196162.0
196164.0
196209.0
196222.0
196224.0
196269.0
196282.0
196284.0
196329.0
196342.0
196344.0
196389.0
196401.0
196402.0
196449.0
196462.0
196509.0
196522.0
196542.0
196569.0
196581.0
196582.0
196629.0
196642.0
196674.0
196675.0
196689.0
196702.0
196749.0
196761.0
196762.0
196809.0
196822.0
196869.0
196882.0
196929.0
196942.0
196989.0
197002.0
197017.0
197018.0
197049.0
197062.0
197109.0
197122.0
197150.0
197151.0
197169.0
197181.0
197182.0
197229.0
197242.0
197262.0
197263.0
197274.0
197290.0
197292.0
197293.0
197301.0
197302.0
197304.0
197305.0
197322.0
197331.0
197332.0
197361.0
197362.0
197364.0
197383.0
197390.0
197391.0
197413.0
197423.0
197424.0
197442.0
197443.0
197444.0
197451.0
197452.0
197453.0
197474.0
197484.0
197502.0
197503.0
197508.0
197509.0
197536.0
197538.0
197539.0
197544.0
197567.0
197568.0
197574.0
197580.0
197604.0
197605.0
197610.0
197634.0
197639.0
197649.0
197664.0
197665.0
197694.0
197708.0
197719.0
197724.0
197725.0
197726.0
197754.0
197784.0
197785.0
197802.0
197812.0
197813.0
197832.0
197838.0
197845.0
197846.0
197861.0
197862.0
197869.0
197876.0
197891.0
197892.0
197893.0
197897.0
197905.0
197921.0
197922.0
197951.0
197952.0
197964.0
197965.0
197981.0
197984.0
198013.0
198014.0
198024.0
198025.0
198026.0
198043.0
198047.0
198076.0
198077.0
198085.0
198106.0
198109.0
198138.0
198145.0
198146.0
198168.0
198169.0
198205.0
198264.0
198265.0
198325.0
198385.0
198415.0
198445.0
198505.0
198506.0
198535.0
198564.0
198565.0
198595.0
198604.0
198605.0
198606.0
198608.0
198609.0
198610.0
198611.0
198622.0
198623.0
198624.0
198625.0
198627.0
198665.0
198666.0
198668.0
198669.0
198670.0
198682.0
198684.0
198685.0
198686.0
198695.0
198696.0
198725.0
198726.0
198730.0
198742.0
198743.0
198744.0
198745.0
198766.0
198774.0
198775.0
198785.0
198786.0
198789.0
198790.0
198802.0
198803.0
198804.0
198805.0
198806.0
198834.0
198845.0
198846.0
198849.0
198850.0
198862.0
198863.0
198864.0
198865.0
198866.0
198904.0
198905.0
198906.0
198909.0
198910.0
198922.0
198925.0
198926.0
198964.0
198965.0
198969.0
198982.0
198985.0
199025.0
199026.0
199029.0
199042.0
199044.0
199045.0
199046.0
199085.0
199086.0
199089.0
199102.0
199104.0
199105.0
199145.0
199146.0
199149.0
199162.0
199164.0
199165.0
199204.0
199206.0
199209.0
199222.0
199224.0
199225.0
199239.0
199254.0
199265.0
199266.0
199269.0
199282.0
199284.0
199285.0
199325.0
199326.0
199329.0
199342.0
199344.0
199345.0
199372.0
199374.0
199385.0
199386.0
199389.0
199402.0
199404.0
199434.0
199445.0
199446.0
199449.0
199462.0
199464.0
199494.0
199505.0
199509.0
199522.0
199524.0
199540.0
199554.0
199563.0
199564.0
199565.0
199566.0
199567.0
199569.0
199570.0
199582.0
199584.0
199595.0
199596.0
199597.0
199598.0
199614.0
199625.0
199626.0
199627.0
199629.0
199630.0
199642.0
199644.0
199673.0
199674.0
199685.0
199686.0
199689.0
199696.0
199697.0
199699.0
199702.0
199703.0
199704.0
199705.0
199730.0
199732.0
199734.0
199746.0
199749.0
199760.0
199762.0
199763.0
199764.0
199777.0
199794.0
199809.0
199822.0
199823.0
199824.0
199825.0
199854.0
199869.0
199882.0
199884.0
199885.0
199929.0
199930.0
199942.0
199944.0
199974.0
199975.0
199989.0
199990.0
199998.0
199999.0
200000.0
200002.0
200004.0
200005.0
200032.0
200033.0
200034.0
200049.0
200050.0
200054.0
200058.0
200062.0
200064.0
200079.0
200094.0
200095.0
200109.0
200110.0
200122.0
200123.0
200124.0
200125.0
200137.0
200138.0
200170.0
200182.0
200184.0
200214.0
200215.0
200229.0
200230.0
200241.0
200242.0
200244.0
200245.0
200270.0
200271.0
200289.0
200302.0
200303.0
200304.0
200305.0
200334.0
200349.0
200350.0
200360.0
200362.0
200364.0
200365.0
200396.0
200409.0
200410.0
200422.0
200424.0
200425.0
200469.0
200470.0
200482.0
200529.0
200530.0
200542.0
200543.0
200589.0
200590.0
200602.0
200616.0
200617.0
200618.0
200649.0
200650.0
200662.0
200663.0
200709.0
200710.0
200722.0
200750.0
200769.0
200770.0
200782.0
200829.0
200830.0
200842.0
200889.0
200890.0
200902.0
200903.0
200949.0
200950.0
200962.0
201001.0
201002.0
201009.0
201010.0
201022.0
201069.0
201070.0
201082.0
201129.0
201130.0
201142.0
201143.0
201169.0
201189.0
201190.0
201202.0
201203.0
201210.0
201250.0
201262.0
201309.0
201310.0
201322.0
201323.0
201350.0
201353.0
201361.0
201369.0
201370.0
201382.0
201383.0
201384.0
201385.0
201390.0
201405.0
201407.0
201420.0
201434.0
201436.0
201437.0
201442.0
201443.0
201445.0
201464.0
201467.0
201468.0
201469.0
201471.0
201472.0
201475.0
201495.0
201499.0
201501.0
201502.0
201503.0
201505.0
201508.0
201528.0
201529.0
201556.0
201557.0
201559.0
201586.0
201587.0
201588.0
201618.0
201624.0
201625.0
201647.0
201651.0
201655.0
201678.0
201680.0
201681.0
201684.0
201685.0
201709.0
201710.0
201724.0
201739.0
201740.0
201744.0
201745.0
201754.0
201764.0
201765.0
201775.0
201783.0
201793.0
201794.0
201804.0
201805.0
201809.0
201823.0
201824.0
201829.0
201857.0
201858.0
201865.0
201887.0
201888.0
201895.0
201904.0
201924.0
201925.0
201933.0
201934.0
201948.0
201956.0
201958.0
201963.0
201975.0
201976.0
201977.0
201978.0
201984.0
201985.0
202007.0
202009.0
202037.0
202038.0
202039.0
202044.0
202045.0
202053.0
202067.0
202068.0
202069.0
202075.0
202098.0
202104.0
202105.0
202128.0
202135.0
202158.0
202164.0
202165.0
202173.0
202174.0
202189.0
202203.0
202217.0
202219.0
202225.0
202247.0
202248.0
202277.0
202285.0
202345.0
202366.0
202371.0
202404.0
202405.0
202435.0
202495.0
202525.0
202555.0
202584.0
202585.0
202615.0
202644.0
202645.0
202673.0
202675.0
202685.0
202686.0
202689.0
202690.0
202701.0
202702.0
202703.0
202705.0
202735.0
202745.0
202746.0
202750.0
202751.0
202762.0
202763.0
202765.0
202805.0
202806.0
202810.0
202811.0
202822.0
202823.0
202824.0
202825.0
202829.0
202834.0
202865.0
202866.0
202870.0
202882.0
202883.0
202884.0
202885.0
202915.0
202926.0
202927.0
202930.0
202942.0
202944.0
202945.0
202967.0
202986.0
202987.0
202990.0
202991.0
203003.0
203004.0
203005.0
203035.0
203046.0
203047.0
203050.0
203063.0
203064.0
203065.0
203095.0
203106.0
203107.0
203109.0
203110.0
203111.0
203123.0
203124.0
203125.0
203155.0
203166.0
203167.0
203170.0
203171.0
203182.0
203183.0
203185.0
203186.0
203190.0
203191.0
203192.0
203226.0
203227.0
203229.0
203230.0
203232.0
203243.0
203245.0
203246.0
203269.0
203286.0
203287.0
203290.0
203291.0
203302.0
203303.0
203305.0
203306.0
203329.0
203335.0
203346.0
203347.0
203349.0
203351.0
203352.0
203363.0
203365.0
203366.0
203367.0
203406.0
203407.0
203409.0
203410.0
203412.0
203422.0
203423.0
203425.0
203426.0
203456.0
203465.0
203466.0
203467.0
203469.0
203470.0
203482.0
203483.0
203485.0
203486.0
203516.0
203526.0
203527.0
203530.0
203532.0
203542.0
203543.0
203546.0
203547.0
203585.0
203586.0
203587.0
203589.0
203590.0
203603.0
203605.0
203606.0
203607.0
203646.0
203647.0
203648.0
203649.0
203650.0
203652.0
203662.0
203663.0
203665.0
203666.0
203667.0
203705.0
203706.0
203707.0
203723.0
203725.0
203727.0
203733.0
203734.0
203754.0
203765.0
203767.0
203769.0
203782.0
203783.0
203785.0
203786.0
203827.0
203845.0
203846.0
203887.0
203902.0
203905.0
203965.0
203966.0
204009.0
204022.0
204025.0
204026.0
204085.0
204086.0
204129.0
204169.0
204204.0
204205.0
204216.0
204218.0
204235.0
204262.0
204265.0
204309.0
204310.0
204311.0
204312.0
204325.0
204350.0
204369.0
204370.0
204382.0
204429.0
204430.0
204443.0
204490.0
204502.0
204503.0
204504.0
204549.0
204550.0
204562.0
204609.0
204622.0
204623.0
204632.0
204669.0
204670.0
204682.0
204729.0
204730.0
204742.0
204765.0
204789.0
204790.0
204802.0
204803.0
204849.0
204850.0
204862.0
204910.0
204911.0
204922.0
204969.0
204970.0
204982.0
205030.0
205032.0
205042.0
205043.0
205090.0
205102.0
205103.0
205150.0
205162.0
205163.0
205210.0
205223.0
205224.0
205270.0
205277.0
205283.0
205329.0
205330.0
205343.0
205344.0
205390.0
205450.0
205462.0
205463.0
205465.0
205466.0
205523.0
205525.0
205526.0
205549.0
205556.0
205558.0
205575.0
205576.0
205582.0
205584.0
205585.0
205586.0
205609.0
205611.0
205615.0
205639.0
205645.0
205646.0
205667.0
205670.0
205705.0
205706.0
205729.0
205733.0
205759.0
205763.0
205765.0
205766.0
205789.0
205790.0
205792.0
205820.0
205825.0
205826.0
205848.0
205885.0
205886.0
205892.0
205909.0
205921.0
205933.0
205938.0
205946.0
205948.0
205963.0
205967.0
205968.0
205970.0
205976.0
205991.0
205998.0
206000.0
206005.0
206006.0
206029.0
206036.0
206058.0
206059.0
206060.0
206065.0
206066.0
206067.0
206088.0
206089.0
206117.0
206118.0
206126.0
206127.0
206148.0
206178.0
206179.0
206187.0
206208.0
206212.0
206239.0
206245.0
206246.0
206248.0
206249.0
206250.0
206251.0
206270.0
206271.0
206275.0
206299.0
206300.0
206306.0
206307.0
206315.0
206330.0
206365.0
206366.0
206367.0
206425.0
206426.0
206427.0
206485.0
206486.0
206487.0
206515.0
206545.0
206546.0
206547.0
206576.0
206605.0
206606.0
206665.0
206666.0
206726.0
206727.0
206756.0
206765.0
206767.0
206768.0
206769.0
206770.0
206782.0
206783.0
206786.0
206787.0
206790.0
206814.0
206815.0
206825.0
206827.0
206845.0
206846.0
206865.0
206866.0
206885.0
206886.0
206887.0
206889.0
206890.0
206903.0
206905.0
206906.0
206936.0
206946.0
206947.0
206949.0
206950.0
206951.0
206963.0
206965.0
206966.0
206967.0
207005.0
207006.0
207009.0
207010.0
207012.0
207023.0
207025.0
207026.0
207065.0
207066.0
207067.0
207070.0
207071.0
207082.0
207083.0
207085.0
207086.0
207087.0
207125.0
207126.0
207127.0
207143.0
207145.0
207146.0
207149.0
207161.0
207176.0
207185.0
207186.0
207189.0
207190.0
207203.0
207205.0
207206.0
207245.0
207246.0
207247.0
207249.0
207250.0
207263.0
207266.0
207296.0
207301.0
207305.0
207307.0
207308.0
207322.0
207323.0
207325.0
207326.0
207330.0
207332.0
207335.0
207356.0
207365.0
207366.0
207369.0
207370.0
207385.0
207386.0
207387.0
207388.0
207425.0
207426.0
207427.0
207441.0
207442.0
207445.0
207447.0
207462.0
207463.0
207485.0
207486.0
207488.0
207489.0
207502.0
207506.0
207507.0
207537.0
207545.0
207546.0
207565.0
207566.0
207597.0
207604.0
207605.0
207606.0
207609.0
207610.0
207622.0
207625.0
207626.0
207657.0
207665.0
207666.0
207667.0
207669.0
207670.0
207686.0
207715.0
207716.0
207725.0
207726.0
207730.0
207765.0
207777.0
207785.0
207787.0
207789.0
207790.0
207805.0
207818.0
207845.0
207846.0
207849.0
207850.0
207852.0
207906.0
207909.0
207910.0
207922.0
207923.0
207924.0
207925.0
207949.0
207950.0
207966.0
207970.0
207983.0
207998.0
208006.0
208031.0
208042.0
208043.0
208089.0
208091.0
208102.0
208103.0
208104.0
208105.0
208131.0
208146.0
208150.0
208163.0
208164.0
208212.0
208222.0
208223.0
208224.0
208225.0
208226.0
208252.0
208253.0
208269.0
208270.0
208283.0
208285.0
208286.0
208330.0
208342.0
208343.0
208345.0
208361.0
208389.0
208391.0
208403.0
208405.0
208406.0
208407.0
208434.0
208442.0
208449.0
208451.0
208462.0
208463.0
208464.0
208465.0
208467.0
208510.0
208511.0
208522.0
208523.0
208526.0
208530.0
208569.0
208570.0
208583.0
208585.0
208586.0
208629.0
208630.0
208643.0
208690.0
208691.0
208702.0
208703.0
208750.0
208752.0
208762.0
208763.0
208811.0
208812.0
208822.0
208823.0
208869.0
208870.0
208872.0
208882.0
208883.0
208884.0
208929.0
208931.0
208942.0
208943.0
208990.0
209002.0
209003.0
209004.0
209050.0
209063.0
209065.0
209111.0
209122.0
209123.0
209124.0
209128.0
209169.0
209171.0
209182.0
209183.0
209218.0
209230.0
209232.0
209242.0
209243.0
209244.0
209260.0
209261.0
209290.0
209291.0
209302.0
209303.0
209350.0
209362.0
209363.0
209364.0
209410.0
209423.0
209470.0
209471.0
209472.0
209483.0
209520.0
209522.0
209530.0
209532.0
209543.0
209550.0
209562.0
209563.0
209568.0
209569.0
209590.0
209591.0
209603.0
209604.0
209605.0
209607.0
209624.0
209625.0
209654.0
209663.0
209666.0
209668.0
209680.0
209689.0
209690.0
209719.0
209723.0
209726.0
209727.0
209748.0
209754.0
209777.0
209779.0
209780.0
209785.0
209786.0
209787.0
209809.0
209810.0
209812.0
209845.0
209846.0
209869.0
209893.0
209905.0
209906.0
209907.0
209923.0
209924.0
209936.0
209956.0
209966.0
209967.0
209989.0
209991.0
210021.0
210025.0
210026.0
210045.0
210046.0
210047.0
210076.0
210086.0
210103.0
210109.0
210111.0
210146.0
210147.0
210167.0
210169.0
210170.0
210171.0
210174.0
210201.0
210228.0
210230.0
210235.0
210257.0
210266.0
210289.0
210291.0
210293.0
210321.0
210325.0
210326.0
210349.0
210356.0
210367.0
210385.0
210386.0
210409.0
210411.0
210416.0
210424.0
210438.0
210441.0
210447.0
210462.0
210466.0
210469.0
210498.0
210506.0
210507.0
210522.0
210566.0
210567.0
210625.0
210626.0
210656.0
210685.0
210686.0
210687.0
210717.0
210746.0
210747.0
210805.0
210806.0
210807.0
210837.0
210862.0
210863.0
210864.0
210866.0
210867.0
210881.0
210891.0
210905.0
210906.0
210910.0
210923.0
210925.0
210926.0
210965.0
210966.0
210970.0
210983.0
210985.0
210986.0
210987.0
211025.0
211026.0
211029.0
211030.0
211031.0
211041.0
211043.0
211045.0
211046.0
211059.0
211085.0
211086.0
211089.0
211090.0
211091.0
211092.0
211102.0
211103.0
211106.0
211108.0
211145.0
211146.0
211149.0
211153.0
211162.0
211163.0
211164.0
211165.0
211166.0
211167.0
211205.0
211206.0
211209.0
211210.0
211212.0
211226.0
211227.0
211265.0
211266.0
211269.0
211270.0
211272.0
211281.0
211282.0
211283.0
211286.0
211317.0
211325.0
211326.0
211329.0
211330.0
211343.0
211344.0
211346.0
211347.0
211361.0
211362.0
211377.0
211385.0
211386.0
211389.0
211390.0
211391.0
211402.0
211404.0
211405.0
211406.0
211417.0
211418.0
211445.0
211446.0
211449.0
211450.0
211451.0
211463.0
211464.0
211466.0
211506.0
211509.0
211510.0
211522.0
211523.0
211524.0
211526.0
211527.0
211550.0
211551.0
211565.0
211566.0
211569.0
211570.0
211583.0
211586.0
211587.0
211625.0
211626.0
211629.0
211630.0
211631.0
211642.0
211643.0
211645.0
211646.0
211647.0
211685.0
211686.0
211689.0
211690.0
211691.0
211692.0
211703.0
211705.0
211706.0
211745.0
211746.0
211748.0
211763.0
211764.0
211766.0
211805.0
211806.0
211810.0
211812.0
211822.0
211823.0
211824.0
211825.0
211826.0
211853.0
211854.0
211864.0
211865.0
211866.0
211870.0
211871.0
211872.0
211883.0
211884.0
211885.0
211886.0
211887.0
211925.0
211926.0
211930.0
211943.0
211944.0
211946.0
211947.0
211957.0
211986.0
211990.0
212003.0
212004.0
212005.0
212006.0
212007.0
212008.0
212045.0
212046.0
212047.0
212050.0
212053.0
212063.0
212066.0
212110.0
212123.0
212126.0
212127.0
212170.0
212184.0
212185.0
212186.0
212187.0
212230.0
212231.0
212243.0
212245.0
212246.0
212247.0
212259.0
212260.0
212290.0
212291.0
212302.0
212303.0
212306.0
212350.0
212351.0
212362.0
212363.0
212366.0
212410.0
212412.0
212423.0
212426.0
212470.0
212471.0
212472.0
212482.0
212483.0
212486.0
212487.0
212488.0
212529.0
212530.0
212543.0
212544.0
212546.0
212590.0
212591.0
212603.0
212604.0
212605.0
212606.0
212636.0
212651.0
212652.0
212663.0
212666.0
212710.0
212723.0
212724.0
212726.0
212727.0
212733.0
212783.0
212833.0
212843.0
212857.0
212889.0
212966.0
213022.0
213069.0
213082.0
213189.0
213310.0
213322.0
213370.0
213371.0
213372.0
213430.0
213431.0
213442.0
213490.0
213503.0
213549.0
213550.0
213563.0
213564.0
213586.0
213610.0
213622.0
213623.0
213647.0
213651.0
213653.0
213670.0
213680.0
213682.0
213683.0
213685.0
213706.0
213711.0
213712.0
213714.0
213742.0
213743.0
213755.0
213766.0
213772.0
213799.0
213802.0
213803.0
213805.0
213807.0
213828.0
213829.0
213857.0
213866.0
213898.0
213900.0
213925.0
213926.0
213950.0
213952.0
213957.0
213958.0
214005.0
214008.0
214019.0
214021.0
214045.0
214051.0
214058.0
214063.0
214078.0
214105.0
214113.0
214143.0
214165.0
214173.0
214199.0
214215.0
214225.0
214283.0
214285.0
214337.0
214366.0
214405.0
214406.0
214465.0
214508.0
214525.0
214585.0
214586.0
214645.0
214646.0
214705.0
214706.0
214765.0
214766.0
214825.0
214826.0
214885.0
214886.0
214945.0
214957.0
214960.0
214973.0
214985.0
214987.0
214989.0
214990.0
215002.0
215003.0
215005.0
215016.0
215017.0
215045.0
215047.0
215049.0
215050.0
215062.0
215063.0
215065.0
215095.0
215105.0
215107.0
215110.0
215122.0
215123.0
215125.0
215126.0
215149.0
215150.0
215151.0
215165.0
215167.0
215170.0
215182.0
215183.0
215185.0
215225.0
215227.0
215230.0
215242.0
215243.0
215245.0
215246.0
215285.0
215287.0
215290.0
215291.0
215302.0
215303.0
215305.0
215306.0
215327.0
215345.0
215347.0
215349.0
215350.0
215362.0
215363.0
215365.0
215405.0
215406.0
215407.0
215410.0
215420.0
215421.0
215423.0
215452.0
215453.0
215455.0
215465.0
215466.0
215467.0
215470.0
215483.0
215485.0
215515.0
215525.0
215526.0
215527.0
215530.0
215542.0
215543.0
215545.0
215546.0
215553.0
215585.0
215587.0
215589.0
215590.0
215602.0
215603.0
215605.0
215606.0
215635.0
215645.0
215646.0
215650.0
215663.0
215665.0
215666.0
215695.0
215705.0
215706.0
215710.0
215722.0
215723.0
215726.0
215765.0
215767.0
215769.0
215770.0
215780.0
215782.0
215783.0
215785.0
215815.0
215825.0
215827.0
215830.0
215842.0
215843.0
215845.0
215846.0
215855.0
215875.0
215885.0
215887.0
215889.0
215890.0
215902.0
215903.0
215905.0
215935.0
215945.0
215947.0
215950.0
215962.0
215963.0
215965.0
215966.0
216005.0
216006.0
216010.0
216011.0
216012.0
216022.0
216023.0
216025.0
216026.0
216065.0
216066.0
216070.0
216071.0
216082.0
216083.0
216085.0
216115.0
216126.0
216130.0
216131.0
216143.0
216144.0
216145.0
216175.0
216186.0
216190.0
216191.0
216193.0
216203.0
216204.0
216205.0
216251.0
216252.0
216263.0
216265.0
216310.0
216311.0
216319.0
216320.0
216324.0
216325.0
216326.0
216355.0
216371.0
216383.0
216384.0
216385.0
216415.0
216430.0
216432.0
216444.0
216446.0
216447.0
216453.0
216466.0
216491.0
216503.0
216504.0
216507.0
216549.0
216550.0
216564.0
216565.0
216566.0
216567.0
216610.0
216611.0
216624.0
216671.0
216682.0
216683.0
216685.0
216686.0
216687.0
216730.0
216731.0
216732.0
216742.0
216743.0
216744.0
216746.0
216747.0
216755.0
216790.0
216803.0
216804.0
216805.0
216806.0
216850.0
216851.0
216852.0
216863.0
216910.0
216911.0
216912.0
216924.0
216925.0
216970.0
216972.0
216984.0
217030.0
217043.0
217090.0
217091.0
217103.0
217105.0
217150.0
217163.0
217164.0
217165.0
217210.0
217211.0
217218.0
217223.0
217224.0
217270.0
217271.0
217282.0
217330.0
217331.0
217344.0
217351.0
217390.0
217391.0
217403.0
217450.0
217451.0
217463.0
217510.0
217512.0
217523.0
217570.0
217571.0
217583.0
217584.0
217585.0
217631.0
217640.0
217643.0
217690.0
217691.0
217728.0
217729.0
217730.0
217750.0
217758.0
217760.0
217764.0
217766.0
217767.0
217789.0
217790.0
217823.0
217824.0
217826.0
217849.0
217850.0
217882.0
217883.0
217884.0
217886.0
217891.0
217911.0
217920.0
217921.0
217942.0
217946.0
217947.0
217950.0
217967.0
217970.0
217971.0
217974.0
218006.0
218007.0
218025.0
218027.0
218029.0
218030.0
218031.0
218066.0
218068.0
218086.0
218087.0
218091.0
218125.0
218126.0
218127.0
218146.0
218149.0
218151.0
218154.0
218185.0
218186.0
218207.0
218208.0
218209.0
218210.0
218212.0
218247.0
218268.0
218269.0
218299.0
218305.0
218306.0
218307.0
218330.0
218366.0
218367.0
218389.0
218390.0
218422.0
218428.0
218449.0
218450.0
218452.0
218481.0
218485.0
218508.0
218509.0
218510.0
218518.0
218540.0
218545.0
218546.0
218553.0
218573.0
218577.0
218603.0
218605.0
218606.0
218607.0
218632.0
218666.0
218696.0
218727.0
218756.0
218785.0
218846.0
218906.0
218966.0
218967.0
219026.0
219027.0
219052.0
219053.0
219066.0
219070.0
219071.0
219072.0
219076.0
219083.0
219084.0
219086.0
219087.0
219125.0
219126.0
219129.0
219130.0
219143.0
219146.0
219149.0
219153.0
219160.0
219179.0
219185.0
219186.0
219190.0
219196.0
219198.0
219203.0
219204.0
219205.0
219206.0
219207.0
219208.0
219246.0
219250.0
219251.0
219263.0
219266.0
219267.0
219268.0
219306.0
219309.0
219310.0
219311.0
219323.0
219325.0
219326.0
219327.0
219366.0
219369.0
219370.0
219371.0
219376.0
219382.0
219383.0
219384.0
219386.0
219425.0
219426.0
219430.0
219431.0
219442.0
219443.0
219445.0
219446.0
219452.0
219485.0
219486.0
219490.0
219491.0
219502.0
219503.0
219504.0
219505.0
219507.0
219535.0
219546.0
219550.0
219563.0
219565.0
219566.0
219570.0
219571.0
219575.0
219576.0
219582.0
219592.0
219595.0
219605.0
219606.0
219610.0
219623.0
219624.0
219625.0
219626.0
219666.0
219669.0
219670.0
219671.0
219683.0
219686.0
219687.0
219703.0
219704.0
219708.0
219715.0
219723.0
219725.0
219726.0
219730.0
219743.0
219744.0
219745.0
219746.0
219775.0
219786.0
219788.0
219789.0
219790.0
219803.0
219804.0
219805.0
219806.0
219807.0
219835.0
219845.0
219846.0
219850.0
219851.0
219863.0
219865.0
219866.0
219871.0
219873.0
219875.0
219876.0
219905.0
219908.0
219910.0
219915.0
219923.0
219925.0
219926.0
219955.0
219966.0
219967.0
219970.0
219971.0
219983.0
219984.0
219985.0
219986.0
219995.0
220001.0
220006.0
220010.0
220011.0
220016.0
220018.0
220026.0
220027.0
220028.0
220029.0
220030.0
220043.0
220045.0
220046.0
220048.0
220067.0
220075.0
220085.0
220086.0
220090.0
220091.0
220103.0
220106.0
220121.0
220129.0
220140.0
220144.0
220146.0
220147.0
220150.0
220163.0
220165.0
220166.0
220185.0
220188.0
220206.0
220210.0
220223.0
220226.0
220242.0
220254.0
220256.0
220262.0
220266.0
220267.0
220269.0
220270.0
220271.0
220273.0
220275.0
220280.0
220281.0
220283.0
220284.0
220286.0
220287.0
220288.0
220290.0
220295.0
220298.0
220309.0
220310.0
220313.0
220316.0
220317.0
220318.0
220321.0
220325.0
220326.0
220327.0
220328.0
220330.0
220338.0
220339.0
220340.0
220341.0
220343.0
220345.0
220346.0
220347.0
220351.0
220355.0
220362.0
220363.0
220364.0
220368.0
220376.0
220387.0
220388.0
220389.0
220390.0
220391.0
220393.0
220400.0
220401.0
220402.0
220403.0
220404.0
220405.0
220406.0
220408.0
220409.0
220410.0
220413.0
220414.0
220416.0
220417.0
220419.0
220423.0
220426.0
220428.0
220431.0
220436.0
220444.0
220445.0
220447.0
220449.0
220450.0
220451.0
220458.0
220459.0
220460.0
220461.0
220463.0
220465.0
220466.0
220471.0
220472.0
220474.0
220488.0
220489.0
220490.0
220495.0
220496.0
220500.0
220501.0
220502.0
220503.0
220504.0
220510.0
220520.0
220521.0
220522.0
220523.0
220524.0
220525.0
220526.0
220530.0
220533.0
220538.0
220539.0
220540.0
220542.0
220543.0
220545.0
220546.0
220547.0
220549.0
220550.0
220552.0
220556.0
220557.0
220558.0
220560.0
220562.0
220570.0
220575.0
220583.0
220585.0
220586.0
220612.0
220613.0
220616.0
220620.0
220621.0
220624.0
220625.0
220630.0
220643.0
220646.0
220676.0
220688.0
220690.0
220691.0
220703.0
220705.0
220706.0
220707.0
220711.0
220714.0
220716.0
220717.0
220722.0
220731.0
220734.0
220736.0
220745.0
220746.0
220749.0
220750.0
220752.0
220753.0
220760.0
220761.0
220762.0
220763.0
220765.0
220766.0
220773.0
220774.0
220775.0
220776.0
220777.0
220782.0
220791.0
220792.0
220796.0
220797.0
220798.0
220799.0
220803.0
220804.0
220805.0
220806.0
220807.0
220810.0
220814.0
220823.0
220824.0
220825.0
220826.0
220828.0
220829.0
220833.0
220839.0
220840.0
220841.0
220842.0
220843.0
220844.0
220845.0
220846.0
220849.0
220850.0
220852.0
220853.0
220855.0
220861.0
220863.0
220866.0
220870.0
220883.0
220886.0
220930.0
220931.0
220943.0
220947.0
220990.0
221003.0
221050.0
221063.0
221064.0
221110.0
221111.0
221123.0
221170.0
221171.0
221183.0
221230.0
221243.0
221244.0
221245.0
221290.0
221291.0
221303.0
221304.0
221350.0
221351.0
221363.0
221410.0
221411.0
221424.0
221470.0
221471.0
221483.0
221484.0
221485.0
221530.0
221543.0
221544.0
221590.0
221592.0
221603.0
221650.0
221652.0
221663.0
221710.0
221711.0
221713.0
221724.0
221783.0
221784.0
221811.0
221812.0
221833.0
221841.0
221844.0
221846.0
221870.0
221871.0
221897.0
221898.0
221899.0
221906.0
221927.0
221929.0
221930.0
221956.0
221957.0
221960.0
221965.0
221966.0
221987.0
221989.0
222006.0
222019.0
222026.0
222027.0
222028.0
222036.0
222065.0
222079.0
222086.0
222087.0
222109.0
222115.0
222140.0
222141.0
222146.0
222149.0
222171.0
222174.0
222200.0
222201.0
222216.0
222231.0
222234.0
222246.0
222259.0
222262.0
222269.0
222290.0
222317.0
222318.0
222325.0
222347.0
222348.0
222377.0
222378.0
222379.0
222386.0
222407.0
222410.0
222411.0
222440.0
222469.0
222470.0
222471.0
222506.0
222529.0
222530.0
222557.0
222559.0
222587.0
222588.0
222590.0
222592.0
222620.0
222622.0
222650.0
222652.0
222653.0
222682.0
222685.0
222710.0
222712.0
222742.0
222770.0
222806.0
222807.0
222866.0
222867.0
222926.0
222986.0
223046.0
223048.0
223106.0
223150.0
223163.0
223165.0
223166.0
223205.0
223207.0
223210.0
223211.0
223223.0
223224.0
223225.0
223226.0
223270.0
223271.0
223283.0
223284.0
223286.0
223287.0
223327.0
223330.0
223331.0
223332.0
223343.0
223344.0
223345.0
223346.0
223390.0
223391.0
223403.0
223406.0
223447.0
223450.0
223463.0
223464.0
223466.0
223473.0
223474.0
223475.0
223477.0
223496.0
223505.0
223510.0
223511.0
223512.0
223523.0
223526.0
223556.0
223571.0
223583.0
223584.0
223586.0
223626.0
223627.0
223629.0
223630.0
223631.0
223643.0
223644.0
223646.0
223685.0
223689.0
223690.0
223703.0
223704.0
223706.0
223745.0
223747.0
223750.0
223751.0
223763.0
223765.0
223766.0
223767.0
223805.0
223807.0
223810.0
223811.0
223823.0
223824.0
223825.0
223826.0
223865.0
223867.0
223870.0
223871.0
223872.0
223883.0
223886.0
223916.0
223925.0
223927.0
223930.0
223943.0
223944.0
223946.0
223947.0
223970.0
223985.0
223986.0
223987.0
223990.0
223991.0
224003.0
224006.0
224007.0
224045.0
224047.0
224050.0
224051.0
224063.0
224065.0
224066.0
224096.0
224105.0
224107.0
224110.0
224123.0
224126.0
224156.0
224165.0
224167.0
224170.0
224183.0
224184.0
224185.0
224186.0
224225.0
224227.0
224230.0
224243.0
224245.0
224246.0
224247.0
224287.0
224290.0
224303.0
224305.0
224306.0
224347.0
224350.0
224363.0
224364.0
224366.0
224410.0
224423.0
224426.0
224470.0
224471.0
224483.0
224485.0
224486.0
224487.0
224530.0
224543.0
224544.0
224546.0
224576.0
224590.0
224603.0
224604.0
224606.0
224650.0
224651.0
224663.0
224666.0
224710.0
224711.0
224723.0
224726.0
224770.0
224783.0
224786.0
224816.0
224830.0
224831.0
224843.0
224846.0
224876.0
224890.0
224903.0
224906.0
224907.0
224936.0
224950.0
224963.0
224964.0
224966.0
224996.0
225010.0
225011.0
225023.0
225070.0
225083.0
225130.0
225143.0
225144.0
225190.0
225203.0
225250.0
225263.0
225310.0
225323.0
225370.0
225383.0
225431.0
225443.0
225490.0
225491.0
225503.0
225550.0
225563.0
225564.0
225610.0
225611.0
225623.0
225624.0
225670.0
225683.0
225730.0
225731.0
225743.0
225791.0
225803.0
225816.0
225817.0
225851.0
225852.0
225863.0
225864.0
225911.0
225912.0
225917.0
225920.0
225924.0
225925.0
225949.0
225950.0
225951.0
225971.0
225972.0
225979.0
225981.0
225983.0
225984.0
225986.0
226009.0
226010.0
226011.0
226043.0
226044.0
226045.0
226046.0
226069.0
226070.0
226099.0
226100.0
226104.0
226105.0
226106.0
226128.0
226129.0
226157.0
226158.0
226159.0
226160.0
226166.0
226187.0
226188.0
226190.0
226196.0
226219.0
226220.0
226226.0
226227.0
226228.0
226249.0
226252.0
226253.0
226279.0
226286.0
226287.0
226339.0
226341.0
226346.0
226347.0
226348.0
226369.0
226370.0
226371.0
226376.0
226399.0
226401.0
226406.0
226408.0
226429.0
226430.0
226431.0
226459.0
226460.0
226466.0
226468.0
226489.0
226490.0
226520.0
226526.0
226549.0
226551.0
226557.0
226579.0
226581.0
226586.0
226608.0
226609.0
226610.0
226617.0
226639.0
226641.0
226644.0
226646.0
226647.0
226667.0
226669.0
226670.0
226697.0
226698.0
226699.0
226706.0
226707.0
226727.0
226728.0
226729.0
226731.0
226733.0
226763.0
226766.0
226767.0
226768.0
226791.0
226826.0
226827.0
226849.0
226850.0
226886.0
226888.0
226889.0
226890.0
226946.0
226947.0
227006.0
227007.0
227066.0
227067.0
227126.0
227127.0
227128.0
227139.0
227243.0
227249.0
227257.0
227276.0
227286.0
227290.0
227300.0
227303.0
227306.0
227346.0
227350.0
227351.0
227363.0
227366.0
227405.0
227406.0
227410.0
227411.0
227412.0
227465.0
227466.0
227470.0
227471.0
227483.0
227484.0
227486.0
227526.0
227530.0
227544.0
227545.0
227546.0
227586.0
227588.0
227589.0
227590.0
227591.0
227592.0
227603.0
227636.0
227650.0
227706.0
227707.0
227708.0
227710.0
227711.0
227725.0
227756.0
227766.0
227768.0
227769.0
227770.0
227786.0
227787.0
227826.0
227829.0
227830.0
227843.0
227847.0
227848.0
227886.0
227889.0
227891.0
227906.0
227946.0
227950.0
227951.0
228006.0
228028.0
228070.0
228071.0
228083.0
228116.0
228125.0
228126.0
228130.0
228131.0
228139.0
228146.0
228185.0
228191.0
228192.0
228203.0
228251.0
228263.0
228265.0
228266.0
228311.0
228323.0
228324.0
228325.0
228356.0
228366.0
228371.0
228383.0
228384.0
228386.0
228442.0
228443.0
228444.0
228472.0
228494.0
228502.0
228503.0
228504.0
228566.0
228567.0
228568.0
228610.0
228626.0
228627.0
228628.0
228683.0
228686.0
228687.0
228730.0
228743.0
228746.0
228747.0
228806.0
228807.0
228906.0
228929.0
228930.0
228956.0
228970.0
228983.0
228986.0
229031.0
229038.0
229090.0
229091.0
229103.0
229106.0
229150.0
229151.0
229163.0
229164.0
229210.0
229211.0
229223.0
229224.0
229225.0
229270.0
229271.0
229283.0
229284.0
229330.0
229343.0
229390.0
229403.0
229404.0
229417.0
229450.0
229451.0
229463.0
229510.0
229523.0
229549.0
229550.0
229570.0
229571.0
229583.0
229584.0
229585.0
229630.0
229631.0
229643.0
229690.0
229691.0
229703.0
229750.0
229763.0
229764.0
229810.0
229811.0
229814.0
229823.0
229870.0
229883.0
229930.0
229937.0
229943.0
229944.0
229990.0
229991.0
230003.0
230031.0
230050.0
230051.0
230052.0
230063.0
230066.0
230067.0
230120.0
230124.0
230126.0
230127.0
230156.0
230186.0
230187.0
230206.0
230216.0
230238.0
230240.0
230242.0
230246.0
230247.0
230276.0
230306.0
230307.0
230331.0
230332.0
230334.0
230363.0
230366.0
230390.0
230392.0
230396.0
230428.0
230449.0
230450.0
230451.0
230486.0
230487.0
230488.0
230508.0
230509.0
230511.0
230512.0
230546.0
230547.0
230570.0
230571.0
230572.0
230606.0
230607.0
230609.0
230630.0
230631.0
230632.0
230666.0
230667.0
230668.0
230690.0
230691.0
230720.0
230722.0
230726.0
230727.0
230728.0
230749.0
230750.0
230751.0
230759.0
230777.0
230782.0
230786.0
230787.0
230808.0
230809.0
230810.0
230811.0
230841.0
230846.0
230847.0
230870.0
230871.0
230872.0
230907.0
230930.0
230931.0
230966.0
230967.0
230968.0
231027.0
231086.0
231087.0
231140.0
231146.0
231147.0
231206.0
231207.0
231208.0
231266.0
231267.0
231268.0
231326.0
231327.0
231341.0
231354.0
231367.0
231369.0
231370.0
231371.0
231383.0
231384.0
231385.0
231386.0
231387.0
231427.0
231428.0
231430.0
231431.0
231444.0
231446.0
231448.0
231449.0
231487.0
231489.0
231490.0
231491.0
231492.0
231503.0
231504.0
231507.0
231550.0
231551.0
231552.0
231564.0
231567.0
231602.0
231605.0
231607.0
231610.0
231611.0
231624.0
231627.0
231670.0
231671.0
231672.0
231684.0
231686.0
231687.0
231688.0
231727.0
231729.0
231730.0
231731.0
231732.0
231735.0
231736.0
231743.0
231744.0
231747.0
231777.0
231789.0
231790.0
231791.0
231792.0
231803.0
231804.0
231805.0
231806.0
231807.0
231809.0
231816.0
231847.0
231849.0
231850.0
231851.0
231863.0
231864.0
231865.0
231866.0
231867.0
231868.0
231907.0
231909.0
231910.0
231911.0
231923.0
231924.0
231925.0
231927.0
231954.0
231960.0
231962.0
231967.0
231969.0
231970.0
231971.0
231978.0
231983.0
231984.0
231985.0
231987.0
231992.0
232017.0
232027.0
232029.0
232030.0
232031.0
232032.0
232038.0
232039.0
232043.0
232044.0
232046.0
232047.0
232077.0
232087.0
232090.0
232091.0
232092.0
232104.0
232105.0
232106.0
232107.0
232109.0
232119.0
232147.0
232149.0
232150.0
232151.0
232152.0
232164.0
232166.0
232167.0
232169.0
232207.0
232209.0
232210.0
232211.0
232223.0
232224.0
232226.0
232227.0
232228.0
232267.0
232270.0
232271.0
232283.0
232284.0
232286.0
232287.0
232327.0
232329.0
232330.0
232332.0
232344.0
232346.0
232347.0
232348.0
232349.0
232387.0
232389.0
232390.0
232391.0
232403.0
232404.0
232406.0
232407.0
232409.0
232414.0
232447.0
232451.0
232464.0
232466.0
232467.0
232468.0
232501.0
232502.0
232511.0
232512.0
232524.0
232525.0
232526.0
232527.0
232567.0
232571.0
232583.0
232584.0
232586.0
232587.0
232588.0
232631.0
232632.0
232635.0
232644.0
232646.0
232647.0
232691.0
232692.0
232704.0
232707.0
232751.0
232752.0
232763.0
232764.0
232767.0
232769.0
232810.0
232812.0
232824.0
232826.0
232827.0
232828.0
232870.0
232871.0
232884.0
232885.0
232886.0
232887.0
232888.0
232930.0
232931.0
232938.0
232943.0
232945.0
232946.0
232947.0
232948.0
232991.0
233004.0
233008.0
233016.0
233017.0
233018.0
233051.0
233064.0
233066.0
233067.0
233111.0
233124.0
233127.0
233129.0
233150.0
233171.0
233184.0
233187.0
233188.0
233231.0
233243.0
233244.0
233290.0
233291.0
233304.0
233351.0
233352.0
233364.0
233400.0
233411.0
233423.0
233424.0
233470.0
233471.0
233484.0
233485.0
233530.0
233531.0
233532.0
233533.0
233544.0
233591.0
233603.0
233604.0
233650.0
233651.0
233664.0
233710.0
233712.0
233714.0
233723.0
233724.0
233725.0
233771.0
233784.0
233830.0
233831.0
233843.0
233845.0
233847.0
233904.0
233905.0
233947.0
233950.0
234010.0
234024.0
234080.0
234116.0
234143.0
234145.0
234146.0
234147.0
234148.0
234149.0
234172.0
234173.0
234200.0
234202.0
234206.0
234207.0
234228.0
234230.0
234231.0
234266.0
234267.0
234286.0
234287.0
234291.0
234294.0
234321.0
234347.0
234351.0
234353.0
234356.0
234364.0
234374.0
234377.0
234378.0
234383.0
234386.0
234411.0
234412.0
234446.0
234454.0
234469.0
234470.0
234474.0
234483.0
234484.0
234502.0
234532.0
234534.0
234543.0
234558.0
234559.0
234593.0
234594.0
234606.0
234626.0
234653.0
234654.0
234682.0
234709.0
234710.0
234712.0
234713.0
234728.0
234735.0
234736.0
234739.0
234746.0
234757.0
234768.0
234772.0
234798.0
234800.0
234819.0
234828.0
234830.0
234846.0
234847.0
234858.0
234866.0
234867.0
234889.0
234890.0
234892.0
234893.0
234922.0
234927.0
234929.0
234945.0
234946.0
234947.0
234986.0
234987.0
235003.0
235004.0
235046.0
235047.0
235048.0
235106.0
235107.0
235166.0
235167.0
235226.0
235227.0
235228.0
235286.0
235287.0
235346.0
235347.0
235348.0
235406.0
235407.0
235408.0
235446.0
235450.0
235451.0
235463.0
235466.0
235467.0
235510.0
235511.0
235523.0
235524.0
235526.0
235527.0
235555.0
235556.0
235570.0
235571.0
235583.0
235584.0
235586.0
235587.0
235630.0
235631.0
235634.0
235643.0
235644.0
235646.0
235676.0
235686.0
235690.0
235691.0
235703.0
235704.0
235706.0
235707.0
235746.0
235749.0
235750.0
235751.0
235763.0
235764.0
235766.0
235806.0
235809.0
235810.0
235811.0
235823.0
235824.0
235826.0
235870.0
235871.0
235883.0
235884.0
235886.0
235887.0
235926.0
235928.0
235930.0
235931.0
235943.0
235944.0
235946.0
235947.0
235989.0
235990.0
235991.0
236003.0
236004.0
236006.0
236007.0
236046.0
236049.0
236050.0
236051.0
236063.0
236064.0
236066.0
236067.0
236097.0
236098.0
236106.0
236109.0
236110.0
236111.0
236123.0
236124.0
236126.0
236127.0
236166.0
236169.0
236170.0
236171.0
236183.0
236186.0
236226.0
236229.0
236230.0
236231.0
236243.0
236244.0
236246.0
236286.0
236289.0
236290.0
236291.0
236303.0
236304.0
236306.0
236346.0
236350.0
236351.0
236363.0
236364.0
236366.0
236406.0
236410.0
236411.0
236423.0
236424.0
236426.0
236427.0
236428.0
236455.0
236456.0
236466.0
236470.0
236471.0
236483.0
236484.0
236486.0
236526.0
236530.0
236531.0
236533.0
236534.0
236543.0
236544.0
236546.0
236576.0
236586.0
236590.0
236591.0
236603.0
236604.0
236606.0
236616.0
236617.0
236646.0
236650.0
236651.0
236663.0
236664.0
236666.0
236667.0
236710.0
236711.0
236723.0
236724.0
236726.0
236727.0
236750.0
236770.0
236771.0
236783.0
236786.0
236787.0
236791.0
236831.0
236843.0
236844.0
236846.0
236890.0
236891.0
236903.0
236904.0
236906.0
236907.0
236950.0
236951.0
236964.0
236966.0
236967.0
236996.0
237010.0
237011.0
237023.0
237024.0
237026.0
237027.0
237052.0
237053.0
237070.0
237071.0
237083.0
237084.0
237086.0
237087.0
237129.0
237130.0
237131.0
237143.0
237144.0
237146.0
237147.0
237190.0
237191.0
237203.0
237204.0
237206.0
237207.0
237251.0
237263.0
237264.0
237267.0
237312.0
237313.0
237323.0
237324.0
237326.0
237327.0
237371.0
237384.0
237431.0
237444.0
237491.0
237503.0
237504.0
237552.0
237564.0
237611.0
237624.0
237671.0
237672.0
237673.0
237684.0
237685.0
237731.0
237732.0
237743.0
237744.0
237791.0
237803.0
237851.0
237852.0
237863.0
237865.0
237896.0
237911.0
237924.0
237925.0
237971.0
237972.0
238028.0
238029.0
238031.0
238044.0
238090.0
238091.0
238104.0
238105.0
238110.0
238111.0
238151.0
238164.0
238201.0
238211.0
238212.0
238223.0
238224.0
238225.0
238253.0
238254.0
238282.0
238284.0
238286.0
238287.0
238288.0
238298.0
238299.0
238312.0
238315.0
238323.0
238328.0
238331.0
238332.0
238333.0
238335.0
238344.0
238345.0
238347.0
238363.0
238364.0
238373.0
238381.0
238383.0
238397.0
238399.0
238407.0
238408.0
238427.0
238428.0
238453.0
238454.0
238467.0
238483.0
238527.0
238528.0
238536.0
238537.0
238587.0
238588.0
238600.0
238602.0
238603.0
238627.0
238647.0
238648.0
238657.0
238658.0
238706.0
238707.0
238713.0
238714.0
238766.0
238767.0
238768.0
238769.0
238801.0
238826.0
238827.0
238828.0
238829.0
238830.0
238831.0
238887.0
238892.0
238918.0
238927.0
238946.0
238947.0
238949.0
238955.0
238958.0
238959.0
238982.0
238998.0
239006.0
239007.0
239008.0
239024.0
239026.0
239066.0
239067.0
239068.0
239070.0
239102.0
239126.0
239127.0
239128.0
239164.0
239186.0
239187.0
239189.0
239230.0
239247.0
239248.0
239306.0
239307.0
239308.0
239366.0
239367.0
239368.0
239426.0
239427.0
239429.0
239487.0
239527.0
239530.0
239531.0
239532.0
239544.0
239545.0
239547.0
239587.0
239589.0
239590.0
239591.0
239592.0
239603.0
239604.0
239607.0
239647.0
239648.0
239650.0
239651.0
239652.0
239663.0
239664.0
239667.0
239694.0
239707.0
239710.0
239711.0
239712.0
239723.0
239724.0
239727.0
239728.0
239767.0
239770.0
239771.0
239772.0
239783.0
239784.0
239786.0
239787.0
239788.0
239827.0
239830.0
239831.0
239843.0
239844.0
239847.0
239848.0
239887.0
239889.0
239890.0
239891.0
239892.0
239903.0
239904.0
239906.0
239907.0
239947.0
239948.0
239949.0
239950.0
239951.0
239952.0
239963.0
239964.0
239966.0
239967.0
240008.0
240010.0
240011.0
240012.0
240023.0
240024.0
240026.0
240027.0
240050.0
240052.0
240067.0
240070.0
240071.0
240083.0
240084.0
240086.0
240087.0
240127.0
240129.0
240130.0
240131.0
240132.0
240143.0
240144.0
240146.0
240147.0
240190.0
240191.0
240192.0
240203.0
240204.0
240206.0
240207.0
240217.0
240249.0
240250.0
240251.0
240252.0
240263.0
240264.0
240266.0
240267.0
240307.0
240310.0
240311.0
240312.0
240323.0
240324.0
240326.0
240327.0
240350.0
240367.0
240369.0
240370.0
240371.0
240372.0
240384.0
240386.0
240387.0
240427.0
240429.0
240430.0
240431.0
240443.0
240444.0
240446.0
240447.0
240487.0
240490.0
240491.0
240503.0
240504.0
240506.0
240507.0
240549.0
240550.0
240551.0
240552.0
240563.0
240564.0
240566.0
240567.0
240592.0
240607.0
240610.0
240611.0
240612.0
240623.0
240624.0
240626.0
240627.0
240652.0
240653.0
240667.0
240670.0
240671.0
240672.0
240683.0
240684.0
240686.0
240687.0
240725.0
240727.0
240730.0
240731.0
240743.0
240744.0
240746.0
240747.0
240790.0
240791.0
240804.0
240806.0
240807.0
240850.0
240851.0
240863.0
240864.0
240866.0
240867.0
240910.0
240911.0
240923.0
240924.0
240926.0
240927.0
240971.0
240973.0
240983.0
240984.0
240986.0
240987.0
241028.0
241031.0
241043.0
241044.0
241046.0
241047.0
241091.0
241104.0
241105.0
241106.0
241107.0
241151.0
241164.0
241165.0
241166.0
241167.0
241211.0
241213.0
241224.0
241225.0
241226.0
241227.0
241271.0
241284.0
241286.0
241287.0
241330.0
241331.0
241344.0
241345.0
241346.0
241347.0
241403.0
241404.0
241407.0
241408.0
241451.0
241452.0
241464.0
241465.0
241492.0
241511.0
241513.0
241523.0
241524.0
241525.0
241571.0
241572.0
241583.0
241584.0
241585.0
241624.0
241625.0
241630.0
241644.0
241645.0
241691.0
241692.0
241704.0
241751.0
241753.0
241764.0
241765.0
241811.0
241823.0
241825.0
241871.0
241884.0
241930.0
241931.0
241944.0
241991.0
242004.0
242050.0
242051.0
242063.0
242064.0
242110.0
242111.0
242123.0
242124.0
242171.0
242184.0
242230.0
242231.0
242243.0
242244.0
242290.0
242291.0
242301.0
242303.0
242304.0
242327.0
242329.0
242330.0
242350.0
242351.0
242363.0
242364.0
242366.0
242367.0
242378.0
242379.0
242408.0
242424.0
242426.0
242427.0
242428.0
242429.0
242484.0
242486.0
242487.0
242546.0
242547.0
242554.0
242594.0
242606.0
242607.0
242617.0
242618.0
242634.0
242654.0
242655.0
242656.0
242666.0
242667.0
242683.0
242684.0
242685.0
242687.0
242725.0
242726.0
242727.0
242782.0
242786.0
242787.0
242800.0
242807.0
242815.0
242816.0
242819.0
242826.0
242827.0
242835.0
242836.0
242846.0
242847.0
242861.0
242864.0
242865.0
242875.0
242877.0
242894.0
242906.0
242907.0
242921.0
242922.0
242935.0
242966.0
242967.0
242977.0
242978.0
242979.0
243026.0
243027.0
243031.0
243032.0
243038.0
243039.0
243086.0
243087.0
243091.0
243092.0
243093.0
243125.0
243146.0
243147.0
243154.0
243155.0
243207.0
243254.0
243266.0
243267.0
243326.0
243327.0
243386.0
243387.0
243391.0
243446.0
243447.0
243506.0
243507.0
243566.0
243567.0
243568.0
243626.0
243627.0
243641.0
243646.0
243654.0
243666.0
243670.0
243671.0
243684.0
243686.0
243687.0
243725.0
243726.0
243730.0
243731.0
243743.0
243744.0
243745.0
243747.0
243786.0
243790.0
243792.0
243803.0
243804.0
243806.0
243807.0
243846.0
243850.0
243851.0
243863.0
243864.0
243866.0
243867.0
243906.0
243910.0
243911.0
243925.0
243926.0
243927.0
243949.0
243950.0
243966.0
243970.0
243971.0
243984.0
243986.0
243987.0
244026.0
244030.0
244031.0
244043.0
244044.0
244046.0
244047.0
244048.0
244086.0
244090.0
244091.0
244104.0
244106.0
244107.0
244146.0
244150.0
244151.0
244164.0
244167.0
244188.0
244206.0
244207.0
244208.0
244210.0
244211.0
244215.0
244223.0
244224.0
244226.0
244227.0
244228.0
244253.0
244266.0
244270.0
244271.0
244283.0
244284.0
244286.0
244287.0
244321.0
244326.0
244330.0
244331.0
244344.0
244346.0
244347.0
244386.0
244390.0
244391.0
244404.0
244406.0
244407.0
244446.0
244450.0
244451.0
244464.0
244466.0
244467.0
244506.0
244510.0
244511.0
244524.0
244527.0
244545.0
244546.0
244566.0
244570.0
244571.0
244583.0
244584.0
244586.0
244587.0
244624.0
244626.0
244630.0
244631.0
244644.0
244647.0
244686.0
244690.0
244691.0
244703.0
244704.0
244707.0
244746.0
244750.0
244751.0
244752.0
244764.0
244767.0
244806.0
244811.0
244823.0
244824.0
244826.0
244827.0
244871.0
244884.0
244885.0
244887.0
244930.0
244931.0
244932.0
244944.0
244945.0
244946.0
244947.0
244991.0
244992.0
245003.0
245004.0
245007.0
245051.0
245052.0
245064.0
245065.0
245067.0
245088.0
245111.0
245113.0
245124.0
245125.0
245126.0
245127.0
245171.0
245172.0
245187.0
245188.0
245221.0
245231.0
245232.0
245244.0
245246.0
245247.0
245248.0
245291.0
245305.0
245306.0
245307.0
245351.0
245364.0
245365.0
245367.0
245368.0
245411.0
245412.0
245424.0
245425.0
245426.0
245427.0
245428.0
245471.0
245472.0
245484.0
245485.0
245488.0
245524.0
245531.0
245544.0
245545.0
245548.0
245591.0
245592.0
245604.0
245605.0
245651.0
245664.0
245665.0
245711.0
245713.0
245724.0
245725.0
245771.0
245784.0
245785.0
245787.0
245831.0
245832.0
245844.0
245845.0
245892.0
245904.0
245905.0
245951.0
245952.0
245964.0
245965.0
245986.0
246011.0
246012.0
246024.0
246025.0
246071.0
246084.0
246085.0
246131.0
246132.0
246144.0
246145.0
246191.0
246204.0
246251.0
246252.0
246264.0
246265.0
246266.0
246311.0
246325.0
246371.0
246373.0
246384.0
246385.0
246396.0
246414.0
246415.0
246416.0
246431.0
246432.0
246433.0
246434.0
246444.0
246445.0
246447.0
246448.0
246452.0
246462.0
246475.0
246482.0
246493.0
246501.0
246504.0
246506.0
246507.0
246527.0
246528.0
246529.0
246542.0
246547.0
246555.0
246556.0
246564.0
246566.0
246567.0
246568.0
246571.0
246627.0
246628.0
246629.0
246647.0
246648.0
246649.0
246654.0
246657.0
246659.0
246660.0
246676.0
246679.0
246687.0
246688.0
246704.0
246741.0
246747.0
246748.0
246749.0
246768.0
246769.0
246787.0
246798.0
246807.0
246808.0
246809.0
246824.0
246825.0
246867.0
246868.0
246869.0
246878.0
246879.0
246927.0
246928.0
246929.0
246931.0
246933.0
246987.0
246988.0
246989.0
246990.0
246991.0
247020.0
247047.0
247048.0
247050.0
247051.0
247107.0
247114.0
247115.0
247167.0
247168.0
247177.0
247178.0
247179.0
247180.0
247207.0
247214.0
247227.0
247228.0
247255.0
247284.0
247287.0
247288.0
247321.0
247322.0
247347.0
247348.0
247349.0
247407.0
247408.0
247409.0
247467.0
247468.0
247469.0
247527.0
247528.0
247587.0
247588.0
247647.0
247648.0
247707.0
247721.0
247750.0
247751.0
247752.0
247753.0
247764.0
247767.0
247768.0
247784.0
247810.0
247811.0
247812.0
247813.0
247824.0
247825.0
247827.0
247828.0
247852.0
247853.0
247870.0
247871.0
247872.0
247884.0
247887.0
247888.0
247917.0
247927.0
247930.0
247931.0
247932.0
247945.0
247946.0
247947.0
247948.0
247990.0
247991.0
247992.0
248004.0
248007.0
248008.0
248050.0
248051.0
248052.0
248064.0
248065.0
248067.0
248068.0
248108.0
248110.0
248111.0
248112.0
248124.0
248128.0
248129.0
248142.0
248145.0
248170.0
248171.0
248172.0
248173.0
248184.0
248187.0
248188.0
248220.0
248221.0
248229.0
248230.0
248231.0
248232.0
248244.0
248245.0
248247.0
248248.0
248249.0
248289.0
248291.0
248292.0
248305.0
248306.0
248307.0
248350.0
248351.0
248352.0
248364.0
248366.0
248367.0
248368.0
248409.0
248410.0
248411.0
248412.0
248413.0
248424.0
248427.0
248428.0
248429.0
248470.0
248471.0
248472.0
248488.0
248489.0
248527.0
248530.0
248531.0
248532.0
248544.0
248545.0
248547.0
248548.0
248549.0
248587.0
248589.0
248590.0
248591.0
248592.0
248604.0
248607.0
248608.0
248609.0
248649.0
248650.0
248651.0
248652.0
248664.0
248665.0
248668.0
248669.0
248674.0
248675.0
248677.0
248683.0
248707.0
248709.0
248710.0
248711.0
248712.0
248713.0
248724.0
248726.0
248727.0
248728.0
248738.0
248770.0
248771.0
248772.0
248784.0
248785.0
248788.0
248789.0
248816.0
248831.0
248832.0
248844.0
248845.0
248846.0
248847.0
248848.0
248849.0
248891.0
248892.0
248904.0
248905.0
248907.0
248951.0
248965.0
248967.0
248968.0
248969.0
249011.0
249012.0
249024.0
249025.0
249027.0
249028.0
249029.0
249071.0
249072.0
249084.0
249085.0
249087.0
249088.0
249089.0
249119.0
249120.0
249130.0
249131.0
249144.0
249145.0
249147.0
249148.0
249149.0
249190.0
249191.0
249204.0
249205.0
249207.0
249208.0
249209.0
249250.0
249251.0
249263.0
249264.0
249267.0
249268.0
249310.0
249311.0
249323.0
249324.0
249327.0
249328.0
249370.0
249371.0
249384.0
249387.0
249388.0
249431.0
249443.0
249444.0
249447.0
249448.0
249492.0
249504.0
249507.0
249508.0
249551.0
249563.0
249564.0
249567.0
249582.0
249611.0
249612.0
249623.0
249624.0
249625.0
249626.0
249627.0
249671.0
249672.0
249684.0
249686.0
249715.0
249731.0
249744.0
249791.0
249792.0
249793.0
249804.0
249805.0
249851.0
249864.0
249911.0
249912.0
249924.0
249971.0
249973.0
249984.0
249985.0
250032.0
250044.0
250045.0
250091.0
250104.0
250105.0
250152.0
250164.0
250165.0
250212.0
250224.0
250271.0
250272.0
250284.0
250285.0
250331.0
250332.0
250344.0
250345.0
250391.0
250404.0
250405.0
250451.0
250465.0
250481.0
250494.0
250511.0
250512.0
250521.0
250522.0
250523.0
250524.0
250525.0
250527.0
250528.0
250551.0
250552.0
250553.0
250555.0
250579.0
250580.0
250581.0
250584.0
250586.0
250587.0
250588.0
250610.0
250615.0
250644.0
250645.0
250648.0
250649.0
250657.0
250658.0
250668.0
250687.0
250702.0
250703.0
250708.0
250732.0
250733.0
250767.0
250768.0
250769.0
250791.0
250793.0
250798.0
250800.0
250801.0
250828.0
250856.0
250857.0
250858.0
250869.0
250874.0
250887.0
250888.0
250889.0
250896.0
250903.0
250914.0
250917.0
250918.0
250948.0
250949.0
250980.0
250981.0
250985.0
250986.0
250994.0
251007.0
251008.0
251009.0
251011.0
251027.0
251038.0
251039.0
251040.0
251046.0
251047.0
251057.0
251068.0
251074.0
251091.0
251104.0
251127.0
251128.0
251145.0
251146.0
251151.0
251152.0
251188.0
251189.0
251202.0
251203.0
251234.0
251248.0
251262.0
251263.0
251293.0
251307.0
251308.0
251321.0
251367.0
251368.0
251428.0
251429.0
251453.0
251454.0
251488.0
251489.0
251547.0
251548.0
251607.0
251608.0
251667.0
251668.0
251728.0
251729.0
251788.0
251789.0
251790.0
251816.0
251817.0
251829.0
251830.0
251831.0
251832.0
251833.0
251844.0
251848.0
251890.0
251891.0
251892.0
251904.0
251905.0
251906.0
251908.0
251909.0
251950.0
251951.0
251952.0
251964.0
251965.0
251966.0
251967.0
251968.0
252010.0
252012.0
252025.0
252027.0
252028.0
252070.0
252071.0
252072.0
252084.0
252088.0
252130.0
252131.0
252145.0
252148.0
252149.0
252189.0
252190.0
252191.0
252192.0
252204.0
252205.0
252208.0
252209.0
252249.0
252251.0
252252.0
252264.0
252268.0
252272.0
252273.0
252275.0
252279.0
252280.0
252309.0
252310.0
252311.0
252312.0
252313.0
252324.0
252327.0
252328.0
252330.0
252339.0
252369.0
252370.0
252371.0
252372.0
252384.0
252385.0
252386.0
252388.0
252412.0
252430.0
252431.0
252432.0
252445.0
252447.0
252448.0
252449.0
252450.0
252489.0
252490.0
252491.0
252492.0
252493.0
252504.0
252505.0
252508.0
252549.0
252550.0
252551.0
252552.0
252564.0
252565.0
252567.0
252568.0
252610.0
252611.0
252612.0
252625.0
252627.0
252628.0
252629.0
252640.0
252670.0
252671.0
252672.0
252684.0
252685.0
252687.0
252688.0
252715.0
252716.0
252730.0
252731.0
252732.0
252745.0
252747.0
252748.0
252749.0
252786.0
252790.0
252791.0
252792.0
252804.0
252805.0
252807.0
252808.0
252809.0
252850.0
252851.0
252852.0
252864.0
252867.0
252868.0
252869.0
252870.0
252909.0
252910.0
252911.0
252912.0
252924.0
252925.0
252926.0
252927.0
252928.0
252930.0
252971.0
252972.0
252984.0
252985.0
252987.0
252988.0
252989.0
253044.0
253045.0
253047.0
253048.0
253049.0
253050.0
253091.0
253092.0
253104.0
253105.0
253107.0
253108.0
253109.0
253152.0
253153.0
253164.0
253165.0
253167.0
253168.0
253178.0
253211.0
253213.0
253225.0
253226.0
253227.0
253228.0
253271.0
253272.0
253273.0
253285.0
253287.0
253288.0
253311.0
253331.0
253332.0
253344.0
253345.0
253347.0
253348.0
253349.0
253391.0
253404.0
253405.0
253406.0
253407.0
253408.0
253451.0
253464.0
253465.0
253467.0
253468.0
253524.0
253525.0
253527.0
253528.0
253571.0
253572.0
253584.0
253585.0
253586.0
253587.0
253588.0
253589.0
253615.0
253631.0
253632.0
253644.0
253645.0
253648.0
253649.0
253692.0
253693.0
253705.0
253706.0
253751.0
253752.0
253764.0
253766.0
253812.0
253813.0
253824.0
253825.0
253871.0
253872.0
253873.0
253885.0
253931.0
253944.0
253945.0
253991.0
253992.0
254004.0
254006.0
254051.0
254052.0
254053.0
254064.0
254111.0
254113.0
254125.0
254171.0
254172.0
254184.0
254185.0
254211.0
254231.0
254232.0
254233.0
254244.0
254245.0
254291.0
254292.0
254293.0
254304.0
254305.0
254306.0
254351.0
254352.0
254364.0
254366.0
254411.0
254412.0
254424.0
254472.0
254473.0
254484.0
254485.0
254531.0
254533.0
254544.0
254545.0
254546.0
254561.0
254563.0
254564.0
254591.0
254592.0
254605.0
254606.0
254616.0
254620.0
254621.0
254623.0
254653.0
254664.0
254667.0
254668.0
254669.0
254670.0
254680.0
254681.0
254682.0
254683.0
254684.0
254727.0
254728.0
254729.0
254740.0
254744.0
254745.0
254747.0
254749.0
254750.0
254784.0
254785.0
254787.0
254788.0
254790.0
254802.0
254805.0
254806.0
254836.0
254847.0
254848.0
254849.0
254850.0
254862.0
254863.0
254864.0
254895.0
254907.0
254908.0
254909.0
254917.0
254918.0
254919.0
254920.0
254948.0
254967.0
254968.0
254969.0
254980.0
254981.0
254999.0
255011.0
255027.0
255028.0
255029.0
255040.0
255041.0
255042.0
255044.0
255052.0
255053.0
255087.0
255088.0
255101.0
255102.0
255111.0
255113.0
255138.0
255140.0
255148.0
255150.0
255171.0
255172.0
255202.0
255208.0
255209.0
255210.0
255229.0
255230.0
255262.0
255263.0
255264.0
255268.0
255269.0
255270.0
255290.0
255291.0
255292.0
255293.0
255321.0
255328.0
255329.0
255330.0
255349.0
255350.0
255355.0
255382.0
255384.0
255385.0
255387.0
255388.0
255393.0
255412.0
255413.0
255416.0
255419.0
255420.0
255423.0
255427.0
255441.0
255447.0
255448.0
255450.0
255479.0
255482.0
255483.0
255486.0
255507.0
255508.0
255510.0
255512.0
255568.0
255627.0
255687.0
255688.0
255747.0
255748.0
255807.0
255808.0
255809.0
255867.0
255868.0
255870.0
255911.0
255912.0
255924.0
255927.0
255928.0
255935.0
255940.0
255970.0
255971.0
255972.0
255984.0
255986.0
255987.0
255988.0
255989.0
256009.0
256029.0
256030.0
256031.0
256032.0
256045.0
256047.0
256048.0
256049.0
256090.0
256091.0
256092.0
256104.0
256105.0
256107.0
256108.0
256109.0
256149.0
256151.0
256165.0
256166.0
256167.0
256168.0
256169.0
256210.0
256211.0
256212.0
256224.0
256225.0
256226.0
256227.0
256228.0
256236.0
256237.0
256270.0
256271.0
256272.0
256284.0
256285.0
256287.0
256288.0
256289.0
256311.0
256312.0
256331.0
256332.0
256345.0
256347.0
256348.0
256349.0
256391.0
256392.0
256405.0
256407.0
256408.0
256447.0
256451.0
256452.0
256464.0
256465.0
256467.0
256468.0
256509.0
256510.0
256511.0
256512.0
256513.0
256524.0
256527.0
256528.0
256570.0
256571.0
256572.0
256573.0
256587.0
256588.0
256589.0
256629.0
256630.0
256631.0
256632.0
256647.0
256648.0
256689.0
256690.0
256691.0
256692.0
256704.0
256705.0
256708.0
256709.0
256748.0
256750.0
256751.0
256752.0
256765.0
256768.0
256769.0
256774.0
256775.0
256808.0
256810.0
256811.0
256812.0
256824.0
256825.0
256826.0
256827.0
256828.0
256868.0
256870.0
256871.0
256872.0
256873.0
256888.0
256908.0
256929.0
256930.0
256931.0
256932.0
256933.0
256944.0
256945.0
256947.0
256948.0
256990.0
256991.0
256992.0
257005.0
257008.0
257009.0
257047.0
257051.0
257052.0
257065.0
257066.0
257068.0
257070.0
257112.0
257124.0
257128.0
257129.0
257132.0
257171.0
257172.0
257184.0
257185.0
257187.0
257188.0
257189.0
257211.0
257231.0
257232.0
257233.0
257244.0
257245.0
257248.0
257250.0
257291.0
257292.0
257304.0
257307.0
257308.0
257352.0
257365.0
257368.0
257369.0
257411.0
257412.0
257425.0
257427.0
257428.0
257471.0
257472.0
257484.0
257485.0
257488.0
257532.0
257544.0
257545.0
257547.0
257548.0
257549.0
257550.0
257591.0
257592.0
257605.0
257607.0
257608.0
257609.0
257651.0
257664.0
257665.0
257668.0
257673.0
257674.0
257711.0
257724.0
257725.0
257727.0
257728.0
257771.0
257784.0
257787.0
257788.0
257807.0
257831.0
257844.0
257845.0
257891.0
257904.0
257951.0
257964.0
258011.0
258024.0
258025.0
258071.0
258084.0
258085.0
258132.0
258144.0
258191.0
258192.0
258204.0
258216.0
258217.0
258251.0
258265.0
258311.0
258325.0
258350.0
258371.0
258384.0
258431.0
258444.0
258491.0
258492.0
258504.0
258551.0
258552.0
258564.0
258572.0
258612.0
258626.0
258685.0
258695.0
258696.0
258697.0
258699.0
258705.0
258706.0
258731.0
258732.0
258745.0
258747.0
258748.0
258755.0
258765.0
258766.0
258770.0
258796.0
258797.0
258805.0
258807.0
258808.0
258825.0
258836.0
258837.0
258838.0
258865.0
258867.0
258868.0
258896.0
258928.0
258929.0
258952.0
258959.0
258979.0
258982.0
258987.0
258988.0
258989.0
259009.0
259014.0
259015.0
259016.0
259017.0
259037.0
259043.0
259044.0
259045.0
259048.0
259068.0
259073.0
259074.0
259097.0
259098.0
259108.0
259109.0
259122.0
259123.0
259127.0
259151.0
259152.0
259168.0
259181.0
259182.0
259186.0
259214.0
259216.0
259228.0
259229.0
259244.0
259245.0
259246.0
259247.0
259276.0
259287.0
259288.0
259289.0
259300.0
259301.0
259302.0
259303.0
259305.0
259319.0
259331.0
259347.0
259348.0
259359.0
259360.0
259361.0
259385.0
259389.0
259390.0
259407.0
259408.0
259409.0
259415.0
259416.0
259441.0
259443.0
259445.0
259467.0
259468.0
259469.0
259470.0
259493.0
259494.0
259495.0
259501.0
259502.0
259525.0
259528.0
259529.0
259551.0
259553.0
259557.0
259558.0
259564.0
259576.0
259587.0
259588.0
259589.0
259593.0
259594.0
259623.0
259648.0
259708.0
259709.0
259759.0
259760.0
259761.0
259768.0
259769.0
259770.0
259828.0
259829.0
259887.0
259907.0
259947.0
259948.0
259949.0
260007.0
260008.0
260009.0
260010.0
260034.0
260049.0
260050.0
260051.0
260052.0
260064.0
260065.0
260068.0
260110.0
260111.0
260112.0
260120.0
260124.0
260125.0
260126.0
260127.0
260128.0
260130.0
260136.0
260170.0
260171.0
260172.0
260184.0
260185.0
260188.0
260189.0
260190.0
260230.0
260231.0
260232.0
260245.0
260248.0
260249.0
260289.0
260290.0
260291.0
260293.0
260305.0
260306.0
260307.0
260308.0
260310.0
260349.0
260350.0
260352.0
260353.0
260354.0
260365.0
260368.0
260371.0
260409.0
260410.0
260411.0
260425.0
260427.0
260428.0
260430.0
260470.0
260471.0
260472.0
260485.0
260487.0
260488.0
260489.0
260503.0
260504.0
260530.0
260531.0
260532.0
260533.0
260544.0
260545.0
260548.0
260549.0
260580.0
260581.0
260584.0
260585.0
260589.0
260590.0
260591.0
260594.0
260605.0
260607.0
260608.0
260610.0
260650.0
260651.0
260665.0
260667.0
260668.0
260710.0
260711.0
260712.0
260724.0
260725.0
260728.0
260729.0
260730.0
260731.0
260769.0
260770.0
260771.0
260772.0
260784.0
260788.0
260789.0
260800.0
260807.0
260829.0
260830.0
260831.0
260832.0
260834.0
260844.0
260845.0
260848.0
260849.0
260850.0
260889.0
260891.0
260892.0
260905.0
260906.0
260908.0
260950.0
260951.0
260952.0
260965.0
260967.0
260968.0
260970.0
261009.0
261010.0
261011.0
261012.0
261024.0
261025.0
261028.0
261029.0
261030.0
261070.0
261071.0
261073.0
261085.0
261087.0
261088.0
261131.0
261132.0
261133.0
261145.0
261147.0
261148.0
261149.0
261150.0
261191.0
261192.0
261205.0
261206.0
261208.0
261251.0
261252.0
261265.0
261266.0
261267.0
261268.0
261269.0
261270.0
261311.0
261325.0
261327.0
261328.0
261371.0
261384.0
261385.0
261387.0
261388.0
261389.0
261403.0
261431.0
261444.0
261445.0
261448.0
261450.0
261491.0
261504.0
261505.0
261508.0
261509.0
261510.0
261551.0
261564.0
261568.0
261569.0
261611.0
261624.0
261625.0
261628.0
261629.0
261630.0
261671.0
261672.0
261684.0
261688.0
261705.0
261706.0
261731.0
261744.0
261745.0
261747.0
261748.0
261791.0
261804.0
261805.0
261807.0
261808.0
261816.0
261817.0
261851.0
261852.0
261864.0
261867.0
261868.0
261912.0
261924.0
261927.0
261928.0
261950.0
261972.0
261973.0
261984.0
261985.0
262045.0
262046.0
262092.0
262093.0
262152.0
262165.0
262168.0
262169.0
262211.0
262212.0
262226.0
262271.0
262285.0
262332.0
262345.0
262347.0
262392.0
262405.0
262406.0
262451.0
262452.0
262465.0
262511.0
262512.0
262572.0
262585.0
262632.0
262633.0
262644.0
262645.0
262692.0
262705.0
262706.0
262707.0
262752.0
262753.0
262765.0
262801.0
262803.0
262824.0
262825.0
262827.0
262828.0
262829.0
262857.0
262858.0
262883.0
262885.0
262888.0
262889.0
262913.0
262914.0
262945.0
262947.0
262948.0
262949.0
262950.0
262958.0
262974.0
262975.0
263005.0
263008.0
263009.0
263010.0
263037.0
263047.0
263049.0
263061.0
263068.0
263084.0
263094.0
263095.0
263096.0
263118.0
263128.0
263177.0
263178.0
263185.0
263186.0
263188.0
263189.0
263239.0
263240.0
263248.0
263249.0
263250.0
263251.0
263302.0
263303.0
263308.0
263309.0
263310.0
263366.0
263368.0
263369.0
263371.0
263428.0
263429.0
263430.0
263431.0
263432.0
263450.0
263469.0
263470.0
263487.0
263488.0
263489.0
263499.0
263500.0
263504.0
263524.0
263533.0
263544.0
263548.0
263549.0
263563.0
263564.0
263577.0
263598.0
263600.0
263608.0
263609.0
263610.0
263668.0
263669.0
263728.0
263729.0
263731.0
263788.0
263789.0
263790.0
263848.0
263849.0
263908.0
263909.0
263968.0
263969.0
263970.0
264028.0
264029.0
264088.0
264089.0
264115.0
264130.0
264132.0
264144.0
264145.0
264148.0
264149.0
264190.0
264191.0
264192.0
264205.0
264206.0
264208.0
264209.0
264250.0
264251.0
264252.0
264253.0
264265.0
264268.0
264269.0
264311.0
264312.0
264325.0
264326.0
264327.0
264328.0
264329.0
264330.0
264371.0
264372.0
264385.0
264387.0
264388.0
264389.0
264390.0
264402.0
264403.0
264430.0
264431.0
264444.0
264445.0
264448.0
264449.0
264489.0
264490.0
264491.0
264492.0
264504.0
264505.0
264506.0
264508.0
264509.0
264510.0
264550.0
264552.0
264565.0
264566.0
264568.0
264569.0
264570.0
264609.0
264610.0
264611.0
264612.0
264614.0
264615.0
264624.0
264625.0
264628.0
264629.0
264630.0
264670.0
264672.0
264688.0
264689.0
264690.0
264730.0
264731.0
264732.0
264747.0
264748.0
264789.0
264790.0
264791.0
264792.0
264804.0
264808.0
264809.0
264810.0
264850.0
264851.0
264852.0
264864.0
264865.0
264868.0
264869.0
264870.0
264888.0
264910.0
264912.0
264928.0
264929.0
264970.0
264972.0
264984.0
264999.0
265029.0
265030.0
265032.0
265051.0
265052.0
265089.0
265090.0
265091.0
265092.0
265104.0
265150.0
265151.0
265152.0
265168.0
265212.0
265227.0
265271.0
265272.0
265285.0
265301.0
265302.0
265303.0
265331.0
265332.0
265346.0
265391.0
265392.0
265405.0
265408.0
265417.0
265418.0
265419.0
265451.0
265452.0
265464.0
265465.0
265511.0
265512.0
265524.0
265525.0
265528.0
265549.0
265551.0
265552.0
265571.0
265584.0
265585.0
265588.0
265589.0
265590.0
265632.0
265644.0
265645.0
265648.0
265649.0
265691.0
265692.0
265704.0
265705.0
265708.0
265751.0
265752.0
265764.0
265765.0
265768.0
265811.0
265812.0
265824.0
265825.0
265828.0
265854.0
265871.0
265872.0
265884.0
265885.0
265888.0
265898.0
265932.0
265944.0
265945.0
265948.0
265992.0
266004.0
266005.0
266008.0
266051.0
266052.0
266064.0
266065.0
266111.0
266125.0
266126.0
266172.0
266184.0
266185.0
266231.0
266232.0
266244.0
266245.0
266293.0
266304.0
266305.0
266306.0
266307.0
266351.0
266352.0
266365.0
266366.0
266411.0
266412.0
266425.0
266426.0
266471.0
266472.0
266531.0
266545.0
266591.0
266592.0
266605.0
266651.0
266664.0
266665.0
266712.0
266724.0
266725.0
266741.0
266772.0
266784.0
266785.0
266797.0
266832.0
266844.0
266845.0
266892.0
266905.0
266906.0
266907.0
266908.0
266934.0
266935.0
266962.0
266963.0
266965.0
266966.0
266968.0
266992.0
266994.0
267019.0
267022.0
267023.0
267024.0
267025.0
267028.0
267052.0
267053.0
267073.0
267088.0
267090.0
267091.0
267099.0
267100.0
267101.0
267120.0
267121.0
267131.0
267132.0
267148.0
267149.0
267150.0
267151.0
267152.0
267181.0
267187.0
267200.0
267208.0
267209.0
267210.0
267229.0
267230.0
267238.0
267257.0
267268.0
267269.0
267270.0
267286.0
267328.0
267329.0
267336.0
267388.0
267389.0
267390.0
267394.0
267425.0
267446.0
267448.0
267449.0
267450.0
267483.0
267507.0
267508.0
267509.0
267541.0
267565.0
267567.0
267568.0
267569.0
267575.0
267600.0
267626.0
267628.0
267629.0
267630.0
267659.0
267688.0
267689.0
267690.0
267718.0
267748.0
267749.0
267780.0
267809.0
267868.0
267869.0
267870.0
267928.0
267930.0
267988.0
267989.0
267990.0
267998.0
267999.0
268048.0
268049.0
268109.0
268110.0
268168.0
268209.0
268210.0
268211.0
268212.0
268214.0
268224.0
268225.0
268227.0
268228.0
268229.0
268230.0
268269.0
268270.0
268271.0
268272.0
268284.0
268285.0
268288.0
268289.0
268330.0
268331.0
268332.0
268345.0
268348.0
268349.0
268350.0
268351.0
268355.0
268390.0
268391.0
268404.0
268405.0
268408.0
268409.0
268410.0
268448.0
268450.0
268451.0
268452.0
268461.0
268464.0
268465.0
268468.0
268469.0
268470.0
268510.0
268511.0
268524.0
268525.0
268528.0
268529.0
268530.0
268570.0
268571.0
268584.0
268585.0
268588.0
268589.0
268590.0
268595.0
268628.0
268630.0
268631.0
268632.0
268644.0
268645.0
268648.0
268649.0
268650.0
268690.0
268691.0
268704.0
268705.0
268708.0
268709.0
268750.0
268751.0
268764.0
268765.0
268768.0
268810.0
268811.0
268812.0
268820.0
268821.0
268824.0
268825.0
268828.0
268869.0
268870.0
268871.0
268872.0
268884.0
268885.0
268888.0
268897.0
268898.0
268930.0
268931.0
268932.0
268944.0
268945.0
268947.0
268948.0
268990.0
268991.0
269005.0
269008.0
269017.0
269050.0
269051.0
269052.0
269065.0
269068.0
269110.0
269111.0
269113.0
269124.0
269125.0
269128.0
269150.0
269168.0
269169.0
269170.0
269171.0
269175.0
269184.0
269185.0
269188.0
269228.0
269231.0
269244.0
269245.0
269248.0
269249.0
269291.0
269292.0
269293.0
269294.0
269304.0
269305.0
269308.0
269309.0
269310.0
269350.0
269351.0
269352.0
269360.0
269364.0
269365.0
269368.0
269369.0
269410.0
269411.0
269412.0
269426.0
269428.0
269452.0
269453.0
269454.0
269471.0
269472.0
269485.0
269488.0
269489.0
269493.0
269532.0
269545.0
269548.0
269591.0
269605.0
269608.0
269651.0
269652.0
269665.0
269668.0
269711.0
269712.0
269724.0
269725.0
269728.0
269729.0
269731.0
269771.0
269772.0
269773.0
269785.0
269789.0
269790.0
269796.0
269797.0
269831.0
269832.0
269833.0
269845.0
269849.0
269850.0
269892.0
269904.0
269905.0
269908.0
269909.0
269951.0
269952.0
269965.0
269966.0
269969.0
270013.0
270025.0
270027.0
270028.0
270072.0
270085.0
270086.0
270089.0
270132.0
270133.0
270144.0
270145.0
270192.0
270193.0
270204.0
270205.0
270252.0
270253.0
270259.0
270265.0
270266.0
270311.0
270312.0
270324.0
270325.0
270371.0
270372.0
270384.0
270385.0
270393.0
270431.0
270432.0
270445.0
270447.0
270492.0
270505.0
270551.0
270565.0
270612.0
270624.0
270625.0
270671.0
270672.0
270685.0
270687.0
270731.0
270732.0
270744.0
270745.0
270747.0
270791.0
270805.0
270851.0
270852.0
270853.0
270865.0
270866.0
270911.0
270912.0
270924.0
270972.0
270985.0
271012.0
271014.0
271018.0
271031.0
271032.0
271045.0
271048.0
271049.0
271050.0
271069.0
271071.0
271072.0
271074.0
271075.0
271077.0
271104.0
271105.0
271106.0
271107.0
271108.0
271109.0
271110.0
271131.0
271158.0
271165.0
271166.0
271168.0
271169.0
271183.0
271185.0
271186.0
271193.0
271196.0
271228.0
271239.0
271241.0
271242.0
271243.0
271277.0
271288.0
271289.0
271302.0
271304.0
271306.0
271307.0
271348.0
271349.0
271370.0
271371.0
271372.0
271409.0
271410.0
271411.0
271433.0
271442.0
271463.0
271468.0
271469.0
271470.0
271489.0
271490.0
271491.0
271494.0
271497.0
271523.0
271528.0
271529.0
271530.0
271540.0
271550.0
271551.0
271552.0
271567.0
271588.0
271589.0
271590.0
271594.0
271595.0
271629.0
271636.0
271648.0
271649.0
271650.0
271651.0
271672.0
271673.0
271679.0
271680.0
271693.0
271708.0
271709.0
271725.0
271726.0
271729.0
271730.0
271731.0
271750.0
271769.0
271777.0
271778.0
271828.0
271889.0
271926.0
271948.0
271949.0
272009.0
272010.0
272069.0
272070.0
272129.0
272130.0
272189.0
272249.0
272304.0
272305.0
272306.0
272309.0
272321.0
272351.0
272352.0
272353.0
272369.0
272370.0
272410.0
272411.0
272412.0
272415.0
272417.0
272426.0
272428.0
272471.0
272472.0
272474.0
272485.0
272487.0
272488.0
272489.0
272493.0
272494.0
272530.0
272532.0
272534.0
272545.0
272547.0
272548.0
272549.0
272591.0
272592.0
272593.0
272605.0
272607.0
272608.0
272609.0
272618.0
272651.0
272652.0
272654.0
272665.0
272667.0
272668.0
272669.0
272670.0
272710.0
272711.0
272712.0
272724.0
272725.0
272728.0
272729.0
272731.0
272751.0
272770.0
272771.0
272772.0
272785.0
272786.0
272787.0
272788.0
272789.0
272830.0
272831.0
272832.0
272845.0
272848.0
272849.0
272850.0
272890.0
272891.0
272892.0
272894.0
272905.0
272908.0
272909.0
272910.0
272950.0
272951.0
272952.0
272953.0
272955.0
272956.0
272965.0
272968.0
272969.0
272970.0
272971.0
273010.0
273012.0
273026.0
273028.0
273029.0
273030.0
273052.0
273054.0
273055.0
273069.0
273070.0
273071.0
273072.0
273085.0
273088.0
273089.0
273091.0
273129.0
273130.0
273131.0
273132.0
273145.0
273146.0
273149.0
273190.0
273191.0
273192.0
273205.0
273206.0
273208.0
273209.0
273210.0
273251.0
273252.0
273265.0
273267.0
273268.0
273269.0
273309.0
273310.0
273311.0
273312.0
273313.0
273314.0
273315.0
273317.0
273324.0
273325.0
273329.0
273330.0
273370.0
273372.0
273374.0
273384.0
273385.0
273386.0
273389.0
273390.0
273393.0
273431.0
273432.0
273445.0
273447.0
273448.0
273449.0
273450.0
273490.0
273491.0
273492.0
273504.0
273505.0
273509.0
273551.0
273552.0
273553.0
273564.0
273565.0
273568.0
273569.0
273570.0
273612.0
273614.0
273625.0
273626.0
273628.0
273629.0
273672.0
273684.0
273685.0
273686.0
273688.0
273689.0
273691.0
273731.0
273732.0
273745.0
273778.0
273791.0
273792.0
273805.0
273806.0
273808.0
273809.0
273810.0
273851.0
273852.0
273855.0
273865.0
273868.0
273869.0
273911.0
273912.0
273925.0
273928.0
273929.0
273930.0
273942.0
273971.0
273972.0
273984.0
273985.0
273988.0
273989.0
273991.0
274031.0
274032.0
274044.0
274045.0
274049.0
274050.0
274091.0
274092.0
274104.0
274105.0
274108.0
274109.0
274151.0
274152.0
274164.0
274165.0
274168.0
274169.0
274170.0
274211.0
274212.0
274224.0
274225.0
274271.0
274272.0
274284.0
274285.0
274331.0
274332.0
274345.0
274391.0
274392.0
274404.0
274405.0
274451.0
274464.0
274465.0
274511.0
274524.0
274525.0
274571.0
274572.0
274584.0
274585.0
274631.0
274632.0
274644.0
274645.0
274691.0
274692.0
274704.0
274705.0
274751.0
274752.0
274754.0
274765.0
274811.0
274812.0
274824.0
274825.0
274871.0
274872.0
274885.0
274888.0
274931.0
274932.0
274944.0
274945.0
274991.0
274992.0
275004.0
275005.0
275051.0
275052.0
275064.0
275065.0
275070.0
275071.0
275102.0
275111.0
275112.0
275124.0
275125.0
275128.0
275129.0
275132.0
275135.0
275146.0
275162.0
275167.0
275184.0
275185.0
275188.0
275189.0
275190.0
275191.0
275192.0
275245.0
275246.0
275247.0
275248.0
275249.0
275250.0
275277.0
275301.0
275305.0
275306.0
275308.0
275309.0
275355.0
275356.0
275360.0
275368.0
275369.0
275386.0
275415.0
275428.0
275429.0
275435.0
275464.0
275488.0
275489.0
275515.0
275520.0
275521.0
275539.0
275548.0
275549.0
275568.0
275572.0
275573.0
275594.0
275608.0
275609.0
275622.0
275623.0
275652.0
275668.0
275669.0
275680.0
275681.0
275720.0
275728.0
275729.0
275748.0
275749.0
275775.0
275777.0
275788.0
275789.0
275805.0
275806.0
275837.0
275838.0
275848.0
275849.0
275867.0
275902.0
275903.0
275908.0
275909.0
275931.0
275932.0
275968.0
275969.0
276028.0
276029.0
276088.0
276089.0
276090.0
276148.0
276149.0
276208.0
276209.0
276268.0
276269.0
276328.0
276329.0
276388.0
276389.0
276402.0
276415.0
276430.0
276431.0
276432.0
276444.0
276445.0
276448.0
276449.0
276490.0
276491.0
276492.0
276505.0
276508.0
276509.0
276550.0
276551.0
276552.0
276564.0
276565.0
276568.0
276569.0
276610.0
276611.0
276612.0
276625.0
276628.0
276629.0
276652.0
276653.0
276654.0
276670.0
276671.0
276672.0
276685.0
276686.0
276688.0
276689.0
276730.0
276731.0
276732.0
276745.0
276748.0
276749.0
276790.0
276791.0
276792.0
276793.0
276805.0
276808.0
276809.0
276850.0
276851.0
276852.0
276864.0
276865.0
276868.0
276869.0
276910.0
276911.0
276912.0
276925.0
276926.0
276928.0
276929.0
276970.0
276971.0
276972.0
276985.0
276988.0
276989.0
277030.0
277031.0
277032.0
277045.0
277048.0
277090.0
277091.0
277092.0
277105.0
277108.0
277150.0
277151.0
277152.0
277165.0
277168.0
277210.0
277211.0
277212.0
277225.0
277228.0
277229.0
277270.0
277271.0
277272.0
277285.0
277288.0
277289.0
277330.0
277331.0
277332.0
277344.0
277345.0
277348.0
277390.0
277391.0
277392.0
277404.0
277405.0
277408.0
277409.0
277450.0
277451.0
277452.0
277465.0
277468.0
277469.0
277475.0
277476.0
277478.0
277510.0
277511.0
277512.0
277525.0
277528.0
277529.0
277571.0
277572.0
277584.0
277585.0
277588.0
277631.0
277632.0
277645.0
277648.0
277691.0
277692.0
277704.0
277705.0
277708.0
277709.0
277751.0
277752.0
277765.0
277768.0
277769.0
277811.0
277812.0
277825.0
277828.0
277829.0
277871.0
277872.0
277885.0
277887.0
277888.0
277889.0
277931.0
277932.0
277945.0
277948.0
277949.0
277979.0
277991.0
277992.0
278005.0
278008.0
278051.0
278052.0
278065.0
278068.0
278069.0
278111.0
278112.0
278125.0
278128.0
278129.0
278171.0
278172.0
278185.0
278188.0
278189.0
278231.0
278232.0
278245.0
278248.0
278249.0
278291.0
278292.0
278305.0
278308.0
278309.0
278350.0
278351.0
278352.0
278365.0
278411.0
278412.0
278425.0
278471.0
278472.0
278484.0
278485.0
278532.0
278545.0
278591.0
278592.0
278605.0
278651.0
278652.0
278665.0
278711.0
278712.0
278725.0
278771.0
278772.0
278785.0
278831.0
278832.0
278845.0
278891.0
278892.0
278905.0
278951.0
278952.0
278965.0
279011.0
279012.0
279025.0
279085.0
279135.0
279145.0
279175.0
279176.0
279208.0
279209.0
279247.0
279268.0
279269.0
279298.0
279299.0
279327.0
279328.0
279329.0
279386.0
279388.0
279389.0
279408.0
279437.0
279448.0
279467.0
279472.0
279473.0
279501.0
279503.0
279531.0
279532.0
279533.0
279562.0
279563.0
279572.0
279588.0
279592.0
279617.0
279618.0
279647.0
279652.0
279653.0
279654.0
279682.0
279683.0
279686.0
279688.0
279711.0
279713.0
279739.0
279740.0
279741.0
279769.0
279770.0
279797.0
279799.0
279808.0
279822.0
279827.0
279828.0
279851.0
279852.0
279881.0
279882.0
279883.0
279911.0
279913.0
279928.0
279934.0
279941.0
279942.0
279963.0
279964.0
279990.0
279993.0
280018.0
280019.0
280020.0
280048.0
280049.0
280108.0
280109.0
280111.0
280169.0
280171.0
280228.0
280229.0
280253.0
280288.0
280289.0
280348.0
280349.0
280408.0
280409.0
280410.0
280411.0
280468.0
280469.0
280471.0
280495.0
280511.0
280512.0
280525.0
280526.0
280528.0
280529.0
280571.0
280572.0
280584.0
280585.0
280588.0
280589.0
280590.0
280631.0
280632.0
280645.0
280648.0
280649.0
280685.0
280686.0
280691.0
280692.0
280705.0
280709.0
280751.0
280752.0
280765.0
280768.0
280769.0
280811.0
280812.0
280825.0
280829.0
280872.0
280885.0
280888.0
280889.0
280931.0
280932.0
280933.0
280936.0
280945.0
280948.0
280949.0
280990.0
280991.0
280992.0
281005.0
281008.0
281009.0
281047.0
281050.0
281051.0
281052.0
281065.0
281068.0
281069.0
281075.0
281076.0
281077.0
281079.0
281110.0
281111.0
281112.0
281115.0
281125.0
281128.0
281129.0
281169.0
281172.0
281174.0
281175.0
281181.0
281185.0
281188.0
281189.0
281231.0
281232.0
281233.0
281245.0
281248.0
281249.0
281290.0
281291.0
281292.0
281305.0
281308.0
281309.0
281350.0
281351.0
281352.0
281355.0
281365.0
281368.0
281369.0
281370.0
281405.0
281407.0
281410.0
281411.0
281412.0
281413.0
281425.0
281428.0
281429.0
281470.0
281471.0
281472.0
281483.0
281484.0
281485.0
281488.0
281489.0
281530.0
281532.0
281533.0
281545.0
281548.0
281549.0
281580.0
281591.0
281592.0
281605.0
281608.0
281609.0
281651.0
281652.0
281665.0
281668.0
281669.0
281712.0
281714.0
281725.0
281728.0
281729.0
281772.0
281785.0
281788.0
281789.0
281831.0
281832.0
281845.0
281848.0
281849.0
281891.0
281892.0
281905.0
281908.0
281909.0
281946.0
281952.0
281965.0
281968.0
281969.0
282012.0
282025.0
282028.0
282029.0
282072.0
282080.0
282085.0
282088.0
282089.0
282131.0
282132.0
282145.0
282148.0
282149.0
282191.0
282192.0
282205.0
282208.0
282209.0
282252.0
282265.0
282268.0
282269.0
282311.0
282312.0
282325.0
282328.0
282329.0
282372.0
282383.0
282385.0
282388.0
282389.0
282431.0
282432.0
282445.0
282505.0
282506.0
282552.0
282565.0
282685.0
282686.0
282745.0
282805.0
282845.0
282925.0
282978.0
283045.0
283092.0
283093.0
283152.0
283153.0
283165.0
283212.0
283227.0
283269.0
283272.0
283273.0
283285.0
283286.0
283290.0
283291.0
283298.0
283299.0
283310.0
283311.0
283321.0
283328.0
283335.0
283346.0
283348.0
283349.0
283363.0
283365.0
283393.0
283394.0
283400.0
283405.0
283406.0
283428.0
283429.0
283430.0
283458.0
283459.0
283462.0
283463.0
283469.0
283492.0
283493.0
283522.0
283529.0
283530.0
283558.0
283560.0
283588.0
283589.0
283590.0
283617.0
283618.0
283619.0
283647.0
283648.0
283649.0
283650.0
283679.0
283680.0
283709.0
283710.0
283740.0
283741.0
283769.0
283770.0
283823.0
283829.0
283830.0
283831.0
283852.0
283853.0
283882.0
283889.0
283890.0
283941.0
283943.0
283949.0
283950.0
283951.0
284009.0
284010.0
284011.0
284069.0
284070.0
284071.0
284079.0
284080.0
284125.0
284126.0
284129.0
284130.0
284156.0
284180.0
284184.0
284189.0
284190.0
284248.0
284249.0
284250.0
284309.0
284310.0
284311.0
284369.0
284370.0
284429.0
284489.0
284490.0
284549.0
284550.0
284589.0
284590.0
284591.0
284592.0
284593.0
284606.0
284609.0
284610.0
284643.0
284651.0
284653.0
284654.0
284655.0
284666.0
284669.0
284670.0
284675.0
284676.0
284710.0
284714.0
284725.0
284726.0
284729.0
284769.0
284770.0
284771.0
284772.0
284773.0
284775.0
284777.0
284789.0
284790.0
284829.0
284830.0
284831.0
284835.0
284843.0
284844.0
284845.0
284849.0
284850.0
284889.0
284890.0
284891.0
284892.0
284894.0
284905.0
284909.0
284910.0
284950.0
284951.0
284954.0
284955.0
284969.0
284970.0
285005.0
285010.0
285011.0
285012.0
285029.0
285030.0
285070.0
285071.0
285080.0
285129.0
285130.0
285131.0
285134.0
285135.0
285147.0
285148.0
285181.0
285190.0
285191.0
285192.0
285194.0
285195.0
285209.0
285250.0
285251.0
285252.0
285253.0
285254.0
285265.0
285310.0
285311.0
285312.0
285315.0
285326.0
285329.0
285370.0
285371.0
285372.0
285385.0
285386.0
285430.0
285431.0
285432.0
285435.0
285445.0
285446.0
285449.0
285490.0
285491.0
285492.0
285494.0
285505.0
285542.0
285543.0
285550.0
285551.0
285552.0
285555.0
285565.0
285566.0
285569.0
285610.0
285611.0
285612.0
285625.0
285626.0
285629.0
285630.0
285631.0
285670.0
285671.0
285672.0
285676.0
285685.0
285686.0
285689.0
285690.0
285691.0
285730.0
285731.0
285732.0
285733.0
285745.0
285749.0
285792.0
285793.0
285794.0
285805.0
285809.0
285852.0
285853.0
285865.0
285866.0
285868.0
285869.0
285912.0
285913.0
285925.0
285926.0
285928.0
285929.0
285972.0
285978.0
285979.0
285985.0
285986.0
285989.0
286032.0
286046.0
286048.0
286049.0
286092.0
286105.0
286106.0
286109.0
286152.0
286165.0
286166.0
286169.0
286212.0
286225.0
286226.0
286229.0
286230.0
286272.0
286285.0
286289.0
286290.0
286291.0
286332.0
286345.0
286346.0
286349.0
286350.0
286392.0
286396.0
286405.0
286409.0
286410.0
286430.0
286431.0
286435.0
286436.0
286442.0
286452.0
286453.0
286454.0
286457.0
286465.0
286466.0
286512.0
286525.0
286526.0
286529.0
286543.0
286564.0
286569.0
286572.0
286573.0
286574.0
286575.0
286585.0
286586.0
286588.0
286590.0
286591.0
286632.0
286645.0
286646.0
286692.0
286705.0
286706.0
286752.0
286765.0
286812.0
286825.0
286826.0
286872.0
286885.0
286909.0
286913.0
286916.0
286919.0
286922.0
286926.0
286931.0
286932.0
286941.0
286942.0
286945.0
286946.0
286971.0
286992.0
287005.0
287006.0
287015.0
287016.0
287046.0
287047.0
287049.0
287050.0
287052.0
287053.0
287055.0
287059.0
287064.0
287065.0
287074.0
287075.0
287112.0
287113.0
287125.0
287126.0
287138.0
287149.0
287150.0
287166.0
287170.0
287172.0
287174.0
287185.0
287186.0
287225.0
287232.0
287245.0
287246.0
287271.0
287292.0
287299.0
287303.0
287305.0
287307.0
287332.0
287333.0
287334.0
287340.0
287352.0
287363.0
287364.0
287365.0
287366.0
287392.0
287393.0
287395.0
287408.0
287412.0
287413.0
287425.0
287426.0
287429.0
287451.0
287452.0
287453.0
287454.0
287465.0
287472.0
287473.0
287480.0
287482.0
287485.0
287486.0
287489.0
287510.0
287511.0
287519.0
287526.0
287528.0
287545.0
287546.0
287549.0
287556.0
287558.0
287570.0
287574.0
287575.0
287579.0
287585.0
287602.0
287603.0
287604.0
287607.0
287609.0
287611.0
287617.0
287619.0
287632.0
287633.0
287634.0
287664.0
287669.0
287676.0
287677.0
287693.0
287699.0
287706.0
287710.0
287722.0
287723.0
287728.0
287729.0
287730.0
287741.0
287743.0
287748.0
287751.0
287752.0
287754.0
287755.0
287758.0
287762.0
287763.0
287764.0
287770.0
287774.0
287777.0
287789.0
287792.0
287795.0
287796.0
287800.0
287802.0
287812.0
287813.0
287814.0
287815.0
287818.0
287835.0
287843.0
287844.0
287849.0
287850.0
287865.0
287873.0
287874.0
287875.0
287903.0
287904.0
287905.0
287909.0
287933.0
287934.0
287947.0
287962.0
287963.0
287964.0
287969.0
287992.0
287993.0
288021.0
288022.0
288029.0
288051.0
288052.0
288082.0
288089.0
288111.0
288113.0
288114.0
288115.0
288144.0
288149.0
288173.0
288174.0
288198.0
288202.0
288203.0
288204.0
288209.0
288210.0
288224.0
288225.0
288230.0
288231.0
288232.0
288233.0
288234.0
288235.0
288243.0
288249.0
288250.0
288251.0
288254.0
288269.0
288271.0
288272.0
288273.0
288274.0
288275.0
288276.0
288278.0
288279.0
288282.0
288284.0
288286.0
288289.0
288291.0
288292.0
288304.0
288305.0
288329.0
288359.0
288389.0
288390.0
288449.0
288509.0
288510.0
288569.0
288570.0
288608.0
288629.0
288630.0
288676.0
288681.0
288685.0
288686.0
288687.0
288688.0
288689.0
288690.0
288730.0
288731.0
288732.0
288733.0
288745.0
288746.0
288748.0
288749.0
288750.0
288770.0
288790.0
288791.0
288793.0
288806.0
288807.0
288808.0
288809.0
288850.0
288851.0
288853.0
288866.0
288869.0
288871.0
288910.0
288911.0
288913.0
288924.0
288926.0
288927.0
288930.0
288970.0
288971.0
288972.0
288985.0
288986.0
288989.0
288990.0
288992.0
289030.0
289031.0
289032.0
289033.0
289034.0
289039.0
289046.0
289049.0
289050.0
289091.0
289092.0
289093.0
289094.0
289105.0
289109.0
289110.0
289111.0
289138.0
289151.0
289152.0
289153.0
289166.0
289167.0
289169.0
289170.0
289184.0
289194.0
289208.0
289211.0
289212.0
289213.0
289214.0
289226.0
289228.0
289229.0
289230.0
289271.0
289272.0
289273.0
289274.0
289286.0
289289.0
289290.0
289331.0
289332.0
289333.0
289335.0
289346.0
289349.0
289350.0
289390.0
289391.0
289392.0
289395.0
289406.0
289408.0
289409.0
289432.0
289451.0
289452.0
289453.0
289454.0
289455.0
289466.0
289467.0
289469.0
289470.0
289471.0
289472.0
289476.0
289485.0
289497.0
289498.0
289501.0
289511.0
289512.0
289513.0
289515.0
289518.0
289526.0
289527.0
289529.0
289530.0
289552.0
289559.0
289571.0
289572.0
289573.0
289575.0
289585.0
289586.0
289590.0
289607.0
289630.0
289631.0
289632.0
289633.0
289634.0
289635.0
289646.0
289647.0
289649.0
289650.0
289691.0
289692.0
289695.0
289705.0
289706.0
289709.0
289710.0
289712.0
289753.0
289754.0
289755.0
289765.0
289767.0
289770.0
289811.0
289812.0
289813.0
289814.0
289825.0
289826.0
289827.0
289830.0
289872.0
289873.0
289876.0
289886.0
289889.0
289890.0
289945.0
289949.0
289950.0
289989.0
289991.0
290005.0
290009.0
290037.0
290069.0
290070.0
290072.0
290122.0
290123.0
290129.0
290130.0
290170.0
290185.0
290189.0
290190.0
290232.0
290249.0
290250.0
290309.0
290310.0
290352.0
290365.0
290426.0
290427.0
290472.0
290473.0
290474.0
290475.0
290485.0
290486.0
290489.0
290532.0
290533.0
290534.0
290592.0
290605.0
290606.0
290607.0
290608.0
290616.0
290617.0
290652.0
290665.0
290666.0
290678.0
290712.0
290725.0
290726.0
290749.0
290750.0
290772.0
290785.0
290786.0
290832.0
290836.0
290845.0
290859.0
290893.0
290905.0
290936.0
290953.0
290965.0
290969.0
290970.0
291012.0
291013.0
291014.0
291026.0
291027.0
291069.0
291085.0
291086.0
291132.0
291133.0
291146.0
291147.0
291192.0
291206.0
291252.0
291266.0
291267.0
291312.0
291313.0
291326.0
291328.0
291372.0
291384.0
291386.0
291432.0
291433.0
291446.0
291492.0
291493.0
291506.0
291507.0
291509.0
291510.0
291534.0
291566.0
291567.0
291569.0
291570.0
291571.0
291587.0
291626.0
291630.0
291631.0
291655.0
291689.0
291690.0
291691.0
291692.0
291713.0
291750.0
291774.0
291775.0
291776.0
291810.0
291811.0
291834.0
291835.0
291836.0
291865.0
291870.0
291892.0
291893.0
291894.0
291895.0
291924.0
291930.0
291953.0
291954.0
291958.0
291960.0
291961.0
291977.0
291978.0
291980.0
291984.0
291989.0
291990.0
291996.0
292013.0
292014.0
292044.0
292049.0
292050.0
292073.0
292075.0
292105.0
292109.0
292110.0
292111.0
292133.0
292134.0
292159.0
292160.0
292170.0
292189.0
292190.0
292194.0
292196.0
292214.0
292224.0
292229.0
292230.0
292255.0
292272.0
292274.0
292289.0
292290.0
292291.0
292298.0
292305.0
292314.0
292315.0
292332.0
292349.0
292350.0
292357.0
292383.0
292409.0
292410.0
292469.0
292470.0
292529.0
292530.0
292531.0
292589.0
292590.0
292649.0
292650.0
292710.0
292711.0
292769.0
292770.0
292771.0
292772.0
292782.0
292793.0
292795.0
292810.0
292812.0
292825.0
292826.0
292828.0
292829.0
292830.0
292870.0
292872.0
292874.0
292875.0
292885.0
292886.0
292890.0
292891.0
292892.0
292932.0
292934.0
292935.0
292945.0
292946.0
292949.0
292950.0
292951.0
292990.0
292991.0
292992.0
292994.0
292995.0
293005.0
293006.0
293009.0
293010.0
293050.0
293051.0
293052.0
293053.0
293055.0
293065.0
293066.0
293069.0
293070.0
293071.0
293095.0
293109.0
293110.0
293111.0
293112.0
293114.0
293115.0
293125.0
293126.0
293130.0
293132.0
293159.0
293170.0
293171.0
293172.0
293173.0
293175.0
293185.0
293186.0
293189.0
293190.0
293229.0
293230.0
293231.0
293232.0
293245.0
293246.0
293249.0
293250.0
293291.0
293292.0
293293.0
293294.0
293295.0
293305.0
293306.0
293309.0
293310.0
293350.0
293352.0
293354.0
293355.0
293365.0
293366.0
293369.0
293370.0
293410.0
293411.0
293412.0
293413.0
293415.0
293426.0
293427.0
293429.0
293459.0
293470.0
293471.0
293472.0
293473.0
293474.0
293475.0
293485.0
293489.0
293490.0
293519.0
293530.0
293531.0
293533.0
293534.0
293535.0
293545.0
293546.0
293549.0
293550.0
293591.0
293592.0
293593.0
293596.0
293606.0
293608.0
293609.0
293610.0
293633.0
293650.0
293651.0
293652.0
293653.0
293654.0
293665.0
293666.0
293669.0
293670.0
293710.0
293711.0
293713.0
293715.0
293725.0
293726.0
293727.0
293728.0
293729.0
293730.0
293731.0
293737.0
293738.0
293766.0
293767.0
293773.0
293775.0
293786.0
293787.0
293789.0
293790.0
293819.0
293830.0
293831.0
293833.0
293834.0
293835.0
293846.0
293849.0
293850.0
293891.0
293892.0
293906.0
293909.0
293910.0
293911.0
293949.0
293952.0
293956.0
293965.0
293966.0
293970.0
293972.0
293991.0
294011.0
294012.0
294013.0
294026.0
294030.0
294031.0
294071.0
294073.0
294074.0
294085.0
294086.0
294090.0
294092.0
294130.0
294133.0
294135.0
294150.0
294151.0
294193.0
294205.0
294206.0
294207.0
294210.0
294211.0
294216.0
294217.0
294252.0
294253.0
294266.0
294267.0
294270.0
294271.0
294313.0
294330.0
294349.0
294373.0
294374.0
294386.0
294390.0
294420.0
294432.0
294433.0
294445.0
294446.0
294449.0
294450.0
294451.0
294492.0
294493.0
294505.0
294506.0
294510.0
294511.0
294532.0
294552.0
294553.0
294566.0
294570.0
294571.0
294612.0
294613.0
294614.0
294625.0
294626.0
294627.0
294628.0
294630.0
294665.0
294672.0
294673.0
294674.0
294685.0
294686.0
294732.0
294733.0
294746.0
294748.0
294792.0
294793.0
294794.0
294805.0
294806.0
294852.0
294853.0
294866.0
294868.0
294912.0
294913.0
294914.0
294925.0
294927.0
294972.0
294973.0
294987.0
295032.0
295033.0
295034.0
295045.0
295046.0
295047.0
295092.0
295105.0
295152.0
295166.0
295167.0
295225.0
295226.0
295228.0
295273.0
295286.0
295392.0
295406.0
295407.0
295431.0
295524.0
295525.0
295558.0
295560.0
295561.0
295564.0
295565.0
295572.0
295578.0
295579.0
295584.0
295586.0
295587.0
295590.0
295597.0
295600.0
295645.0
295646.0
295674.0
295675.0
295677.0
295695.0
295704.0
295705.0
295710.0
295711.0
295733.0
295740.0
295765.0
295769.0
295782.0
295794.0
295795.0
295824.0
295825.0
295826.0
295829.0
295836.0
295837.0
295855.0
295867.0
295868.0
295869.0
295884.0
295895.0
295902.0
295904.0
295914.0
295917.0
295918.0
295921.0
295932.0
295947.0
295949.0
295974.0
295975.0
295976.0
295977.0
295978.0
295980.0
295983.0
295999.0
296009.0
296027.0
296035.0
296036.0
296037.0
296044.0
296077.0
296080.0
296082.0
296090.0
296094.0
296095.0
296097.0
296127.0
296129.0
296155.0
296157.0
296158.0
296159.0
296170.0
296216.0
296218.0
296247.0
296249.0
296250.0
296251.0
296275.0
296276.0
296277.0
296310.0
296311.0
296334.0
296335.0
296337.0
296340.0
296352.0
296369.0
296370.0
296371.0
296395.0
296396.0
296397.0
296427.0
296430.0
296453.0
296454.0
296489.0
296491.0
296549.0
296550.0
296551.0
296610.0
296611.0
296669.0
296670.0
296671.0
296729.0
296730.0
296731.0
296767.0
296789.0
296790.0
296793.0
296794.0
296851.0
296892.0
296896.0
296898.0
296901.0
296905.0
296906.0
296909.0
296910.0
296951.0
296952.0
296970.0
297031.0
297032.0
297071.0
297074.0
297075.0
297089.0
297090.0
297130.0
297131.0
297132.0
297133.0
297134.0
297135.0
297149.0
297191.0
297192.0
297193.0
297194.0
297195.0
297205.0
297229.0
297251.0
297253.0
297255.0
297265.0
297266.0
297267.0
297269.0
297311.0
297312.0
297313.0
297314.0
297315.0
297316.0
297327.0
297328.0
297362.0
297370.0
297371.0
297372.0
297373.0
297374.0
297375.0
297386.0
297390.0
297431.0
297432.0
297433.0
297434.0
297435.0
297436.0
297445.0
297446.0
297489.0
297491.0
297494.0
297506.0
297509.0
297510.0
297550.0
297551.0
297552.0
297553.0
297554.0
297555.0
297565.0
297566.0
297567.0
297570.0
297590.0
297591.0
297611.0
297612.0
297613.0
297616.0
297617.0
297626.0
297629.0
297630.0
297631.0
297666.0
297672.0
297673.0
297674.0
297676.0
297677.0
297685.0
297688.0
297689.0
297690.0
297731.0
297732.0
297733.0
297734.0
297736.0
297737.0
297738.0
297746.0
297749.0
297750.0
297751.0
297806.0
297808.0
297810.0
297811.0
297816.0
297817.0
297852.0
297856.0
297857.0
297866.0
297867.0
297870.0
297871.0
297912.0
297913.0
297926.0
297927.0
297930.0
297931.0
297949.0
297950.0
297972.0
297973.0
297974.0
297985.0
297990.0
297991.0
298033.0
298034.0
298046.0
298049.0
298050.0
298093.0
298094.0
298095.0
298106.0
298107.0
298110.0
298128.0
298153.0
298154.0
298166.0
298170.0
298171.0
298172.0
298175.0
298200.0
298213.0
298226.0
298227.0
298230.0
298231.0
298233.0
298253.0
298254.0
298261.0
298272.0
298273.0
298286.0
298289.0
298290.0
298333.0
298350.0
298393.0
298405.0
298406.0
298407.0
298410.0
298411.0
298439.0
298453.0
298466.0
298467.0
298469.0
298470.0
298512.0
298526.0
298530.0
298531.0
298565.0
298573.0
298586.0
298587.0
298590.0
298591.0
298632.0
298633.0
298645.0
298646.0
298649.0
298650.0
298692.0
298694.0
298705.0
298707.0
298708.0
298710.0
298711.0
298743.0
298753.0
298766.0
298767.0
298813.0
298826.0
298828.0
298872.0
298873.0
298874.0
298886.0
298887.0
298932.0
298933.0
298946.0
298947.0
298992.0
298993.0
299006.0
299027.0
299052.0
299053.0
299067.0
299112.0
299127.0
299128.0
299161.0
299172.0
299173.0
299175.0
299186.0
299187.0
299232.0
299233.0
299245.0
299246.0
299292.0
299293.0
299306.0
299307.0
299352.0
299353.0
299366.0
299413.0
299426.0
299486.0
299487.0
299535.0
299536.0
299546.0
299606.0
299624.0
299635.0
299636.0
299657.0
299669.0
299674.0
299694.0
299696.0
299700.0
299725.0
299729.0
299730.0
299755.0
299756.0
299785.0
299790.0
299791.0
299815.0
299844.0
299849.0
299850.0
299874.0
299875.0
299876.0
299877.0
299897.0
299926.0
299935.0
299937.0
299967.0
299973.0
299974.0
299978.0
299995.0
300019.0
300027.0
300029.0
300051.0
300053.0
300054.0
300058.0
300059.0
300061.0
300062.0
300074.0
300089.0
300115.0
300116.0
300117.0
300149.0
300174.0
300175.0
300176.0
300177.0
300232.0
300234.0
300235.0
300236.0
300250.0
300266.0
300269.0
300270.0
300291.0
300293.0
300295.0
300296.0
300297.0
300325.0
300329.0
300356.0
300361.0
300363.0
300375.0
300405.0
300414.0
300433.0
300444.0
300449.0
300461.0
300474.0
300475.0
300496.0
300505.0
300509.0
300510.0
300511.0
300525.0
300535.0
300537.0
300552.0
300569.0
300570.0
300571.0
300595.0
300629.0
300630.0
300689.0
300690.0
300732.0
300733.0
300749.0
300750.0
300809.0
300810.0
300869.0
300870.0
300929.0
300930.0
300931.0
300970.0
300972.0
300973.0
300985.0
300986.0
300989.0
300990.0
301005.0
301014.0
301018.0
301032.0
301033.0
301045.0
301046.0
301049.0
301050.0
301079.0
301081.0
301090.0
301092.0
301093.0
301105.0
301106.0
301109.0
301110.0
301152.0
301153.0
301154.0
301160.0
301165.0
301166.0
301169.0
301170.0
301185.0
301187.0
301199.0
301212.0
301213.0
301218.0
301225.0
301226.0
301229.0
301230.0
301262.0
301263.0
301272.0
301273.0
301274.0
301282.0
301283.0
301285.0
301286.0
301287.0
301290.0
301318.0
301330.0
301332.0
301333.0
301335.0
301337.0
301345.0
301346.0
301349.0
301350.0
301351.0
301375.0
301391.0
301392.0
301393.0
301395.0
301396.0
301405.0
301406.0
301409.0
301410.0
301415.0
301416.0
301450.0
301452.0
301465.0
301466.0
301469.0
301470.0
301499.0
301508.0
301510.0
301511.0
301512.0
301513.0
301526.0
301529.0
301530.0
301550.0
301570.0
301572.0
301573.0
301586.0
301589.0
301591.0
301630.0
301631.0
301632.0
301633.0
301639.0
301646.0
301649.0
301650.0
301655.0
301664.0
301690.0
301691.0
301692.0
301693.0
301706.0
301709.0
301710.0
301724.0
301733.0
301750.0
301751.0
301752.0
301753.0
301755.0
301765.0
301766.0
301769.0
301770.0
301799.0
301810.0
301811.0
301812.0
301813.0
301825.0
301826.0
301829.0
301830.0
301852.0
301853.0
301854.0
301857.0
301866.0
301870.0
301871.0
301872.0
301873.0
301875.0
301885.0
301886.0
301889.0
301890.0
301901.0
301905.0
301930.0
301931.0
301932.0
301943.0
301945.0
301946.0
301949.0
301950.0
301952.0
301968.0
301990.0
301991.0
301992.0
301993.0
302006.0
302010.0
302039.0
302050.0
302051.0
302052.0
302053.0
302065.0
302066.0
302069.0
302070.0
302085.0
302086.0
302111.0
302112.0
302113.0
302125.0
302126.0
302127.0
302129.0
302130.0
302135.0
302141.0
302159.0
302161.0
302170.0
302171.0
302172.0
302173.0
302185.0
302186.0
302189.0
302190.0
302193.0
302221.0
302224.0
302232.0
302233.0
302245.0
302246.0
302249.0
302250.0
302292.0
302293.0
302302.0
302305.0
302306.0
302307.0
302309.0
302310.0
302315.0
302318.0
302319.0
302322.0
302329.0
302330.0
302331.0
302337.0
302352.0
302353.0
302366.0
302369.0
302370.0
302389.0
302400.0
302412.0
302413.0
302425.0
302426.0
302429.0
302430.0
302431.0
302436.0
302440.0
302442.0
302443.0
302447.0
302448.0
302452.0
302455.0
302463.0
302464.0
302470.0
302471.0
302472.0
302473.0
302486.0
302489.0
302490.0
302532.0
302533.0
302545.0
302546.0
302549.0
302550.0
302568.0
302592.0
302593.0
302606.0
302609.0
302610.0
302611.0
302623.0
302652.0
302653.0
302662.0
302666.0
302669.0
302670.0
302700.0
302713.0
302726.0
302729.0
302730.0
302740.0
302746.0
302751.0
302752.0
302756.0
302759.0
302767.0
302768.0
302772.0
302773.0
302774.0
302775.0
302785.0
302786.0
302789.0
302790.0
302820.0
302832.0
302833.0
302846.0
302850.0
302881.0
302892.0
302893.0
302906.0
302952.0
302953.0
302966.0
303012.0
303013.0
303025.0
303026.0
303073.0
303074.0
303085.0
303086.0
303132.0
303133.0
303146.0
303193.0
303205.0
303206.0
303207.0
303252.0
303253.0
303265.0
303266.0
303312.0
303313.0
303325.0
303326.0
303372.0
303373.0
303386.0
303433.0
303434.0
303446.0
303492.0
303493.0
303506.0
303552.0
303553.0
303554.0
303565.0
303566.0
303567.0
303612.0
303613.0
303626.0
303655.0
303672.0
303673.0
303685.0
303686.0
303687.0
303732.0
303733.0
303746.0
303764.0
303774.0
303776.0
303783.0
303785.0
303792.0
303793.0
303794.0
303796.0
303805.0
303806.0
303809.0
303810.0
303824.0
303834.0
303835.0
303853.0
303864.0
303866.0
303870.0
303871.0
303878.0
303894.0
303925.0
303926.0
303927.0
303929.0
303930.0
303955.0
303956.0
303957.0
303959.0
303989.0
303990.0
303991.0
304016.0
304044.0
304045.0
304046.0
304049.0
304050.0
304074.0
304075.0
304076.0
304092.0
304093.0
304109.0
304110.0
304123.0
304135.0
304136.0
304152.0
304164.0
304166.0
304169.0
304170.0
304194.0
304195.0
304196.0
304220.0
304226.0
304230.0
304242.0
304244.0
304255.0
304256.0
304257.0
304272.0
304273.0
304287.0
304289.0
304290.0
304315.0
304316.0
304320.0
304335.0
304340.0
304346.0
304350.0
304365.0
304376.0
304377.0
304378.0
304379.0
304395.0
304408.0
304410.0
304435.0
304436.0
304470.0
304471.0
304472.0
304501.0
304530.0
304531.0
304556.0
304560.0
304575.0
304576.0
304584.0
304585.0
304586.0
304590.0
304591.0
304610.0
304614.0
304615.0
304641.0
304650.0
304651.0
304652.0
304653.0
304654.0
304669.0
304683.0
304710.0
304711.0
304712.0
304770.0
304771.0
304830.0
304831.0
304918.0
304920.0
304949.0
304950.0
304980.0
305010.0
305011.0
305066.0
305067.0
305070.0
305071.0
305083.0
305110.0
305111.0
305113.0
305114.0
305128.0
305130.0
305131.0
305148.0
305149.0
305170.0
305171.0
305172.0
305173.0
305175.0
305186.0
305187.0
305190.0
305191.0
305230.0
305231.0
305233.0
305235.0
305246.0
305247.0
305250.0
305251.0
305291.0
305294.0
305295.0
305296.0
305308.0
305310.0
305311.0
305320.0
305351.0
305353.0
305354.0
305355.0
305356.0
305366.0
305368.0
305401.0
305413.0
305415.0
305426.0
305427.0
305431.0
305432.0
305434.0
305452.0
305453.0
305470.0
305471.0
305473.0
305474.0
305475.0
305476.0
305487.0
305490.0
305491.0
305531.0
305535.0
305547.0
305550.0
305551.0
305593.0
305594.0
305595.0
305596.0
305606.0
305607.0
305610.0
305611.0
305650.0
305651.0
305653.0
305654.0
305655.0
305666.0
305667.0
305668.0
305670.0
305671.0
305681.0
305711.0
305713.0
305715.0
305727.0
305728.0
305729.0
305730.0
305731.0
305757.0
305761.0
305770.0
305771.0
305773.0
305775.0
305787.0
305791.0
305793.0
305794.0
305830.0
305831.0
305832.0
305833.0
305834.0
305835.0
305836.0
305846.0
305847.0
305848.0
305850.0
305851.0
305852.0
305890.0
305891.0
305892.0
305893.0
305895.0
305896.0
305907.0
305908.0
305910.0
305911.0
305912.0
305951.0
305953.0
305955.0
305956.0
305966.0
305967.0
305968.0
305972.0
306002.0
306012.0
306013.0
306014.0
306015.0
306016.0
306027.0
306030.0
306031.0
306071.0
306072.0
306074.0
306076.0
306077.0
306086.0
306087.0
306090.0
306091.0
306132.0
306133.0
306134.0
306136.0
306147.0
306150.0
306151.0
306152.0
306192.0
306193.0
306196.0
306206.0
306207.0
306210.0
306211.0
306219.0
306253.0
306254.0
306256.0
306257.0
306266.0
306267.0
306268.0
306269.0
306270.0
306271.0
306277.0
306312.0
306317.0
306326.0
306327.0
306328.0
306330.0
306331.0
306332.0
306352.0
306373.0
306374.0
306376.0
306386.0
306387.0
306390.0
306391.0
306433.0
306446.0
306447.0
306448.0
306450.0
306451.0
306481.0
306493.0
306506.0
306507.0
306509.0
306510.0
306511.0
306553.0
306554.0
306566.0
306570.0
306571.0
306573.0
306613.0
306626.0
306627.0
306630.0
306631.0
306656.0
306672.0
306673.0
306674.0
306675.0
306686.0
306687.0
306690.0
306691.0
306720.0
306733.0
306746.0
306747.0
306750.0
306751.0
306752.0
306754.0
306792.0
306794.0
306806.0
306807.0
306810.0
306811.0
306812.0
306853.0
306866.0
306870.0
306871.0
306927.0
306930.0
306931.0
306932.0
306972.0
306987.0
307032.0
307105.0
307106.0
307166.0
307251.0
307286.0
307393.0
307395.0
307406.0
307513.0
307514.0
307515.0
307572.0
307573.0
307632.0
307633.0
307646.0
307647.0
307692.0
307693.0
307706.0
307707.0
307708.0
307752.0
307753.0
307766.0
307812.0
307813.0
307826.0
307856.0
307857.0
307858.0
307860.0
307872.0
307873.0
307886.0
307914.0
307916.0
307917.0
307918.0
307920.0
307946.0
307950.0
307951.0
307952.0
307971.0
307976.0
307977.0
307978.0
308006.0
308008.0
308010.0
308011.0
308012.0
308035.0
308036.0
308066.0
308070.0
308094.0
308095.0
308098.0
308100.0
308130.0
308156.0
308157.0
308190.0
308212.0
308217.0
308250.0
308304.0
308305.0
308310.0
308334.0
308335.0
308370.0
308421.0
308430.0
308454.0
308455.0
308456.0
308490.0
308550.0
308575.0
308610.0
308670.0
308695.0
308696.0
308730.0
308790.0
308850.0
308910.0
308911.0
308970.0
309030.0
309054.0
309055.0
309090.0
309150.0
309163.0
309176.0
309190.0
309192.0
309193.0
309195.0
309206.0
309210.0
309250.0
309252.0
309253.0
309254.0
309255.0
309266.0
309270.0
309275.0
309277.0
309300.0
309310.0
309312.0
309313.0
309315.0
309326.0
309330.0
309331.0
309353.0
309372.0
309373.0
309375.0
309387.0
309388.0
309390.0
309430.0
309432.0
309433.0
309435.0
309446.0
309448.0
309450.0
309490.0
309492.0
309493.0
309494.0
309495.0
309506.0
309507.0
309510.0
309540.0
309550.0
309552.0
309554.0
309555.0
309567.0
309570.0
309610.0
309612.0
309613.0
309614.0
309615.0
309626.0
309627.0
309628.0
309630.0
309660.0
309670.0
309672.0
309673.0
309674.0
309675.0
309686.0
309687.0
309690.0
309691.0
309692.0
309730.0
309732.0
309733.0
309734.0
309735.0
309747.0
309750.0
309751.0
309752.0
309790.0
309792.0
309793.0
309795.0
309806.0
309807.0
309810.0
309811.0
309815.0
309850.0
309852.0
309853.0
309855.0
309867.0
309869.0
309870.0
309871.0
309872.0
309874.0
309875.0
309877.0
309912.0
309913.0
309914.0
309915.0
309926.0
309927.0
309930.0
309931.0
309932.0
309948.0
309970.0
309972.0
309974.0
309976.0
309987.0
309989.0
309990.0
309991.0
309992.0
310030.0
310032.0
310033.0
310034.0
310035.0
310046.0
310047.0
310050.0
310051.0
310052.0
310090.0
310092.0
310093.0
310094.0
310095.0
310106.0
310107.0
310110.0
310111.0
310152.0
310153.0
310155.0
310167.0
310170.0
310171.0
310172.0
310177.0
310212.0
310213.0
310215.0
310226.0
310227.0
310228.0
310230.0
310231.0
310232.0
310253.0
310270.0
310272.0
310273.0
310287.0
310289.0
310290.0
310291.0
310292.0
310332.0
310333.0
310334.0
310335.0
310346.0
310347.0
310350.0
310351.0
310391.0
310394.0
310395.0
310411.0
310412.0
310453.0
310467.0
310471.0
310472.0
310506.0
310513.0
310514.0
310527.0
310528.0
310530.0
310531.0
310532.0
310573.0
310574.0
310586.0
310588.0
310590.0
310591.0
310632.0
310633.0
310646.0
310647.0
310648.0
310651.0
310693.0
310706.0
310707.0
310710.0
310711.0
310712.0
310752.0
310753.0
310766.0
310770.0
310771.0
310772.0
310813.0
310826.0
310830.0
310831.0
310832.0
310847.0
310848.0
310872.0
310873.0
310886.0
310887.0
310891.0
310892.0
310932.0
310933.0
310946.0
310950.0
310951.0
310952.0
310992.0
310993.0
311006.0
311010.0
311011.0
311052.0
311053.0
311066.0
311113.0
311126.0
311173.0
311186.0
311233.0
311246.0
311292.0
311293.0
311306.0
311353.0
311366.0
311413.0
311426.0
311472.0
311473.0
311487.0
311533.0
311534.0
311546.0
311547.0
311593.0
311606.0
311608.0
311653.0
311654.0
311655.0
311667.0
311712.0
311713.0
311715.0
311746.0
311773.0
311775.0
311787.0
311788.0
311833.0
311834.0
311847.0
311892.0
311893.0
311906.0
311907.0
311932.0
311952.0
311953.0
311961.0
311962.0
311967.0
311970.0
311971.0
311973.0
311991.0
311996.0
311997.0
312017.0
312025.0
312026.0
312027.0
312030.0
312031.0
312050.0
312055.0
312056.0
312057.0
312076.0
312085.0
312086.0
312087.0
312089.0
312091.0
312092.0
312110.0
312115.0
312116.0
312117.0
312145.0
312146.0
312147.0
312150.0
312151.0
312152.0
312175.0
312176.0
312177.0
312205.0
312207.0
312211.0
312212.0
312235.0
312236.0
312237.0
312265.0
312266.0
312271.0
312272.0
312295.0
312296.0
312325.0
312327.0
312330.0
312331.0
312355.0
312362.0
312386.0
312390.0
312391.0
312392.0
312416.0
312421.0
312444.0
312445.0
312446.0
312447.0
312450.0
312451.0
312453.0
312472.0
312473.0
312474.0
312475.0
312501.0
312502.0
312503.0
312510.0
312511.0
312512.0
312531.0
312532.0
312535.0
312536.0
312565.0
312566.0
312570.0
312571.0
312595.0
312624.0
312625.0
312630.0
312631.0
312632.0
312653.0
312654.0
312655.0
312672.0
312690.0
312691.0
312714.0
312715.0
312716.0
312717.0
312721.0
312750.0
312751.0
312752.0
312776.0
312777.0
312811.0
312812.0
312836.0
312871.0
312872.0
312930.0
312950.0
312990.0
312991.0
312993.0
313050.0
313051.0
313052.0
313111.0
313113.0
313173.0
313230.0
313231.0
313273.0
313274.0
313275.0
313276.0
313278.0
313286.0
313291.0
313331.0
313333.0
313334.0
313335.0
313347.0
313350.0
313351.0
313391.0
313393.0
313394.0
313395.0
313396.0
313406.0
313407.0
313408.0
313410.0
313411.0
313452.0
313453.0
313454.0
313455.0
313466.0
313471.0
313472.0
313473.0
313475.0
313476.0
313511.0
313513.0
313514.0
313515.0
313516.0
313526.0
313527.0
313530.0
313531.0
313571.0
313573.0
313574.0
313575.0
313576.0
313586.0
313587.0
313591.0
313592.0
313631.0
313633.0
313634.0
313635.0
313636.0
313647.0
313648.0
313650.0
313651.0
313652.0
313691.0
313692.0
313693.0
313695.0
313696.0
313706.0
313707.0
313708.0
313711.0
313712.0
313713.0
313751.0
313753.0
313754.0
313755.0
313766.0
313767.0
313770.0
313771.0
313772.0
313773.0
313811.0
313812.0
313813.0
313814.0
313815.0
313816.0
313826.0
313830.0
313831.0
313832.0
313833.0
313849.0
313871.0
313872.0
313873.0
313874.0
313875.0
313876.0
313886.0
313887.0
313888.0
313891.0
313892.0
313933.0
313934.0
313935.0
313936.0
313946.0
313947.0
313948.0
313950.0
313951.0
313987.0
313994.0
313995.0
313996.0
314006.0
314007.0
314008.0
314011.0
314012.0
314051.0
314052.0
314053.0
314054.0
314055.0
314056.0
314067.0
314068.0
314070.0
314071.0
314072.0
314111.0
314113.0
314115.0
314126.0
314127.0
314130.0
314131.0
314171.0
314172.0
314173.0
314174.0
314175.0
314188.0
314190.0
314191.0
314225.0
314231.0
314232.0
314233.0
314234.0
314235.0
314236.0
314246.0
314247.0
314250.0
314251.0
314252.0
314253.0
314291.0
314292.0
314293.0
314295.0
314296.0
314307.0
314310.0
314311.0
314351.0
314353.0
314355.0
314367.0
314370.0
314371.0
314413.0
314414.0
314416.0
314426.0
314427.0
314430.0
314431.0
314443.0
314474.0
314475.0
314486.0
314487.0
314488.0
314490.0
314491.0
314532.0
314533.0
314546.0
314548.0
314550.0
314551.0
314593.0
314606.0
314610.0
314611.0
314613.0
314653.0
314654.0
314667.0
314668.0
314670.0
314671.0
314672.0
314713.0
314726.0
314727.0
314728.0
314730.0
314731.0
314747.0
314760.0
314773.0
314787.0
314791.0
314833.0
314834.0
314846.0
314847.0
314850.0
314851.0
314852.0
314892.0
314893.0
314906.0
314907.0
314911.0
314952.0
314953.0
314954.0
314966.0
314967.0
314970.0
314971.0
314973.0
315013.0
315014.0
315026.0
315030.0
315031.0
315032.0
315033.0
315073.0
315075.0
315086.0
315087.0
315088.0
315090.0
315091.0
315093.0
315133.0
315134.0
315135.0
315146.0
315147.0
315193.0
315195.0
315206.0
315207.0
315209.0
315253.0
315255.0
315256.0
315266.0
315267.0
315268.0
315313.0
315314.0
315315.0
315326.0
315327.0
315329.0
315342.0
315344.0
315372.0
315373.0
315374.0
315387.0
315388.0
315433.0
315446.0
315447.0
315448.0
315492.0
315493.0
315506.0
315507.0
315553.0
315566.0
315567.0
315568.0
315613.0
315626.0
315627.0
315686.0
315687.0
315731.0
315732.0
315746.0
315747.0
315815.0
315816.0
315865.0
315866.0
315912.0
315926.0
315949.0
316015.0
316019.0
316033.0
316034.0
316035.0
316046.0
316055.0
316064.0
316076.0
316077.0
316079.0
316093.0
316105.0
316135.0
316136.0
316153.0
316169.0
316170.0
316185.0
316200.0
316212.0
316213.0
316224.0
316225.0
316230.0
316253.0
316254.0
316255.0
316258.0
316272.0
316275.0
316277.0
316315.0
316316.0
316317.0
316319.0
316320.0
316321.0
316335.0
316348.0
316350.0
316377.0
316378.0
316408.0
316435.0
316436.0
316437.0
316438.0
316440.0
316441.0
316470.0
316495.0
316497.0
316499.0
316514.0
316516.0
316546.0
316556.0
316557.0
316558.0
316560.0
316561.0
316572.0
316573.0
316590.0
316614.0
316617.0
316618.0
316619.0
316620.0
316677.0
316678.0
316680.0
316710.0
316711.0
316713.0
316735.0
316737.0
316738.0
316740.0
316770.0
316771.0
316795.0
316796.0
316797.0
316799.0
316830.0
316831.0
316854.0
316855.0
316856.0
316857.0
316890.0
316891.0
316915.0
316916.0
316917.0
316950.0
316951.0
317010.0
317011.0
317070.0
317071.0
317130.0
317131.0
317190.0
317191.0
317250.0
317251.0
317292.0
317310.0
317311.0
317352.0
317353.0
317366.0
317367.0
317370.0
317371.0
317380.0
317412.0
317413.0
317415.0
317426.0
317430.0
317431.0
317443.0
317444.0
317458.0
317473.0
317486.0
317490.0
317491.0
317532.0
317533.0
317535.0
317536.0
317546.0
317547.0
317550.0
317551.0
317588.0
317592.0
317593.0
317595.0
317606.0
317607.0
317610.0
317611.0
317652.0
317653.0
317655.0
317666.0
317667.0
317670.0
317671.0
317672.0
317684.0
317690.0
317692.0
317712.0
317713.0
317714.0
317715.0
317726.0
317730.0
317731.0
317772.0
317773.0
317775.0
317786.0
317790.0
317791.0
317832.0
317833.0
317835.0
317846.0
317847.0
317850.0
317851.0
317892.0
317893.0
317895.0
317905.0
317906.0
317910.0
317911.0
317952.0
317953.0
317955.0
317966.0
317967.0
317970.0
317971.0
318012.0
318013.0
318015.0
318026.0
318030.0
318031.0
318039.0
318072.0
318073.0
318075.0
318086.0
318087.0
318090.0
318091.0
318117.0
318132.0
318133.0
318135.0
318146.0
318151.0
318192.0
318193.0
318195.0
318206.0
318210.0
318211.0
318252.0
318253.0
318255.0
318266.0
318267.0
318270.0
318271.0
318312.0
318313.0
318315.0
318317.0
318326.0
318330.0
318331.0
318343.0
318372.0
318373.0
318375.0
318386.0
318391.0
318432.0
318433.0
318435.0
318446.0
318450.0
318451.0
318492.0
318493.0
318497.0
318506.0
318507.0
318510.0
318511.0
318541.0
318552.0
318554.0
318555.0
318566.0
318567.0
318570.0
318571.0
318613.0
318614.0
318615.0
318626.0
318630.0
318631.0
318673.0
318687.0
318690.0
318691.0
318733.0
318734.0
318735.0
318746.0
318748.0
318749.0
318750.0
318751.0
318793.0
318805.0
318807.0
318810.0
318811.0
318853.0
318854.0
318855.0
318867.0
318868.0
318870.0
318871.0
318913.0
318926.0
318927.0
318930.0
318931.0
318938.0
318939.0
318973.0
318986.0
318987.0
318989.0
318991.0
318994.0
319033.0
319047.0
319048.0
319051.0
319053.0
319094.0
319095.0
319107.0
319111.0
319167.0
319171.0
319172.0
319173.0
319214.0
319215.0
319226.0
319227.0
319273.0
319274.0
319287.0
319288.0
319333.0
319334.0
319346.0
319347.0
319348.0
319393.0
319407.0
319415.0
319416.0
319452.0
319453.0
319454.0
319467.0
319513.0
319514.0
319526.0
319527.0
319549.0
319550.0
319573.0
319574.0
319587.0
319633.0
319634.0
319647.0
319693.0
319694.0
319703.0
319704.0
319706.0
319707.0
319754.0
319767.0
319768.0
319813.0
319814.0
319826.0
319827.0
319837.0
319873.0
319874.0
319875.0
319886.0
319887.0
319933.0
319934.0
319935.0
319947.0
319993.0
320007.0
320053.0
320055.0
320067.0
320068.0
320069.0
320095.0
320109.0
320110.0
320113.0
320114.0
320123.0
320124.0
320125.0
320126.0
320127.0
320128.0
320153.0
320154.0
320159.0
320164.0
320169.0
320173.0
320179.0
320186.0
320187.0
320191.0
320192.0
320193.0
320209.0
320213.0
320216.0
320217.0
320218.0
320235.0
320241.0
320247.0
320251.0
320268.0
320271.0
320301.0
320306.0
320307.0
320308.0
320309.0
320310.0
320311.0
320312.0
320329.0
320330.0
320332.0
320371.0
320372.0
320373.0
320389.0
320391.0
320419.0
320430.0
320431.0
320448.0
320450.0
320460.0
320475.0
320487.0
320490.0
320491.0
320492.0
320516.0
320518.0
320547.0
320550.0
320551.0
320552.0
320553.0
320574.0
320575.0
320576.0
320577.0
320605.0
320610.0
320611.0
320612.0
320634.0
320638.0
320639.0
320669.0
320670.0
320671.0
320672.0
320697.0
320698.0
320725.0
320730.0
320731.0
320733.0
320744.0
320755.0
320761.0
320779.0
320790.0
320791.0
320793.0
320794.0
320804.0
320817.0
320820.0
320833.0
320837.0
320850.0
320851.0
320863.0
320911.0
320936.0
320938.0
320964.0
320971.0
320992.0
320993.0
320995.0
321005.0
321031.0
321041.0
321052.0
321064.0
321090.0
321091.0
321150.0
321151.0
321210.0
321211.0
321270.0
321271.0
321330.0
321331.0
321361.0
321390.0
321391.0
321450.0
321451.0
321463.0
321476.0
321493.0
321494.0
321495.0
321496.0
321502.0
321506.0
321507.0
321510.0
321511.0
321551.0
321553.0
321554.0
321555.0
321566.0
321567.0
321570.0
321571.0
321613.0
321614.0
321615.0
321616.0
321626.0
321627.0
321630.0
321631.0
321635.0
321671.0
321673.0
321674.0
321675.0
321676.0
321687.0
321690.0
321691.0
321731.0
321733.0
321734.0
321735.0
321736.0
321747.0
321750.0
321751.0
321791.0
321793.0
321794.0
321795.0
321807.0
321810.0
321811.0
321851.0
321853.0
321855.0
321861.0
321865.0
321866.0
321870.0
321871.0
321911.0
321913.0
321915.0
321926.0
321927.0
321930.0
321931.0
321939.0
321940.0
321971.0
321975.0
321987.0
321990.0
321991.0
321992.0
321993.0
322010.0
322031.0
322033.0
322034.0
322035.0
322048.0
322051.0
322091.0
322094.0
322095.0
322106.0
322107.0
322110.0
322111.0
322151.0
322153.0
322154.0
322155.0
322166.0
322167.0
322171.0
322172.0
322211.0
322214.0
322215.0
322227.0
322228.0
322231.0
322271.0
322275.0
322288.0
322290.0
322291.0
322292.0
322331.0
322333.0
322335.0
322347.0
322351.0
322352.0
322353.0
322391.0
322395.0
322400.0
322410.0
322411.0
322412.0
322413.0
322451.0
322455.0
322466.0
322471.0
322511.0
322513.0
322515.0
322526.0
322530.0
322531.0
322533.0
322534.0
322535.0
322571.0
322575.0
322591.0
322631.0
322646.0
322650.0
322651.0
322691.0
322693.0
322770.0
322771.0
322826.0
322830.0
322839.0
322873.0
322874.0
322933.0
322946.0
322951.0
322992.0
322993.0
323009.0
323016.0
323053.0
323066.0
323067.0
323113.0
323126.0
323130.0
323149.0
323173.0
323186.0
323187.0
323233.0
323246.0
323247.0
323250.0
323293.0
323300.0
323306.0
323307.0
323311.0
323312.0
323314.0
323353.0
323366.0
323367.0
323413.0
323427.0
323433.0
323473.0
323486.0
323487.0
323533.0
323546.0
323547.0
323593.0
323606.0
323607.0
323653.0
323666.0
323667.0
323713.0
323726.0
323727.0
323773.0
323787.0
323834.0
323846.0
323847.0
323893.0
323894.0
323895.0
323906.0
323907.0
323953.0
323954.0
323966.0
323967.0
323968.0
324014.0
324015.0
324027.0
324074.0
324075.0
324087.0
324089.0
324133.0
324146.0
324147.0
324149.0
324193.0
324199.0
324200.0
324207.0
324244.0
324245.0
324253.0
324266.0
324267.0
324270.0
324271.0
324272.0
324275.0
324299.0
324303.0
324304.0
324326.0
324327.0
324330.0
324331.0
324332.0
324333.0
324350.0
324351.0
324358.0
324359.0
324361.0
324362.0
324363.0
324380.0
324381.0
324386.0
324387.0
324390.0
324391.0
324410.0
324418.0
324448.0
324451.0
324452.0
324477.0
324486.0
324488.0
324489.0
324510.0
324511.0
324512.0
324513.0
324519.0
324546.0
324547.0
324548.0
324550.0
324571.0
324574.0
324604.0
324608.0
324609.0
324612.0
324613.0
324630.0
324631.0
324634.0
324636.0
324637.0
324663.0
324672.0
324683.0
324690.0
324691.0
324692.0
324714.0
324721.0
324743.0
324744.0
324750.0
324751.0
324772.0
324773.0
324789.0
324800.0
324802.0
324810.0
324811.0
324829.0
324830.0
324831.0
324858.0
324859.0
324870.0
324871.0
324882.0
324888.0
324910.0
324911.0
324912.0
324930.0
324931.0
324940.0
324941.0
324961.0
324983.0
324990.0
324991.0
325012.0
325042.0
325050.0
325051.0
325054.0
325055.0
325056.0
325084.0
325085.0
325110.0
325111.0
325170.0
325171.0
325230.0
325231.0
325290.0
325291.0
325350.0
325351.0
325410.0
325411.0
325470.0
325471.0
325530.0
325531.0
325535.0
325536.0
325572.0
325573.0
325576.0
325577.0
325591.0
325632.0
325633.0
325635.0
325692.0
325693.0
325695.0
325697.0
325706.0
325709.0
325710.0
325752.0
325754.0
325755.0
325757.0
325771.0
325812.0
325813.0
325814.0
325815.0
325872.0
325873.0
325874.0
325875.0
325886.0
325887.0
325888.0
325891.0
325932.0
325933.0
325934.0
325936.0
325937.0
325946.0
325947.0
325954.0
325992.0
325993.0
325995.0
325997.0
326006.0
326007.0
326008.0
326009.0
326010.0
326052.0
326053.0
326055.0
326066.0
326067.0
326100.0
326112.0
326113.0
326115.0
326126.0
326127.0
326130.0
326131.0
326172.0
326173.0
326175.0
326186.0
326187.0
326191.0
326192.0
326232.0
326233.0
326235.0
326237.0
326246.0
326247.0
326251.0
326252.0
326253.0
326292.0
326293.0
326295.0
326306.0
326307.0
326311.0
326312.0
326313.0
326352.0
326353.0
326355.0
326357.0
326360.0
326366.0
326367.0
326370.0
326371.0
326372.0
326412.0
326413.0
326415.0
326426.0
326427.0
326430.0
326431.0
326434.0
326435.0
326473.0
326486.0
326487.0
326490.0
326491.0
326531.0
326533.0
326534.0
326546.0
326547.0
326551.0
326593.0
326595.0
326606.0
326607.0
326610.0
326611.0
326615.0
326616.0
326653.0
326666.0
326667.0
326670.0
326671.0
326712.0
326713.0
326726.0
326727.0
326730.0
326731.0
326748.0
326749.0
326773.0
326786.0
326787.0
326790.0
326791.0
326833.0
326834.0
326835.0
326846.0
326847.0
326850.0
326851.0
326893.0
326896.0
326906.0
326907.0
326910.0
326911.0
326953.0
326968.0
326970.0
326971.0
327013.0
327014.0
327027.0
327029.0
327031.0
327053.0
327054.0
327073.0
327087.0
327090.0
327091.0
327133.0
327135.0
327151.0
327194.0
327207.0
327210.0
327211.0
327253.0
327254.0
327255.0
327267.0
327271.0
327272.0
327273.0
327315.0
327327.0
327331.0
327332.0
327333.0
327334.0
327374.0
327387.0
327391.0
327392.0
327447.0
327452.0
327493.0
327494.0
327506.0
327507.0
327508.0
327554.0
327567.0
327613.0
327614.0
327615.0
327627.0
327673.0
327674.0
327687.0
327689.0
327733.0
327747.0
327793.0
327794.0
327795.0
327807.0
327808.0
327853.0
327854.0
327866.0
327867.0
327913.0
327927.0
327928.0
327929.0
327951.0
327973.0
327974.0
327987.0
328033.0
328034.0
328047.0
328048.0
328093.0
328094.0
328095.0
328106.0
328109.0
328153.0
328154.0
328155.0
328167.0
328213.0
328227.0
328228.0
328273.0
328274.0
328315.0
328316.0
328317.0
328334.0
328335.0
328347.0
328350.0
328351.0
328352.0
328353.0
328381.0
328393.0
328397.0
328405.0
328407.0
328408.0
328411.0
328412.0
328414.0
328451.0
328463.0
328468.0
328471.0
328472.0
328481.0
328522.0
328531.0
328532.0
328533.0
328537.0
328567.0
328568.0
328581.0
328591.0
328592.0
328593.0
328594.0
328612.0
328624.0
328641.0
328642.0
328651.0
328652.0
328653.0
328682.0
328686.0
328704.0
328711.0
328712.0
328734.0
328735.0
328736.0
328738.0
328760.0
328761.0
328772.0
328773.0
328774.0
328790.0
328822.0
328832.0
328833.0
328847.0
328850.0
328852.0
328881.0
328891.0
328892.0
328893.0
328911.0
328912.0
328913.0
328944.0
328951.0
328952.0
328953.0
328974.0
328975.0
329003.0
329005.0
329011.0
329012.0
329013.0
329023.0
329034.0
329035.0
329053.0
329071.0
329072.0
329093.0
329094.0
329095.0
329096.0
329131.0
329132.0
329156.0
329191.0
329192.0
329193.0
329217.0
329218.0
329219.0
329251.0
329252.0
329253.0
329311.0
329312.0
329371.0
329372.0
329373.0
329431.0
329432.0
329491.0
329492.0
329551.0
329552.0
329553.0
329611.0
329612.0
329653.0
329654.0
329655.0
329656.0
329666.0
329714.0
329715.0
329716.0
329727.0
329732.0
329733.0
329775.0
329776.0
329786.0
329791.0
329834.0
329835.0
329836.0
329851.0
329893.0
329894.0
329895.0
329896.0
329907.0
329954.0
329955.0
329956.0
329966.0
329967.0
329971.0
330014.0
330015.0
330016.0
330026.0
330027.0
330030.0
330031.0
330073.0
330074.0
330075.0
330076.0
330086.0
330087.0
330091.0
330135.0
330136.0
330146.0
330148.0
330190.0
330191.0
330193.0
330194.0
330195.0
330196.0
330207.0
330208.0
330211.0
330215.0
330216.0
330253.0
330255.0
330256.0
330271.0
330272.0
330273.0
330314.0
330316.0
330323.0
330324.0
330326.0
330332.0
330333.0
330349.0
330373.0
330375.0
330386.0
330391.0
330392.0
330393.0
330435.0
330436.0
330451.0
330452.0
330453.0
330492.0
330511.0
330512.0
330555.0
330556.0
330613.0
330614.0
330626.0
330628.0
330652.0
330653.0
330654.0
330674.0
330691.0
330733.0
330734.0
330747.0
330791.0
330793.0
330807.0
330811.0
330851.0
330853.0
330856.0
330867.0
330868.0
330913.0
330927.0
330929.0
330930.0
330931.0
330973.0
330987.0
331033.0
331046.0
331047.0
331051.0
331093.0
331094.0
331106.0
331107.0
331111.0
331112.0
331113.0
331153.0
331166.0
331167.0
331171.0
331172.0
331173.0
331213.0
331226.0
331227.0
331231.0
331273.0
331287.0
331291.0
331333.0
331347.0
331351.0
331391.0
331393.0
331394.0
331406.0
331407.0
331411.0
331453.0
331466.0
331467.0
331471.0
331513.0
331525.0
331527.0
331531.0
331573.0
331586.0
331587.0
331633.0
331646.0
331647.0
331693.0
331707.0
331753.0
331766.0
331767.0
331813.0
331827.0
331873.0
331886.0
331887.0
331933.0
331946.0
331947.0
331993.0
332006.0
332007.0
332053.0
332066.0
332067.0
332113.0
332127.0
332173.0
332187.0
332233.0
332246.0
332247.0
332290.0
332306.0
332307.0
332353.0
332366.0
332367.0
332423.0
332436.0
332438.0
332468.0
332487.0
332491.0
332496.0
332497.0
332502.0
332503.0
332504.0
332534.0
332551.0
332561.0
332562.0
332563.0
332592.0
332611.0
332621.0
332622.0
332629.0
332671.0
332681.0
332682.0
332683.0
332684.0
332688.0
332696.0
332715.0
332727.0
332728.0
332741.0
332743.0
332749.0
332755.0
332779.0
332791.0
332808.0
332829.0
332859.0
332870.0
332871.0
332872.0
332888.0
332902.0
332911.0
332930.0
332931.0
332933.0
332963.0
332976.0
332992.0
332994.0
333005.0
333024.0
333031.0
333052.0
333053.0
333064.0
333082.0
333094.0
333111.0
333120.0
333121.0
333122.0
333123.0
333124.0
333151.0
333153.0
333177.0
333179.0
333206.0
333207.0
333227.0
333228.0
333236.0
333256.0
333257.0
333271.0
333286.0
333287.0
333316.0
333331.0
333332.0
333345.0
333391.0
333392.0
333451.0
333511.0
333512.0
333513.0
333571.0
333572.0
333573.0
333627.0
333631.0
333632.0
333691.0
333692.0
333693.0
333733.0
333737.0
333746.0
333747.0
333751.0
333752.0
333753.0
333763.0
333793.0
333806.0
333807.0
333811.0
333812.0
333815.0
333853.0
333857.0
333866.0
333867.0
333871.0
333872.0
333873.0
333913.0
333926.0
333927.0
333931.0
333932.0
333933.0
333949.0
333973.0
333975.0
333986.0
333987.0
333991.0
333992.0
334033.0
334034.0
334046.0
334047.0
334051.0
334087.0
334092.0
334093.0
334106.0
334107.0
334111.0
334153.0
334155.0
334156.0
334157.0
334166.0
334167.0
334168.0
334171.0
334213.0
334215.0
334216.0
334217.0
334221.0
334226.0
334227.0
334231.0
334252.0
334253.0
334254.0
334272.0
334273.0
334275.0
334277.0
334286.0
334287.0
334291.0
334333.0
334334.0
334335.0
334336.0
334337.0
334346.0
334347.0
334351.0
334393.0
334395.0
334397.0
334406.0
334407.0
334411.0
334450.0
334452.0
334453.0
334454.0
334455.0
334457.0
334466.0
334467.0
334471.0
334472.0
334513.0
334514.0
334515.0
334516.0
334517.0
334526.0
334527.0
334531.0
334573.0
334574.0
334575.0
334576.0
334577.0
334586.0
334587.0
334591.0
334633.0
334634.0
334635.0
334636.0
334637.0
334646.0
334647.0
334651.0
334693.0
334695.0
334697.0
334706.0
334707.0
334711.0
334712.0
334753.0
334755.0
334756.0
334757.0
334766.0
334767.0
334771.0
334772.0
334813.0
334817.0
334826.0
334827.0
334831.0
334873.0
334877.0
334886.0
334887.0
334891.0
334933.0
334937.0
334946.0
334947.0
334951.0
334987.0
334993.0
334997.0
335006.0
335007.0
335011.0
335012.0
335053.0
335066.0
335067.0
335071.0
335113.0
335120.0
335121.0
335126.0
335127.0
335131.0
335173.0
335186.0
335187.0
335191.0
335192.0
335233.0
335246.0
335247.0
335251.0
335252.0
335286.0
335293.0
335306.0
335307.0
335311.0
335353.0
335366.0
335367.0
335371.0
335413.0
335425.0
335426.0
335427.0
335431.0
335473.0
335486.0
335487.0
335491.0
335492.0
335533.0
335546.0
335547.0
335551.0
335552.0
335593.0
335606.0
335607.0
335653.0
335666.0
335667.0
335713.0
335726.0
335727.0
335773.0
335786.0
335787.0
335833.0
335846.0
335847.0
335886.0
335893.0
335906.0
335907.0
335953.0
335966.0
335967.0
336013.0
336019.0
336026.0
336027.0
336073.0
336086.0
336087.0
336133.0
336134.0
336146.0
336147.0
336193.0
336206.0
336207.0
336253.0
336266.0
336267.0
336313.0
336326.0
336327.0
336373.0
336386.0
336387.0
336433.0
336445.0
336446.0
336447.0
336475.0
336476.0
336493.0
336504.0
336505.0
336506.0
336507.0
336534.0
336535.0
336536.0
336541.0
336553.0
336564.0
336565.0
336566.0
336567.0
336571.0
336572.0
336592.0
336594.0
336617.0
336621.0
336622.0
336626.0
336627.0
336631.0
336632.0
336647.0
336651.0
336676.0
336677.0
336686.0
336687.0
336691.0
336692.0
336706.0
336736.0
336737.0
336751.0
336752.0
336762.0
336766.0
336791.0
336792.0
336811.0
336812.0
336815.0
336821.0
336844.0
336845.0
336869.0
336871.0
336872.0
336874.0
336898.0
336899.0
336928.0
336931.0
336932.0
336955.0
336956.0
336985.0
336986.0
336991.0
336992.0
337015.0
337016.0
337043.0
337045.0
337051.0
337052.0
337072.0
337073.0
337102.0
337111.0
337131.0
337132.0
337155.0
337156.0
337158.0
337161.0
337164.0
337171.0
337172.0
337174.0
337192.0
337193.0
337194.0
337216.0
337222.0
337223.0
337224.0
337231.0
337232.0
337252.0
337253.0
337254.0
337282.0
337283.0
337291.0
337292.0
337294.0
337313.0
337314.0
337315.0
337343.0
337344.0
337351.0
337352.0
337368.0
337369.0
337370.0
337398.0
337399.0
337411.0
337412.0
337413.0
337471.0
337472.0
337532.0
337533.0
337591.0
337592.0
337651.0
337652.0
337711.0
337712.0
337771.0
337772.0
337831.0
337832.0
337853.0
337855.0
337873.0
337875.0
337876.0
337877.0
337887.0
337891.0
337892.0
337933.0
337934.0
337935.0
337936.0
337947.0
337948.0
337951.0
337952.0
337994.0
337995.0
337997.0
338007.0
338011.0
338012.0
338045.0
338054.0
338055.0
338056.0
338067.0
338068.0
338071.0
338072.0
338114.0
338115.0
338116.0
338121.0
338122.0
338127.0
338128.0
338132.0
338133.0
338134.0
338174.0
338175.0
338176.0
338187.0
338192.0
338234.0
338235.0
338236.0
338247.0
338248.0
338252.0
338294.0
338295.0
338296.0
338308.0
338311.0
338312.0
338353.0
338354.0
338355.0
338356.0
338367.0
338372.0
338373.0
338414.0
338415.0
338417.0
338427.0
338432.0
338473.0
338475.0
338477.0
338487.0
338492.0
338533.0
338534.0
338535.0
338536.0
338548.0
338552.0
338582.0
338583.0
338593.0
338595.0
338596.0
338607.0
338611.0
338612.0
338613.0
338654.0
338655.0
338656.0
338667.0
338668.0
338672.0
338673.0
338676.0
338678.0
338679.0
338680.0
338713.0
338715.0
338716.0
338727.0
338728.0
338729.0
338732.0
338773.0
338774.0
338775.0
338776.0
338787.0
338791.0
338792.0
338793.0
338833.0
338834.0
338835.0
338836.0
338847.0
338848.0
338851.0
338852.0
338853.0
338894.0
338895.0
338896.0
338908.0
338909.0
338911.0
338912.0
338946.0
338953.0
338954.0
338955.0
338956.0
338967.0
338968.0
338971.0
338972.0
339014.0
339015.0
339021.0
339027.0
339032.0
339033.0
339034.0
339073.0
339076.0
339087.0
339088.0
339091.0
339092.0
339093.0
339133.0
339134.0
339147.0
339148.0
339151.0
339152.0
339191.0
339194.0
339195.0
339207.0
339211.0
339212.0
339253.0
339254.0
339255.0
339267.0
339268.0
339269.0
339271.0
339272.0
339328.0
339332.0
339374.0
339387.0
339388.0
339391.0
339392.0
339393.0
339394.0
339433.0
339434.0
339447.0
339449.0
339452.0
339453.0
339481.0
339494.0
339507.0
339508.0
339511.0
339553.0
339554.0
339567.0
339568.0
339572.0
339613.0
339614.0
339615.0
339616.0
339627.0
339628.0
339631.0
339632.0
339673.0
339674.0
339687.0
339689.0
339693.0
339734.0
339747.0
339748.0
339794.0
339795.0
339807.0
339854.0
339867.0
339868.0
339914.0
339927.0
339974.0
339987.0
339988.0
340034.0
340035.0
340047.0
340048.0
340094.0
340107.0
340108.0
340154.0
340168.0
340214.0
340227.0
340228.0
340274.0
340287.0
340333.0
340347.0
340349.0
340381.0
340393.0
340394.0
340407.0
340408.0
340453.0
340454.0
340466.0
340467.0
340513.0
340514.0
340527.0
340528.0
340573.0
340574.0
340575.0
340604.0
340624.0
340625.0
340626.0
340633.0
340634.0
340636.0
340638.0
340639.0
340641.0
340647.0
340648.0
340651.0
340652.0
340653.0
340695.0
340705.0
340706.0
340707.0
340708.0
340712.0
340735.0
340761.0
340767.0
340768.0
340770.0
340771.0
340772.0
340773.0
340776.0
340777.0
340791.0
340819.0
340831.0
340832.0
340833.0
340834.0
340843.0
340844.0
340846.0
340847.0
340887.0
340892.0
340893.0
340903.0
340917.0
340951.0
340952.0
340977.0
341006.0
341007.0
341011.0
341012.0
341014.0
341036.0
341038.0
341039.0
341040.0
341070.0
341072.0
341095.0
341098.0
341125.0
341132.0
341133.0
341134.0
341149.0
341151.0
341152.0
341154.0
341191.0
341192.0
341193.0
341194.0
341206.0
341207.0
341209.0
341237.0
341252.0
341265.0
341267.0
341268.0
341294.0
341297.0
341312.0
341313.0
341323.0
341324.0
341326.0
341352.0
341371.0
341372.0
341392.0
341420.0
341422.0
341426.0
341431.0
341432.0
341450.0
341453.0
341454.0
341458.0
341488.0
341492.0
341494.0
341552.0
341553.0
341611.0
341612.0
341613.0
341614.0
341671.0
341672.0
341701.0
341717.0
341718.0
341732.0
341791.0
341792.0
341793.0
341851.0
341852.0
341853.0
341911.0
341912.0
341913.0
341953.0
341954.0
341955.0
341956.0
341957.0
341967.0
341968.0
341971.0
342013.0
342014.0
342016.0
342017.0
342027.0
342028.0
342031.0
342032.0
342073.0
342074.0
342075.0
342076.0
342077.0
342087.0
342088.0
342091.0
342092.0
342133.0
342134.0
342135.0
342136.0
342137.0
342147.0
342151.0
342152.0
342153.0
342154.0
342178.0
342179.0
342193.0
342194.0
342196.0
342197.0
342207.0
342208.0
342211.0
342212.0
342213.0
342254.0
342255.0
342256.0
342257.0
342268.0
342269.0
342271.0
342272.0
342276.0
342277.0
342313.0
342314.0
342315.0
342316.0
342327.0
342331.0
342332.0
342373.0
342374.0
342376.0
342377.0
342387.0
342391.0
342392.0
342433.0
342434.0
342436.0
342437.0
342447.0
342448.0
342451.0
342452.0
342487.0
342493.0
342495.0
342496.0
342497.0
342508.0
342511.0
342512.0
342513.0
342541.0
342542.0
342553.0
342554.0
342555.0
342556.0
342557.0
342568.0
342571.0
342572.0
342574.0
342616.0
342617.0
342627.0
342628.0
342631.0
342632.0
342673.0
342674.0
342675.0
342676.0
342677.0
342688.0
342691.0
342692.0
342694.0
342733.0
342734.0
342736.0
342737.0
342747.0
342748.0
342749.0
342752.0
342753.0
342795.0
342796.0
342797.0
342807.0
342808.0
342811.0
342812.0
342853.0
342854.0
342856.0
342857.0
342867.0
342871.0
342872.0
342873.0
342914.0
342916.0
342917.0
342927.0
342928.0
342931.0
342932.0
342974.0
342975.0
342976.0
342977.0
342987.0
342988.0
342989.0
342991.0
342992.0
343034.0
343035.0
343036.0
343037.0
343047.0
343048.0
343052.0
343078.0
343094.0
343096.0
343097.0
343107.0
343108.0
343112.0
343113.0
343153.0
343154.0
343156.0
343167.0
343168.0
343171.0
343172.0
343211.0
343212.0
343214.0
343229.0
343232.0
343233.0
343234.0
343274.0
343287.0
343289.0
343292.0
343294.0
343333.0
343348.0
343351.0
343352.0
343353.0
343354.0
343394.0
343408.0
343409.0
343412.0
343413.0
343453.0
343454.0
343467.0
343472.0
343514.0
343516.0
343527.0
343528.0
343529.0
343532.0
343533.0
343534.0
343574.0
343588.0
343589.0
343592.0
343633.0
343647.0
343648.0
343652.0
343694.0
343707.0
343708.0
343711.0
343712.0
343714.0
343753.0
343754.0
343756.0
343768.0
343771.0
343772.0
343813.0
343814.0
343827.0
343828.0
343873.0
343874.0
343887.0
343888.0
343933.0
343934.0
343947.0
343948.0
343976.0
343977.0
343993.0
343995.0
344007.0
344008.0
344053.0
344054.0
344056.0
344067.0
344068.0
344111.0
344128.0
344174.0
344188.0
344189.0
344234.0
344248.0
344249.0
344294.0
344307.0
344354.0
344367.0
344368.0
344414.0
344427.0
344428.0
344474.0
344475.0
344487.0
344488.0
344489.0
344533.0
344534.0
344547.0
344548.0
344593.0
344607.0
344608.0
344614.0
344616.0
344653.0
344668.0
344696.0
344698.0
344713.0
344717.0
344727.0
344728.0
344731.0
344732.0
344749.0
344750.0
344751.0
344752.0
344756.0
344779.0
344787.0
344791.0
344792.0
344793.0
344804.0
344806.0
344847.0
344851.0
344852.0
344853.0
344854.0
344859.0
344862.0
344911.0
344912.0
344915.0
344917.0
344919.0
344926.0
344967.0
344968.0
344972.0
344975.0
344996.0
345018.0
345020.0
345031.0
345032.0
345034.0
345050.0
345053.0
345054.0
345091.0
345092.0
345149.0
345151.0
345152.0
345174.0
345176.0
345177.0
345185.0
345186.0
345187.0
345188.0
345209.0
345211.0
345212.0
345236.0
345237.0
345240.0
345268.0
345271.0
345272.0
345279.0
345293.0
345294.0
345296.0
345297.0
345313.0
345314.0
345329.0
345331.0
345332.0
345356.0
345357.0
345377.0
345379.0
345380.0
345382.0
345391.0
345392.0
345436.0
345451.0
345452.0
345482.0
345500.0
345503.0
345510.0
345511.0
345512.0
345559.0
345571.0
345572.0
