0.0
30.0
73.0
90.0
91.0
102.0
103.0
150.0
151.0
162.0
163.0
210.0
222.0
223.0
225.0
270.0
271.0
282.0
283.0
284.0
314.0
332.0
333.0
334.0
342.0
343.0
345.0
374.0
390.0
391.0
402.0
403.0
404.0
434.0
450.0
464.0
465.0
466.0
469.0
470.0
494.0
511.0
512.0
522.0
523.0
524.0
554.0
570.0
582.0
583.0
585.0
630.0
631.0
642.0
643.0
644.0
674.0
690.0
691.0
702.0
703.0
704.0
734.0
750.0
751.0
752.0
762.0
763.0
764.0
766.0
767.0
769.0
810.0
822.0
823.0
825.0
854.0
870.0
871.0
882.0
883.0
884.0
914.0
930.0
931.0
942.0
943.0
944.0
945.0
946.0
990.0
991.0
1002.0
1003.0
1004.0
1050.0
1062.0
1063.0
1064.0
1094.0
1110.0
1123.0
1124.0
1125.0
1154.0
1170.0
1171.0
1182.0
1183.0
1185.0
1194.0
1224.0
1231.0
1242.0
1243.0
1274.0
1290.0
1303.0
1304.0
1305.0
1350.0
1351.0
1363.0
1364.0
1365.0
1366.0
1410.0
1422.0
1424.0
1454.0
1470.0
1471.0
1482.0
1483.0
1485.0
1530.0
1542.0
1543.0
1545.0
1575.0
1576.0
1589.0
1590.0
1591.0
1602.0
1603.0
1604.0
1605.0
1650.0
1651.0
1662.0
1663.0
1664.0
1665.0
1707.0
1710.0
1721.0
1722.0
1723.0
1736.0
1770.0
1782.0
1783.0
1831.0
1842.0
1843.0
1851.0
1881.0
1890.0
1891.0
1902.0
1903.0
1911.0
1950.0
1951.0
1963.0
1983.0
2010.0
2011.0
2013.0
2014.0
2022.0
2023.0
2043.0
2070.0
2071.0
2082.0
2083.0
2130.0
2143.0
2190.0
2191.0
2202.0
2203.0
2250.0
2251.0
2259.0
2262.0
2263.0
2310.0
2311.0
2322.0
2323.0
2370.0
2371.0
2382.0
2383.0
2392.0
2430.0
2431.0
2442.0
2443.0
2490.0
2491.0
2502.0
2503.0
2550.0
2551.0
2562.0
2563.0
2611.0
2612.0
2622.0
2623.0
2671.0
2683.0
2695.0
2730.0
2732.0
2743.0
2744.0
2791.0
2794.0
2802.0
2803.0
2804.0
2863.0
2864.0
2914.0
2915.0
2917.0
2923.0
2924.0
2928.0
2932.0
2945.0
2947.0
2954.0
2963.0
2976.0
2977.0
2984.0
2993.0
3006.0
3007.0
3014.0
3023.0
3045.0
3046.0
3049.0
3068.0
3097.0
3105.0
3107.0
3113.0
3114.0
3128.0
3129.0
3142.0
3143.0
3164.0
3165.0
3166.0
3167.0
3169.0
3198.0
3199.0
3206.0
3224.0
3225.0
3227.0
3228.0
3237.0
3249.0
3254.0
3259.0
3266.0
3267.0
3285.0
3308.0
3314.0
3315.0
3337.0
3345.0
3374.0
3404.0
3405.0
3423.0
3456.0
3464.0
3482.0
3489.0
3494.0
3514.0
3517.0
3518.0
3519.0
3525.0
3548.0
3565.0
3584.0
3595.0
3613.0
3614.0
3615.0
3636.0
3644.0
3649.0
3666.0
3696.0
3704.0
3764.0
3794.0
3824.0
3854.0
3884.0
3885.0
3945.0
4004.0
4005.0
4034.0
4065.0
4094.0
4103.0
4105.0
4113.0
4114.0
4124.0
4125.0
4127.0
4143.0
4163.0
4165.0
4174.0
4203.0
4204.0
4214.0
4223.0
4225.0
4233.0
4242.0
4244.0
4245.0
4283.0
4285.0
4290.0
4303.0
4307.0
4314.0
4343.0
4345.0
4350.0
4364.0
4374.0
4375.0
4378.0
4403.0
4405.0
4415.0
4428.0
4445.0
4463.0
4465.0
4474.0
4475.0
4476.0
4504.0
4505.0
4514.0
4523.0
4525.0
4530.0
4531.0
4532.0
4535.0
4542.0
4583.0
4585.0
4591.0
4592.0
4593.0
4604.0
4605.0
4643.0
4645.0
4651.0
4652.0
4653.0
4664.0
4694.0
4703.0
4710.0
4711.0
4723.0
4724.0
4725.0
4726.0
4728.0
4729.0
4734.0
4741.0
4763.0
4765.0
4770.0
4771.0
4772.0
4773.0
4783.0
4784.0
4785.0
4786.0
4808.0
4824.0
4825.0
4830.0
4831.0
4842.0
4843.0
4844.0
4850.0
4851.0
4866.0
4883.0
4885.0
4890.0
4891.0
4893.0
4895.0
4903.0
4905.0
4911.0
4942.0
4943.0
4945.0
4950.0
4951.0
4952.0
4953.0
4962.0
4963.0
4965.0
4966.0
4971.0
4982.0
4983.0
4984.0
5002.0
5003.0
5005.0
5010.0
5011.0
5013.0
5014.0
5023.0
5024.0
5025.0
5026.0
5027.0
5031.0
5044.0
5047.0
5049.0
5063.0
5071.0
5074.0
5082.0
5083.0
5085.0
5086.0
5104.0
5123.0
5125.0
5133.0
5135.0
5137.0
5138.0
5143.0
5144.0
5146.0
5157.0
5161.0
5162.0
5167.0
5168.0
5181.0
5195.0
5198.0
5203.0
5204.0
5205.0
5206.0
5234.0
5235.0
5238.0
5250.0
5255.0
5257.0
5258.0
5262.0
5263.0
5264.0
5265.0
5267.0
5270.0
5271.0
5275.0
5283.0
5284.0
5285.0
5310.0
5324.0
5325.0
5326.0
5329.0
5330.0
5332.0
5339.0
5345.0
5370.0
5371.0
5374.0
5375.0
5385.0
5387.0
5389.0
5390.0
5393.0
5395.0
5397.0
5405.0
5430.0
5431.0
5434.0
5435.0
5444.0
5445.0
5447.0
5464.0
5465.0
5478.0
5482.0
5483.0
5491.0
5492.0
5503.0
5504.0
5505.0
5563.0
5564.0
5567.0
5571.0
5574.0
5575.0
5576.0
5578.0
5581.0
5610.0
5611.0
5623.0
5624.0
5633.0
5635.0
5639.0
5662.0
5670.0
5671.0
5683.0
5688.0
5691.0
5696.0
5714.0
5733.0
5734.0
5743.0
5803.0
5804.0
5805.0
5808.0
5811.0
5864.0
5865.0
5866.0
5910.0
5911.0
5923.0
5940.0
5943.0
5963.0
5970.0
5971.0
6030.0
6031.0
6043.0
6091.0
6092.0
6103.0
6151.0
6152.0
6153.0
6163.0
6164.0
6210.0
6211.0
6223.0
6224.0
6283.0
6284.0
6285.0
6315.0
6316.0
6317.0
6343.0
6344.0
6448.0
6449.0
6570.0
6599.0
6762.0
6818.0
6823.0
6848.0
6871.0
6900.0
6906.0
6908.0
6909.0
6969.0
7003.0
7023.0
7033.0
7064.0
7089.0
7091.0
7121.0
7124.0
7128.0
7156.0
7296.0
7304.0
7330.0
7333.0
7356.0
7360.0
7383.0
7385.0
7424.0
7425.0
7426.0
7442.0
7447.0
7451.0
7464.0
7486.0
7487.0
7488.0
7506.0
7507.0
7508.0
7509.0
7544.0
7558.0
7560.0
7561.0
7562.0
7570.0
7589.0
7625.0
7626.0
7629.0
7639.0
7664.0
7682.0
7702.0
7718.0
7726.0
7727.0
7784.0
7814.0
7874.0
7904.0
7907.0
7908.0
7918.0
7924.0
7926.0
7937.0
7945.0
7946.0
7947.0
7988.0
7990.0
7994.0
7995.0
8038.0
8084.0
8174.0
8190.0
8191.0
8203.0
8205.0
8242.0
8243.0
8244.0
8248.0
8250.0
8251.0
8263.0
8265.0
8305.0
8306.0
8308.0
8309.0
8310.0
8311.0
8323.0
8324.0
8354.0
8370.0
8371.0
8378.0
8379.0
8380.0
8383.0
8384.0
8388.0
8389.0
8414.0
8430.0
8431.0
8443.0
8444.0
8474.0
8483.0
8485.0
8490.0
8491.0
8503.0
8504.0
8505.0
8534.0
8545.0
8548.0
8550.0
8551.0
8563.0
8564.0
8603.0
8604.0
8610.0
8611.0
8623.0
8624.0
8654.0
8663.0
8664.0
8670.0
8671.0
8681.0
8683.0
8714.0
8715.0
8716.0
8722.0
8724.0
8725.0
8727.0
8728.0
8730.0
8731.0
8737.0
8738.0
8743.0
8744.0
8746.0
8748.0
8759.0
8763.0
8764.0
8765.0
8768.0
8790.0
8791.0
8803.0
8809.0
8810.0
8818.0
8848.0
8849.0
8851.0
8854.0
8858.0
8859.0
8863.0
8864.0
8894.0
8903.0
8910.0
8911.0
8923.0
8924.0
8954.0
8963.0
8964.0
8970.0
8971.0
8983.0
8984.0
9023.0
9024.0
9030.0
9031.0
9043.0
9044.0
9074.0
9083.0
9084.0
9090.0
9091.0
9103.0
9104.0
9115.0
9134.0
9143.0
9144.0
9145.0
9147.0
9148.0
9149.0
9150.0
9151.0
9163.0
9165.0
9194.0
9203.0
9204.0
9216.0
9223.0
9224.0
9254.0
9263.0
9264.0
9271.0
9283.0
9284.0
9324.0
9330.0
9331.0
9332.0
9343.0
9344.0
9348.0
9349.0
9374.0
9384.0
9391.0
9403.0
9404.0
9421.0
9450.0
9451.0
9463.0
9464.0
9494.0
9510.0
9511.0
9523.0
9553.0
9554.0
9571.0
9583.0
9630.0
9631.0
9643.0
9648.0
9649.0
9650.0
9674.0
9691.0
9703.0
9751.0
9763.0
9764.0
9810.0
9811.0
9823.0
9854.0
9871.0
9883.0
9884.0
9914.0
9930.0
9931.0
9943.0
9944.0
9945.0
9974.0
9991.0
9993.0
10003.0
10004.0
10005.0
10034.0
10050.0
10051.0
10052.0
10057.0
10063.0
10110.0
10111.0
10123.0
10124.0
10125.0
10170.0
10171.0
10183.0
10184.0
10189.0
10230.0
10231.0
10243.0
10290.0
10291.0
10303.0
10350.0
10351.0
10363.0
10410.0
10411.0
10423.0
10470.0
10471.0
10472.0
10483.0
10484.0
10531.0
10543.0
10590.0
10591.0
10603.0
10604.0
10651.0
10663.0
10711.0
10723.0
10771.0
10783.0
10807.0
10831.0
10832.0
10843.0
10891.0
10903.0
10927.0
10951.0
10957.0
10959.0
10963.0
10964.0
10988.0
10994.0
11010.0
11011.0
11017.0
11019.0
11023.0
11024.0
11048.0
11054.0
11077.0
11083.0
11084.0
11114.0
11143.0
11144.0
11174.0
11197.0
11204.0
11231.0
11235.0
11257.0
11261.0
11265.0
11290.0
11291.0
11295.0
11322.0
11345.0
11348.0
11349.0
11358.0
11362.0
11384.0
11392.0
11415.0
11421.0
11436.0
11475.0
11497.0
11505.0
11527.0
11556.0
11557.0
11559.0
11560.0
11586.0
11587.0
11588.0
11617.0
11625.0
11655.0
11676.0
11707.0
11715.0
11735.0
11739.0
11744.0
11745.0
11746.0
11769.0
11797.0
11835.0
11857.0
11865.0
11876.0
11886.0
11895.0
11985.0
12015.0
12044.0
12164.0
12165.0
12226.0
12283.0
12284.0
12285.0
12319.0
12320.0
12322.0
12324.0
12331.0
12343.0
12344.0
12374.0
12378.0
12382.0
12384.0
12388.0
12389.0
12403.0
12443.0
12445.0
12450.0
12465.0
12503.0
12505.0
12511.0
12520.0
12521.0
12525.0
12565.0
12568.0
12585.0
12620.0
12621.0
12624.0
12625.0
12643.0
12644.0
12645.0
12683.0
12685.0
12687.0
12688.0
12691.0
12743.0
12745.0
12764.0
12803.0
12805.0
12811.0
12821.0
12822.0
12823.0
12863.0
12865.0
12868.0
12871.0
12872.0
12914.0
12923.0
12925.0
12929.0
12931.0
12943.0
12983.0
12985.0
12991.0
13004.0
13005.0
13043.0
13044.0
13045.0
13046.0
13048.0
13051.0
13052.0
13063.0
13064.0
13104.0
13105.0
13111.0
13112.0
13123.0
13165.0
13171.0
13172.0
13183.0
13184.0
13214.0
13223.0
13225.0
13231.0
13243.0
13244.0
13283.0
13285.0
13291.0
13292.0
13304.0
13305.0
13343.0
13345.0
13351.0
13352.0
13363.0
13364.0
13365.0
13405.0
13411.0
13412.0
13423.0
13424.0
13425.0
13440.0
13465.0
13471.0
13472.0
13484.0
13485.0
13532.0
13543.0
13544.0
13545.0
13591.0
13603.0
13605.0
13606.0
13651.0
13663.0
13664.0
13665.0
13666.0
13711.0
13712.0
13723.0
13724.0
13726.0
13771.0
13772.0
13783.0
13784.0
13785.0
13831.0
13843.0
13844.0
13845.0
13884.0
13891.0
13903.0
13904.0
13934.0
13951.0
13952.0
13963.0
13966.0
13967.0
14011.0
14012.0
14016.0
14023.0
14024.0
14054.0
14071.0
14083.0
14084.0
14085.0
14114.0
14131.0
14133.0
14143.0
14144.0
14145.0
14191.0
14203.0
14220.0
14221.0
14223.0
14251.0
14257.0
14258.0
14262.0
14263.0
14264.0
14323.0
14324.0
14352.0
14353.0
14354.0
14355.0
14371.0
14384.0
14389.0
14390.0
14391.0
14394.0
14395.0
14431.0
14491.0
14492.0
14503.0
14504.0
14543.0
14545.0
14551.0
14552.0
14563.0
14564.0
14611.0
14612.0
14623.0
14624.0
14671.0
14675.0
14677.0
14683.0
14684.0
14731.0
14732.0
14743.0
14744.0
14792.0
14804.0
14851.0
14864.0
14911.0
14923.0
14924.0
14964.0
14971.0
14972.0
14983.0
14984.0
15031.0
15032.0
15043.0
15044.0
15065.0
15066.0
15091.0
15093.0
15095.0
15097.0
15103.0
15104.0
15105.0
15112.0
15114.0
15164.0
15171.0
15186.0
15225.0
15226.0
15228.0
15276.0
15278.0
15308.0
15344.0
15357.0
15358.0
15366.0
15367.0
15368.0
15398.0
15405.0
15433.0
15487.0
15488.0
15489.0
15495.0
15520.0
15525.0
15527.0
15545.0
15546.0
15560.0
15562.0
15571.0
15575.0
15576.0
15577.0
15582.0
15585.0
15587.0
15601.0
15611.0
15614.0
15630.0
15645.0
15646.0
15647.0
15706.0
15707.0
15727.0
15728.0
15735.0
15760.0
15765.0
15784.0
15794.0
15802.0
15825.0
15826.0
15864.0
15866.0
15879.0
15894.0
15895.0
15896.0
15900.0
15906.0
15907.0
15908.0
15915.0
15916.0
15917.0
15936.0
15966.0
16064.0
16065.0
16124.0
16125.0
16126.0
16184.0
16186.0
16244.0
16245.0
16246.0
16304.0
16305.0
16306.0
16364.0
16365.0
16366.0
16381.0
16404.0
16407.0
16408.0
16411.0
16414.0
16423.0
16424.0
16454.0
16464.0
16467.0
16468.0
16469.0
16471.0
16472.0
16483.0
16484.0
16485.0
16486.0
16515.0
16525.0
16528.0
16529.0
16531.0
16544.0
16545.0
16547.0
16583.0
16584.0
16588.0
16589.0
16591.0
16592.0
16603.0
16604.0
16605.0
16606.0
16643.0
16644.0
16648.0
16651.0
16652.0
16665.0
16666.0
16704.0
16705.0
16711.0
16712.0
16713.0
16714.0
16718.0
16723.0
16724.0
16725.0
16726.0
16727.0
16728.0
16729.0
16730.0
16736.0
16738.0
16763.0
16768.0
16771.0
16784.0
16785.0
16823.0
16824.0
16831.0
16832.0
16844.0
16845.0
16848.0
16883.0
16884.0
16887.0
16888.0
16891.0
16904.0
16905.0
16906.0
16944.0
16951.0
16964.0
16965.0
16995.0
17003.0
17007.0
17008.0
17014.0
17015.0
17023.0
17024.0
17025.0
17038.0
17063.0
17064.0
17068.0
17071.0
17072.0
17084.0
17086.0
17123.0
17124.0
17127.0
17128.0
17131.0
17133.0
17143.0
17146.0
17147.0
17175.0
17183.0
17184.0
17188.0
17191.0
17192.0
17204.0
17205.0
17243.0
17244.0
17248.0
17252.0
17263.0
17265.0
17267.0
17295.0
17303.0
17304.0
17308.0
17311.0
17324.0
17325.0
17326.0
17339.0
17340.0
17363.0
17364.0
17368.0
17371.0
17372.0
17384.0
17423.0
17428.0
17431.0
17443.0
17444.0
17448.0
17449.0
17484.0
17485.0
17486.0
17491.0
17492.0
17493.0
17494.0
17504.0
17505.0
17544.0
17564.0
17565.0
17567.0
17604.0
17615.0
17623.0
17625.0
17672.0
17682.0
17683.0
17686.0
17745.0
17747.0
17791.0
17804.0
17805.0
17806.0
17814.0
17815.0
17816.0
17866.0
17923.0
17926.0
17955.0
18043.0
18048.0
18049.0
18091.0
18105.0
18115.0
18116.0
18117.0
18151.0
18152.0
18165.0
18211.0
18212.0
18225.0
18271.0
18283.0
18284.0
18331.0
18344.0
18391.0
18392.0
18403.0
18404.0
18451.0
18463.0
18464.0
18511.0
18512.0
18523.0
18524.0
18571.0
18572.0
18583.0
18584.0
18631.0
18632.0
18643.0
18644.0
18691.0
18703.0
18704.0
18751.0
18763.0
18764.0
18811.0
18824.0
18871.0
18883.0
18884.0
18916.0
18917.0
18931.0
18932.0
18933.0
18934.0
18943.0
18944.0
18999.0
19000.0
19003.0
19004.0
19048.0
19049.0
19051.0
19052.0
19063.0
19064.0
19065.0
19066.0
19067.0
19111.0
19132.0
19171.0
19183.0
19184.0
19185.0
19237.0
19243.0
19244.0
19245.0
19267.0
19303.0
19304.0
19305.0
19350.0
19351.0
19367.0
19368.0
19369.0
19425.0
19506.0
19507.0
19545.0
19546.0
19564.0
19565.0
19567.0
19606.0
19627.0
19629.0
19630.0
19657.0
19665.0
19666.0
19688.0
19689.0
19704.0
19707.0
19708.0
19709.0
19710.0
19711.0
19714.0
19717.0
19724.0
19725.0
19726.0
19748.0
19766.0
19785.0
19807.0
19837.0
19845.0
19868.0
19875.0
19905.0
19906.0
19907.0
19927.0
19947.0
19963.0
19965.0
19983.0
19996.0
20006.0
20025.0
20027.0
20055.0
20056.0
20085.0
20145.0
20146.0
20205.0
20206.0
20235.0
20295.0
20325.0
20326.0
20385.0
20386.0
20445.0
20446.0
20475.0
20483.0
20484.0
20491.0
20492.0
20503.0
20504.0
20505.0
20507.0
20519.0
20521.0
20523.0
20527.0
20528.0
20529.0
20531.0
20534.0
20535.0
20543.0
20544.0
20548.0
20551.0
20564.0
20565.0
20566.0
20603.0
20604.0
20608.0
20611.0
20624.0
20655.0
20662.0
20667.0
20671.0
20684.0
20716.0
20722.0
20724.0
20727.0
20731.0
20732.0
20744.0
20745.0
20746.0
20776.0
20781.0
20783.0
20784.0
20787.0
20791.0
20802.0
20803.0
20804.0
20836.0
20843.0
20844.0
20847.0
20848.0
20851.0
20852.0
20864.0
20865.0
20866.0
20896.0
20903.0
20904.0
20912.0
20924.0
20925.0
20956.0
20963.0
20964.0
20967.0
20968.0
20971.0
20984.0
20985.0
21016.0
21022.0
21023.0
21024.0
21027.0
21031.0
21044.0
21045.0
21084.0
21087.0
21091.0
21104.0
21105.0
21136.0
21143.0
21144.0
21145.0
21148.0
21151.0
21163.0
21164.0
21166.0
21205.0
21208.0
21211.0
21212.0
21223.0
21224.0
21225.0
21256.0
21263.0
21265.0
21268.0
21271.0
21272.0
21275.0
21283.0
21284.0
21285.0
21316.0
21323.0
21325.0
21328.0
21329.0
21331.0
21344.0
21346.0
21385.0
21388.0
21391.0
21392.0
21404.0
21436.0
21443.0
21445.0
21448.0
21451.0
21464.0
21466.0
21496.0
21505.0
21508.0
21511.0
21524.0
21556.0
21563.0
21565.0
21568.0
21570.0
21571.0
21577.0
21578.0
21584.0
21625.0
21631.0
21644.0
21650.0
21676.0
21685.0
21704.0
21705.0
21736.0
21751.0
21752.0
21763.0
21764.0
21765.0
21811.0
21823.0
21824.0
21826.0
21871.0
21883.0
21884.0
21885.0
21895.0
21896.0
21916.0
21931.0
21943.0
21944.0
21945.0
21952.0
21976.0
21991.0
22003.0
22004.0
22036.0
22051.0
22063.0
22064.0
22065.0
22096.0
22111.0
22123.0
22124.0
22125.0
22171.0
22183.0
22184.0
22185.0
22198.0
22231.0
22243.0
22244.0
22245.0
22246.0
22291.0
22303.0
22304.0
22305.0
22335.0
22351.0
22363.0
22364.0
22411.0
22423.0
22424.0
22471.0
22472.0
22483.0
22484.0
22531.0
22543.0
22544.0
22545.0
22591.0
22592.0
22593.0
22603.0
22605.0
22651.0
22663.0
22664.0
22711.0
22723.0
22724.0
22725.0
22771.0
22772.0
22783.0
22784.0
22831.0
22843.0
22844.0
22891.0
22903.0
22904.0
22951.0
22963.0
22964.0
23011.0
23023.0
23024.0
23071.0
23083.0
23084.0
23131.0
23143.0
23144.0
23191.0
23203.0
23204.0
23251.0
23263.0
23264.0
23289.0
23295.0
23311.0
23323.0
23324.0
23325.0
23347.0
23348.0
23350.0
23377.0
23380.0
23383.0
23384.0
23385.0
23407.0
23408.0
23415.0
23439.0
23443.0
23444.0
23445.0
23467.0
23475.0
23476.0
23505.0
23506.0
23528.0
23534.0
23535.0
23565.0
23585.0
23587.0
23615.0
23617.0
23625.0
23644.0
23650.0
23651.0
23655.0
23685.0
23686.0
23708.0
23709.0
23710.0
23738.0
23745.0
23767.0
23768.0
23769.0
23799.0
23805.0
23827.0
23828.0
23858.0
23865.0
23866.0
23887.0
23888.0
23895.0
23923.0
23947.0
23948.0
23949.0
23950.0
23955.0
23985.0
23986.0
24007.0
24009.0
24038.0
24039.0
24040.0
24045.0
24046.0
24067.0
24068.0
24105.0
24106.0
24127.0
24128.0
24158.0
24165.0
24166.0
24187.0
24225.0
24226.0
24285.0
24286.0
24345.0
24346.0
24405.0
24406.0
24435.0
24465.0
24466.0
24525.0
24528.0
24571.0
24574.0
24584.0
24585.0
24614.0
24615.0
24623.0
24624.0
24628.0
24631.0
24643.0
24644.0
24645.0
24646.0
24648.0
24649.0
24683.0
24684.0
24688.0
24691.0
24703.0
24704.0
24705.0
24735.0
24743.0
24744.0
24751.0
24752.0
24763.0
24764.0
24765.0
24803.0
24804.0
24808.0
24811.0
24824.0
24825.0
24827.0
24863.0
24864.0
24866.0
24867.0
24868.0
24869.0
24870.0
24871.0
24872.0
24873.0
24876.0
24883.0
24884.0
24885.0
24886.0
24915.0
24923.0
24924.0
24928.0
24931.0
24932.0
24943.0
24944.0
24946.0
24950.0
24983.0
24984.0
24988.0
24991.0
25004.0
25005.0
25006.0
25043.0
25044.0
25048.0
25051.0
25064.0
25065.0
25066.0
25076.0
25103.0
25104.0
25108.0
25111.0
25123.0
25124.0
25125.0
25126.0
25163.0
25164.0
25168.0
25171.0
25172.0
25184.0
25185.0
25224.0
25228.0
25231.0
25243.0
25244.0
25245.0
25252.0
25258.0
25276.0
25283.0
25284.0
25288.0
25291.0
25293.0
25305.0
25306.0
25311.0
25312.0
25336.0
25344.0
25348.0
25349.0
25351.0
25352.0
25364.0
25365.0
25378.0
25385.0
25403.0
25404.0
25408.0
25411.0
25424.0
25425.0
25426.0
25444.0
25449.0
25463.0
25464.0
25468.0
25472.0
25483.0
25484.0
25485.0
25486.0
25523.0
25524.0
25528.0
25531.0
25543.0
25544.0
25545.0
25546.0
25576.0
25583.0
25584.0
25588.0
25591.0
25592.0
25604.0
25605.0
25606.0
25643.0
25644.0
25648.0
25651.0
25663.0
25664.0
25665.0
25667.0
25679.0
25683.0
25684.0
25686.0
25687.0
25688.0
25689.0
25692.0
25694.0
25696.0
25704.0
25711.0
25712.0
25724.0
25725.0
25726.0
25727.0
25745.0
25746.0
25747.0
25751.0
25756.0
25764.0
25767.0
25771.0
25772.0
25784.0
25785.0
25831.0
25844.0
25845.0
25846.0
25891.0
25904.0
25906.0
25951.0
25953.0
25963.0
25964.0
25965.0
25966.0
26011.0
26012.0
26024.0
26025.0
26026.0
26071.0
26072.0
26084.0
26085.0
26086.0
26132.0
26144.0
26145.0
26146.0
26204.0
26205.0
26206.0
26255.0
26256.0
26264.0
26265.0
26266.0
26326.0
26371.0
26386.0
26387.0
26388.0
26445.0
26446.0
26491.0
26611.0
26623.0
26731.0
26791.0
26792.0
26793.0
26851.0
26852.0
26854.0
26864.0
26911.0
26912.0
26924.0
26925.0
26971.0
26972.0
26984.0
26986.0
27031.0
27032.0
27044.0
27092.0
27104.0
27151.0
27152.0
27164.0
27211.0
27212.0
27224.0
27271.0
27284.0
27332.0
27344.0
27367.0
27385.0
27391.0
27392.0
27404.0
27405.0
27406.0
27413.0
27444.0
27464.0
27465.0
27466.0
27524.0
27525.0
27526.0
27547.0
27554.0
27555.0
27585.0
27586.0
27611.0
27627.0
27637.0
27645.0
27646.0
27676.0
27705.0
27706.0
27754.0
27765.0
27766.0
27825.0
27826.0
27876.0
27885.0
27886.0
27906.0
27945.0
27946.0
28026.0
28029.0
28059.0
28062.0
28063.0
28089.0
28099.0
28105.0
28125.0
28145.0
28146.0
28147.0
28148.0
28153.0
28164.0
28185.0
28204.0
28205.0
28226.0
28227.0
28257.0
28285.0
28286.0
28305.0
28425.0
28545.0
28546.0
28605.0
28606.0
28665.0
28666.0
28681.0
28694.0
28704.0
28708.0
28711.0
28712.0
28724.0
28725.0
28726.0
28764.0
28768.0
28771.0
28772.0
28784.0
28785.0
28786.0
28831.0
28832.0
28844.0
28845.0
28846.0
28876.0
28881.0
28884.0
28888.0
28891.0
28892.0
28904.0
28905.0
28906.0
28948.0
28951.0
28952.0
28964.0
28965.0
29004.0
29009.0
29011.0
29012.0
29024.0
29025.0
29026.0
29071.0
29072.0
29084.0
29085.0
29086.0
29124.0
29132.0
29133.0
29144.0
29145.0
29146.0
29191.0
29192.0
29204.0
29205.0
29206.0
29248.0
29251.0
29252.0
29264.0
29265.0
29266.0
29310.0
29311.0
29312.0
29324.0
29325.0
29326.0
29364.0
29368.0
29371.0
29372.0
29384.0
29385.0
29386.0
29424.0
29428.0
29431.0
29432.0
29444.0
29445.0
29446.0
29484.0
29488.0
29491.0
29492.0
29504.0
29505.0
29506.0
29544.0
29547.0
29551.0
29552.0
29564.0
29565.0
29566.0
29567.0
29604.0
29607.0
29611.0
29612.0
29624.0
29625.0
29626.0
29664.0
29668.0
29671.0
29672.0
29684.0
29685.0
29686.0
29724.0
29727.0
29731.0
29732.0
29744.0
29745.0
29746.0
29784.0
29791.0
29792.0
29804.0
29805.0
29806.0
29844.0
29852.0
29853.0
29864.0
29865.0
29866.0
29904.0
29911.0
29912.0
29924.0
29925.0
29926.0
29985.0
29986.0
30031.0
30032.0
30044.0
30046.0
30092.0
30104.0
30105.0
30106.0
30151.0
30152.0
30164.0
30165.0
30166.0
30211.0
30212.0
30224.0
30225.0
30226.0
30271.0
30272.0
30284.0
30285.0
30287.0
30332.0
30344.0
30345.0
30346.0
30391.0
30392.0
30404.0
30405.0
30406.0
30452.0
30464.0
30465.0
30466.0
30511.0
30512.0
30524.0
30525.0
30526.0
30571.0
30572.0
30584.0
30585.0
30631.0
30632.0
30644.0
30691.0
30692.0
30704.0
30705.0
30751.0
30752.0
30764.0
30812.0
30824.0
30872.0
30884.0
30931.0
30932.0
30944.0
30945.0
30992.0
31004.0
31052.0
31064.0
31095.0
31111.0
31112.0
31124.0
31172.0
31184.0
31185.0
31232.0
31244.0
31291.0
31292.0
31304.0
31305.0
31351.0
31352.0
31353.0
31364.0
31365.0
31412.0
31424.0
31472.0
31483.0
31484.0
31485.0
31486.0
31529.0
31538.0
31539.0
31540.0
31541.0
31544.0
31545.0
31546.0
31568.0
31569.0
31571.0
31596.0
31597.0
31598.0
31604.0
31605.0
31606.0
31607.0
31626.0
31627.0
31628.0
31630.0
31660.0
31666.0
31689.0
31690.0
31718.0
31719.0
31720.0
31725.0
31726.0
31747.0
31748.0
31749.0
31779.0
31785.0
31786.0
31787.0
31807.0
31808.0
31811.0
31812.0
31838.0
31839.0
31840.0
31842.0
31845.0
31846.0
31867.0
31868.0
31869.0
31870.0
31886.0
31903.0
31906.0
31916.0
31927.0
31933.0
31934.0
31935.0
31963.0
31966.0
31988.0
31993.0
32016.0
32017.0
32018.0
32026.0
32046.0
32047.0
32076.0
32077.0
32078.0
32086.0
32102.0
32103.0
32106.0
32107.0
32116.0
32117.0
32118.0
32132.0
32146.0
32147.0
32154.0
32176.0
32177.0
32183.0
32184.0
32192.0
32206.0
32207.0
32213.0
32222.0
32250.0
32252.0
32254.0
32266.0
32276.0
32280.0
32281.0
32305.0
32306.0
32326.0
32334.0
32335.0
32386.0
32446.0
32506.0
32566.0
32626.0
32686.0
32746.0
32762.0
32784.0
32788.0
32789.0
32792.0
32804.0
32805.0
32806.0
32848.0
32852.0
32864.0
32866.0
32904.0
32908.0
32912.0
32924.0
32925.0
32926.0
32964.0
32965.0
32968.0
32972.0
32984.0
32985.0
32986.0
33024.0
33027.0
33028.0
33032.0
33046.0
33084.0
33088.0
33092.0
33104.0
33106.0
33107.0
33144.0
33148.0
33151.0
33152.0
33164.0
33166.0
33204.0
33208.0
33211.0
33212.0
33224.0
33225.0
33226.0
33264.0
33268.0
33272.0
33284.0
33286.0
33287.0
33324.0
33328.0
33332.0
33344.0
33345.0
33346.0
33384.0
33388.0
33392.0
33404.0
33405.0
33406.0
33444.0
33448.0
33452.0
33464.0
33465.0
33466.0
33467.0
33504.0
33508.0
33512.0
33524.0
33525.0
33526.0
33564.0
33568.0
33572.0
33584.0
33586.0
33625.0
33628.0
33632.0
33644.0
33645.0
33646.0
33684.0
33688.0
33689.0
33692.0
33704.0
33705.0
33706.0
33707.0
33744.0
33748.0
33752.0
33764.0
33766.0
33808.0
33811.0
33812.0
33824.0
33825.0
33826.0
33864.0
33868.0
33872.0
33884.0
33886.0
33924.0
33932.0
33944.0
33945.0
33946.0
33992.0
34004.0
34006.0
34007.0
34052.0
34064.0
34066.0
34067.0
34112.0
34113.0
34124.0
34125.0
34126.0
34172.0
34184.0
34186.0
34232.0
34244.0
34245.0
34246.0
34247.0
34292.0
34304.0
34306.0
34352.0
34353.0
34364.0
34365.0
34366.0
34412.0
34424.0
34425.0
34426.0
34427.0
34472.0
34485.0
34486.0
34532.0
34544.0
34545.0
34546.0
34592.0
34593.0
34604.0
34606.0
34607.0
34652.0
34665.0
34666.0
34711.0
34712.0
34724.0
34725.0
34772.0
34784.0
34832.0
34833.0
34844.0
34845.0
34892.0
34904.0
34905.0
34952.0
35012.0
35024.0
35025.0
35072.0
35084.0
35085.0
35132.0
35144.0
35145.0
35192.0
35204.0
35205.0
35252.0
35264.0
35312.0
35325.0
35372.0
35373.0
35385.0
35432.0
35444.0
35445.0
35492.0
35504.0
35505.0
35552.0
35563.0
35564.0
35565.0
35566.0
35588.0
35591.0
35592.0
35617.0
35624.0
35625.0
35626.0
35630.0
35646.0
35648.0
35649.0
35659.0
35684.0
35686.0
35691.0
35713.0
35719.0
35720.0
35739.0
35746.0
35747.0
35749.0
35770.0
35780.0
35802.0
35803.0
35806.0
35833.0
35834.0
35835.0
35866.0
35893.0
35894.0
35897.0
35923.0
35926.0
35927.0
35932.0
35933.0
35953.0
35956.0
35962.0
35986.0
35990.0
36019.0
36046.0
36047.0
36073.0
36079.0
36080.0
36106.0
36107.0
36133.0
36135.0
36166.0
36167.0
36189.0
36192.0
36194.0
36226.0
36249.0
36250.0
36253.0
36286.0
36308.0
36347.0
36353.0
36380.0
36393.0
36394.0
36406.0
36443.0
36445.0
36466.0
36467.0
36526.0
36527.0
36586.0
36646.0
36706.0
36707.0
36766.0
36767.0
36826.0
36864.0
36868.0
36872.0
36884.0
36885.0
36886.0
36887.0
36928.0
36929.0
36932.0
36945.0
36946.0
36984.0
36988.0
36992.0
37004.0
37005.0
37006.0
37044.0
37048.0
37052.0
37064.0
37065.0
37066.0
37104.0
37108.0
37109.0
37112.0
37125.0
37126.0
37127.0
37169.0
37172.0
37185.0
37186.0
37187.0
37224.0
37228.0
37232.0
37245.0
37246.0
37247.0
37284.0
37288.0
37289.0
37292.0
37304.0
37305.0
37306.0
37307.0
37344.0
37348.0
37349.0
37352.0
37365.0
37366.0
37404.0
37408.0
37409.0
37412.0
37413.0
37425.0
37426.0
37464.0
37468.0
37469.0
37472.0
37484.0
37485.0
37486.0
37524.0
37528.0
37529.0
37532.0
37544.0
37545.0
37546.0
37584.0
37588.0
37592.0
37605.0
37606.0
37607.0
37644.0
37648.0
37649.0
37652.0
37653.0
37664.0
37665.0
37666.0
37709.0
37712.0
37725.0
37726.0
37727.0
37768.0
37769.0
37772.0
37785.0
37786.0
37824.0
37827.0
37829.0
37832.0
37845.0
37846.0
37847.0
37884.0
37888.0
37892.0
37904.0
37905.0
37906.0
37907.0
37944.0
37947.0
37948.0
37949.0
37952.0
37964.0
37965.0
37966.0
37967.0
38004.0
38009.0
38012.0
38025.0
38026.0
38027.0
38072.0
38073.0
38084.0
38085.0
38086.0
38087.0
38132.0
38144.0
38146.0
38192.0
38194.0
38204.0
38205.0
38206.0
38207.0
38252.0
38266.0
38312.0
38325.0
38326.0
38373.0
38374.0
38385.0
38386.0
38432.0
38433.0
38444.0
38445.0
38446.0
38505.0
38506.0
38507.0
38552.0
38565.0
38566.0
38625.0
38626.0
38628.0
38672.0
38684.0
38685.0
38686.0
38687.0
38732.0
38744.0
38745.0
38746.0
38747.0
38792.0
38805.0
38852.0
38853.0
38864.0
38865.0
38912.0
38925.0
38972.0
38985.0
39032.0
39033.0
39045.0
39092.0
39093.0
39105.0
39152.0
39164.0
39165.0
39212.0
39213.0
39225.0
39272.0
39285.0
39332.0
39345.0
39392.0
39405.0
39452.0
39453.0
39464.0
39465.0
39512.0
39572.0
39584.0
39585.0
39632.0
39641.0
39642.0
39645.0
39692.0
39693.0
39695.0
39696.0
39700.0
39705.0
39706.0
39707.0
39725.0
39739.0
39755.0
39764.0
39765.0
39766.0
39767.0
39795.0
39824.0
39826.0
39827.0
39832.0
39833.0
39834.0
39848.0
39863.0
39880.0
39884.0
39886.0
39887.0
39915.0
39917.0
39940.0
39944.0
39946.0
39947.0
39972.0
39973.0
39997.0
40006.0
40007.0
40028.0
40032.0
40033.0
40059.0
40061.0
40066.0
40067.0
40091.0
40093.0
40126.0
40127.0
40130.0
40131.0
40148.0
40161.0
40186.0
40187.0
40192.0
40193.0
40222.0
40227.0
40228.0
40229.0
40246.0
40247.0
40286.0
40287.0
40293.0
40294.0
40306.0
40307.0
40353.0
40360.0
40361.0
40366.0
40419.0
40420.0
40421.0
40426.0
40480.0
40481.0
40486.0
40487.0
40510.0
40511.0
40546.0
40547.0
40606.0
40607.0
40666.0
40667.0
40726.0
40727.0
40786.0
40787.0
40846.0
40847.0
40906.0
40907.0
40952.0
40964.0
40965.0
40966.0
40967.0
41008.0
41010.0
41012.0
41024.0
41026.0
41027.0
41065.0
41068.0
41070.0
41072.0
41084.0
41085.0
41086.0
41087.0
41125.0
41128.0
41130.0
41132.0
41144.0
41145.0
41146.0
41147.0
41148.0
41185.0
41188.0
41192.0
41204.0
41205.0
41206.0
41207.0
41245.0
41248.0
41252.0
41264.0
41265.0
41266.0
41267.0
41305.0
41308.0
41310.0
41312.0
41324.0
41325.0
41326.0
41327.0
41365.0
41368.0
41372.0
41384.0
41385.0
41386.0
41387.0
41425.0
41428.0
41430.0
41432.0
41444.0
41445.0
41446.0
41447.0
41485.0
41488.0
41490.0
41492.0
41504.0
41505.0
41506.0
41507.0
41545.0
41548.0
41550.0
41552.0
41564.0
41565.0
41566.0
41567.0
41604.0
41608.0
41610.0
41612.0
41624.0
41625.0
41626.0
41627.0
41665.0
41668.0
41672.0
41684.0
41685.0
41686.0
41687.0
41725.0
41728.0
41730.0
41732.0
41744.0
41745.0
41746.0
41747.0
41784.0
41788.0
41789.0
41792.0
41804.0
41805.0
41806.0
41807.0
41844.0
41848.0
41849.0
41850.0
41852.0
41864.0
41865.0
41866.0
41867.0
41904.0
41908.0
41909.0
41912.0
41924.0
41925.0
41926.0
41927.0
41965.0
41968.0
41969.0
41972.0
41984.0
41985.0
41986.0
41987.0
42024.0
42028.0
42029.0
42032.0
42044.0
42045.0
42046.0
42047.0
42085.0
42089.0
42092.0
42104.0
42106.0
42107.0
42144.0
42149.0
42152.0
42164.0
42165.0
42166.0
42167.0
42212.0
42224.0
42225.0
42226.0
42227.0
42272.0
42284.0
42285.0
42286.0
42287.0
42332.0
42344.0
42345.0
42346.0
42347.0
42392.0
42404.0
42405.0
42406.0
42407.0
42452.0
42453.0
42464.0
42465.0
42466.0
42467.0
42512.0
42513.0
42524.0
42526.0
42527.0
42572.0
42573.0
42584.0
42585.0
42586.0
42587.0
42632.0
42645.0
42646.0
42647.0
42692.0
42704.0
42705.0
42706.0
42707.0
42752.0
42765.0
42767.0
42812.0
42825.0
42826.0
42827.0
42872.0
42873.0
42885.0
42932.0
42944.0
42945.0
42992.0
43005.0
43052.0
43065.0
43112.0
43124.0
43125.0
43172.0
43185.0
43186.0
43232.0
43244.0
43245.0
43292.0
43304.0
43305.0
43352.0
43353.0
43364.0
43365.0
43412.0
43425.0
43472.0
43484.0
43485.0
43486.0
43532.0
43544.0
43545.0
43592.0
43593.0
43605.0
43652.0
43664.0
43665.0
43712.0
43725.0
43751.0
43752.0
43753.0
43755.0
43772.0
43785.0
43786.0
43787.0
43788.0
43807.0
43808.0
43809.0
43811.0
43812.0
43845.0
43846.0
43847.0
43864.0
43866.0
43867.0
43904.0
43905.0
43907.0
43919.0
43920.0
43921.0
43923.0
43967.0
43971.0
43978.0
44001.0
44026.0
44027.0
44028.0
44057.0
44058.0
44080.0
44086.0
44087.0
44110.0
44127.0
44129.0
44130.0
44147.0
44160.0
44206.0
44207.0
44208.0
44231.0
44232.0
44252.0
44267.0
44268.0
44281.0
44296.0
44308.0
44327.0
44341.0
44342.0
44387.0
44401.0
44419.0
44440.0
44447.0
44448.0
44468.0
44469.0
44501.0
44506.0
44507.0
44508.0
44527.0
44562.0
44567.0
44589.0
44590.0
44596.0
44597.0
44626.0
44627.0
44628.0
44649.0
44687.0
44747.0
44748.0
44807.0
44867.0
44927.0
44987.0
45046.0
45047.0
45075.0
45088.0
45089.0
45092.0
45093.0
45105.0
45107.0
45148.0
45149.0
45152.0
45153.0
45164.0
45165.0
45167.0
45208.0
45209.0
45212.0
45213.0
45224.0
45225.0
45227.0
45268.0
45269.0
45273.0
45284.0
45285.0
45287.0
45328.0
45329.0
45332.0
45344.0
45345.0
45347.0
45388.0
45392.0
45405.0
45407.0
45448.0
45449.0
45452.0
45453.0
45464.0
45465.0
45467.0
45468.0
45508.0
45509.0
45512.0
45513.0
45525.0
45527.0
45568.0
45569.0
45572.0
45573.0
45585.0
45587.0
45588.0
45628.0
45629.0
45632.0
45645.0
45647.0
45688.0
45689.0
45692.0
45693.0
45704.0
45705.0
45707.0
45748.0
45749.0
45752.0
45753.0
45765.0
45767.0
45808.0
45809.0
45812.0
45813.0
45827.0
45868.0
45869.0
45872.0
45873.0
45885.0
45886.0
45887.0
45888.0
45928.0
45929.0
45932.0
45945.0
45947.0
45988.0
45992.0
46004.0
46005.0
46007.0
46048.0
46049.0
46052.0
46053.0
46065.0
46067.0
46108.0
46109.0
46112.0
46125.0
46127.0
46128.0
46169.0
46172.0
46185.0
46187.0
46188.0
46229.0
46232.0
46233.0
46245.0
46247.0
46289.0
46292.0
46293.0
46305.0
46307.0
46352.0
46365.0
46366.0
46367.0
46412.0
46425.0
46427.0
46472.0
46473.0
46485.0
46487.0
46532.0
46533.0
46545.0
46547.0
46548.0
46592.0
46593.0
46605.0
46607.0
46608.0
46652.0
46665.0
46667.0
46668.0
46712.0
46713.0
46725.0
46727.0
46785.0
46787.0
46788.0
46832.0
46845.0
46847.0
46892.0
46893.0
46905.0
46907.0
46952.0
46965.0
46967.0
47012.0
47013.0
47025.0
47072.0
47073.0
47085.0
47086.0
47132.0
47133.0
47145.0
47193.0
47205.0
47252.0
47265.0
47312.0
47325.0
47385.0
47432.0
47445.0
47492.0
47505.0
47552.0
47553.0
47565.0
47612.0
47613.0
47625.0
47672.0
47685.0
47686.0
47745.0
47793.0
47805.0
47837.0
47852.0
47865.0
47866.0
47867.0
47899.0
47925.0
47926.0
47927.0
47933.0
47985.0
47987.0
47988.0
47999.0
48013.0
48024.0
48047.0
48054.0
48083.0
48107.0
48111.0
48139.0
48146.0
48167.0
48176.0
48181.0
48196.0
48197.0
48198.0
48211.0
48213.0
48226.0
48227.0
48271.0
48281.0
48287.0
48311.0
48321.0
48340.0
48341.0
48342.0
48347.0
48372.0
48401.0
48407.0
48412.0
48441.0
48459.0
48467.0
48518.0
48521.0
48527.0
48535.0
48586.0
48587.0
48610.0
48639.0
48640.0
48647.0
48667.0
48668.0
48670.0
48671.0
48706.0
48707.0
48766.0
48767.0
48827.0
48887.0
48888.0
48947.0
49007.0
49067.0
49068.0
49127.0
49155.0
49168.0
49170.0
49172.0
49185.0
49186.0
49187.0
49228.0
49230.0
49232.0
49233.0
49247.0
49288.0
49290.0
49292.0
49293.0
49305.0
49307.0
49308.0
49348.0
49350.0
49352.0
49365.0
49367.0
49408.0
49410.0
49412.0
49413.0
49425.0
49426.0
49427.0
49428.0
49468.0
49470.0
49472.0
49473.0
49485.0
49487.0
49528.0
49530.0
49533.0
49545.0
49547.0
49588.0
49590.0
49592.0
49593.0
49605.0
49607.0
49648.0
49650.0
49652.0
49653.0
49665.0
49667.0
49708.0
49710.0
49712.0
49713.0
49725.0
49726.0
49727.0
49728.0
49768.0
49770.0
49772.0
49773.0
49785.0
49786.0
49787.0
49828.0
49830.0
49833.0
49845.0
49846.0
49847.0
49888.0
49890.0
49905.0
49906.0
49907.0
49948.0
49950.0
49952.0
49953.0
49965.0
49966.0
49967.0
50008.0
50010.0
50012.0
50013.0
50025.0
50026.0
50027.0
50028.0
50068.0
50070.0
50072.0
50085.0
50087.0
50088.0
50128.0
50130.0
50132.0
50133.0
50145.0
50147.0
50188.0
50190.0
50192.0
50193.0
50205.0
50207.0
50250.0
50252.0
50253.0
50265.0
50267.0
50310.0
50312.0
50313.0
50325.0
50327.0
50370.0
50373.0
50385.0
50387.0
50432.0
50433.0
50445.0
50447.0
50492.0
50505.0
50506.0
50507.0
50552.0
50553.0
50565.0
50567.0
50612.0
50613.0
50625.0
50627.0
50672.0
50685.0
50687.0
50732.0
50733.0
50745.0
50746.0
50747.0
50792.0
50793.0
50805.0
50807.0
50808.0
50852.0
50853.0
50865.0
50867.0
50868.0
50912.0
50925.0
50927.0
50928.0
50972.0
50973.0
50985.0
50987.0
51032.0
51033.0
51045.0
51092.0
51093.0
51105.0
51153.0
51165.0
51213.0
51225.0
51272.0
51273.0
51285.0
51286.0
51333.0
51345.0
51346.0
51393.0
51405.0
51453.0
51465.0
51513.0
51525.0
51572.0
51573.0
51585.0
51633.0
51645.0
51692.0
51693.0
51705.0
51716.0
51717.0
51718.0
51753.0
51765.0
51813.0
51825.0
51849.0
51850.0
51851.0
51872.0
51873.0
51885.0
51890.0
51891.0
51921.0
51932.0
51933.0
51945.0
51947.0
51950.0
51959.0
51989.0
52005.0
52007.0
52018.0
52035.0
52036.0
52050.0
52065.0
52066.0
52067.0
52068.0
52079.0
52087.0
52088.0
52094.0
52118.0
52127.0
52147.0
52151.0
52152.0
52153.0
52179.0
52180.0
52181.0
52185.0
52187.0
52188.0
52209.0
52210.0
52239.0
52243.0
52245.0
52247.0
52248.0
52269.0
52273.0
52274.0
52298.0
52299.0
52307.0
52328.0
52329.0
52330.0
52358.0
52359.0
52367.0
52368.0
52385.0
52388.0
52415.0
52427.0
52428.0
52446.0
52447.0
52475.0
52487.0
52488.0
52505.0
52506.0
52535.0
52547.0
52562.0
52564.0
52591.0
52592.0
52607.0
52621.0
52624.0
52665.0
52667.0
52668.0
52684.0
52695.0
52721.0
52725.0
52727.0
52751.0
52781.0
52787.0
52847.0
52907.0
52967.0
53027.0
53087.0
53147.0
53207.0
53247.0
53248.0
53249.0
53252.0
53253.0
53265.0
53267.0
53308.0
53309.0
53312.0
53313.0
53325.0
53327.0
53368.0
53369.0
53372.0
53373.0
53385.0
53387.0
53428.0
53429.0
53432.0
53433.0
53445.0
53447.0
53489.0
53492.0
53493.0
53505.0
53507.0
53548.0
53549.0
53552.0
53553.0
53565.0
53567.0
53608.0
53609.0
53612.0
53613.0
53625.0
53627.0
53668.0
53669.0
53672.0
53673.0
53685.0
53687.0
53728.0
53729.0
53732.0
53733.0
53745.0
53747.0
53788.0
53789.0
53792.0
53793.0
53805.0
53807.0
53848.0
53849.0
53852.0
53853.0
53865.0
53867.0
53908.0
53909.0
53913.0
53925.0
53927.0
53968.0
53969.0
53972.0
53973.0
53985.0
53987.0
54028.0
54029.0
54032.0
54045.0
54047.0
54088.0
54089.0
54093.0
54105.0
54107.0
54148.0
54149.0
54152.0
54153.0
54165.0
54167.0
54208.0
54209.0
54213.0
54225.0
54226.0
54227.0
54268.0
54269.0
54273.0
54285.0
54287.0
54328.0
54329.0
54333.0
54345.0
54347.0
54389.0
54393.0
54405.0
54406.0
54407.0
54449.0
54452.0
54453.0
54465.0
54467.0
54513.0
54525.0
54526.0
54527.0
54528.0
54572.0
54574.0
54585.0
54587.0
54588.0
54633.0
54645.0
54646.0
54647.0
54648.0
54693.0
54705.0
54706.0
54707.0
54708.0
54753.0
54765.0
54766.0
54767.0
54768.0
54813.0
54825.0
54826.0
54827.0
54873.0
54885.0
54886.0
54887.0
54888.0
54932.0
54933.0
54945.0
54947.0
54948.0
54993.0
55005.0
55006.0
55007.0
55008.0
55053.0
55065.0
55067.0
55068.0
55112.0
55113.0
55125.0
55127.0
55128.0
55173.0
55186.0
55233.0
55245.0
55293.0
55305.0
55306.0
55365.0
55413.0
55425.0
55472.0
55473.0
55485.0
55486.0
55532.0
55533.0
55545.0
55546.0
55593.0
55605.0
55606.0
55653.0
55665.0
55713.0
55725.0
55726.0
55772.0
55773.0
55785.0
55786.0
55833.0
55834.0
55893.0
55906.0
55953.0
55965.0
55966.0
56013.0
56014.0
56021.0
56022.0
56025.0
56026.0
56051.0
56073.0
56083.0
56085.0
56086.0
56087.0
56088.0
56142.0
56145.0
56146.0
56147.0
56148.0
56150.0
56151.0
56181.0
56205.0
56206.0
56207.0
56208.0
56209.0
56243.0
56244.0
56245.0
56267.0
56268.0
56273.0
56281.0
56311.0
56327.0
56328.0
56340.0
56347.0
56377.0
56387.0
56388.0
56409.0
56411.0
56441.0
56447.0
56448.0
56464.0
56466.0
56470.0
56507.0
56508.0
56524.0
56526.0
56552.0
56556.0
56567.0
56568.0
56582.0
56612.0
56627.0
56628.0
56646.0
56647.0
56675.0
56687.0
56688.0
56704.0
56706.0
56734.0
56747.0
56748.0
56749.0
56763.0
56764.0
56794.0
56807.0
56808.0
56822.0
56823.0
56850.0
56851.0
56852.0
56853.0
56867.0
56868.0
56880.0
56881.0
56910.0
56927.0
56928.0
56987.0
56988.0
57047.0
57048.0
57107.0
57108.0
57167.0
57168.0
57227.0
57228.0
57287.0
57288.0
57345.0
57347.0
57348.0
57388.0
57390.0
57407.0
57408.0
57448.0
57450.0
57467.0
57508.0
57510.0
57512.0
57525.0
57567.0
57568.0
57586.0
57587.0
57628.0
57630.0
57633.0
57647.0
57688.0
57690.0
57693.0
57748.0
57750.0
57753.0
57765.0
57766.0
57810.0
57813.0
57825.0
57826.0
57827.0
57868.0
57870.0
57873.0
57885.0
57886.0
57928.0
57930.0
57933.0
57945.0
57946.0
57947.0
57988.0
57990.0
57993.0
58005.0
58006.0
58048.0
58050.0
58053.0
58065.0
58066.0
58067.0
58068.0
58108.0
58110.0
58113.0
58126.0
58127.0
58128.0
58168.0
58170.0
58173.0
58174.0
58186.0
58187.0
58188.0
58228.0
58230.0
58233.0
58246.0
58247.0
58248.0
58288.0
58290.0
58293.0
58305.0
58306.0
58307.0
58308.0
58353.0
58365.0
58366.0
58368.0
58408.0
58409.0
58413.0
58426.0
58427.0
58428.0
58473.0
58485.0
58486.0
58488.0
58533.0
58545.0
58547.0
58548.0
58593.0
58605.0
58606.0
58607.0
58608.0
58653.0
58665.0
58666.0
58667.0
58668.0
58713.0
58725.0
58726.0
58727.0
58728.0
58773.0
58785.0
58786.0
58787.0
58788.0
58833.0
58845.0
58846.0
58847.0
58848.0
58893.0
58905.0
58906.0
58907.0
58908.0
58953.0
58965.0
58967.0
58968.0
59013.0
59025.0
59026.0
59027.0
59028.0
59073.0
59085.0
59086.0
59087.0
59088.0
59133.0
59145.0
59146.0
59147.0
59148.0
59193.0
59205.0
59206.0
59207.0
59208.0
59253.0
59265.0
59266.0
59267.0
59268.0
59313.0
59325.0
59326.0
59373.0
59385.0
59386.0
59433.0
59445.0
59446.0
59493.0
59505.0
59506.0
59553.0
59565.0
59566.0
59613.0
59625.0
59626.0
59673.0
59685.0
59686.0
59733.0
59745.0
59746.0
59793.0
59805.0
59806.0
59853.0
59865.0
59866.0
59913.0
59925.0
59926.0
59973.0
59985.0
59986.0
60033.0
60045.0
60046.0
60105.0
60106.0
60150.0
60157.0
60165.0
60166.0
60167.0
60168.0
60186.0
60203.0
60221.0
60227.0
60228.0
60250.0
60263.0
60283.0
60285.0
60287.0
60288.0
60313.0
60314.0
60346.0
60347.0
60348.0
60371.0
60372.0
60373.0
60376.0
60407.0
60408.0
60409.0
60430.0
60437.0
60438.0
60446.0
60463.0
60464.0
60467.0
60468.0
60492.0
60493.0
60521.0
60550.0
60585.0
60615.0
60652.0
60653.0
60671.0
60672.0
60673.0
60682.0
60710.0
60711.0
60712.0
60734.0
60740.0
60767.0
60771.0
60773.0
60797.0
60801.0
60802.0
60807.0
60837.0
60856.0
60865.0
60866.0
60887.0
60891.0
60892.0
60918.0
60921.0
60945.0
60946.0
60947.0
60975.0
60976.0
60978.0
61007.0
61030.0
61068.0
61128.0
61129.0
61188.0
61247.0
61248.0
61307.0
61308.0
61367.0
61368.0
61427.0
61428.0
61443.0
61455.0
61468.0
61473.0
61485.0
61486.0
61487.0
61488.0
61532.0
61533.0
61545.0
61548.0
61588.0
61605.0
61606.0
61607.0
61608.0
61652.0
61666.0
61667.0
61668.0
61708.0
61709.0
61712.0
61713.0
61727.0
61728.0
61784.0
61788.0
61829.0
61848.0
61888.0
61889.0
61908.0
61948.0
61949.0
61952.0
61968.0
62008.0
62009.0
62068.0
62069.0
62073.0
62085.0
62086.0
62087.0
62128.0
62129.0
62133.0
62148.0
62188.0
62189.0
62193.0
62205.0
62248.0
62249.0
62253.0
62266.0
62267.0
62268.0
62308.0
62309.0
62313.0
62325.0
62326.0
62368.0
62369.0
62373.0
62385.0
62386.0
62388.0
62428.0
62429.0
62433.0
62445.0
62446.0
62488.0
62489.0
62493.0
62505.0
62506.0
62507.0
62549.0
62553.0
62554.0
62565.0
62566.0
62568.0
62609.0
62613.0
62625.0
62626.0
62628.0
62673.0
62685.0
62686.0
62688.0
62733.0
62747.0
62748.0
62793.0
62805.0
62806.0
62808.0
62853.0
62866.0
62868.0
62913.0
62926.0
62928.0
62973.0
62985.0
62986.0
62988.0
63033.0
63045.0
63046.0
63048.0
63093.0
63105.0
63106.0
63108.0
63153.0
63165.0
63166.0
63168.0
63213.0
63225.0
63226.0
63228.0
63273.0
63285.0
63286.0
63288.0
63333.0
63346.0
63393.0
63406.0
63453.0
63466.0
63513.0
63525.0
63526.0
63573.0
63586.0
63633.0
63645.0
63646.0
63693.0
63705.0
63706.0
63753.0
63765.0
63766.0
63813.0
63825.0
63826.0
63873.0
63874.0
63885.0
63886.0
63933.0
63946.0
63993.0
64005.0
64006.0
64053.0
64054.0
64065.0
64066.0
64113.0
64126.0
64173.0
64174.0
64185.0
64186.0
64203.0
64204.0
64231.0
64232.0
64233.0
64245.0
64246.0
64248.0
64306.0
64308.0
64344.0
64366.0
64368.0
64369.0
64370.0
64411.0
64428.0
64451.0
64452.0
64453.0
64488.0
64489.0
64496.0
64512.0
64513.0
64514.0
64525.0
64541.0
64548.0
64556.0
64586.0
64600.0
64608.0
64629.0
64662.0
64668.0
64669.0
64690.0
64691.0
64728.0
64732.0
64748.0
64761.0
64778.0
64779.0
64788.0
64808.0
64841.0
64848.0
64869.0
64870.0
64901.0
64903.0
64908.0
64931.0
64932.0
64960.0
64961.0
64962.0
64968.0
64990.0
64992.0
65020.0
65021.0
65028.0
65029.0
65050.0
65088.0
65089.0
65148.0
65208.0
65268.0
65328.0
65329.0
65388.0
65389.0
65448.0
65449.0
65508.0
65548.0
65550.0
65553.0
65565.0
65566.0
65568.0
65608.0
65610.0
65613.0
65626.0
65628.0
65668.0
65670.0
65673.0
65686.0
65688.0
65689.0
65728.0
65730.0
65733.0
65746.0
65748.0
65788.0
65790.0
65793.0
65805.0
65806.0
65808.0
65848.0
65850.0
65853.0
65866.0
65868.0
65908.0
65910.0
65913.0
65925.0
65926.0
65927.0
65928.0
65968.0
65970.0
65973.0
65986.0
65988.0
66028.0
66030.0
66033.0
66034.0
66045.0
66046.0
66048.0
66049.0
66088.0
66090.0
66093.0
66106.0
66108.0
66148.0
66150.0
66153.0
66166.0
66168.0
66208.0
66210.0
66213.0
66226.0
66228.0
66229.0
66231.0
66267.0
66269.0
66270.0
66273.0
66274.0
66286.0
66288.0
66328.0
66330.0
66333.0
66346.0
66348.0
66388.0
66390.0
66394.0
66405.0
66406.0
66408.0
66409.0
66450.0
66453.0
66466.0
66468.0
66508.0
66510.0
66513.0
66526.0
66528.0
66568.0
66570.0
66573.0
66586.0
66588.0
66629.0
66630.0
66634.0
66646.0
66648.0
66690.0
66693.0
66706.0
66708.0
66750.0
66753.0
66754.0
66766.0
66768.0
66813.0
66826.0
66828.0
66873.0
66886.0
66888.0
66933.0
66946.0
66948.0
66993.0
67006.0
67008.0
67009.0
67053.0
67066.0
67068.0
67069.0
67113.0
67126.0
67128.0
67173.0
67185.0
67186.0
67188.0
67233.0
67246.0
67248.0
67249.0
67293.0
67306.0
67308.0
67353.0
67366.0
67368.0
67369.0
67413.0
67426.0
67428.0
67473.0
67486.0
67533.0
67546.0
67593.0
67594.0
67605.0
67606.0
67653.0
67665.0
67666.0
67713.0
67714.0
67726.0
67773.0
67786.0
67787.0
67833.0
67846.0
67893.0
67906.0
67953.0
67966.0
68013.0
68025.0
68026.0
68073.0
68086.0
68133.0
68146.0
68193.0
68206.0
68253.0
68266.0
68313.0
68314.0
68326.0
68328.0
68357.0
68382.0
68386.0
68388.0
68389.0
68411.0
68417.0
68418.0
68440.0
68446.0
68448.0
68469.0
68472.0
68502.0
68508.0
68509.0
68531.0
68560.0
68568.0
68569.0
68588.0
68589.0
68605.0
68623.0
68628.0
68629.0
68651.0
68668.0
68688.0
68689.0
68698.0
68712.0
68727.0
68728.0
68739.0
68748.0
68749.0
68758.0
68787.0
68798.0
68808.0
68809.0
68817.0
68846.0
68850.0
68851.0
68868.0
68869.0
68903.0
68904.0
68918.0
68920.0
68928.0
68929.0
68977.0
68981.0
68982.0
68988.0
68989.0
69012.0
69040.0
69041.0
69048.0
69049.0
69051.0
69052.0
69053.0
69083.0
69108.0
69109.0
69111.0
69112.0
69114.0
69115.0
69145.0
69168.0
69170.0
69174.0
69228.0
69229.0
69230.0
69288.0
69289.0
69348.0
69349.0
69408.0
69409.0
69468.0
69469.0
69528.0
69529.0
69588.0
69589.0
69628.0
69629.0
69633.0
69634.0
69646.0
69648.0
69649.0
69688.0
69689.0
69693.0
69694.0
69706.0
69708.0
69709.0
69748.0
69749.0
69753.0
69754.0
69766.0
69767.0
69768.0
69808.0
69809.0
69813.0
69814.0
69826.0
69828.0
69829.0
69868.0
69869.0
69873.0
69886.0
69888.0
69928.0
69929.0
69933.0
69934.0
69946.0
69948.0
69949.0
69988.0
69989.0
69993.0
70006.0
70008.0
70048.0
70049.0
70053.0
70066.0
70067.0
70068.0
70069.0
70108.0
70109.0
70113.0
70114.0
70126.0
70128.0
70168.0
70169.0
70173.0
70186.0
70187.0
70188.0
70228.0
70229.0
70233.0
70234.0
70246.0
70248.0
70288.0
70289.0
70293.0
70306.0
70308.0
70348.0
70349.0
70353.0
70354.0
70366.0
70367.0
70368.0
70408.0
70409.0
70413.0
70426.0
70428.0
70429.0
70468.0
70469.0
70473.0
70474.0
70486.0
70487.0
70488.0
70528.0
70533.0
70534.0
70546.0
70548.0
70549.0
70588.0
70589.0
70593.0
70606.0
70608.0
70648.0
70649.0
70654.0
70666.0
70668.0
70669.0
70708.0
70709.0
70713.0
70714.0
70726.0
70728.0
70769.0
70773.0
70786.0
70788.0
70789.0
70829.0
70833.0
70846.0
70847.0
70848.0
70893.0
70894.0
70906.0
70908.0
70909.0
70954.0
70966.0
70968.0
70969.0
71013.0
71014.0
71026.0
71027.0
71028.0
71029.0
71074.0
71086.0
71088.0
71089.0
71133.0
71134.0
71147.0
71148.0
71149.0
71193.0
71194.0
71206.0
71208.0
71253.0
71266.0
71268.0
71269.0
71313.0
71314.0
71326.0
71327.0
71328.0
71329.0
71374.0
71386.0
71388.0
71389.0
71433.0
71434.0
71446.0
71447.0
71448.0
71449.0
71493.0
71494.0
71506.0
71508.0
71553.0
71554.0
71566.0
71613.0
71614.0
71626.0
71673.0
71686.0
71687.0
71734.0
71746.0
71793.0
71794.0
71806.0
71853.0
71854.0
71866.0
71913.0
71914.0
71926.0
71973.0
71974.0
71986.0
72033.0
72034.0
72046.0
72047.0
72093.0
72094.0
72106.0
72153.0
72154.0
72166.0
72213.0
72226.0
72274.0
72286.0
72333.0
72334.0
72346.0
72381.0
72393.0
72394.0
72406.0
72407.0
72408.0
72409.0
72436.0
72453.0
72454.0
72466.0
72467.0
72468.0
72469.0
72496.0
72527.0
72528.0
72529.0
72532.0
72560.0
72561.0
72565.0
72586.0
72588.0
72589.0
72591.0
72623.0
72624.0
72641.0
72648.0
72649.0
72653.0
72654.0
72670.0
72700.0
72701.0
72702.0
72708.0
72709.0
72714.0
72717.0
72730.0
72732.0
72760.0
72761.0
72762.0
72768.0
72769.0
72791.0
72820.0
72821.0
72828.0
72829.0
72849.0
72850.0
72852.0
72853.0
72876.0
72881.0
72882.0
72888.0
72889.0
72906.0
72911.0
72935.0
72948.0
72949.0
72965.0
72990.0
73008.0
73014.0
73015.0
73045.0
73046.0
73068.0
73069.0
73074.0
73099.0
73128.0
73129.0
73137.0
73167.0
73188.0
73189.0
73196.0
73218.0
73247.0
73248.0
73249.0
73257.0
73258.0
73287.0
73308.0
73309.0
73316.0
73368.0
73369.0
73428.0
73429.0
73488.0
73489.0
73548.0
73549.0
73608.0
73609.0
73668.0
73669.0
73726.0
73728.0
73729.0
73768.0
73770.0
73773.0
73774.0
73786.0
73788.0
73789.0
73828.0
73830.0
73833.0
73834.0
73846.0
73847.0
73848.0
73849.0
73888.0
73890.0
73893.0
73894.0
73906.0
73907.0
73908.0
73909.0
73948.0
73950.0
73953.0
73954.0
73966.0
73968.0
73969.0
74008.0
74010.0
74013.0
74014.0
74026.0
74028.0
74029.0
74068.0
74070.0
74073.0
74074.0
74086.0
74088.0
74089.0
74127.0
74128.0
74130.0
74133.0
74134.0
74146.0
74148.0
74149.0
74188.0
74190.0
74193.0
74194.0
74206.0
74208.0
74209.0
74248.0
74250.0
74253.0
74254.0
74266.0
74268.0
74269.0
74308.0
74310.0
74313.0
74314.0
74326.0
74328.0
74329.0
74368.0
74370.0
74373.0
74374.0
74386.0
74388.0
74389.0
74428.0
74433.0
74434.0
74446.0
74447.0
74448.0
74449.0
74488.0
74490.0
74493.0
74494.0
74506.0
74508.0
74509.0
74548.0
74550.0
74553.0
74554.0
74566.0
74568.0
74569.0
74608.0
74610.0
74613.0
74614.0
74626.0
74628.0
74629.0
74668.0
74670.0
74673.0
74686.0
74688.0
74689.0
74728.0
74730.0
74733.0
74734.0
74746.0
74748.0
74749.0
74790.0
74794.0
74806.0
74808.0
74809.0
74850.0
74854.0
74866.0
74867.0
74868.0
74869.0
74910.0
74913.0
74914.0
74926.0
74928.0
74929.0
74970.0
74974.0
74986.0
74988.0
74989.0
75033.0
75034.0
75047.0
75048.0
75049.0
75094.0
75108.0
75109.0
75167.0
75168.0
75169.0
75213.0
75214.0
75226.0
75227.0
75229.0
75274.0
75286.0
75287.0
75288.0
75289.0
75333.0
75334.0
75347.0
75348.0
75349.0
75394.0
75406.0
75409.0
75453.0
75454.0
75466.0
75468.0
75469.0
75514.0
75526.0
75528.0
75529.0
75574.0
75586.0
75587.0
75588.0
75589.0
75634.0
75646.0
75694.0
75707.0
75753.0
75754.0
75766.0
75767.0
75813.0
75814.0
75826.0
75827.0
75874.0
75886.0
75934.0
75947.0
75993.0
75994.0
76006.0
76007.0
76053.0
76054.0
76066.0
76114.0
76126.0
76127.0
76174.0
76186.0
76187.0
76234.0
76246.0
76294.0
76306.0
76307.0
76354.0
76367.0
76414.0
76426.0
76427.0
76477.0
76486.0
76487.0
76496.0
76507.0
76508.0
76534.0
76543.0
76546.0
76547.0
76549.0
76567.0
76602.0
76607.0
76609.0
76629.0
76657.0
76658.0
76659.0
76667.0
76669.0
76688.0
76717.0
76718.0
76729.0
76748.0
76780.0
76782.0
76788.0
76789.0
76800.0
76810.0
76811.0
76826.0
76849.0
76861.0
76883.0
76884.0
76885.0
76891.0
76909.0
76911.0
76914.0
76940.0
76941.0
76942.0
76968.0
76969.0
76982.0
76996.0
77012.0
77025.0
77027.0
77029.0
77048.0
77056.0
77077.0
77088.0
77089.0
77106.0
77107.0
77136.0
77138.0
77148.0
77149.0
77165.0
77168.0
77169.0
77170.0
77209.0
77210.0
77227.0
77258.0
77260.0
77268.0
77269.0
77289.0
77323.0
77328.0
77329.0
77333.0
77334.0
77352.0
77363.0
77383.0
77389.0
77412.0
77448.0
77449.0
77450.0
77509.0
77510.0
77569.0
77629.0
77689.0
77749.0
77808.0
77809.0
77824.0
77836.0
77848.0
77849.0
77853.0
77854.0
77867.0
77868.0
77869.0
77870.0
77908.0
77909.0
77914.0
77927.0
77929.0
77930.0
77968.0
77969.0
77973.0
77974.0
77986.0
77987.0
77989.0
78028.0
78029.0
78034.0
78046.0
78047.0
78049.0
78050.0
78088.0
78089.0
78094.0
78107.0
78108.0
78109.0
78148.0
78149.0
78154.0
78155.0
78166.0
78167.0
78170.0
78208.0
78209.0
78213.0
78214.0
78215.0
78226.0
78227.0
78228.0
78229.0
78268.0
78269.0
78274.0
78286.0
78287.0
78288.0
78289.0
78328.0
78329.0
78333.0
78334.0
78346.0
78347.0
78349.0
78388.0
78389.0
78393.0
78394.0
78406.0
78407.0
78409.0
78448.0
78449.0
78453.0
78454.0
78455.0
78466.0
78467.0
78468.0
78469.0
78508.0
78509.0
78513.0
78526.0
78527.0
78529.0
78568.0
78569.0
78574.0
78587.0
78589.0
78590.0
78628.0
78629.0
78634.0
78646.0
78647.0
78649.0
78650.0
78688.0
78689.0
78693.0
78694.0
78706.0
78707.0
78708.0
78709.0
78749.0
78753.0
78754.0
78766.0
78767.0
78769.0
78808.0
78809.0
78813.0
78814.0
78827.0
78829.0
78868.0
78869.0
78873.0
78874.0
78886.0
78887.0
78889.0
78929.0
78934.0
78946.0
78947.0
78949.0
78989.0
79007.0
79009.0
79010.0
79054.0
79067.0
79068.0
79069.0
79114.0
79126.0
79127.0
79129.0
79174.0
79186.0
79187.0
79189.0
79190.0
79233.0
79234.0
79247.0
79249.0
79294.0
79307.0
79309.0
79354.0
79355.0
79366.0
79367.0
79369.0
79370.0
79414.0
79427.0
79429.0
79474.0
79487.0
79489.0
79534.0
79547.0
79549.0
79594.0
79607.0
79609.0
79654.0
79667.0
79669.0
79714.0
79726.0
79727.0
79773.0
79774.0
79775.0
79787.0
79833.0
79834.0
79847.0
79894.0
79895.0
79907.0
79954.0
79966.0
79967.0
80014.0
80015.0
80026.0
80027.0
80028.0
80087.0
80134.0
80147.0
80148.0
80194.0
80207.0
80254.0
80266.0
80314.0
80327.0
80374.0
80375.0
80387.0
80434.0
80446.0
80447.0
80494.0
80507.0
80508.0
80554.0
80555.0
80566.0
80567.0
80588.0
80589.0
80590.0
80614.0
80615.0
80620.0
80627.0
80629.0
80649.0
80651.0
80652.0
80659.0
80687.0
80689.0
80690.0
80710.0
80711.0
80713.0
80747.0
80749.0
80772.0
80773.0
80779.0
80803.0
80809.0
80832.0
80833.0
80839.0
80862.0
80869.0
80870.0
80895.0
80897.0
80927.0
80929.0
80930.0
80953.0
80982.0
80983.0
80989.0
81008.0
81009.0
81039.0
81040.0
81043.0
81049.0
81050.0
81068.0
81073.0
81109.0
81110.0
81131.0
81132.0
81160.0
81161.0
81169.0
81170.0
81189.0
81190.0
81193.0
81195.0
81229.0
81230.0
81252.0
81253.0
81282.0
81283.0
81289.0
81290.0
81312.0
81313.0
81342.0
81349.0
81371.0
81373.0
81403.0
81409.0
81434.0
81469.0
81529.0
81589.0
81649.0
81709.0
81769.0
81770.0
81829.0
81889.0
81929.0
81933.0
81934.0
81947.0
81949.0
81988.0
81989.0
81994.0
82007.0
82009.0
82048.0
82049.0
82053.0
82054.0
82067.0
82069.0
82108.0
82109.0
82113.0
82114.0
82126.0
82127.0
82129.0
82130.0
82169.0
82170.0
82174.0
82175.0
82186.0
82187.0
82189.0
82230.0
82234.0
82247.0
82249.0
82250.0
82288.0
82289.0
82290.0
82294.0
82307.0
82308.0
82309.0
82348.0
82349.0
82350.0
82354.0
82355.0
82356.0
82367.0
82369.0
82409.0
82410.0
82414.0
82415.0
82427.0
82429.0
82469.0
82470.0
82474.0
82487.0
82488.0
82489.0
82528.0
82529.0
82530.0
82534.0
82547.0
82549.0
82589.0
82590.0
82593.0
82594.0
82607.0
82609.0
82610.0
82648.0
82650.0
82654.0
82666.0
82667.0
82669.0
82670.0
82709.0
82710.0
82713.0
82714.0
82715.0
82727.0
82729.0
82769.0
82770.0
82774.0
82786.0
82787.0
82789.0
82790.0
82791.0
82819.0
82829.0
82830.0
82834.0
82847.0
82849.0
82850.0
82889.0
82890.0
82893.0
82894.0
82907.0
82909.0
82910.0
82948.0
82949.0
82950.0
82953.0
82954.0
82967.0
82969.0
83009.0
83010.0
83013.0
83014.0
83026.0
83027.0
83029.0
83030.0
83070.0
83073.0
83074.0
83087.0
83089.0
83130.0
83134.0
83147.0
83149.0
83150.0
83194.0
83195.0
83206.0
83209.0
83210.0
83254.0
83267.0
83269.0
83270.0
83314.0
83315.0
83326.0
83327.0
83329.0
83359.0
83374.0
83386.0
83387.0
83389.0
83434.0
83447.0
83449.0
83450.0
83491.0
83492.0
83493.0
83494.0
83495.0
83496.0
83500.0
83504.0
83506.0
83507.0
83509.0
83510.0
83521.0
83525.0
83553.0
83554.0
83555.0
83567.0
83569.0
83570.0
83571.0
83591.0
83592.0
83593.0
83594.0
83613.0
83614.0
83615.0
83621.0
83624.0
83625.0
83626.0
83627.0
83628.0
83629.0
83632.0
83636.0
83637.0
83653.0
83674.0
83686.0
83687.0
83689.0
83690.0
83702.0
83709.0
83725.0
83734.0
83747.0
83749.0
83750.0
83794.0
83806.0
83807.0
83842.0
83853.0
83854.0
83855.0
83867.0
83917.0
83918.0
83927.0
83978.0
84037.0
84038.0
84043.0
84050.0
84051.0
84085.0
84097.0
84098.0
84107.0
84108.0
84111.0
84157.0
84158.0
84170.0
84171.0
84189.0
84206.0
84218.0
84230.0
84231.0
84236.0
84240.0
84278.0
84290.0
84291.0
84331.0
84338.0
84350.0
84351.0
84397.0
84398.0
84410.0
84411.0
84457.0
84458.0
84471.0
84517.0
84518.0
84530.0
84531.0
84566.0
84577.0
84578.0
84590.0
84591.0
84594.0
84607.0
84637.0
84638.0
84650.0
84651.0
84667.0
84684.0
84697.0
84698.0
84710.0
84711.0
84713.0
84714.0
84727.0
84730.0
84731.0
84732.0
84744.0
84762.0
84767.0
84770.0
84771.0
84774.0
84789.0
84790.0
84793.0
84795.0
84817.0
84818.0
84819.0
84820.0
84821.0
84830.0
84831.0
84833.0
84834.0
84847.0
84850.0
84851.0
84852.0
84855.0
84856.0
84862.0
84863.0
84869.0
84871.0
84877.0
84882.0
84886.0
84893.0
84900.0
84901.0
84910.0
84914.0
84920.0
84929.0
84930.0
84934.0
84940.0
84943.0
84950.0
84953.0
84954.0
84970.0
84973.0
84978.0
84979.0
85002.0
85008.0
85013.0
85029.0
85030.0
85033.0
85034.0
85037.0
85049.0
85064.0
85073.0
85089.0
85091.0
85092.0
85105.0
85109.0
85119.0
85120.0
85128.0
85133.0
85149.0
85150.0
85152.0
85154.0
85158.0
85179.0
85180.0
85193.0
85200.0
85209.0
85210.0
85213.0
85223.0
85230.0
85240.0
85245.0
85252.0
85253.0
85263.0
85270.0
85273.0
85282.0
85299.0
85301.0
85305.0
85313.0
85314.0
85323.0
85324.0
85326.0
85333.0
85336.0
85337.0
85343.0
85371.0
85373.0
85374.0
85376.0
85378.0
85392.0
85396.0
85397.0
85406.0
85412.0
85423.0
85433.0
85456.0
85458.0
85459.0
85462.0
85464.0
85487.0
85493.0
85495.0
85496.0
85497.0
85498.0
85517.0
85518.0
85519.0
85521.0
85551.0
85553.0
85554.0
85577.0
85578.0
85613.0
85614.0
85673.0
85674.0
85677.0
85685.0
85713.0
85726.0
85733.0
85734.0
85763.0
85793.0
85794.0
85853.0
85854.0
85913.0
85914.0
85974.0
86000.0
86002.0
86003.0
86013.0
86014.0
86015.0
86017.0
86018.0
86028.0
86030.0
86031.0
86033.0
86034.0
86058.0
86060.0
86061.0
86062.0
86073.0
86074.0
86075.0
86078.0
86088.0
86089.0
86090.0
86091.0
86093.0
86094.0
86119.0
86121.0
86123.0
86133.0
86135.0
86137.0
86138.0
86143.0
86144.0
86150.0
86151.0
86153.0
86154.0
86193.0
86194.0
86195.0
86198.0
86211.0
86213.0
86253.0
86254.0
86258.0
86270.0
86271.0
86273.0
86274.0
86303.0
86313.0
86314.0
86315.0
86317.0
86318.0
86319.0
86331.0
86333.0
86373.0
86375.0
86391.0
86392.0
86393.0
86394.0
86433.0
86434.0
86437.0
86438.0
86451.0
86452.0
86453.0
86454.0
86493.0
86494.0
86495.0
86498.0
86503.0
86505.0
86506.0
86508.0
86510.0
86511.0
86513.0
86514.0
86526.0
86533.0
86547.0
86553.0
86555.0
86558.0
86571.0
86573.0
86574.0
86614.0
86615.0
86618.0
86630.0
86631.0
86633.0
86634.0
86673.0
86675.0
86678.0
86690.0
86691.0
86693.0
86694.0
86733.0
86734.0
86735.0
86737.0
86738.0
86751.0
86753.0
86754.0
86793.0
86794.0
86798.0
86811.0
86813.0
86814.0
86853.0
86854.0
86858.0
86871.0
86873.0
86874.0
86913.0
86914.0
86918.0
86919.0
86930.0
86931.0
86933.0
86934.0
86973.0
86974.0
86978.0
86991.0
86993.0
87033.0
87034.0
87038.0
87051.0
87052.0
87054.0
87093.0
87094.0
87097.0
87098.0
87111.0
87113.0
87114.0
87154.0
87171.0
87173.0
87174.0
87214.0
87217.0
87230.0
87231.0
87233.0
87234.0
87278.0
87287.0
87293.0
87294.0
87350.0
87353.0
87354.0
87413.0
87414.0
87420.0
87457.0
87473.0
87474.0
87503.0
87533.0
87534.0
87578.0
87652.0
87653.0
87683.0
87698.0
87713.0
87722.0
87723.0
87757.0
87758.0
87798.0
87799.0
87818.0
87878.0
87879.0
87891.0
87935.0
87936.0
87938.0
87943.0
87950.0
87951.0
87998.0
87999.0
88011.0
88058.0
88070.0
88071.0
88118.0
88130.0
88131.0
88180.0
88181.0
88191.0
88240.0
88251.0
88289.0
88300.0
88313.0
88314.0
88315.0
88360.0
88361.0
88373.0
88420.0
88422.0
88433.0
88434.0
88480.0
88493.0
88540.0
88541.0
88553.0
88600.0
88613.0
88660.0
88673.0
88720.0
88733.0
88738.0
88780.0
88793.0
88840.0
88853.0
88855.0
88856.0
88870.0
88885.0
88913.0
88915.0
88916.0
88973.0
88975.0
88976.0
89035.0
89036.0
89055.0
89057.0
89065.0
89071.0
89072.0
89082.0
89096.0
89109.0
89111.0
89112.0
89113.0
89115.0
89126.0
89149.0
89150.0
89154.0
89155.0
89156.0
89171.0
89183.0
89184.0
89215.0
89216.0
89238.0
89268.0
89276.0
89296.0
89297.0
89323.0
89336.0
89357.0
89396.0
89397.0
89416.0
89418.0
89448.0
89456.0
89477.0
89479.0
89480.0
89481.0
89515.0
89516.0
89517.0
89535.0
89538.0
89577.0
89598.0
89600.0
89614.0
89636.0
89637.0
89647.0
89659.0
89660.0
89673.0
89691.0
89695.0
89696.0
89719.0
89756.0
89816.0
89876.0
89936.0
89996.0
90056.0
90057.0
90113.0
90116.0
90130.0
90146.0
90154.0
90158.0
90159.0
90160.0
90161.0
90173.0
90176.0
90218.0
90219.0
90220.0
90221.0
90233.0
90236.0
90278.0
90279.0
90280.0
90281.0
90293.0
90296.0
90297.0
90334.0
90338.0
90339.0
90340.0
90341.0
90353.0
90354.0
90356.0
90386.0
90398.0
90399.0
90400.0
90401.0
90413.0
90414.0
90416.0
90454.0
90458.0
90459.0
90460.0
90461.0
90518.0
90519.0
90521.0
90533.0
90536.0
90537.0
90566.0
90578.0
90579.0
90580.0
90581.0
90593.0
90594.0
90596.0
90638.0
90639.0
90640.0
90641.0
90654.0
90656.0
90657.0
90698.0
90699.0
90700.0
90701.0
90713.0
90714.0
90716.0
90758.0
90759.0
90760.0
90774.0
90776.0
90777.0
90806.0
90818.0
90819.0
90820.0
90821.0
90822.0
90833.0
90836.0
90837.0
90866.0
90878.0
90880.0
90881.0
90893.0
90896.0
90926.0
90934.0
90938.0
90939.0
90940.0
90941.0
90953.0
90954.0
90956.0
90957.0
90958.0
90994.0
90998.0
90999.0
91001.0
91006.0
91013.0
91014.0
91016.0
91017.0
91046.0
91054.0
91058.0
91059.0
91060.0
91061.0
91062.0
91073.0
91076.0
91106.0
91114.0
91118.0
91119.0
91120.0
91121.0
91122.0
91133.0
91134.0
91136.0
91139.0
91166.0
91178.0
91179.0
91180.0
91181.0
91193.0
91196.0
91234.0
91239.0
91240.0
91241.0
91253.0
91255.0
91256.0
91257.0
91300.0
91301.0
91313.0
91314.0
91315.0
91316.0
91317.0
91361.0
91373.0
91375.0
91376.0
91420.0
91421.0
91433.0
91436.0
91438.0
91480.0
91493.0
91494.0
91495.0
91496.0
91497.0
91540.0
91541.0
91553.0
91554.0
91556.0
91600.0
91601.0
91602.0
91613.0
91614.0
91615.0
91616.0
91617.0
91660.0
91661.0
91673.0
91674.0
91676.0
91677.0
91720.0
91733.0
91736.0
91780.0
91781.0
91793.0
91794.0
91796.0
91797.0
91840.0
91853.0
91854.0
91856.0
91900.0
91901.0
91913.0
91915.0
91916.0
91961.0
91973.0
91974.0
91976.0
92020.0
92021.0
92033.0
92080.0
92081.0
92093.0
92094.0
92141.0
92153.0
92154.0
92202.0
92213.0
92261.0
92262.0
92274.0
92321.0
92334.0
92380.0
92381.0
92393.0
92394.0
92441.0
92453.0
92454.0
92500.0
92501.0
92513.0
92560.0
92561.0
92573.0
92574.0
92620.0
92621.0
92633.0
92634.0
92680.0
92681.0
92693.0
92740.0
92741.0
92753.0
92754.0
92800.0
92801.0
92813.0
92814.0
92860.0
92861.0
92873.0
92915.0
92921.0
92933.0
92934.0
92936.0
92937.0
92960.0
92962.0
92974.0
92993.0
92994.0
92996.0
93019.0
93020.0
93021.0
93050.0
93053.0
93054.0
93056.0
93057.0
93078.0
93079.0
93116.0
93137.0
93147.0
93176.0
93200.0
93202.0
93206.0
93236.0
93237.0
93254.0
93259.0
93265.0
93284.0
93285.0
93296.0
93301.0
93313.0
93356.0
93379.0
93381.0
93387.0
93388.0
93416.0
93418.0
93434.0
93447.0
93465.0
93466.0
93476.0
93477.0
93493.0
93494.0
93526.0
93536.0
93554.0
93596.0
93597.0
93604.0
93620.0
93622.0
93623.0
93649.0
93650.0
93651.0
93656.0
93680.0
93681.0
93682.0
93710.0
93716.0
93717.0
93740.0
93743.0
93777.0
93802.0
93837.0
93896.0
93897.0
93956.0
94016.0
94017.0
94076.0
94077.0
94136.0
94196.0
94197.0
94210.0
94223.0
94238.0
94240.0
94241.0
94253.0
94254.0
94256.0
94265.0
94267.0
94271.0
94272.0
94273.0
94274.0
94278.0
94280.0
94284.0
94296.0
94298.0
94300.0
94301.0
94313.0
94314.0
94316.0
94317.0
94358.0
94360.0
94361.0
94373.0
94374.0
94376.0
94418.0
94419.0
94420.0
94421.0
94433.0
94434.0
94436.0
94466.0
94478.0
94480.0
94481.0
94494.0
94496.0
94531.0
94538.0
94540.0
94541.0
94553.0
94554.0
94556.0
94557.0
94569.0
94570.0
94575.0
94576.0
94581.0
94582.0
94583.0
94587.0
94598.0
94599.0
94600.0
94601.0
94602.0
94613.0
94616.0
94658.0
94659.0
94660.0
94661.0
94673.0
94676.0
94718.0
94719.0
94720.0
94721.0
94733.0
94734.0
94736.0
94778.0
94780.0
94781.0
94793.0
94794.0
94796.0
94797.0
94826.0
94838.0
94840.0
94841.0
94853.0
94854.0
94856.0
94898.0
94899.0
94901.0
94913.0
94914.0
94916.0
94958.0
94959.0
94960.0
94961.0
94973.0
94974.0
94976.0
95006.0
95018.0
95020.0
95021.0
95033.0
95034.0
95037.0
95066.0
95078.0
95079.0
95080.0
95081.0
95093.0
95094.0
95096.0
95138.0
95139.0
95141.0
95153.0
95156.0
95186.0
95198.0
95199.0
95200.0
95201.0
95213.0
95214.0
95216.0
95246.0
95254.0
95258.0
95259.0
95260.0
95261.0
95273.0
95274.0
95276.0
95306.0
95318.0
95320.0
95321.0
95333.0
95334.0
95336.0
95337.0
95355.0
95379.0
95380.0
95381.0
95389.0
95393.0
95394.0
95396.0
95399.0
95405.0
95407.0
95418.0
95426.0
95439.0
95440.0
95441.0
95453.0
95454.0
95456.0
95486.0
95500.0
95501.0
95514.0
95516.0
95546.0
95560.0
95561.0
95573.0
95574.0
95576.0
95577.0
95621.0
95633.0
95634.0
95636.0
95680.0
95681.0
95693.0
95694.0
95696.0
95710.0
95740.0
95741.0
95753.0
95754.0
95756.0
95800.0
95801.0
95813.0
95814.0
95816.0
95861.0
95874.0
95876.0
95906.0
95920.0
95921.0
95933.0
95936.0
95981.0
95993.0
95994.0
95996.0
96013.0
96041.0
96054.0
96056.0
96101.0
96102.0
96113.0
96114.0
96161.0
96173.0
96174.0
96220.0
96221.0
96233.0
96281.0
96293.0
96294.0
96340.0
96341.0
96354.0
96401.0
96413.0
96414.0
96461.0
96473.0
96474.0
96533.0
96534.0
96580.0
96581.0
96594.0
96641.0
96654.0
96700.0
96701.0
96713.0
96714.0
96715.0
96761.0
96774.0
96821.0
96833.0
96834.0
96836.0
96837.0
96880.0
96881.0
96893.0
96894.0
96940.0
96941.0
96953.0
96979.0
96980.0
97001.0
97013.0
97014.0
97016.0
97038.0
97039.0
97071.0
97073.0
97074.0
97076.0
97077.0
97100.0
97129.0
97130.0
97131.0
97133.0
97134.0
97136.0
97137.0
97159.0
97160.0
97161.0
97163.0
97190.0
97193.0
97196.0
97197.0
97221.0
97222.0
97251.0
97256.0
97272.0
97273.0
97309.0
97310.0
97316.0
97317.0
97338.0
97339.0
97340.0
97341.0
97370.0
97371.0
97401.0
97403.0
97404.0
97406.0
97434.0
97436.0
97459.0
97461.0
97490.0
97496.0
97515.0
97516.0
97517.0
97519.0
97546.0
97548.0
97556.0
97574.0
97575.0
97580.0
97616.0
97617.0
97639.0
97641.0
97676.0
97677.0
97736.0
97737.0
97796.0
97797.0
97818.0
97824.0
97825.0
97854.0
97856.0
97883.0
97916.0
97917.0
97976.0
98036.0
98037.0
98096.0
98097.0
98156.0
98157.0
98217.0
98277.0
98278.0
98290.0
98300.0
98304.0
98318.0
98319.0
98321.0
98334.0
98336.0
98338.0
98378.0
98379.0
98381.0
98394.0
98396.0
98397.0
98438.0
98439.0
98441.0
98442.0
98454.0
98456.0
98457.0
98474.0
98477.0
98498.0
98501.0
98502.0
98514.0
98516.0
98517.0
98558.0
98559.0
98561.0
98574.0
98575.0
98576.0
98577.0
98606.0
98607.0
98618.0
98619.0
98634.0
98635.0
98636.0
98637.0
98678.0
98679.0
98694.0
98696.0
98738.0
98739.0
98756.0
98757.0
98798.0
98799.0
98816.0
98817.0
98858.0
98859.0
98876.0
98877.0
98913.0
98918.0
98919.0
98937.0
98938.0
98978.0
98979.0
98996.0
98997.0
99018.0
99038.0
99039.0
99098.0
99099.0
99109.0
99119.0
99123.0
99157.0
99158.0
99159.0
99217.0
99218.0
99219.0
99278.0
99279.0
99338.0
99339.0
99398.0
99399.0
99459.0
99519.0
101631.0
101632.0
101633.0
101634.0
101635.0
101636.0
101654.0
101658.0
101661.0
101664.0
101666.0
101676.0
101678.0
101682.0
101683.0
101690.0
101694.0
101720.0
101750.0
101754.0
101814.0
101839.0
101840.0
101842.0
101843.0
101874.0
101875.0
101927.0
101934.0
101957.0
101987.0
101994.0
101995.0
102017.0
102047.0
102054.0
102077.0
102107.0
102109.0
102114.0
102137.0
102174.0
102234.0
102294.0
102354.0
102355.0
102391.0
102392.0
102398.0
102399.0
102404.0
102405.0
102411.0
102414.0
102434.0
102437.0
102452.0
102453.0
102454.0
102455.0
102458.0
102459.0
102464.0
102465.0
102467.0
102471.0
102472.0
102473.0
102474.0
102475.0
102479.0
102481.0
102483.0
102485.0
102488.0
102489.0
102494.0
102497.0
102498.0
102500.0
102502.0
102503.0
102505.0
102507.0
102513.0
102515.0
102518.0
102519.0
102527.0
102528.0
102531.0
102532.0
102534.0
102557.0
102573.0
102575.0
102578.0
102579.0
102587.0
102588.0
102591.0
102592.0
102594.0
102617.0
102635.0
102638.0
102639.0
102647.0
102651.0
102652.0
102654.0
102655.0
102660.0
102662.0
102665.0
102677.0
102684.0
102691.0
102692.0
102695.0
102697.0
102698.0
102699.0
102707.0
102711.0
102712.0
102714.0
102737.0
102747.0
102749.0
102751.0
102752.0
102755.0
102758.0
102759.0
102767.0
102772.0
102774.0
102779.0
102780.0
102797.0
102804.0
102807.0
102809.0
102811.0
102812.0
102814.0
102815.0
102818.0
102819.0
102824.0
102825.0
102827.0
102828.0
102831.0
102834.0
102838.0
102840.0
102841.0
102842.0
102854.0
102868.0
102869.0
102873.0
102878.0
102879.0
102884.0
102891.0
102892.0
102894.0
102895.0
102897.0
102899.0
102928.0
102930.0
102934.0
102935.0
102938.0
102939.0
102951.0
102952.0
102954.0
102959.0
102974.0
102993.0
102995.0
102998.0
102999.0
103011.0
103012.0
103014.0
103053.0
103055.0
103058.0
103059.0
103071.0
103072.0
103074.0
103075.0
103104.0
103113.0
103115.0
103118.0
103119.0
103127.0
103131.0
103132.0
103134.0
103157.0
103164.0
103167.0
103175.0
103178.0
103179.0
103187.0
103191.0
103192.0
103194.0
103224.0
103231.0
103232.0
103233.0
103234.0
103235.0
103238.0
103239.0
103247.0
103251.0
103252.0
103254.0
103258.0
103260.0
103277.0
103284.0
103288.0
103289.0
103290.0
103291.0
103292.0
103293.0
103295.0
103298.0
103299.0
103300.0
103311.0
103314.0
103315.0
103318.0
103319.0
103321.0
103346.0
103348.0
103350.0
103352.0
103353.0
103355.0
103358.0
103359.0
103364.0
103371.0
103372.0
103374.0
103377.0
103378.0
103380.0
103382.0
103404.0
103408.0
103410.0
103411.0
103412.0
103413.0
103415.0
103418.0
103419.0
103425.0
103431.0
103432.0
103434.0
103438.0
103439.0
103441.0
103454.0
103455.0
103464.0
103467.0
103468.0
103470.0
103471.0
103472.0
103473.0
103475.0
103478.0
103479.0
103485.0
103491.0
103492.0
103494.0
103498.0
103499.0
103502.0
103514.0
103524.0
103530.0
103532.0
103535.0
103538.0
103539.0
103544.0
103552.0
103554.0
103555.0
103559.0
103562.0
103592.0
103595.0
103598.0
103599.0
103603.0
103604.0
103611.0
103612.0
103614.0
103619.0
103634.0
103635.0
103644.0
103658.0
103659.0
103664.0
103667.0
103671.0
103672.0
103674.0
103681.0
103682.0
103694.0
103695.0
103712.0
103718.0
103719.0
103720.0
103725.0
103727.0
103731.0
103732.0
103734.0
103740.0
103744.0
103745.0
103746.0
103757.0
103778.0
103779.0
103787.0
103788.0
103791.0
103792.0
103794.0
103795.0
103815.0
103817.0
103839.0
103844.0
103845.0
103847.0
103851.0
103852.0
103854.0
103855.0
103871.0
103873.0
103874.0
103877.0
103878.0
103884.0
103898.0
103899.0
103907.0
103911.0
103912.0
103914.0
103915.0
103937.0
103944.0
103959.0
103967.0
103972.0
103974.0
103997.0
104004.0
104006.0
104007.0
104012.0
104018.0
104019.0
104027.0
104028.0
104031.0
104032.0
104034.0
104042.0
104064.0
104072.0
104078.0
104079.0
104091.0
104092.0
104094.0
104117.0
104118.0
104124.0
104138.0
104145.0
104147.0
104151.0
104152.0
104154.0
104155.0
104161.0
104174.0
104175.0
104176.0
104180.0
104181.0
104184.0
104197.0
104198.0
104199.0
104203.0
104205.0
104211.0
104212.0
104214.0
104258.0
104271.0
104272.0
104294.0
104318.0
104319.0
104330.0
104331.0
104332.0
104378.0
104379.0
104391.0
104438.0
104439.0
104451.0
104452.0
104498.0
104499.0
104512.0
104558.0
104559.0
104571.0
104572.0
104574.0
104619.0
104631.0
104692.0
104707.0
104738.0
104739.0
104740.0
104751.0
104752.0
104798.0
104799.0
104811.0
104812.0
104858.0
104859.0
104871.0
104872.0
104873.0
104931.0
104932.0
104978.0
104979.0
104991.0
104992.0
105033.0
105038.0
105039.0
105040.0
105045.0
105051.0
105052.0
105053.0
105098.0
105099.0
105111.0
105138.0
105159.0
105160.0
105171.0
105172.0
105173.0
105174.0
105176.0
105177.0
105191.0
105197.0
105198.0
105218.0
105219.0
105234.0
105235.0
105245.0
105257.0
105258.0
105259.0
105267.0
105289.0
105294.0
105304.0
105318.0
105319.0
105325.0
105335.0
105347.0
105348.0
105351.0
105352.0
105354.0
105355.0
105356.0
105365.0
105371.0
105377.0
105393.0
105395.0
105399.0
105405.0
105406.0
105414.0
105415.0
105425.0
105430.0
105436.0
105439.0
105445.0
105467.0
105468.0
105469.0
105474.0
105475.0
105476.0
105479.0
105481.0
105497.0
105498.0
105508.0
105514.0
105520.0
105526.0
105527.0
105534.0
105535.0
105538.0
105557.0
105587.0
105589.0
105595.0
105596.0
105618.0
105648.0
105679.0
105685.0
105714.0
105715.0
105738.0
105739.0
105740.0
105768.0
105774.0
105797.0
105798.0
105799.0
105805.0
105834.0
105835.0
105858.0
105888.0
105889.0
105894.0
105895.0
105912.0
105917.0
105918.0
105933.0
105947.0
105949.0
105954.0
105955.0
105977.0
105980.0
105985.0
106008.0
106014.0
106037.0
106038.0
106045.0
106075.0
106098.0
106112.0
106134.0
106135.0
106194.0
106195.0
106254.0
106255.0
106314.0
106315.0
106374.0
106375.0
106407.0
106434.0
106435.0
106464.0
106491.0
106492.0
106495.0
106508.0
106534.0
106538.0
106539.0
106551.0
106552.0
106554.0
106555.0
106594.0
106598.0
106599.0
106611.0
106612.0
106614.0
106615.0
106654.0
106658.0
106659.0
106671.0
106672.0
106674.0
106675.0
106714.0
106718.0
106719.0
106735.0
106773.0
106774.0
106778.0
106779.0
106792.0
106794.0
106795.0
106834.0
106838.0
106839.0
106851.0
106852.0
106854.0
106855.0
106894.0
106898.0
106899.0
106911.0
106912.0
106914.0
106915.0
106954.0
106958.0
106959.0
106971.0
106972.0
106975.0
107014.0
107018.0
107019.0
107031.0
107032.0
107034.0
107035.0
107073.0
107074.0
107078.0
107079.0
107091.0
107092.0
107095.0
107134.0
107138.0
107139.0
107151.0
107152.0
107154.0
107155.0
107194.0
107198.0
107199.0
107211.0
107212.0
107214.0
107228.0
107244.0
107254.0
107258.0
107259.0
107271.0
107272.0
107274.0
107275.0
107314.0
107318.0
107319.0
107331.0
107332.0
107334.0
107335.0
107374.0
107378.0
107379.0
107391.0
107394.0
107395.0
107434.0
107438.0
107439.0
107451.0
107452.0
107454.0
107455.0
107494.0
107498.0
107499.0
107511.0
107512.0
107514.0
107544.0
107554.0
107558.0
107559.0
107571.0
107572.0
107574.0
107575.0
107614.0
107618.0
107619.0
107631.0
107634.0
107635.0
107664.0
107674.0
107678.0
107679.0
107691.0
107692.0
107694.0
107724.0
107734.0
107738.0
107739.0
107751.0
107752.0
107754.0
107784.0
107798.0
107799.0
107811.0
107812.0
107814.0
107844.0
107858.0
107859.0
107860.0
107871.0
107872.0
107874.0
107875.0
107918.0
107919.0
107931.0
107932.0
107934.0
107935.0
107964.0
107978.0
107979.0
107991.0
107992.0
107994.0
107995.0
108038.0
108039.0
108051.0
108052.0
108054.0
108055.0
108084.0
108098.0
108099.0
108112.0
108114.0
108115.0
108158.0
108159.0
108171.0
108172.0
108174.0
108204.0
108219.0
108220.0
108231.0
108234.0
108235.0
108264.0
108278.0
108279.0
108291.0
108292.0
108294.0
108338.0
108339.0
108352.0
108354.0
108355.0
108399.0
108411.0
108458.0
108459.0
108471.0
108472.0
108518.0
108519.0
108531.0
108532.0
108578.0
108579.0
108591.0
108592.0
108595.0
108596.0
108638.0
108639.0
108651.0
108652.0
108698.0
108699.0
108711.0
108712.0
108729.0
108758.0
108759.0
108771.0
108772.0
108818.0
108819.0
108831.0
108832.0
108878.0
108879.0
108891.0
108892.0
108938.0
108939.0
108951.0
108952.0
108998.0
109000.0
109012.0
109058.0
109071.0
109072.0
109119.0
109131.0
109132.0
109133.0
109178.0
109179.0
109191.0
109192.0
109238.0
109239.0
109251.0
109252.0
109279.0
109280.0
109281.0
109298.0
109299.0
109311.0
109312.0
109314.0
109315.0
109339.0
109340.0
109345.0
109370.0
109371.0
109372.0
109375.0
109398.0
109399.0
109405.0
109428.0
109431.0
109432.0
109434.0
109436.0
109458.0
109460.0
109465.0
109488.0
109489.0
109494.0
109495.0
109518.0
109519.0
109521.0
109522.0
109525.0
109552.0
109555.0
109561.0
109579.0
109580.0
109585.0
109609.0
109614.0
109615.0
109638.0
109639.0
109645.0
109668.0
109697.0
109698.0
109699.0
109705.0
109728.0
109729.0
109734.0
109735.0
109757.0
109758.0
109760.0
109765.0
109789.0
109794.0
109795.0
109819.0
109820.0
109825.0
109848.0
109849.0
109850.0
109854.0
109855.0
109856.0
109879.0
109885.0
109905.0
109913.0
109914.0
109915.0
109939.0
109940.0
109943.0
109955.0
109969.0
109970.0
109974.0
109975.0
109997.0
109998.0
109999.0
110026.0
110028.0
110034.0
110035.0
110041.0
110056.0
110059.0
110088.0
110089.0
110094.0
110095.0
110118.0
110149.0
110150.0
110155.0
110178.0
110179.0
110185.0
110208.0
110214.0
110215.0
110245.0
110274.0
110275.0
110305.0
110335.0
110394.0
110395.0
110455.0
110485.0
110515.0
110545.0
110574.0
110575.0
110576.0
110589.0
110602.0
110615.0
110618.0
110619.0
110620.0
110631.0
110634.0
110635.0
110636.0
110665.0
110675.0
110677.0
110678.0
110679.0
110680.0
110695.0
110725.0
110726.0
110728.0
110735.0
110738.0
110739.0
110752.0
110755.0
110793.0
110795.0
110799.0
110811.0
110812.0
110814.0
110815.0
110845.0
110853.0
110855.0
110858.0
110859.0
110872.0
110874.0
110875.0
110905.0
110915.0
110918.0
110919.0
110920.0
110932.0
110934.0
110935.0
110975.0
110978.0
110979.0
110992.0
110995.0
111035.0
111038.0
111039.0
111052.0
111054.0
111055.0
111095.0
111098.0
111099.0
111112.0
111115.0
111155.0
111158.0
111159.0
111160.0
111172.0
111174.0
111175.0
111176.0
111213.0
111215.0
111218.0
111219.0
111232.0
111265.0
111275.0
111278.0
111279.0
111292.0
111294.0
111295.0
111300.0
111335.0
111338.0
111339.0
111352.0
111355.0
111368.0
111385.0
111387.0
111395.0
111398.0
111399.0
111400.0
111411.0
111412.0
111415.0
111429.0
111433.0
111455.0
111458.0
111459.0
111460.0
111472.0
111475.0
111515.0
111518.0
111519.0
111531.0
111532.0
111535.0
111575.0
111578.0
111579.0
111592.0
111595.0
111596.0
111635.0
111638.0
111639.0
111652.0
111655.0
111693.0
111694.0
111695.0
111698.0
111699.0
111712.0
111715.0
111755.0
111758.0
111759.0
111760.0
111771.0
111772.0
111775.0
111776.0
111810.0
111811.0
111815.0
111819.0
111820.0
111826.0
111827.0
111831.0
111832.0
111834.0
111835.0
111865.0
111879.0
111891.0
111895.0
111896.0
111938.0
111939.0
111951.0
111952.0
111955.0
111999.0
112011.0
112012.0
112014.0
112015.0
112044.0
112058.0
112059.0
112061.0
112072.0
112073.0
112074.0
112075.0
112119.0
112120.0
112129.0
112130.0
112132.0
112135.0
112179.0
112180.0
112192.0
112195.0
112196.0
112238.0
112239.0
112252.0
112253.0
112255.0
112299.0
112312.0
112315.0
112358.0
112359.0
112371.0
112372.0
112374.0
112375.0
112376.0
112418.0
112419.0
112420.0
112431.0
112432.0
112435.0
112478.0
112479.0
112492.0
112539.0
112552.0
112553.0
112599.0
112600.0
112612.0
112658.0
112659.0
112660.0
112671.0
112672.0
112719.0
112731.0
112732.0
112733.0
112778.0
112779.0
112792.0
112793.0
112839.0
112851.0
112852.0
112900.0
112901.0
112912.0
112959.0
112972.0
113019.0
113020.0
113032.0
113033.0
113079.0
113092.0
113093.0
113153.0
113199.0
113207.0
113212.0
113213.0
113259.0
113260.0
113272.0
113300.0
113319.0
113332.0
113339.0
113363.0
113365.0
113379.0
113380.0
113392.0
113395.0
113420.0
113422.0
113452.0
113454.0
113455.0
113456.0
113463.0
113475.0
113476.0
113477.0
113478.0
113479.0
113508.0
113512.0
113513.0
113514.0
113515.0
113516.0
113535.0
113536.0
113538.0
113539.0
113569.0
113575.0
113597.0
113598.0
113627.0
113635.0
113642.0
113655.0
113656.0
113658.0
113659.0
113668.0
113689.0
113695.0
113717.0
113718.0
113721.0
113722.0
113731.0
113732.0
113755.0
113766.0
113778.0
113779.0
113780.0
113791.0
113808.0
113810.0
113814.0
113815.0
113838.0
113839.0
113840.0
113841.0
113870.0
113874.0
113875.0
113899.0
113900.0
113901.0
113903.0
113933.0
113935.0
113936.0
113957.0
113960.0
113961.0
113989.0
113995.0
113996.0
114016.0
114019.0
114047.0
114049.0
114055.0
114062.0
114063.0
114076.0
114077.0
114078.0
114105.0
114114.0
114115.0
114135.0
114136.0
114137.0
114138.0
114166.0
114168.0
114174.0
114175.0
114194.0
114195.0
114196.0
114197.0
114235.0
114295.0
114296.0
114354.0
114355.0
114356.0
114415.0
114474.0
114475.0
114535.0
114595.0
114655.0
114682.0
114694.0
114698.0
114699.0
114712.0
114713.0
114715.0
114716.0
114754.0
114758.0
114759.0
114760.0
114772.0
114775.0
114792.0
114814.0
114818.0
114819.0
114832.0
114835.0
114836.0
114874.0
114878.0
114879.0
114880.0
114883.0
114884.0
114892.0
114895.0
114938.0
114939.0
114952.0
114955.0
114994.0
114998.0
114999.0
115012.0
115013.0
115015.0
115054.0
115058.0
115059.0
115072.0
115073.0
115074.0
115075.0
115114.0
115118.0
115119.0
115132.0
115134.0
115135.0
115136.0
115174.0
115178.0
115179.0
115180.0
115192.0
115193.0
115195.0
115228.0
115238.0
115239.0
115252.0
115255.0
115294.0
115298.0
115299.0
115300.0
115312.0
115313.0
115315.0
115316.0
115354.0
115358.0
115359.0
115372.0
115373.0
115375.0
115414.0
115418.0
115419.0
115432.0
115435.0
115474.0
115478.0
115479.0
115492.0
115495.0
115534.0
115538.0
115539.0
115552.0
115555.0
115598.0
115599.0
115600.0
115612.0
115615.0
115616.0
115654.0
115658.0
115659.0
115672.0
115674.0
115675.0
115714.0
115718.0
115719.0
115732.0
115735.0
115774.0
115778.0
115779.0
115792.0
115795.0
115834.0
115839.0
115852.0
115855.0
115894.0
115899.0
115912.0
115915.0
115959.0
115972.0
115975.0
116019.0
116032.0
116035.0
116036.0
116079.0
116092.0
116095.0
116140.0
116152.0
116155.0
116199.0
116212.0
116215.0
116259.0
116272.0
116273.0
116275.0
116319.0
116332.0
116335.0
116379.0
116380.0
116392.0
116395.0
116396.0
116439.0
116452.0
116455.0
116499.0
116500.0
116512.0
116515.0
116559.0
116572.0
116575.0
116576.0
116619.0
116632.0
116633.0
116679.0
116692.0
116693.0
116739.0
116752.0
116799.0
116812.0
116859.0
116872.0
116919.0
116920.0
116932.0
116979.0
116992.0
117039.0
117040.0
117052.0
117099.0
117112.0
117159.0
117172.0
117219.0
117232.0
117292.0
117293.0
117340.0
117341.0
117352.0
117399.0
117448.0
117449.0
117459.0
117472.0
117473.0
117474.0
117502.0
117535.0
117542.0
117546.0
117564.0
117582.0
117583.0
117590.0
117592.0
117595.0
117612.0
117632.0
117655.0
117676.0
117677.0
117719.0
117720.0
117749.0
117776.0
117784.0
117785.0
117820.0
117835.0
117850.0
117851.0
117876.0
117895.0
117905.0
118015.0
118016.0
118017.0
118018.0
118047.0
118048.0
118049.0
118077.0
118078.0
118135.0
118140.0
118205.0
118206.0
118231.0
118255.0
118274.0
118275.0
118315.0
118316.0
118321.0
118349.0
118350.0
118375.0
118376.0
118412.0
118435.0
118495.0
118496.0
118555.0
118556.0
118615.0
118675.0
118735.0
118736.0
118779.0
118792.0
118793.0
118795.0
118796.0
118838.0
118839.0
118840.0
118852.0
118853.0
118855.0
118856.0
118899.0
118900.0
118912.0
118915.0
118955.0
118959.0
118960.0
118972.0
118975.0
119019.0
119032.0
119035.0
119079.0
119093.0
119095.0
119096.0
119139.0
119140.0
119152.0
119153.0
119155.0
119156.0
119198.0
119199.0
119200.0
119212.0
119213.0
119215.0
119216.0
119255.0
119258.0
119260.0
119275.0
119276.0
119315.0
119318.0
119319.0
119320.0
119332.0
119335.0
119336.0
119375.0
119378.0
119379.0
119380.0
119392.0
119393.0
119395.0
119396.0
119439.0
119452.0
119455.0
119456.0
119495.0
119499.0
119500.0
119512.0
119513.0
119515.0
119558.0
119559.0
119560.0
119572.0
119575.0
119576.0
119618.0
119619.0
119620.0
119632.0
119633.0
119635.0
119675.0
119678.0
119679.0
119680.0
119692.0
119693.0
119695.0
119696.0
119738.0
119739.0
119740.0
119741.0
119752.0
119755.0
119798.0
119799.0
119800.0
119812.0
119815.0
119816.0
119855.0
119858.0
119859.0
119860.0
119872.0
119875.0
119919.0
119920.0
119932.0
119933.0
119935.0
119979.0
119980.0
119992.0
119995.0
119996.0
120039.0
120052.0
120055.0
120099.0
120100.0
120112.0
120113.0
120115.0
120159.0
120160.0
120172.0
120175.0
120219.0
120232.0
120233.0
120235.0
120279.0
120280.0
120292.0
120293.0
120295.0
120339.0
120352.0
120353.0
120355.0
120356.0
120399.0
120400.0
120412.0
120415.0
120459.0
120472.0
120473.0
120475.0
120476.0
120519.0
120532.0
120533.0
120535.0
120536.0
120579.0
120592.0
120595.0
120596.0
120639.0
120652.0
120655.0
120656.0
120699.0
120712.0
120759.0
120772.0
120819.0
120832.0
120879.0
120892.0
120939.0
120952.0
120999.0
121012.0
121059.0
121072.0
121119.0
121132.0
121179.0
121192.0
121239.0
121252.0
121299.0
121312.0
121359.0
121372.0
121419.0
121432.0
121479.0
121480.0
121492.0
121493.0
121539.0
121550.0
121552.0
121578.0
121579.0
121599.0
121612.0
121615.0
121627.0
121628.0
121635.0
121672.0
121675.0
121677.0
121732.0
121733.0
121734.0
121735.0
121775.0
121795.0
121796.0
121802.0
121803.0
121837.0
121842.0
121855.0
121866.0
121904.0
121915.0
121916.0
121932.0
121933.0
121973.0
121975.0
122002.0
122029.0
122035.0
122036.0
122058.0
122062.0
122063.0
122083.0
122095.0
122096.0
122112.0
122141.0
122155.0
122170.0
122183.0
122197.0
122215.0
122225.0
122226.0
122275.0
122279.0
122287.0
122335.0
122340.0
122372.0
122395.0
122402.0
122403.0
122437.0
122455.0
122501.0
122502.0
122515.0
122575.0
122576.0
122635.0
122636.0
122695.0
122755.0
122815.0
122816.0
122875.0
122889.0
122902.0
122914.0
122918.0
122919.0
122932.0
122933.0
122935.0
122936.0
122974.0
122978.0
122979.0
122992.0
122993.0
122995.0
122996.0
123034.0
123038.0
123039.0
123052.0
123055.0
123056.0
123094.0
123098.0
123099.0
123100.0
123112.0
123115.0
123116.0
123154.0
123158.0
123159.0
123160.0
123172.0
123175.0
123176.0
123214.0
123218.0
123219.0
123220.0
123232.0
123233.0
123235.0
123236.0
123274.0
123278.0
123279.0
123280.0
123292.0
123295.0
123296.0
123334.0
123338.0
123339.0
123352.0
123353.0
123355.0
123356.0
123398.0
123399.0
123412.0
123413.0
123415.0
123454.0
123458.0
123459.0
123460.0
123472.0
123473.0
123475.0
123476.0
123514.0
123518.0
123519.0
123520.0
123532.0
123535.0
123536.0
123574.0
123578.0
123579.0
123592.0
123593.0
123595.0
123596.0
123634.0
123638.0
123639.0
123640.0
123652.0
123653.0
123655.0
123656.0
123694.0
123698.0
123699.0
123700.0
123712.0
123715.0
123716.0
123754.0
123758.0
123759.0
123772.0
123773.0
123775.0
123776.0
123814.0
123818.0
123819.0
123820.0
123832.0
123833.0
123835.0
123836.0
123874.0
123878.0
123879.0
123880.0
123892.0
123893.0
123895.0
123896.0
123934.0
123938.0
123939.0
123940.0
123953.0
123955.0
123956.0
123998.0
123999.0
124000.0
124012.0
124013.0
124015.0
124016.0
124054.0
124059.0
124060.0
124072.0
124073.0
124075.0
124076.0
124119.0
124132.0
124133.0
124135.0
124136.0
124179.0
124180.0
124192.0
124193.0
124195.0
124196.0
124239.0
124240.0
124252.0
124253.0
124255.0
124256.0
124300.0
124312.0
124313.0
124315.0
124316.0
124359.0
124360.0
124372.0
124373.0
124375.0
124376.0
124419.0
124420.0
124432.0
124433.0
124435.0
124436.0
124479.0
124480.0
124492.0
124493.0
124495.0
124496.0
124539.0
124552.0
124553.0
124555.0
124556.0
124599.0
124612.0
124613.0
124615.0
124616.0
124659.0
124660.0
124672.0
124673.0
124675.0
124676.0
124719.0
124732.0
124733.0
124735.0
124736.0
124779.0
124780.0
124792.0
124795.0
124796.0
124839.0
124840.0
124852.0
124853.0
124899.0
124900.0
124912.0
124913.0
124959.0
124960.0
124972.0
124973.0
125019.0
125032.0
125033.0
125079.0
125080.0
125092.0
125139.0
125140.0
125152.0
125153.0
125199.0
125212.0
125213.0
125259.0
125260.0
125272.0
125273.0
125319.0
125332.0
125333.0
125379.0
125380.0
125392.0
125439.0
125452.0
125453.0
125499.0
125500.0
125512.0
125559.0
125560.0
125572.0
125619.0
125620.0
125632.0
125633.0
125664.0
125679.0
125681.0
125692.0
125693.0
125695.0
125696.0
125721.0
125722.0
125724.0
125740.0
125748.0
125752.0
125753.0
125755.0
125756.0
125777.0
125791.0
125803.0
125812.0
125813.0
125815.0
125816.0
125818.0
125847.0
125867.0
125875.0
125876.0
125896.0
125927.0
125933.0
125935.0
125936.0
125952.0
125988.0
125995.0
125996.0
126017.0
126035.0
126045.0
126055.0
126056.0
126073.0
126098.0
126115.0
126116.0
126127.0
126175.0
126176.0
126179.0
126235.0
126236.0
126238.0
126267.0
126295.0
126296.0
126298.0
126299.0
126329.0
126355.0
126356.0
126363.0
126391.0
126397.0
126415.0
126416.0
126426.0
126455.0
126460.0
126475.0
126476.0
126489.0
126535.0
126536.0
126595.0
126596.0
126655.0
126656.0
126715.0
126716.0
126775.0
126776.0
126835.0
126836.0
126895.0
126896.0
126955.0
126956.0
126969.0
126982.0
126998.0
126999.0
127000.0
127012.0
127013.0
127015.0
127016.0
127058.0
127059.0
127060.0
127072.0
127073.0
127075.0
127076.0
127115.0
127118.0
127119.0
127120.0
127132.0
127133.0
127135.0
127136.0
127175.0
127178.0
127179.0
127180.0
127192.0
127193.0
127195.0
127196.0
127238.0
127239.0
127240.0
127252.0
127253.0
127255.0
127256.0
127295.0
127298.0
127299.0
127300.0
127312.0
127315.0
127316.0
127358.0
127359.0
127360.0
127373.0
127375.0
127376.0
127418.0
127419.0
127420.0
127432.0
127433.0
127435.0
127436.0
127475.0
127478.0
127479.0
127480.0
127492.0
127493.0
127495.0
127496.0
127535.0
127539.0
127540.0
127552.0
127553.0
127555.0
127556.0
127598.0
127599.0
127600.0
127613.0
127615.0
127616.0
127658.0
127659.0
127660.0
127672.0
127673.0
127675.0
127676.0
127718.0
127719.0
127720.0
127732.0
127733.0
127736.0
127778.0
127779.0
127780.0
127792.0
127793.0
127795.0
127796.0
127838.0
127840.0
127852.0
127853.0
127855.0
127856.0
127898.0
127899.0
127900.0
127913.0
127915.0
127916.0
127958.0
127959.0
127960.0
127972.0
127973.0
127975.0
127976.0
127977.0
128018.0
128019.0
128020.0
128032.0
128033.0
128036.0
128037.0
128075.0
128078.0
128079.0
128080.0
128092.0
128093.0
128096.0
128139.0
128140.0
128152.0
128153.0
128155.0
128156.0
128199.0
128200.0
128212.0
128213.0
128216.0
128259.0
128260.0
128272.0
128273.0
128276.0
128277.0
128319.0
128320.0
128332.0
128333.0
128336.0
128379.0
128380.0
128392.0
128393.0
128396.0
128440.0
128452.0
128453.0
128455.0
128456.0
128499.0
128500.0
128512.0
128513.0
128516.0
128559.0
128560.0
128572.0
128573.0
128576.0
128577.0
128619.0
128620.0
128636.0
128637.0
128679.0
128680.0
128693.0
128696.0
128739.0
128740.0
128752.0
128753.0
128756.0
128799.0
128800.0
128813.0
128816.0
128859.0
128860.0
128872.0
128873.0
128876.0
128919.0
128933.0
128980.0
128993.0
129039.0
129040.0
129052.0
129053.0
129100.0
129113.0
129159.0
129160.0
129173.0
129219.0
129220.0
129232.0
129233.0
129280.0
129293.0
129339.0
129353.0
129399.0
129400.0
129413.0
129459.0
129460.0
129473.0
129519.0
129520.0
129532.0
129579.0
129580.0
129593.0
129639.0
129640.0
129652.0
129699.0
129700.0
129712.0
129713.0
129743.0
129745.0
129759.0
129760.0
129773.0
129776.0
129777.0
129801.0
129803.0
129804.0
129805.0
129833.0
129836.0
129837.0
129858.0
129865.0
129888.0
129892.0
129893.0
129896.0
129917.0
129935.0
129956.0
130016.0
130041.0
130044.0
130051.0
130055.0
130056.0
130070.0
130076.0
130105.0
130109.0
130136.0
130137.0
130144.0
130145.0
130162.0
130163.0
130174.0
130196.0
130212.0
130234.0
130235.0
130242.0
130256.0
130257.0
130260.0
130275.0
130289.0
130292.0
130294.0
130305.0
130314.0
130315.0
130316.0
130353.0
130365.0
130376.0
130394.0
130395.0
130400.0
130436.0
130437.0
130451.0
130452.0
130482.0
130496.0
130511.0
130539.0
130556.0
130557.0
130569.0
130570.0
130616.0
130676.0
130677.0
130736.0
130796.0
130797.0
130856.0
130857.0
130916.0
130917.0
130976.0
131036.0
131078.0
131079.0
131080.0
131092.0
131093.0
131096.0
131097.0
131138.0
131139.0
131140.0
131153.0
131156.0
131198.0
131199.0
131200.0
131213.0
131216.0
131258.0
131259.0
131260.0
131273.0
131276.0
131277.0
131318.0
131319.0
131320.0
131333.0
131336.0
131378.0
131379.0
131380.0
131393.0
131396.0
131438.0
131439.0
131452.0
131453.0
131456.0
131498.0
131499.0
131500.0
131512.0
131513.0
131516.0
131517.0
131558.0
131559.0
131560.0
131573.0
131576.0
131618.0
131619.0
131620.0
131633.0
131636.0
131678.0
131679.0
131680.0
131693.0
131696.0
131697.0
131738.0
131739.0
131740.0
131753.0
131756.0
131798.0
131799.0
131800.0
131813.0
131816.0
131857.0
131858.0
131860.0
131873.0
131876.0
131918.0
131919.0
131920.0
131932.0
131936.0
131978.0
131979.0
131980.0
131981.0
131992.0
131993.0
131996.0
132038.0
132039.0
132040.0
132052.0
132053.0
132056.0
132057.0
132098.0
132099.0
132100.0
132113.0
132116.0
132117.0
132159.0
132160.0
132173.0
132176.0
132219.0
132220.0
132233.0
132236.0
132279.0
132280.0
132292.0
132293.0
132296.0
132297.0
132340.0
132352.0
132353.0
132356.0
132399.0
132400.0
132413.0
132416.0
132460.0
132473.0
132476.0
132477.0
132520.0
132533.0
132536.0
132579.0
132580.0
132592.0
132593.0
132596.0
132597.0
132640.0
132652.0
132653.0
132656.0
132699.0
132713.0
132716.0
132759.0
132760.0
132773.0
132776.0
132777.0
132820.0
132833.0
132836.0
132837.0
132879.0
132880.0
132893.0
132896.0
132897.0
132939.0
132940.0
132953.0
132999.0
133000.0
133013.0
133073.0
133074.0
133118.0
133119.0
133133.0
133179.0
133251.0
133419.0
133600.0
133659.0
133660.0
133673.0
133720.0
133732.0
133733.0
133779.0
133780.0
133793.0
133809.0
133811.0
133839.0
133840.0
133852.0
133853.0
133868.0
133871.0
133872.0
133912.0
133913.0
133930.0
133960.0
133972.0
133973.0
133976.0
133989.0
133991.0
133992.0
134032.0
134033.0
134036.0
134037.0
134053.0
134083.0
134096.0
134112.0
134113.0
134142.0
134156.0
134166.0
134167.0
134216.0
134225.0
134229.0
134231.0
134276.0
134277.0
134288.0
134290.0
134336.0
134349.0
134396.0
134443.0
134444.0
134456.0
134474.0
134475.0
134476.0
134483.0
134516.0
134571.0
134576.0
134601.0
134636.0
134696.0
134697.0
134729.0
134756.0
134816.0
134876.0
134936.0
134996.0
134997.0
135056.0
135057.0
135116.0
135117.0
135159.0
135160.0
135173.0
135174.0
135176.0
135177.0
135219.0
135220.0
135233.0
135236.0
135279.0
135280.0
135293.0
135296.0
135297.0
135339.0
135340.0
135353.0
135356.0
135357.0
135399.0
135400.0
135401.0
135413.0
135416.0
135459.0
135460.0
135473.0
135474.0
135476.0
135477.0
135519.0
135520.0
135534.0
135536.0
135537.0
135579.0
135580.0
135593.0
135596.0
135597.0
135639.0
135640.0
135653.0
135656.0
135699.0
135700.0
135713.0
135716.0
135758.0
135760.0
135773.0
135776.0
135777.0
135818.0
135819.0
135820.0
135833.0
135836.0
135837.0
135878.0
135880.0
135893.0
135896.0
135897.0
135939.0
135940.0
135953.0
135956.0
135957.0
135998.0
135999.0
136000.0
136013.0
136014.0
136016.0
136058.0
136060.0
136073.0
136076.0
136118.0
136120.0
136133.0
136136.0
136137.0
136178.0
136180.0
136193.0
136194.0
136196.0
136238.0
136240.0
136253.0
136254.0
136256.0
136300.0
136313.0
136316.0
136373.0
136376.0
136420.0
136433.0
136436.0
136480.0
136493.0
136494.0
136496.0
136497.0
136540.0
136553.0
136554.0
136556.0
136557.0
136600.0
136613.0
136616.0
136617.0
136660.0
136673.0
136676.0
136720.0
136733.0
136736.0
136737.0
136780.0
136793.0
136796.0
136797.0
136840.0
136853.0
136856.0
136857.0
136899.0
136900.0
136913.0
136916.0
136960.0
136973.0
136976.0
137020.0
137033.0
137034.0
137036.0
137037.0
137080.0
137093.0
137140.0
137153.0
137200.0
137213.0
137214.0
137260.0
137261.0
137273.0
137320.0
137333.0
137380.0
137393.0
137394.0
137440.0
137453.0
137500.0
137513.0
137514.0
137560.0
137573.0
137620.0
137633.0
137680.0
137693.0
137740.0
137753.0
137800.0
137813.0
137860.0
137873.0
137920.0
137933.0
137944.0
137945.0
137980.0
137993.0
137996.0
138003.0
138014.0
138044.0
138053.0
138056.0
138085.0
138113.0
138115.0
138116.0
138143.0
138144.0
138150.0
138176.0
138221.0
138231.0
138236.0
138264.0
138280.0
138294.0
138296.0
138317.0
138318.0
138323.0
138356.0
138357.0
138371.0
138375.0
138376.0
138401.0
138416.0
138430.0
138434.0
138435.0
138436.0
138465.0
138476.0
138477.0
138493.0
138494.0
138495.0
138496.0
138526.0
138536.0
138537.0
138548.0
138550.0
138551.0
138564.0
138596.0
138597.0
138616.0
138621.0
138646.0
138656.0
138661.0
138675.0
138692.0
138716.0
138717.0
138722.0
138741.0
138742.0
138751.0
138769.0
138772.0
138776.0
138795.0
138799.0
138800.0
138825.0
138836.0
138837.0
138841.0
138842.0
138854.0
138871.0
138896.0
138897.0
138956.0
138957.0
139016.0
139017.0
139076.0
139136.0
139137.0
139197.0
139227.0
139256.0
139270.0
139283.0
139298.0
139299.0
139300.0
139301.0
139313.0
139314.0
139316.0
139317.0
139358.0
139359.0
139360.0
139369.0
139373.0
139375.0
139376.0
139377.0
139418.0
139420.0
139421.0
139433.0
139434.0
139436.0
139437.0
139478.0
139479.0
139480.0
139493.0
139494.0
139496.0
139497.0
139538.0
139539.0
139540.0
139553.0
139556.0
139557.0
139598.0
139599.0
139600.0
139613.0
139616.0
139617.0
139658.0
139659.0
139660.0
139661.0
139673.0
139674.0
139676.0
139677.0
139718.0
139720.0
139733.0
139734.0
139736.0
139737.0
139778.0
139779.0
139780.0
139793.0
139796.0
139797.0
139838.0
139839.0
139840.0
139853.0
139854.0
139856.0
139857.0
139898.0
139899.0
139900.0
139901.0
139913.0
139914.0
139916.0
139917.0
139958.0
139959.0
139960.0
139973.0
139976.0
139977.0
140018.0
140019.0
140020.0
140033.0
140036.0
140037.0
140078.0
140079.0
140080.0
140093.0
140096.0
140097.0
140138.0
140139.0
140140.0
140153.0
140156.0
140157.0
140198.0
140200.0
140213.0
140214.0
140216.0
140217.0
140258.0
140259.0
140260.0
140261.0
140273.0
140276.0
140277.0
140318.0
140319.0
140320.0
140333.0
140334.0
140336.0
140337.0
140379.0
140380.0
140393.0
140394.0
140396.0
140397.0
140439.0
140440.0
140453.0
140454.0
140456.0
140457.0
140500.0
140513.0
140516.0
140517.0
140560.0
140573.0
140576.0
140577.0
140620.0
140621.0
140633.0
140634.0
140636.0
140637.0
140680.0
140693.0
140696.0
140697.0
140740.0
140753.0
140754.0
140756.0
140757.0
140800.0
140813.0
140814.0
140816.0
140817.0
140860.0
140873.0
140874.0
140876.0
140920.0
140933.0
140936.0
140937.0
140980.0
140993.0
140996.0
140997.0
141040.0
141053.0
141054.0
141056.0
141057.0
141100.0
141101.0
141113.0
141114.0
141116.0
141117.0
141160.0
141173.0
141176.0
141177.0
141220.0
141221.0
141233.0
141280.0
141293.0
141340.0
141341.0
141353.0
141400.0
141401.0
141413.0
141414.0
141460.0
141473.0
141520.0
141533.0
141580.0
141593.0
141640.0
141653.0
141654.0
141700.0
141713.0
141714.0
141760.0
141761.0
141773.0
141820.0
141821.0
141833.0
141834.0
141880.0
141893.0
141894.0
141940.0
141954.0
142000.0
142001.0
142013.0
142060.0
142073.0
142076.0
142077.0
142133.0
142134.0
142136.0
142137.0
142193.0
142194.0
142196.0
142197.0
142254.0
142257.0
142286.0
142310.0
142316.0
142317.0
142343.0
142367.0
142376.0
142377.0
142426.0
142427.0
142436.0
142437.0
142488.0
142496.0
142497.0
142499.0
142551.0
142552.0
142556.0
142557.0
142616.0
142617.0
142676.0
142677.0
142681.0
142708.0
142718.0
142736.0
142737.0
142747.0
142748.0
142772.0
142783.0
142796.0
142797.0
142811.0
142812.0
142813.0
142856.0
142857.0
142877.0
142878.0
142916.0
142917.0
142977.0
142978.0
143036.0
143037.0
143097.0
143157.0
143217.0
143277.0
143336.0
143337.0
143350.0
143363.0
143378.0
143379.0
143380.0
143393.0
143394.0
143397.0
143438.0
143439.0
143440.0
143441.0
143453.0
143454.0
143457.0
143499.0
143500.0
143513.0
143514.0
143517.0
143559.0
143560.0
143573.0
143574.0
143577.0
143619.0
143620.0
143621.0
143633.0
143637.0
143679.0
143680.0
143693.0
143694.0
143696.0
143697.0
143738.0
143740.0
143741.0
143757.0
143798.0
143800.0
143801.0
143813.0
143814.0
143817.0
143859.0
143860.0
143873.0
143874.0
143876.0
143877.0
143918.0
143920.0
143933.0
143934.0
143936.0
143937.0
143979.0
143980.0
143993.0
143994.0
143997.0
144038.0
144040.0
144041.0
144053.0
144054.0
144056.0
144057.0
144058.0
144098.0
144100.0
144101.0
144113.0
144114.0
144117.0
144158.0
144159.0
144160.0
144174.0
144176.0
144177.0
144218.0
144220.0
144234.0
144237.0
144238.0
144278.0
144280.0
144293.0
144294.0
144297.0
144338.0
144340.0
144341.0
144354.0
144356.0
144357.0
144399.0
144400.0
144413.0
144414.0
144416.0
144417.0
144418.0
144460.0
144473.0
144474.0
144477.0
144520.0
144533.0
144534.0
144536.0
144537.0
144538.0
144580.0
144581.0
144593.0
144594.0
144597.0
144640.0
144641.0
144653.0
144654.0
144657.0
144700.0
144701.0
144714.0
144717.0
144760.0
144773.0
144774.0
144777.0
144820.0
144834.0
144837.0
144880.0
144894.0
144897.0
144940.0
144954.0
144957.0
145000.0
145001.0
145013.0
145014.0
145016.0
145017.0
145061.0
145074.0
145077.0
145120.0
145121.0
145133.0
145134.0
145137.0
145138.0
145180.0
145181.0
145193.0
145194.0
145197.0
145240.0
145241.0
145254.0
145257.0
145300.0
145301.0
145313.0
145314.0
145360.0
145361.0
145373.0
145374.0
145420.0
145421.0
145433.0
145434.0
145480.0
145481.0
145540.0
145541.0
145554.0
145600.0
145614.0
145660.0
145674.0
145720.0
145733.0
145734.0
145780.0
145781.0
145793.0
145794.0
145840.0
145841.0
145853.0
145854.0
145900.0
145913.0
145914.0
145960.0
145973.0
145974.0
146020.0
146021.0
146033.0
146034.0
146080.0
146081.0
146093.0
146094.0
146140.0
146153.0
146154.0
146157.0
146212.0
146213.0
146214.0
146217.0
146242.0
146272.0
146273.0
146274.0
146277.0
146298.0
146337.0
146340.0
146341.0
146397.0
146400.0
146401.0
146426.0
146449.0
146456.0
146457.0
146478.0
146507.0
146517.0
146518.0
146534.0
146535.0
146557.0
146577.0
146578.0
146585.0
146637.0
146642.0
146643.0
146676.0
146696.0
146697.0
146733.0
146756.0
146757.0
146815.0
146816.0
146817.0
146847.0
146873.0
146874.0
146875.0
146905.0
146906.0
146936.0
146937.0
147057.0
147237.0
147297.0
147298.0
147357.0
147417.0
147458.0
147459.0
147460.0
147473.0
147477.0
147520.0
147533.0
147534.0
147537.0
147578.0
147579.0
147580.0
147581.0
147593.0
147597.0
147638.0
147639.0
147640.0
147653.0
147654.0
147657.0
147700.0
147713.0
147717.0
147758.0
147760.0
147773.0
147774.0
147777.0
147820.0
147821.0
147833.0
147834.0
147837.0
147878.0
147880.0
147881.0
147893.0
147894.0
147897.0
147940.0
147953.0
147957.0
148013.0
148014.0
148017.0
148018.0
148058.0
148059.0
148073.0
148074.0
148077.0
148118.0
148119.0
148120.0
148137.0
148178.0
148179.0
148192.0
148197.0
148198.0
148238.0
148239.0
148240.0
148253.0
148257.0
148258.0
148298.0
148299.0
148317.0
148318.0
148358.0
148359.0
148360.0
148377.0
148418.0
148419.0
148478.0
148479.0
148493.0
148496.0
148538.0
148540.0
148541.0
148557.0
148599.0
148600.0
148601.0
148659.0
148660.0
148673.0
148674.0
148677.0
148733.0
148734.0
148780.0
148793.0
148797.0
148840.0
148853.0
148854.0
148900.0
148901.0
148913.0
148960.0
148961.0
148973.0
148974.0
148977.0
149020.0
149033.0
149034.0
149037.0
149038.0
149080.0
149093.0
149094.0
149097.0
149140.0
149141.0
149153.0
149154.0
149157.0
149158.0
149200.0
149201.0
149213.0
149217.0
149218.0
149260.0
149261.0
149274.0
149277.0
149320.0
149333.0
149334.0
149337.0
149380.0
149393.0
149394.0
149440.0
149453.0
149454.0
149500.0
149514.0
149560.0
149561.0
149573.0
149574.0
149620.0
149621.0
149633.0
149634.0
149680.0
149681.0
149693.0
149694.0
149740.0
149753.0
149754.0
149800.0
149813.0
149814.0
149860.0
149873.0
149920.0
149933.0
149934.0
149980.0
149993.0
149994.0
150040.0
150053.0
150054.0
150100.0
150113.0
150114.0
150160.0
150161.0
150173.0
150174.0
150201.0
150220.0
150233.0
150234.0
150260.0
150261.0
150266.0
150280.0
150291.0
150293.0
150294.0
150297.0
150320.0
150324.0
150325.0
150353.0
150354.0
150357.0
150405.0
150413.0
150414.0
150417.0
150434.0
150443.0
150444.0
150477.0
150490.0
150526.0
150537.0
150553.0
150554.0
150591.0
150597.0
150619.0
150620.0
150657.0
150661.0
150690.0
150710.0
150717.0
150739.0
150744.0
150770.0
150771.0
150777.0
150799.0
150800.0
150837.0
150844.0
150855.0
150873.0
150884.0
150892.0
150897.0
150921.0
150927.0
150945.0
150957.0
150974.0
150978.0
151017.0
151026.0
151077.0
151078.0
151082.0
151117.0
151137.0
151172.0
151173.0
151197.0
151257.0
151317.0
151377.0
151437.0
151497.0
151498.0
151554.0
151557.0
151598.0
151599.0
151600.0
151614.0
151617.0
151659.0
151660.0
151677.0
151678.0
151719.0
151720.0
151731.0
151733.0
151737.0
151778.0
151780.0
151793.0
151797.0
151839.0
151840.0
151857.0
151898.0
151899.0
151900.0
151913.0
151917.0
151958.0
151959.0
151960.0
151973.0
152019.0
152020.0
152035.0
152037.0
152079.0
152080.0
152081.0
152093.0
152097.0
152139.0
152140.0
152141.0
152199.0
152200.0
152213.0
152214.0
152217.0
152258.0
152260.0
152261.0
152273.0
152274.0
152318.0
152320.0
152321.0
152333.0
152334.0
152378.0
152380.0
152393.0
152394.0
152397.0
152438.0
152440.0
152441.0
152454.0
152499.0
152500.0
152501.0
152513.0
152514.0
152517.0
152518.0
152558.0
152560.0
152561.0
152574.0
152577.0
152578.0
152618.0
152620.0
152621.0
152634.0
152637.0
152680.0
152681.0
152693.0
152694.0
152697.0
152698.0
152740.0
152741.0
152754.0
152757.0
152758.0
152800.0
152801.0
152814.0
152815.0
152817.0
152860.0
152874.0
152877.0
152920.0
152921.0
152934.0
152937.0
152938.0
152980.0
152994.0
153027.0
153041.0
153054.0
153057.0
153100.0
153101.0
153114.0
153117.0
153118.0
153160.0
153161.0
153173.0
153174.0
153177.0
153178.0
153221.0
153234.0
153237.0
153238.0
153280.0
153281.0
153294.0
153297.0
153298.0
153341.0
153353.0
153354.0
153357.0
153358.0
153400.0
153401.0
153414.0
153417.0
153460.0
153474.0
153521.0
153534.0
153580.0
153581.0
153593.0
153594.0
153641.0
153654.0
153701.0
153714.0
153761.0
153774.0
153820.0
153821.0
153834.0
153881.0
153894.0
153941.0
154000.0
154001.0
154060.0
154061.0
154074.0
154120.0
154121.0
154134.0
154181.0
154194.0
154240.0
154241.0
154254.0
154300.0
154301.0
154314.0
154319.0
154321.0
154349.0
154361.0
154374.0
154377.0
154378.0
154381.0
154433.0
154437.0
154438.0
154440.0
154470.0
154494.0
154496.0
154497.0
154498.0
154500.0
154550.0
154557.0
154558.0
154604.0
154605.0
154617.0
154618.0
154635.0
154677.0
154678.0
154713.0
154732.0
154734.0
154735.0
154737.0
154738.0
154764.0
154770.0
154771.0
154797.0
154798.0
154817.0
154821.0
154822.0
154857.0
154858.0
154871.0
154887.0
154917.0
154918.0
154930.0
154968.0
154977.0
154978.0
154998.0
155024.0
155043.0
155072.0
155097.0
155116.0
155117.0
155151.0
155181.0
155219.0
155337.0
155457.0
155637.0
155663.0
155678.0
155679.0
155680.0
155693.0
155738.0
155739.0
155740.0
155754.0
155757.0
155798.0
155799.0
155800.0
155801.0
155861.0
155877.0
155918.0
155919.0
155921.0
155934.0
155937.0
155980.0
155981.0
155994.0
156039.0
156040.0
156041.0
156043.0
156054.0
156057.0
156100.0
156101.0
156114.0
156158.0
156160.0
156161.0
156174.0
156177.0
156220.0
156221.0
156234.0
156237.0
156238.0
156239.0
156279.0
156280.0
156281.0
156293.0
156294.0
156297.0
156298.0
156340.0
156341.0
156354.0
156357.0
156358.0
156401.0
156414.0
156417.0
156418.0
156459.0
156461.0
156474.0
156477.0
156478.0
156521.0
156534.0
156537.0
156578.0
156580.0
156581.0
156594.0
156597.0
156641.0
156654.0
156657.0
156699.0
156700.0
156701.0
156714.0
156715.0
156717.0
156760.0
156761.0
156774.0
156777.0
156820.0
156821.0
156834.0
156837.0
156838.0
156880.0
156881.0
156894.0
156897.0
156898.0
156940.0
156941.0
156954.0
156957.0
156958.0
157000.0
157001.0
157014.0
157017.0
157018.0
157060.0
157061.0
157074.0
157077.0
157078.0
157120.0
157121.0
157134.0
157135.0
157137.0
157138.0
157180.0
157181.0
157194.0
157197.0
157240.0
157241.0
157254.0
157257.0
157300.0
157301.0
157314.0
157317.0
157361.0
157374.0
157377.0
157378.0
157421.0
157434.0
157437.0
157438.0
157480.0
157481.0
157494.0
157497.0
157540.0
157541.0
157554.0
157557.0
157558.0
157600.0
157601.0
157614.0
157661.0
157674.0
157720.0
157721.0
157734.0
157780.0
157781.0
157794.0
157840.0
157841.0
157854.0
157901.0
157914.0
157960.0
157961.0
157974.0
158021.0
158034.0
158080.0
158081.0
158094.0
158141.0
158154.0
158200.0
158201.0
158214.0
158260.0
158261.0
158274.0
158321.0
158334.0
158336.0
158356.0
158381.0
158394.0
158426.0
158427.0
158441.0
158454.0
158455.0
158457.0
158458.0
158479.0
158480.0
158508.0
158509.0
158514.0
158517.0
158518.0
158547.0
158548.0
158574.0
158576.0
158577.0
158578.0
158605.0
158606.0
158635.0
158637.0
158638.0
158658.0
158688.0
158690.0
158697.0
158716.0
158717.0
158721.0
158751.0
158752.0
158757.0
158758.0
158780.0
158782.0
158811.0
158812.0
158818.0
158837.0
158841.0
158867.0
158872.0
158878.0
158895.0
158896.0
158902.0
158903.0
158931.0
158933.0
158937.0
158938.0
158939.0
158960.0
158961.0
158962.0
158989.0
158990.0
158998.0
159018.0
159019.0
159035.0
159041.0
159047.0
159057.0
159058.0
159065.0
159071.0
159094.0
159099.0
159101.0
159117.0
159118.0
159129.0
159130.0
159132.0
159160.0
159161.0
159177.0
159178.0
159190.0
159191.0
159194.0
159223.0
159224.0
159238.0
159240.0
159253.0
159268.0
159269.0
159270.0
159297.0
159298.0
159299.0
159357.0
159358.0
159417.0
159418.0
159477.0
159478.0
159537.0
159538.0
159597.0
159598.0
159658.0
159717.0
159718.0
159759.0
159760.0
159761.0
159764.0
159774.0
159775.0
159777.0
159778.0
159820.0
159821.0
159834.0
159837.0
159838.0
159879.0
159880.0
159881.0
159884.0
159894.0
159897.0
159898.0
159939.0
159940.0
159941.0
159954.0
159957.0
159958.0
159999.0
160000.0
160001.0
160002.0
160014.0
160017.0
160018.0
160059.0
160060.0
160061.0
160074.0
160077.0
160078.0
160120.0
160121.0
160134.0
160137.0
160138.0
160179.0
160180.0
160184.0
160194.0
160197.0
160198.0
160239.0
160240.0
160241.0
160254.0
160255.0
160257.0
160258.0
160299.0
160300.0
160301.0
160304.0
160314.0
160318.0
160359.0
160361.0
160364.0
160377.0
160378.0
160418.0
160420.0
160421.0
160423.0
160434.0
160437.0
160438.0
160439.0
160478.0
160480.0
160481.0
160494.0
160498.0
160540.0
160541.0
160543.0
160554.0
160557.0
160558.0
160598.0
160600.0
160601.0
160603.0
160614.0
160618.0
160619.0
160658.0
160660.0
160661.0
160663.0
160674.0
160675.0
160678.0
160718.0
160720.0
160721.0
160722.0
160734.0
160736.0
160737.0
160738.0
160778.0
160780.0
160781.0
160782.0
160783.0
160794.0
160795.0
160798.0
160839.0
160841.0
160854.0
160855.0
160858.0
160900.0
160901.0
160914.0
160918.0
160961.0
160974.0
160978.0
161021.0
161022.0
161034.0
161035.0
161038.0
161039.0
161081.0
161094.0
161095.0
161098.0
161154.0
161155.0
161158.0
161159.0
161201.0
161214.0
161215.0
161218.0
161274.0
161278.0
161321.0
161334.0
161337.0
161338.0
161381.0
161382.0
161394.0
161397.0
161398.0
161399.0
161441.0
161454.0
161458.0
161501.0
161514.0
161518.0
161561.0
161574.0
161578.0
161621.0
161634.0
161635.0
161638.0
161681.0
161694.0
161741.0
161754.0
161801.0
161814.0
161815.0
161861.0
161874.0
161875.0
161921.0
161934.0
161935.0
161981.0
161994.0
161995.0
162041.0
162042.0
162054.0
162101.0
162114.0
162161.0
162175.0
162221.0
162222.0
162234.0
162235.0
162281.0
162294.0
162295.0
162341.0
162342.0
162354.0
162401.0
162414.0
162415.0
162461.0
162462.0
162474.0
162521.0
162525.0
162534.0
162535.0
162538.0
162543.0
162547.0
162571.0
162579.0
162584.0
162594.0
162595.0
162598.0
162614.0
162639.0
162649.0
162654.0
162658.0
162659.0
162678.0
162679.0
162708.0
162713.0
162718.0
162742.0
162778.0
162779.0
162808.0
162809.0
162838.0
162866.0
162867.0
162869.0
162896.0
162897.0
162898.0
162899.0
162928.0
162958.0
162989.0
163000.0
163017.0
163018.0
163019.0
163071.0
163072.0
163076.0
163077.0
163078.0
163100.0
163138.0
163160.0
163192.0
163198.0
163221.0
163251.0
163258.0
163259.0
163260.0
163284.0
163317.0
163318.0
163319.0
163346.0
163348.0
163376.0
163378.0
163405.0
163438.0
163440.0
163498.0
163558.0
163618.0
163619.0
163678.0
163738.0
163798.0
163799.0
163838.0
163839.0
163841.0
163842.0
163843.0
163854.0
163855.0
163858.0
163898.0
163899.0
163901.0
163902.0
163903.0
163914.0
163918.0
163958.0
163959.0
163961.0
163963.0
163974.0
163975.0
163978.0
164018.0
164019.0
164021.0
164023.0
164035.0
164038.0
164079.0
164081.0
164082.0
164083.0
164084.0
164094.0
164095.0
164098.0
164099.0
164139.0
164141.0
164154.0
164158.0
164198.0
164199.0
164201.0
164202.0
164214.0
164215.0
164218.0
164259.0
164261.0
164262.0
164263.0
164274.0
164275.0
164278.0
164318.0
164319.0
164321.0
164323.0
164334.0
164338.0
164378.0
164379.0
164381.0
164394.0
164395.0
164398.0
164438.0
164439.0
164441.0
164443.0
164454.0
164455.0
164458.0
164498.0
164499.0
164501.0
164502.0
164503.0
164514.0
164515.0
164518.0
164519.0
164558.0
164559.0
164561.0
164575.0
164578.0
164618.0
164619.0
164621.0
164622.0
164623.0
164635.0
164638.0
164678.0
164679.0
164681.0
164682.0
164694.0
164695.0
164698.0
164739.0
164741.0
164754.0
164758.0
164798.0
164799.0
164801.0
164803.0
164814.0
164815.0
164818.0
164859.0
164863.0
164874.0
164878.0
164879.0
164919.0
164921.0
164934.0
164935.0
164938.0
164939.0
164979.0
164981.0
164998.0
165039.0
165041.0
165054.0
165055.0
165058.0
165059.0
165114.0
165118.0
165119.0
165178.0
165238.0
165281.0
165294.0
165358.0
165401.0
165461.0
165478.0
165521.0
165522.0
165581.0
165582.0
165595.0
165598.0
165641.0
165654.0
165655.0
165701.0
165702.0
165714.0
165715.0
165761.0
165762.0
165774.0
165775.0
165821.0
165822.0
165835.0
165881.0
165894.0
165895.0
165941.0
165955.0
166002.0
166014.0
166015.0
166061.0
166062.0
166074.0
166075.0
166121.0
166122.0
166134.0
166135.0
166181.0
166195.0
166241.0
166255.0
166301.0
166314.0
166315.0
166316.0
166361.0
166375.0
166421.0
166434.0
166435.0
166481.0
166482.0
166495.0
166541.0
166542.0
166552.0
166555.0
166582.0
166601.0
166614.0
166661.0
166662.0
166674.0
166675.0
166678.0
166701.0
166708.0
166719.0
166738.0
166739.0
166775.0
166788.0
166794.0
166795.0
166798.0
166807.0
166824.0
166828.0
166854.0
166858.0
166859.0
166883.0
166884.0
166918.0
166919.0
166942.0
166943.0
166978.0
167001.0
167003.0
167004.0
167038.0
167039.0
167062.0
167063.0
167082.0
167098.0
167099.0
167112.0
167123.0
167124.0
167183.0
167188.0
167213.0
167218.0
167242.0
167243.0
167244.0
167278.0
167301.0
167303.0
167338.0
167360.0
167361.0
167362.0
167364.0
167398.0
167423.0
167424.0
167455.0
167458.0
167482.0
167483.0
167487.0
167518.0
167541.0
167542.0
167578.0
167638.0
167698.0
167758.0
167788.0
167818.0
167878.0
167935.0
167938.0
167939.0
167952.0
167979.0
167981.0
167982.0
167983.0
167995.0
167998.0
168038.0
168039.0
168041.0
168042.0
168054.0
168055.0
168058.0
168088.0
168099.0
168101.0
168103.0
168114.0
168115.0
168116.0
168118.0
168158.0
168159.0
168161.0
168162.0
168163.0
168174.0
168175.0
168178.0
168218.0
168221.0
168222.0
168223.0
168234.0
168235.0
168238.0
168269.0
168279.0
168281.0
168283.0
168294.0
168295.0
168298.0
168299.0
168340.0
168341.0
168344.0
168355.0
168358.0
168359.0
168400.0
168401.0
168402.0
168404.0
168414.0
168415.0
168418.0
168419.0
168459.0
168460.0
168461.0
168462.0
168464.0
168474.0
168475.0
168476.0
168478.0
168479.0
168519.0
168520.0
168521.0
168522.0
168524.0
168534.0
168535.0
168538.0
168579.0
168580.0
168581.0
168584.0
168595.0
168598.0
168599.0
168639.0
168640.0
168641.0
168644.0
168654.0
168655.0
168658.0
168659.0
168699.0
168700.0
168701.0
168703.0
168704.0
168714.0
168715.0
168718.0
168719.0
168761.0
168764.0
168774.0
168775.0
168778.0
168819.0
168820.0
168821.0
168824.0
168834.0
168835.0
168838.0
168839.0
168879.0
168880.0
168881.0
168882.0
168883.0
168894.0
168895.0
168898.0
168899.0
168939.0
168940.0
168941.0
168944.0
168954.0
168955.0
168958.0
168959.0
168998.0
169000.0
169001.0
169014.0
169015.0
169018.0
169019.0
169060.0
169061.0
169074.0
169075.0
169078.0
169120.0
169121.0
169134.0
169135.0
169138.0
169181.0
169194.0
169198.0
169199.0
169241.0
169254.0
169258.0
169259.0
169301.0
169314.0
169315.0
169318.0
169319.0
169361.0
169374.0
169375.0
169378.0
169379.0
169421.0
169434.0
169435.0
169438.0
169439.0
169481.0
169494.0
169498.0
169541.0
169554.0
169555.0
169558.0
169601.0
169614.0
169615.0
169618.0
169619.0
169661.0
169674.0
169675.0
169678.0
169679.0
169721.0
169734.0
169735.0
169738.0
169739.0
169781.0
169782.0
169794.0
169795.0
169841.0
169854.0
169855.0
169901.0
169914.0
169915.0
169916.0
169961.0
169974.0
169975.0
169999.0
170021.0
170034.0
170035.0
170036.0
170037.0
170038.0
170039.0
170040.0
170041.0
170043.0
170044.0
170045.0
170046.0
170047.0
170056.0
170057.0
170061.0
170073.0
170074.0
170076.0
170081.0
170086.0
170087.0
170094.0
170095.0
170097.0
170127.0
170129.0
170133.0
170137.0
170141.0
170154.0
170155.0
170168.0
170170.0
170171.0
170172.0
170173.0
170176.0
170177.0
170178.0
170179.0
170180.0
170190.0
170191.0
170194.0
170195.0
170207.0
170210.0
170214.0
170215.0
170220.0
170221.0
170230.0
170231.0
170255.0
170260.0
170270.0
170274.0
170275.0
170412.0
170413.0
170467.0
170468.0
170528.0
170544.0
170545.0
170546.0
170547.0
170587.0
170588.0
170600.0
170601.0
170647.0
170648.0
170660.0
170661.0
170681.0
170708.0
170711.0
170721.0
170722.0
170723.0
170740.0
170781.0
170782.0
170783.0
170813.0
170814.0
170840.0
170841.0
170842.0
170844.0
170849.0
170850.0
170851.0
170872.0
170874.0
170902.0
170903.0
170904.0
170905.0
170933.0
170934.0
170948.0
170962.0
170963.0
170964.0
170965.0
170994.0
171021.0
171022.0
171023.0
171024.0
171025.0
171082.0
171083.0
171084.0
171085.0
171112.0
171142.0
171144.0
171145.0
171146.0
171174.0
171202.0
171203.0
171204.0
171205.0
171235.0
171263.0
171264.0
171265.0
171281.0
171303.0
171311.0
171323.0
171325.0
171334.0
171340.0
171351.0
171352.0
171355.0
171356.0
171357.0
171358.0
171359.0
171360.0
171361.0
171362.0
171366.0
171368.0
171370.0
171374.0
171382.0
171383.0
171384.0
171385.0
171395.0
171397.0
171398.0
171399.0
171400.0
171401.0
171402.0
171404.0
171405.0
171406.0
171407.0
171408.0
171412.0
171416.0
171417.0
171418.0
171423.0
171431.0
171434.0
171435.0
171438.0
171442.0
171445.0
171447.0
171448.0
171449.0
171455.0
171459.0
171460.0
171463.0
171472.0
171473.0
171483.0
171486.0
171487.0
171493.0
171499.0
171502.0
171505.0
171564.0
171565.0
171624.0
171625.0
171685.0
171714.0
171744.0
171745.0
171805.0
171864.0
171865.0
171924.0
171925.0
171984.0
171985.0
172027.0
172028.0
172029.0
172030.0
172041.0
172043.0
172044.0
172045.0
172055.0
172087.0
172088.0
172089.0
172102.0
172104.0
172106.0
172134.0
172148.0
172149.0
172150.0
172161.0
172162.0
172164.0
172165.0
172207.0
172208.0
172209.0
172221.0
172222.0
172225.0
172266.0
172267.0
172268.0
172269.0
172281.0
172284.0
172285.0
172328.0
172329.0
172340.0
172341.0
172345.0
172346.0
172347.0
172387.0
172388.0
172389.0
172395.0
172401.0
172403.0
172405.0
172406.0
172407.0
172444.0
172447.0
172448.0
172449.0
172460.0
172461.0
172465.0
172505.0
172507.0
172508.0
172510.0
172521.0
172525.0
172526.0
172565.0
172568.0
172569.0
172576.0
172578.0
172581.0
172582.0
172585.0
172624.0
172628.0
172629.0
172641.0
172645.0
172684.0
172685.0
172688.0
172689.0
172701.0
172705.0
172707.0
172710.0
172711.0
172735.0
172744.0
172748.0
172749.0
172761.0
172762.0
172764.0
172765.0
172766.0
172770.0
172805.0
172808.0
172809.0
172821.0
172822.0
172825.0
172840.0
172865.0
172867.0
172868.0
172869.0
172870.0
172879.0
172880.0
172881.0
172882.0
172885.0
172886.0
172927.0
172928.0
172929.0
172941.0
172943.0
172945.0
172988.0
172989.0
173001.0
173004.0
173005.0
173006.0
173011.0
173013.0
173014.0
173015.0
173021.0
173023.0
173044.0
173048.0
173049.0
173061.0
173065.0
173066.0
173074.0
173108.0
173109.0
173121.0
173125.0
173126.0
173155.0
173159.0
173167.0
173168.0
173169.0
173185.0
173227.0
173228.0
173229.0
173241.0
173245.0
173246.0
173287.0
173288.0
173305.0
173348.0
173364.0
173365.0
173408.0
173421.0
173425.0
173426.0
173443.0
173459.0
173467.0
173468.0
173481.0
173482.0
173485.0
173515.0
173527.0
173528.0
173529.0
173541.0
173545.0
173546.0
173587.0
173588.0
173601.0
173605.0
173648.0
173661.0
173662.0
173665.0
173666.0
173708.0
173721.0
173725.0
173726.0
173767.0
173768.0
173781.0
173782.0
173785.0
173828.0
173829.0
173841.0
173842.0
173845.0
173846.0
173888.0
173901.0
173902.0
173947.0
173948.0
173961.0
173962.0
174007.0
174008.0
174013.0
174014.0
174021.0
174067.0
174068.0
174070.0
174081.0
174082.0
174100.0
174127.0
174129.0
174141.0
174142.0
174167.0
174188.0
174201.0
174203.0
174204.0
174233.0
174248.0
174256.0
174261.0
174262.0
174263.0
174308.0
174309.0
174314.0
174315.0
174321.0
174367.0
174368.0
174381.0
174382.0
174390.0
174428.0
174441.0
174442.0
174445.0
174448.0
174449.0
174450.0
174487.0
174490.0
174494.0
174499.0
174501.0
174503.0
174513.0
174547.0
174561.0
174562.0
174569.0
174577.0
174584.0
174608.0
174609.0
174620.0
174621.0
174622.0
174623.0
174627.0
174637.0
174667.0
174668.0
174681.0
174682.0
174685.0
174728.0
174741.0
174742.0
174788.0
174800.0
174801.0
174830.0
174832.0
174835.0
174848.0
174849.0
174861.0
174865.0
174873.0
174881.0
174882.0
174885.0
174887.0
174888.0
174889.0
174890.0
174892.0
174921.0
174922.0
174925.0
174926.0
174927.0
174928.0
174931.0
174935.0
174937.0
174950.0
174951.0
174981.0
174982.0
174985.0
174989.0
175010.0
175011.0
175012.0
175045.0
175046.0
175069.0
175070.0
175071.0
175072.0
175103.0
175105.0
175133.0
175163.0
175165.0
175190.0
175191.0
175225.0
175226.0
175249.0
175250.0
175252.0
175285.0
175286.0
175296.0
175301.0
175311.0
175312.0
175323.0
175345.0
175346.0
175353.0
175370.0
175371.0
175376.0
175387.0
175388.0
175405.0
175429.0
175430.0
175432.0
175434.0
175436.0
175444.0
175462.0
175465.0
175466.0
175490.0
175491.0
175519.0
175521.0
175525.0
175526.0
175549.0
175550.0
175551.0
175567.0
175568.0
175585.0
175603.0
175604.0
175609.0
175610.0
175611.0
175613.0
175645.0
175655.0
175669.0
175670.0
175672.0
175677.0
175702.0
175705.0
175706.0
175765.0
175766.0
175825.0
175826.0
175885.0
175945.0
175946.0
176005.0
176006.0
176065.0
176066.0
176109.0
176119.0
176121.0
176123.0
176124.0
176125.0
176126.0
176138.0
176151.0
176167.0
176168.0
176169.0
176181.0
176182.0
176185.0
176186.0
176227.0
176228.0
176229.0
176245.0
176288.0
176289.0
176301.0
176305.0
176306.0
176347.0
176348.0
176361.0
176362.0
176365.0
176371.0
176372.0
176407.0
176408.0
176409.0
176421.0
176422.0
176425.0
176426.0
176428.0
176453.0
176455.0
176456.0
176462.0
176463.0
176468.0
176469.0
176481.0
176485.0
176486.0
176527.0
176528.0
176529.0
176541.0
176542.0
176545.0
176584.0
176586.0
176587.0
176588.0
176589.0
176597.0
176601.0
176602.0
176605.0
176648.0
176649.0
176661.0
176665.0
176666.0
176696.0
176708.0
176709.0
176721.0
176725.0
176726.0
176767.0
176768.0
176769.0
176781.0
176785.0
176786.0
176828.0
176829.0
176841.0
176845.0
176846.0
176847.0
176865.0
176887.0
176888.0
176889.0
176890.0
176891.0
176893.0
176899.0
176901.0
176902.0
176905.0
176906.0
176947.0
176948.0
176949.0
176950.0
176959.0
176961.0
176962.0
176965.0
176996.0
177008.0
177009.0
177010.0
177021.0
177025.0
177070.0
177081.0
177085.0
177086.0
177093.0
177129.0
177130.0
177131.0
177132.0
177133.0
177141.0
177145.0
177146.0
177185.0
177189.0
177190.0
177194.0
177195.0
177205.0
177206.0
177247.0
177250.0
177265.0
177266.0
177310.0
177321.0
177325.0
177326.0
177367.0
177370.0
177384.0
177385.0
177386.0
177396.0
177397.0
177445.0
177487.0
177501.0
177548.0
177569.0
177570.0
177621.0
177625.0
177632.0
177668.0
177669.0
177681.0
177685.0
177688.0
177728.0
177745.0
177750.0
177788.0
177801.0
177805.0
177814.0
177848.0
177861.0
177862.0
177891.0
177908.0
177909.0
177921.0
177925.0
177968.0
177981.0
177982.0
178028.0
178041.0
178042.0
178088.0
178101.0
178102.0
178148.0
178161.0
178207.0
178208.0
178209.0
178221.0
178222.0
178268.0
178281.0
178282.0
178327.0
178329.0
178342.0
178388.0
178401.0
178448.0
178449.0
178462.0
178508.0
178521.0
178568.0
178581.0
178628.0
178629.0
178641.0
178642.0
178688.0
178689.0
178701.0
178748.0
178761.0
178762.0
178808.0
178809.0
178821.0
178822.0
178863.0
178868.0
178881.0
178882.0
178928.0
178941.0
178945.0
178946.0
178970.0
178971.0
179001.0
179002.0
179005.0
179010.0
179029.0
179030.0
179032.0
179033.0
179047.0
179061.0
179062.0
179065.0
179066.0
179070.0
179075.0
179090.0
179091.0
179107.0
179111.0
179121.0
179125.0
179126.0
179132.0
179149.0
179150.0
179151.0
179161.0
179171.0
179185.0
179208.0
179212.0
179213.0
179222.0
179242.0
179245.0
179246.0
179270.0
179272.0
179273.0
179305.0
179330.0
179331.0
179332.0
179365.0
179366.0
179388.0
179390.0
179418.0
179425.0
179450.0
179480.0
179485.0
179509.0
179510.0
179511.0
179512.0
179513.0
179514.0
179545.0
179546.0
179569.0
179570.0
179571.0
179583.0
179601.0
179605.0
179623.0
179632.0
179634.0
179665.0
179689.0
179690.0
179691.0
179702.0
179721.0
179725.0
179726.0
179750.0
179752.0
179785.0
179809.0
179845.0
179905.0
179965.0
180025.0
180085.0
180145.0
180146.0
180205.0
180218.0
180231.0
180247.0
180248.0
180250.0
180261.0
180265.0
180307.0
180308.0
180310.0
180321.0
180325.0
180367.0
180368.0
180369.0
180370.0
180381.0
180385.0
180427.0
180428.0
180430.0
180441.0
180445.0
180446.0
180488.0
180489.0
180490.0
180501.0
180505.0
180535.0
180548.0
180550.0
180561.0
180562.0
180565.0
180608.0
180610.0
180621.0
180625.0
180626.0
180668.0
180670.0
180681.0
180685.0
180728.0
180729.0
180730.0
180741.0
180742.0
180745.0
180788.0
180790.0
180801.0
180805.0
180848.0
180849.0
180850.0
180861.0
180865.0
180908.0
180909.0
180910.0
180921.0
180925.0
180968.0
180969.0
180970.0
180981.0
180985.0
181028.0
181030.0
181042.0
181043.0
181045.0
181046.0
181088.0
181090.0
181101.0
181102.0
181105.0
181148.0
181150.0
181161.0
181165.0
181208.0
181209.0
181221.0
181225.0
181268.0
181269.0
181270.0
181281.0
181285.0
181328.0
181329.0
181341.0
181342.0
181345.0
181346.0
181347.0
181375.0
181388.0
181390.0
181402.0
181405.0
181448.0
181461.0
181465.0
181508.0
181521.0
181522.0
181525.0
181526.0
181568.0
181581.0
181585.0
181628.0
181641.0
181645.0
181646.0
181688.0
181701.0
181705.0
181706.0
181748.0
181749.0
181761.0
181765.0
181808.0
181809.0
181810.0
181812.0
181821.0
181822.0
181825.0
181868.0
181882.0
181885.0
181928.0
181942.0
181943.0
181945.0
181946.0
181988.0
182001.0
182002.0
182005.0
182048.0
182062.0
182065.0
182108.0
182121.0
182168.0
182169.0
182181.0
182228.0
182229.0
182242.0
182243.0
182288.0
182301.0
182348.0
182349.0
182361.0
182362.0
182408.0
182409.0
182410.0
182421.0
182422.0
182468.0
182481.0
182528.0
182529.0
182541.0
182589.0
182601.0
182602.0
182648.0
182662.0
182708.0
182709.0
182712.0
182722.0
182723.0
182768.0
182781.0
182782.0
182828.0
182829.0
182842.0
182845.0
182888.0
182901.0
182902.0
182948.0
182949.0
182961.0
182962.0
182990.0
182991.0
183008.0
183009.0
183020.0
183021.0
183022.0
183025.0
183026.0
183027.0
183051.0
183052.0
183054.0
183082.0
183085.0
183086.0
183109.0
183110.0
183111.0
183113.0
183141.0
183142.0
183145.0
183146.0
183149.0
183170.0
183172.0
183173.0
183184.0
183201.0
183202.0
183205.0
183213.0
183243.0
183261.0
183265.0
183266.0
183292.0
183322.0
183325.0
183326.0
183333.0
183350.0
183351.0
183352.0
183381.0
183382.0
183385.0
183386.0
183411.0
183412.0
183414.0
183442.0
183445.0
183446.0
183470.0
183471.0
183500.0
183501.0
183503.0
183505.0
183506.0
183530.0
183532.0
183533.0
183560.0
183561.0
183565.0
183566.0
183577.0
183585.0
183586.0
183591.0
183592.0
183593.0
183621.0
183623.0
183625.0
183626.0
183669.0
183679.0
183680.0
183685.0
183686.0
183710.0
183716.0
183717.0
183738.0
183744.0
183745.0
183746.0
183747.0
183753.0
183773.0
183774.0
183803.0
183804.0
183805.0
183806.0
183807.0
183827.0
183829.0
183833.0
183856.0
183865.0
183866.0
183886.0
183887.0
183925.0
183926.0
183927.0
183985.0
183986.0
184022.0
184023.0
184045.0
184046.0
184047.0
184086.0
184105.0
184106.0
184107.0
184115.0
184116.0
184146.0
184163.0
184164.0
184165.0
184166.0
184168.0
184175.0
184225.0
184226.0
184235.0
184285.0
184286.0
184292.0
184328.0
184329.0
184341.0
184345.0
184346.0
184347.0
184369.0
184387.0
184388.0
184389.0
184399.0
184403.0
184405.0
184406.0
184408.0
184409.0
184413.0
184414.0
184416.0
184448.0
184449.0
184453.0
184461.0
184462.0
184465.0
184466.0
184467.0
184494.0
184503.0
184508.0
184509.0
184521.0
184525.0
184526.0
184538.0
184539.0
184555.0
184568.0
184569.0
184581.0
184585.0
184586.0
184610.0
184619.0
184628.0
184629.0
184653.0
184688.0
184689.0
184701.0
184706.0
184707.0
184748.0
184749.0
184753.0
184765.0
184766.0
184786.0
184808.0
184809.0
184825.0
184844.0
184848.0
184855.0
184864.0
184867.0
184868.0
184869.0
184909.0
184927.0
184928.0
184929.0
184931.0
184938.0
184939.0
184941.0
184942.0
184945.0
184969.0
184983.0
184988.0
184989.0
184994.0
184997.0
184999.0
185001.0
185002.0
185005.0
185048.0
185049.0
185050.0
185059.0
185061.0
185062.0
185107.0
185108.0
185109.0
185113.0
185121.0
185122.0
185125.0
185167.0
185168.0
185169.0
185181.0
185182.0
185228.0
185229.0
185230.0
185232.0
185242.0
185245.0
185246.0
185247.0
185270.0
185275.0
185279.0
185288.0
185289.0
185290.0
185301.0
185302.0
185306.0
185348.0
185349.0
185350.0
185361.0
185362.0
185365.0
185366.0
185409.0
185422.0
185425.0
185426.0
185435.0
185468.0
185469.0
185481.0
185482.0
185485.0
185486.0
185528.0
185530.0
185542.0
185543.0
185546.0
185547.0
185588.0
185601.0
185602.0
185605.0
185606.0
185648.0
185649.0
185661.0
185662.0
185666.0
185708.0
185721.0
185722.0
185725.0
185726.0
185768.0
185770.0
185781.0
185782.0
185785.0
185786.0
185828.0
185841.0
185842.0
185845.0
185846.0
185847.0
185888.0
185901.0
185902.0
185904.0
185906.0
185951.0
185961.0
185962.0
185965.0
185966.0
186008.0
186009.0
186021.0
186022.0
186025.0
186026.0
186068.0
186069.0
186083.0
186084.0
186085.0
186086.0
186128.0
186129.0
186142.0
186143.0
186145.0
186146.0
186188.0
186201.0
186202.0
186248.0
186262.0
186309.0
186310.0
186321.0
186322.0
186368.0
186381.0
186382.0
186428.0
186441.0
186442.0
186443.0
186488.0
186489.0
186501.0
186502.0
186548.0
186561.0
186562.0
186599.0
186608.0
186609.0
186610.0
186621.0
186622.0
186668.0
186682.0
186728.0
186729.0
186732.0
186739.0
186740.0
186742.0
186743.0
186788.0
186802.0
186848.0
186849.0
186862.0
186908.0
186921.0
186922.0
186968.0
186982.0
187028.0
187042.0
187043.0
187075.0
187083.0
187088.0
187089.0
187102.0
187105.0
187121.0
187130.0
187132.0
187141.0
187142.0
187162.0
187166.0
187190.0
187191.0
187203.0
187222.0
187223.0
187225.0
187226.0
187250.0
187254.0
187255.0
187256.0
187262.0
187285.0
187286.0
187311.0
187312.0
187313.0
187324.0
187346.0
187371.0
187372.0
187373.0
187383.0
187406.0
187431.0
187432.0
187442.0
187443.0
187462.0
187465.0
187466.0
187490.0
187491.0
187519.0
187521.0
187525.0
187526.0
187549.0
187550.0
187551.0
187558.0
187563.0
187564.0
187581.0
187585.0
187586.0
187587.0
187592.0
187593.0
187611.0
187612.0
187613.0
187614.0
187622.0
187623.0
187644.0
187646.0
187648.0
187670.0
187671.0
187683.0
187705.0
187706.0
187713.0
187719.0
187720.0
187730.0
187731.0
187761.0
187765.0
187766.0
187767.0
187768.0
187790.0
187793.0
187803.0
187826.0
187850.0
187851.0
187852.0
187853.0
187865.0
187881.0
187885.0
187886.0
187895.0
187897.0
187910.0
187914.0
187927.0
187939.0
187942.0
187943.0
187945.0
187946.0
187965.0
187970.0
187972.0
187973.0
187976.0
187984.0
188006.0
188030.0
188042.0
188043.0
188065.0
188066.0
188067.0
188096.0
188125.0
188126.0
188185.0
188186.0
188246.0
188306.0
188307.0
188366.0
188396.0
188409.0
188410.0
188421.0
188422.0
188423.0
188425.0
188426.0
188427.0
188466.0
188467.0
188468.0
188469.0
188470.0
188482.0
188485.0
188486.0
188516.0
188528.0
188529.0
188530.0
188534.0
188535.0
188542.0
188543.0
188545.0
188546.0
188547.0
188588.0
188589.0
188590.0
188601.0
188602.0
188605.0
188606.0
188648.0
188650.0
188662.0
188666.0
188708.0
188709.0
188710.0
188721.0
188722.0
188725.0
188726.0
188727.0
188768.0
188769.0
188770.0
188785.0
188786.0
188787.0
188828.0
188830.0
188842.0
188846.0
188888.0
188889.0
188890.0
188901.0
188906.0
188948.0
188949.0
188950.0
188961.0
188965.0
188966.0
189008.0
189021.0
189026.0
189068.0
189070.0
189128.0
189129.0
189130.0
189141.0
189146.0
189188.0
189189.0
189190.0
189205.0
189206.0
189248.0
189249.0
189250.0
189265.0
189308.0
189310.0
189325.0
189368.0
189369.0
189370.0
189381.0
189382.0
189428.0
189429.0
189430.0
189442.0
189445.0
189488.0
189489.0
189490.0
189502.0
189548.0
189549.0
189551.0
189562.0
189563.0
189608.0
189609.0
189610.0
189622.0
189625.0
189668.0
189669.0
189682.0
189685.0
189686.0
189687.0
189728.0
189742.0
189746.0
189788.0
189802.0
189806.0
189807.0
189848.0
189849.0
189862.0
189866.0
189867.0
189908.0
189910.0
189922.0
189926.0
189968.0
189982.0
189985.0
189986.0
190028.0
190042.0
190043.0
190044.0
190046.0
190047.0
190088.0
190089.0
190101.0
190102.0
190105.0
190106.0
190148.0
190149.0
190161.0
190162.0
190166.0
190208.0
190209.0
190222.0
190223.0
190226.0
190268.0
190269.0
190282.0
190283.0
190328.0
190329.0
190342.0
190389.0
190402.0
190448.0
190449.0
190462.0
190463.0
190476.0
190477.0
190508.0
190509.0
190522.0
190523.0
190568.0
190582.0
190610.0
190615.0
190628.0
190642.0
190688.0
190689.0
190701.0
190702.0
190749.0
190750.0
190762.0
190808.0
190809.0
190821.0
190822.0
190823.0
190868.0
190869.0
190881.0
190882.0
190928.0
190929.0
190941.0
190942.0
190988.0
190989.0
191001.0
191002.0
191048.0
191049.0
191061.0
191108.0
191109.0
191122.0
191148.0
191168.0
191178.0
191212.0
191214.0
191229.0
191242.0
191244.0
191246.0
191247.0
191269.0
191270.0
191271.0
191272.0
191301.0
191302.0
191306.0
191331.0
191332.0
191361.0
191362.0
191366.0
191367.0
191391.0
191392.0
191394.0
191426.0
191427.0
191451.0
191452.0
191453.0
191483.0
191486.0
191510.0
191511.0
191512.0
191514.0
191546.0
191547.0
191572.0
191606.0
191631.0
191633.0
191645.0
191646.0
191666.0
191667.0
191694.0
191695.0
191704.0
191725.0
191726.0
191727.0
191750.0
191751.0
191761.0
191785.0
191786.0
191787.0
191806.0
191808.0
191809.0
191811.0
191838.0
191841.0
191846.0
191870.0
191872.0
191885.0
191899.0
191906.0
191907.0
191909.0
191931.0
191932.0
191933.0
191961.0
191966.0
191967.0
191980.0
191990.0
191991.0
191992.0
191994.0
192026.0
192027.0
192051.0
192052.0
192053.0
192054.0
192086.0
192110.0
192146.0
192147.0
192206.0
192236.0
192266.0
192267.0
192326.0
192444.0
192445.0
192518.0
192548.0
192549.0
192561.0
192608.0
192610.0
192621.0
192623.0
192624.0
192626.0
192668.0
192670.0
192671.0
192682.0
192728.0
192729.0
192741.0
192742.0
192789.0
192797.0
192804.0
192806.0
192848.0
192849.0
192850.0
192861.0
192908.0
192910.0
192922.0
192926.0
192927.0
192928.0
192929.0
192930.0
192968.0
192970.0
192986.0
193028.0
193029.0
193087.0
193088.0
193089.0
193108.0
193109.0
193148.0
193149.0
193162.0
193208.0
193209.0
193226.0
193233.0
193234.0
193268.0
193269.0
193328.0
193329.0
193341.0
193342.0
193346.0
193388.0
193390.0
193402.0
193403.0
193448.0
193449.0
193450.0
193461.0
193462.0
193466.0
193509.0
193522.0
193523.0
193563.0
193564.0
193566.0
193568.0
193569.0
193582.0
193583.0
193584.0
193628.0
193643.0
193644.0
193646.0
193689.0
193702.0
193706.0
193707.0
193749.0
193762.0
193763.0
193766.0
193808.0
193809.0
193822.0
193823.0
193826.0
193827.0
193868.0
193869.0
193882.0
193883.0
193886.0
193887.0
193888.0
193928.0
193929.0
193942.0
193946.0
193947.0
193948.0
193988.0
193989.0
194002.0
194006.0
194048.0
194062.0
194066.0
194108.0
194121.0
194122.0
194123.0
194126.0
194127.0
194168.0
194182.0
194186.0
194187.0
194228.0
194229.0
194242.0
194246.0
194288.0
194302.0
194306.0
194348.0
194349.0
194362.0
194366.0
194408.0
194409.0
194422.0
194468.0
194482.0
194528.0
194541.0
194542.0
194588.0
194601.0
194602.0
194604.0
194610.0
194648.0
194661.0
194662.0
194695.0
194697.0
194708.0
194722.0
194728.0
194737.0
194744.0
194768.0
194769.0
194782.0
194828.0
194829.0
194842.0
194861.0
194888.0
194889.0
194902.0
194948.0
194949.0
194962.0
195008.0
195009.0
195022.0
195068.0
195069.0
195081.0
195082.0
195128.0
195129.0
195142.0
195188.0
195189.0
195202.0
195231.0
195248.0
195249.0
195262.0
195263.0
195291.0
195292.0
195293.0
195294.0
195308.0
195309.0
195310.0
195321.0
195322.0
195324.0
195326.0
195327.0
195351.0
195352.0
195380.0
195381.0
195382.0
195386.0
195410.0
195413.0
195441.0
195442.0
195443.0
195446.0
195472.0
195500.0
195501.0
195506.0
195530.0
195531.0
195532.0
195561.0
195562.0
195566.0
195567.0
195590.0
195591.0
195592.0
195596.0
195620.0
195621.0
195622.0
195626.0
195650.0
195651.0
195652.0
195656.0
195682.0
195686.0
195687.0
195710.0
195711.0
195712.0
195713.0
195741.0
195743.0
195746.0
195747.0
195771.0
195772.0
195776.0
195801.0
195802.0
195806.0
195807.0
195831.0
195832.0
195862.0
195865.0
195866.0
195867.0
195868.0
195870.0
195890.0
195891.0
195892.0
195921.0
195926.0
195931.0
195934.0
195937.0
195950.0
195951.0
195952.0
195972.0
195975.0
195982.0
195986.0
196011.0
196040.0
196047.0
196048.0
196051.0
196052.0
196070.0
196071.0
196072.0
196081.0
196100.0
196102.0
196106.0
196107.0
196108.0
196119.0
196124.0
196125.0
196131.0
196133.0
196164.0
196166.0
196167.0
196192.0
196221.0
196226.0
196286.0
196346.0
196347.0
196348.0
196406.0
196466.0
196467.0
196526.0
196527.0
196586.0
196587.0
196599.0
196612.0
196628.0
196629.0
196630.0
196642.0
196643.0
196646.0
196647.0
196648.0
196688.0
196690.0
196694.0
196695.0
196702.0
196703.0
196706.0
196707.0
196708.0
196748.0
196749.0
196750.0
196762.0
196766.0
196767.0
196768.0
196805.0
196808.0
196811.0
196815.0
196820.0
196826.0
196827.0
196853.0
196856.0
196858.0
196860.0
196867.0
196869.0
196870.0
196871.0
196881.0
196883.0
196886.0
196887.0
196929.0
196930.0
196933.0
196942.0
196946.0
196947.0
196948.0
196949.0
196950.0
196988.0
196989.0
196990.0
196993.0
197001.0
197002.0
197006.0
197007.0
197048.0
197050.0
197062.0
197066.0
197067.0
197108.0
197110.0
197122.0
197168.0
197170.0
197182.0
197187.0
197188.0
197228.0
197230.0
197243.0
197246.0
197253.0
197258.0
197287.0
197288.0
197289.0
197290.0
197291.0
197294.0
197295.0
197296.0
197297.0
197298.0
197305.0
197306.0
197307.0
197309.0
197319.0
197348.0
197349.0
197350.0
197366.0
197408.0
197409.0
197410.0
197422.0
197423.0
197426.0
197438.0
197467.0
197468.0
197469.0
197470.0
197473.0
197482.0
197527.0
197528.0
197529.0
197530.0
197542.0
197545.0
197573.0
197588.0
197589.0
197590.0
197602.0
197606.0
197648.0
197649.0
197650.0
197662.0
197663.0
197708.0
197709.0
197711.0
197722.0
197726.0
197727.0
197769.0
197770.0
197771.0
197782.0
197786.0
197787.0
197828.0
197842.0
197846.0
197888.0
197889.0
197890.0
197903.0
197906.0
197907.0
197949.0
197962.0
197966.0
197967.0
197968.0
198009.0
198010.0
198011.0
198022.0
198024.0
198026.0
198027.0
198068.0
198069.0
198082.0
198086.0
198087.0
198128.0
198129.0
198142.0
198143.0
198144.0
198147.0
198189.0
198202.0
198203.0
198204.0
198207.0
198208.0
198249.0
198262.0
198266.0
198267.0
198309.0
198322.0
198323.0
198326.0
198327.0
198369.0
198382.0
198386.0
198387.0
198428.0
198429.0
198443.0
198446.0
198447.0
198449.0
198488.0
198489.0
198502.0
198503.0
198548.0
198549.0
198562.0
198609.0
198610.0
198622.0
198668.0
198682.0
198683.0
198729.0
198742.0
198743.0
198789.0
198802.0
198849.0
198862.0
198863.0
198909.0
198922.0
198923.0
198968.0
198969.0
198982.0
199028.0
199029.0
199042.0
199088.0
199089.0
199102.0
199148.0
199149.0
199162.0
199209.0
199210.0
199222.0
199223.0
199268.0
199269.0
199282.0
199329.0
199342.0
199343.0
199374.0
199375.0
199388.0
199389.0
199390.0
199402.0
199406.0
199432.0
199433.0
199462.0
199463.0
199466.0
199467.0
199486.0
199523.0
199526.0
199527.0
199528.0
199545.0
199575.0
199586.0
199587.0
199604.0
199608.0
199618.0
199646.0
199647.0
199665.0
199666.0
199667.0
199676.0
199677.0
199706.0
199724.0
199733.0
199734.0
199766.0
199792.0
199802.0
199803.0
199804.0
199826.0
199827.0
199828.0
199833.0
199851.0
199852.0
199862.0
199883.0
199886.0
199887.0
199911.0
199913.0
199915.0
199945.0
199946.0
199947.0
199972.0
199973.0
199983.0
199984.0
200006.0
200007.0
200012.0
200013.0
200014.0
200033.0
200034.0
200042.0
200064.0
200066.0
200067.0
200093.0
200094.0
200095.0
200120.0
200125.0
200126.0
200150.0
200152.0
200153.0
200186.0
200187.0
200209.0
200210.0
200239.0
200240.0
200246.0
200247.0
200268.0
200306.0
200307.0
200366.0
200367.0
200426.0
200427.0
200486.0
200487.0
200505.0
200506.0
200546.0
200547.0
200606.0
200607.0
200666.0
200667.0
200668.0
200708.0
200709.0
200722.0
200726.0
200727.0
200768.0
200769.0
200782.0
200786.0
200787.0
200828.0
200829.0
200842.0
200843.0
200847.0
200888.0
200889.0
200902.0
200903.0
200906.0
200948.0
200949.0
200950.0
200962.0
200966.0
200967.0
201008.0
201009.0
201010.0
201022.0
201026.0
201027.0
201068.0
201069.0
201082.0
201083.0
201084.0
201086.0
201128.0
201129.0
201142.0
201143.0
201146.0
201147.0
201188.0
201189.0
201202.0
201206.0
201207.0
201248.0
201249.0
201262.0
201266.0
201308.0
201309.0
201312.0
201322.0
201323.0
201324.0
201326.0
201327.0
201329.0
201368.0
201369.0
201382.0
201383.0
201386.0
201387.0
201388.0
201428.0
201429.0
201442.0
201447.0
201488.0
201489.0
201492.0
201502.0
201503.0
201506.0
201548.0
201549.0
201562.0
201566.0
201567.0
201608.0
201609.0
201622.0
201626.0
201627.0
201668.0
201669.0
201682.0
201686.0
201687.0
201728.0
201729.0
201742.0
201746.0
201747.0
201788.0
201789.0
201802.0
201806.0
201807.0
201848.0
201849.0
201862.0
201866.0
201908.0
201909.0
201922.0
201926.0
201927.0
201968.0
201969.0
201982.0
201986.0
201987.0
202028.0
202029.0
202042.0
202046.0
202047.0
202088.0
202089.0
202102.0
202106.0
202107.0
202148.0
202149.0
202162.0
202166.0
202208.0
202209.0
202222.0
202226.0
202227.0
202268.0
202269.0
202282.0
202286.0
202287.0
202328.0
202329.0
202342.0
202346.0
202347.0
202389.0
202402.0
202406.0
202407.0
202448.0
202449.0
202462.0
202466.0
202467.0
202509.0
202522.0
202523.0
202526.0
202527.0
202569.0
202582.0
202629.0
202642.0
202643.0
202689.0
202702.0
202762.0
202809.0
202822.0
202823.0
202868.0
202869.0
202882.0
202883.0
202929.0
202943.0
202989.0
203002.0
203003.0
203049.0
203062.0
203091.0
203109.0
203122.0
203123.0
203147.0
203148.0
203169.0
203182.0
203208.0
203243.0
203281.0
203282.0
203302.0
203461.0
203491.0
203517.0
203519.0
203520.0
203528.0
203546.0
203547.0
203549.0
203553.0
203574.0
203577.0
203578.0
203586.0
203607.0
203632.0
203633.0
203636.0
203656.0
203660.0
203664.0
203665.0
203666.0
203694.0
203695.0
203698.0
203703.0
203711.0
203727.0
203728.0
203741.0
203757.0
203761.0
203762.0
203768.0
203790.0
203820.0
203823.0
203824.0
203858.0
203878.0
203879.0
203882.0
203906.0
203936.0
203938.0
203992.0
203995.0
203996.0
204051.0
204105.0
204110.0
204134.0
204135.0
204149.0
204178.0
204179.0
204201.0
204208.0
204231.0
204249.0
204260.0
204308.0
204320.0
204332.0
204342.0
