0.0
9.0
1107.0
1122.0
1128.0
1132.0
1134.0
4673.0
4693.0
4695.0
4855.0
5016.0
5294.0
5422.0
5476.0
5549.0
5822.0
6136.0
6326.0
6456.0
6776.0
6800.0
7658.0
7771.0
7963.0
8518.0
8540.0
8604.0
8612.0
8673.0
8713.0
8839.0
8841.0
8993.0
9098.0
9233.0
9240.0
9272.0
9313.0
9553.0
9633.0
9953.0
9998.0
10273.0
10593.0
10913.0
11554.0
11794.0
11905.0
12567.0
12714.0
12834.0
13154.0
13368.0
13474.0
13779.0
14114.0
14434.0
14631.0
14786.0
15023.0
15979.0
16408.0
16544.0
16659.0
16704.0
16835.0
16995.0
17213.0
17261.0
17635.0
17775.0
17779.0
17955.0
18275.0
18595.0
18915.0
19235.0
20230.0
20569.0
20889.0
20916.0
21156.0
21372.0
21476.0
21796.0
21884.0
22196.0
22516.0
22836.0
23156.0
24152.0
24170.0
24358.0
24678.0
24997.0
25077.0
25397.0
25717.0
26037.0
26357.0
26677.0
26997.0
27318.0
27879.0
28972.0
29118.0
29238.0
29452.0
29558.0
29772.0
29878.0
30198.0
30518.0
30839.0
31159.0
31479.0
32172.0
32360.0
32813.0
33199.0
33399.0
33720.0
34040.0
34258.0
34360.0
34680.0
35000.0
35320.0
35640.0
36521.0
36842.0
37321.0
37458.0
37561.0
37881.0
38201.0
38417.0
38521.0
38841.0
39161.0
39481.0
39801.0
40797.0
41373.0
41374.0
41376.0
41377.0
41385.0
41386.0
41394.0
41395.0
41397.0
41398.0
41404.0
41406.0
41407.0
41415.0
41416.0
41425.0
41427.0
41428.0
41433.0
41434.0
41436.0
41437.0
41446.0
41454.0
41455.0
41457.0
41458.0
41463.0
41464.0
41467.0
41475.0
41476.0
41484.0
41485.0
41488.0
41493.0
41494.0
41496.0
41497.0
41505.0
41506.0
41514.0
41515.0
41517.0
41518.0
41524.0
41526.0
41527.0
41535.0
41536.0
41545.0
41547.0
41548.0
41553.0
41554.0
41556.0
41557.0
41566.0
41574.0
41575.0
41577.0
41578.0
41583.0
41584.0
41587.0
41595.0
41596.0
41604.0
41605.0
41608.0
41613.0
41614.0
41616.0
41617.0
41625.0
41626.0
41634.0
41635.0
41637.0
41638.0
41644.0
41646.0
41647.0
41655.0
41656.0
41665.0
41667.0
41668.0
41673.0
41674.0
41676.0
41677.0
41686.0
41694.0
41695.0
41697.0
41698.0
41703.0
41704.0
41707.0
41715.0
41716.0
41724.0
41725.0
41728.0
41733.0
41734.0
41736.0
41737.0
41745.0
41746.0
41754.0
41755.0
41757.0
41758.0
41764.0
41766.0
41767.0
41775.0
41776.0
41785.0
41787.0
41788.0
41793.0
41794.0
41796.0
41797.0
41806.0
41814.0
41815.0
41817.0
41818.0
41823.0
41824.0
41827.0
41835.0
41836.0
41844.0
41845.0
41848.0
41853.0
41854.0
41856.0
41857.0
41865.0
41866.0
41874.0
41875.0
41877.0
41878.0
41884.0
41886.0
41887.0
41895.0
41896.0
41905.0
41907.0
41908.0
41913.0
41914.0
41916.0
41917.0
41926.0
41934.0
41935.0
41937.0
41938.0
41943.0
41944.0
41947.0
41955.0
41956.0
41964.0
41965.0
41968.0
41973.0
41974.0
41976.0
41977.0
41985.0
41986.0
41994.0
41995.0
41997.0
41998.0
42004.0
42006.0
42007.0
42015.0
42016.0
42025.0
42027.0
42028.0
42034.0
42036.0
42037.0
42046.0
42054.0
42055.0
42057.0
42058.0
42064.0
42067.0
42075.0
42076.0
42085.0
42088.0
42094.0
42096.0
42097.0
42106.0
42115.0
42117.0
42118.0
42124.0
42127.0
42136.0
42145.0
42148.0
42154.0
42157.0
42166.0
42175.0
42178.0
42184.0
42187.0
42196.0
42205.0
42208.0
42214.0
42217.0
42226.0
42235.0
42238.0
42239.0
42244.0
42247.0
42249.0
42256.0
42259.0
42264.0
42265.0
42268.0
42269.0
42274.0
42277.0
42279.0
42284.0
42286.0
42290.0
42295.0
42298.0
42304.0
42305.0
42306.0
42307.0
42310.0
42316.0
42324.0
42325.0
42328.0
42329.0
42334.0
42337.0
42344.0
42346.0
42349.0
42354.0
42355.0
42358.0
42364.0
42367.0
42369.0
42374.0
42376.0
42384.0
42385.0
42388.0
42389.0
42394.0
42395.0
42397.0
42406.0
42409.0
42414.0
42415.0
42418.0
42419.0
42424.0
42425.0
42427.0
42430.0
42434.0
42435.0
42436.0
42439.0
42444.0
42445.0
42446.0
42448.0
42449.0
42450.0
42454.0
42455.0
42457.0
42459.0
42465.0
42466.0
42467.0
42475.0
42476.0
42478.0
42479.0
42484.0
42485.0
42487.0
42488.0
42489.0
42496.0
42497.0
42499.0
42504.0
42505.0
42506.0
42508.0
42509.0
42514.0
42515.0
42517.0
42518.0
42519.0
42524.0
42526.0
42527.0
42534.0
42535.0
42536.0
42538.0
42539.0
42540.0
42544.0
42545.0
42547.0
42548.0
42554.0
42556.0
42557.0
42560.0
42565.0
42566.0
42568.0
42569.0
42574.0
42575.0
42577.0
42578.0
42584.0
42586.0
42587.0
42590.0
42594.0
42595.0
42596.0
42598.0
42599.0
42604.0
42605.0
42607.0
42608.0
42614.0
42616.0
42617.0
42624.0
42625.0
42626.0
42628.0
42629.0
42634.0
42635.0
42637.0
42638.0
42644.0
42646.0
42647.0
42654.0
42655.0
42656.0
42658.0
42659.0
42664.0
42665.0
42667.0
42668.0
42674.0
42676.0
42677.0
42685.0
42686.0
42688.0
42689.0
42694.0
42695.0
42697.0
42698.0
42704.0
42706.0
42707.0
42714.0
42715.0
42716.0
42718.0
42719.0
42724.0
42725.0
42727.0
42728.0
42734.0
42736.0
42737.0
42739.0
42744.0
42745.0
42746.0
42748.0
42749.0
42754.0
42755.0
42757.0
42758.0
42764.0
42766.0
42767.0
42774.0
42775.0
42776.0
42778.0
42779.0
42784.0
42785.0
42787.0
42788.0
42794.0
42796.0
42797.0
42804.0
42805.0
42806.0
42808.0
42809.0
42814.0
42815.0
42817.0
42818.0
42824.0
42826.0
42827.0
42834.0
42835.0
42836.0
42838.0
42839.0
42844.0
42845.0
42847.0
42848.0
42854.0
42856.0
42857.0
42864.0
42865.0
42866.0
42868.0
42869.0
42874.0
42875.0
42877.0
42878.0
42886.0
42887.0
42895.0
42896.0
42898.0
42899.0
42904.0
42905.0
42907.0
42908.0
42916.0
42917.0
42925.0
42926.0
42928.0
42929.0
42934.0
42935.0
42937.0
42938.0
42946.0
42947.0
42955.0
42956.0
42958.0
42959.0
42964.0
42965.0
42967.0
42968.0
42976.0
42977.0
42985.0
42986.0
42988.0
42989.0
42994.0
42995.0
42997.0
42998.0
43006.0
43007.0
43015.0
43016.0
43018.0
43019.0
43024.0
43025.0
43027.0
43028.0
43036.0
43037.0
43045.0
43046.0
43048.0
43049.0
43054.0
43055.0
43057.0
43058.0
43066.0
43067.0
43075.0
43076.0
43078.0
43079.0
43085.0
43087.0
43088.0
43096.0
43097.0
43106.0
43108.0
43109.0
43114.0
43115.0
43117.0
43118.0
43127.0
43135.0
43136.0
43138.0
43139.0
43144.0
43145.0
43148.0
43156.0
43157.0
43165.0
43166.0
43169.0
43174.0
43175.0
43177.0
43178.0
43186.0
43187.0
43195.0
43196.0
43198.0
43199.0
43205.0
43207.0
43208.0
43216.0
43217.0
43226.0
43228.0
43229.0
43234.0
43235.0
43237.0
43238.0
43247.0
43255.0
43256.0
43258.0
43259.0
43264.0
43265.0
43268.0
43276.0
43277.0
43285.0
43286.0
43289.0
43294.0
43295.0
43297.0
43298.0
43306.0
43307.0
43315.0
43316.0
43318.0
43319.0
43325.0
43327.0
43328.0
43336.0
43337.0
43346.0
43348.0
43349.0
43354.0
43355.0
43357.0
43358.0
43367.0
43375.0
43376.0
43378.0
43379.0
43384.0
43385.0
43388.0
43396.0
43397.0
43405.0
43406.0
43409.0
43414.0
43415.0
43417.0
43418.0
43426.0
43427.0
43435.0
43436.0
43438.0
43439.0
43445.0
43447.0
43448.0
43456.0
43457.0
43466.0
43468.0
43469.0
43474.0
43475.0
43477.0
43478.0
43487.0
43495.0
43496.0
43498.0
43499.0
43504.0
43505.0
43508.0
43516.0
43517.0
43525.0
43526.0
43529.0
43534.0
43535.0
43537.0
43538.0
43546.0
43547.0
43555.0
43556.0
43558.0
43559.0
43565.0
43567.0
43568.0
43576.0
43577.0
43586.0
43588.0
43589.0
43594.0
43595.0
43597.0
43598.0
43607.0
43615.0
43616.0
43618.0
43619.0
43624.0
43625.0
43628.0
43636.0
43637.0
43645.0
43646.0
43649.0
43654.0
43655.0
43657.0
43658.0
43666.0
43667.0
43675.0
43676.0
43678.0
43679.0
43685.0
43687.0
43688.0
43696.0
43697.0
43706.0
43708.0
43709.0
43714.0
43715.0
43717.0
43718.0
43727.0
43735.0
43736.0
43738.0
43739.0
43744.0
43745.0
43748.0
43756.0
43757.0
43765.0
43766.0
43769.0
43774.0
43775.0
43777.0
43778.0
43786.0
43787.0
43795.0
43796.0
43798.0
43799.0
43805.0
43807.0
43808.0
43816.0
43817.0
43826.0
43828.0
43829.0
43834.0
43835.0
43837.0
43838.0
43847.0
43855.0
43856.0
43858.0
43859.0
43864.0
43865.0
43868.0
43876.0
43877.0
43885.0
43886.0
43889.0
43894.0
43895.0
43897.0
43898.0
43906.0
43907.0
43915.0
43916.0
43918.0
43919.0
43925.0
43927.0
43928.0
43936.0
43937.0
43946.0
43948.0
43949.0
43954.0
43955.0
43957.0
43958.0
45464.0
45467.0
45468.0
45474.0
45475.0
45476.0
45477.0
45479.0
45480.0
45484.0
45485.0
45486.0
45488.0
45489.0
45494.0
45497.0
45498.0
45504.0
45505.0
45506.0
45507.0
45509.0
45510.0
45514.0
45515.0
45516.0
45518.0
45519.0
45524.0
45527.0
45528.0
45535.0
45536.0
45537.0
45539.0
45540.0
45544.0
45545.0
45546.0
45548.0
45549.0
45554.0
45557.0
45558.0
45564.0
45565.0
45566.0
45567.0
45569.0
45570.0
45574.0
45575.0
45576.0
45578.0
45579.0
45584.0
45587.0
45588.0
45594.0
45595.0
45596.0
45597.0
45599.0
45600.0
45604.0
45605.0
45606.0
45608.0
45609.0
45614.0
45617.0
45618.0
45624.0
45625.0
45626.0
45627.0
45629.0
45630.0
45634.0
45635.0
45636.0
45638.0
45639.0
45644.0
45647.0
45648.0
45654.0
45655.0
45656.0
45657.0
45659.0
45660.0
45664.0
45666.0
45668.0
45669.0
45674.0
45677.0
45678.0
45684.0
45685.0
45687.0
45689.0
45690.0
45694.0
45695.0
45696.0
45698.0
45699.0
45704.0
45708.0
45714.0
45715.0
45716.0
45717.0
45719.0
45720.0
45724.0
45725.0
45726.0
45729.0
45734.0
45737.0
45738.0
45744.0
45745.0
45747.0
45750.0
45754.0
45755.0
45756.0
45758.0
45759.0
45764.0
45768.0
45774.0
45775.0
45776.0
45777.0
45779.0
45780.0
45784.0
45785.0
45786.0
45789.0
45794.0
45797.0
45798.0
45804.0
45805.0
45807.0
45810.0
45814.0
45815.0
45816.0
45818.0
45819.0
45824.0
45828.0
45834.0
45835.0
45836.0
45837.0
45839.0
45840.0
45844.0
45845.0
45846.0
45849.0
45854.0
45857.0
45858.0
45864.0
45865.0
45866.0
45867.0
45870.0
45874.0
45875.0
45876.0
45878.0
45879.0
45884.0
45887.0
45888.0
45894.0
45895.0
45896.0
45897.0
45899.0
45900.0
45904.0
45906.0
45908.0
45909.0
45914.0
45917.0
45918.0
45924.0
45925.0
45927.0
45929.0
45930.0
45934.0
45935.0
45936.0
45938.0
45939.0
45944.0
45948.0
45954.0
45955.0
45956.0
45957.0
45959.0
45960.0
45964.0
45965.0
45966.0
45969.0
45974.0
45977.0
45978.0
45984.0
45985.0
45986.0
45987.0
45990.0
45994.0
45995.0
45996.0
45998.0
45999.0
46004.0
46007.0
46008.0
46014.0
46015.0
46016.0
46017.0
46019.0
46020.0
46024.0
46026.0
46028.0
46029.0
46034.0
46037.0
46038.0
46043.0
46044.0
46045.0
46047.0
46049.0
46050.0
46053.0
46054.0
46055.0
46056.0
46058.0
46059.0
46063.0
46068.0
46074.0
46075.0
46076.0
46077.0
46079.0
46080.0
46084.0
46085.0
46086.0
46089.0
46094.0
46097.0
46098.0
46103.0
46105.0
46106.0
46107.0
46110.0
46114.0
46115.0
46116.0
46118.0
46119.0
46124.0
46127.0
46128.0
46134.0
46135.0
46136.0
46137.0
46139.0
46140.0
46144.0
46146.0
46148.0
46149.0
46154.0
46157.0
46158.0
46164.0
46165.0
46167.0
46169.0
46170.0
46174.0
46175.0
46176.0
46178.0
46179.0
46184.0
46188.0
46194.0
46195.0
46196.0
46197.0
46199.0
46200.0
46204.0
46205.0
46206.0
46209.0
46214.0
46217.0
46218.0
46223.0
46225.0
46226.0
46227.0
46230.0
46234.0
46235.0
46236.0
46238.0
46239.0
46244.0
46247.0
46248.0
46254.0
46255.0
46256.0
46257.0
46259.0
46260.0
46263.0
46264.0
46266.0
46268.0
46269.0
46274.0
46277.0
46278.0
46284.0
46285.0
46287.0
46289.0
46290.0
46293.0
46295.0
46296.0
46298.0
46299.0
46304.0
46308.0
46314.0
46315.0
46316.0
46317.0
46319.0
46320.0
46324.0
46325.0
46326.0
46329.0
46334.0
46337.0
46338.0
46344.0
46345.0
46347.0
46350.0
46354.0
46356.0
46358.0
46359.0
46363.0
46364.0
46368.0
46374.0
46377.0
46379.0
46380.0
46384.0
46385.0
46386.0
46389.0
46394.0
46398.0
46403.0
46404.0
46407.0
46410.0
46414.0
46416.0
46419.0
46423.0
46428.0
46434.0
46435.0
46437.0
46439.0
46440.0
46444.0
46446.0
46449.0
46454.0
46458.0
46463.0
46465.0
46467.0
46470.0
46473.0
46474.0
46476.0
46479.0
46484.0
46488.0
46493.0
46494.0
46495.0
46497.0
46500.0
46503.0
46504.0
46506.0
46509.0
46514.0
46518.0
46524.0
46525.0
46527.0
46530.0
46533.0
46536.0
46539.0
46543.0
46548.0
46553.0
46554.0
46557.0
46560.0
46564.0
46566.0
46569.0
46573.0
46578.0
46583.0
46584.0
46587.0
46590.0
46593.0
46594.0
46596.0
46599.0
46603.0
46608.0
46614.0
46615.0
46617.0
46620.0
46623.0
46624.0
46626.0
46629.0
46633.0
46638.0
46643.0
46645.0
46647.0
46650.0
46653.0
46656.0
46659.0
46663.0
46668.0
46673.0
46674.0
46677.0
46680.0
46684.0
46686.0
46688.0
46689.0
46693.0
46698.0
46704.0
46707.0
46708.0
46710.0
46714.0
46716.0
46719.0
46723.0
46728.0
46733.0
46734.0
46737.0
46740.0
46743.0
46744.0
46746.0
46749.0
46754.0
46758.0
46763.0
46764.0
46765.0
46767.0
46770.0
46773.0
46776.0
46779.0
46783.0
46784.0
46788.0
46793.0
46794.0
46795.0
46797.0
46800.0
46804.0
46806.0
46809.0
46813.0
46818.0
46823.0
46824.0
46827.0
46830.0
46833.0
46836.0
46839.0
46843.0
46848.0
46853.0
46855.0
46857.0
46860.0
46863.0
46864.0
46866.0
46869.0
46874.0
46878.0
46883.0
46884.0
46887.0
46890.0
46893.0
46894.0
46896.0
46899.0
46903.0
46904.0
46908.0
46913.0
46914.0
46917.0
46920.0
46924.0
46925.0
46926.0
46929.0
46934.0
46938.0
46943.0
46944.0
46947.0
46950.0
46953.0
46954.0
46956.0
46959.0
46964.0
46968.0
46977.0
46980.0
46985.0
46986.0
46989.0
46998.0
47007.0
47010.0
47016.0
47019.0
47028.0
47037.0
47040.0
47046.0
47049.0
47058.0
47067.0
47070.0
47076.0
47079.0
47088.0
47097.0
47100.0
47106.0
47109.0
47118.0
47127.0
47130.0
47136.0
47139.0
47148.0
47157.0
47160.0
47166.0
47169.0
47178.0
47187.0
47190.0
47196.0
47199.0
47208.0
47217.0
47220.0
47226.0
47229.0
47238.0
47247.0
47250.0
47256.0
47259.0
47268.0
47277.0
47280.0
47286.0
47289.0
47298.0
47307.0
47310.0
47316.0
47319.0
47328.0
47337.0
47340.0
47346.0
47349.0
47358.0
47367.0
47370.0
47376.0
47379.0
47388.0
47397.0
47400.0
47406.0
47409.0
47418.0
47427.0
47430.0
47436.0
47439.0
47448.0
47457.0
47460.0
47466.0
47467.0
47469.0
47478.0
47487.0
47488.0
47490.0
47496.0
47497.0
47499.0
47504.0
47508.0
47509.0
47517.0
47518.0
47520.0
47525.0
47526.0
47527.0
47529.0
47530.0
47538.0
47539.0
47547.0
47548.0
47550.0
47551.0
47556.0
47557.0
47559.0
47560.0
47564.0
47568.0
47569.0
47577.0
47578.0
47580.0
47581.0
47585.0
47586.0
47587.0
47589.0
47590.0
47598.0
47599.0
47607.0
47608.0
47610.0
47611.0
47616.0
47617.0
47619.0
47620.0
47628.0
47629.0
47637.0
47638.0
47640.0
47641.0
47646.0
47647.0
47649.0
47650.0
47658.0
47659.0
47667.0
47668.0
47670.0
47671.0
47676.0
47677.0
47679.0
47680.0
47688.0
47689.0
47697.0
47698.0
47700.0
47701.0
47706.0
47707.0
47709.0
47710.0
47718.0
47719.0
47727.0
47728.0
47730.0
47731.0
47736.0
47737.0
47739.0
47740.0
47748.0
47749.0
47757.0
47758.0
47760.0
47761.0
47766.0
47767.0
47769.0
47770.0
47778.0
47779.0
47787.0
47788.0
47790.0
47791.0
47796.0
47797.0
47799.0
47800.0
47808.0
47809.0
47817.0
47818.0
47820.0
47821.0
47826.0
47827.0
47829.0
47830.0
47838.0
47839.0
47847.0
47848.0
47850.0
47851.0
47856.0
47857.0
47859.0
47860.0
47868.0
47869.0
47877.0
47878.0
47880.0
47881.0
47886.0
47887.0
47889.0
47890.0
47898.0
47899.0
47907.0
47908.0
47910.0
47911.0
47916.0
47917.0
47919.0
47920.0
47928.0
47929.0
47937.0
47938.0
47940.0
47941.0
47946.0
47947.0
47949.0
47958.0
47967.0
47970.0
47976.0
47979.0
47988.0
47997.0
48000.0
48006.0
48009.0
48018.0
48027.0
48030.0
48036.0
48039.0
48048.0
49554.0
49560.0
49564.0
49565.0
49567.0
49569.0
49570.0
49571.0
49574.0
49576.0
49579.0
49582.0
49584.0
49586.0
49588.0
49590.0
49591.0
49594.0
49597.0
49598.0
49600.0
49603.0
49604.0
49607.0
49609.0
49615.0
49618.0
49619.0
49621.0
49624.0
49627.0
49628.0
49630.0
49634.0
49635.0
49639.0
49640.0
49644.0
49645.0
49648.0
49650.0
49654.0
49655.0
49657.0
49659.0
49660.0
49661.0
49664.0
49666.0
49669.0
49672.0
49674.0
49676.0
49678.0
49680.0
49681.0
49684.0
49687.0
49688.0
49689.0
49693.0
49695.0
49697.0
49699.0
49704.0
49708.0
49709.0
49710.0
49714.0
49717.0
49718.0
49719.0
49720.0
49724.0
49729.0
49730.0
49734.0
49735.0
49738.0
49740.0
49745.0
49746.0
49747.0
49749.0
49750.0
49751.0
49754.0
49755.0
49756.0
49759.0
49762.0
49764.0
49766.0
49768.0
49770.0
49771.0
49775.0
49777.0
49778.0
49780.0
49783.0
49784.0
49787.0
49789.0
49794.0
49798.0
49799.0
49800.0
49804.0
49807.0
49808.0
49809.0
49810.0
49814.0
49819.0
49820.0
49824.0
49825.0
49828.0
49830.0
49834.0
49835.0
49837.0
49839.0
49840.0
49841.0
49844.0
49846.0
49849.0
49852.0
49854.0
49856.0
49858.0
49860.0
49861.0
49864.0
49867.0
49868.0
49869.0
49873.0
49874.0
49877.0
49879.0
49884.0
49888.0
49889.0
49890.0
49894.0
49897.0
49898.0
49899.0
49900.0
49904.0
49909.0
49910.0
49914.0
49915.0
49918.0
49920.0
49921.0
49924.0
49925.0
49930.0
49931.0
49934.0
49935.0
49936.0
49939.0
49942.0
49944.0
49946.0
49950.0
49951.0
49952.0
49954.0
49957.0
49959.0
49960.0
49963.0
49964.0
49965.0
49974.0
49978.0
49980.0
49981.0
49984.0
49985.0
49986.0
49988.0
49989.0
49994.0
49999.0
50004.0
50005.0
50009.0
50010.0
50014.0
50017.0
50019.0
50020.0
50021.0
50024.0
50030.0
50034.0
50038.0
50040.0
50041.0
50042.0
50044.0
50047.0
50048.0
50049.0
50051.0
50054.0
50059.0
50063.0
50064.0
50068.0
50069.0
50070.0
50072.0
50074.0
50077.0
50078.0
50079.0
50080.0
50084.0
50089.0
50090.0
50094.0
50098.0
50099.0
50100.0
50101.0
50104.0
50105.0
50107.0
50108.0
50109.0
50110.0
50111.0
50114.0
50119.0
50120.0
50124.0
50128.0
50129.0
50130.0
50131.0
50132.0
50134.0
50137.0
50138.0
50139.0
50140.0
50141.0
50144.0
50149.0
50150.0
50154.0
50158.0
50159.0
50161.0
50162.0
50164.0
50167.0
50168.0
50169.0
50170.0
50171.0
50174.0
50179.0
50180.0
50184.0
50188.0
50189.0
50191.0
50192.0
50194.0
50197.0
50198.0
50199.0
50200.0
50201.0
50204.0
50209.0
50210.0
50214.0
50218.0
50219.0
50220.0
50221.0
50222.0
50224.0
50228.0
50229.0
50230.0
50231.0
50234.0
50239.0
50240.0
50244.0
50249.0
50250.0
50251.0
50252.0
50254.0
50257.0
50258.0
50259.0
50260.0
50261.0
50264.0
50269.0
50270.0
50274.0
50278.0
50279.0
50280.0
50281.0
50282.0
50284.0
50285.0
50287.0
50288.0
50290.0
50291.0
50294.0
50299.0
50300.0
50304.0
50308.0
50309.0
50310.0
50312.0
50314.0
50317.0
50318.0
50319.0
50320.0
50321.0
50324.0
50329.0
50330.0
50334.0
50338.0
50339.0
50340.0
50341.0
50342.0
50345.0
50348.0
50349.0
50350.0
50351.0
50359.0
50360.0
50364.0
50369.0
50371.0
50372.0
50374.0
50377.0
50378.0
50379.0
50380.0
50381.0
50389.0
50390.0
50394.0
50398.0
50399.0
50401.0
50402.0
50404.0
50407.0
50408.0
50409.0
50411.0
50414.0
50419.0
50420.0
50424.0
50428.0
50429.0
50430.0
50432.0
50434.0
50437.0
50438.0
50439.0
50440.0
50441.0
50444.0
50449.0
50450.0
50454.0
50458.0
50459.0
50460.0
50461.0
50462.0
50464.0
50468.0
50469.0
50470.0
50471.0
50479.0
50480.0
50484.0
50489.0
50491.0
50492.0
50494.0
50498.0
50499.0
50500.0
50501.0
50504.0
50505.0
50509.0
50510.0
50514.0
50519.0
50521.0
50522.0
50524.0
50525.0
50528.0
50529.0
50531.0
50534.0
50539.0
50540.0
50544.0
50549.0
50551.0
50552.0
50554.0
50558.0
50559.0
50561.0
50564.0
50569.0
50570.0
50574.0
50579.0
50582.0
50584.0
50585.0
50588.0
50589.0
50591.0
50594.0
50599.0
50600.0
50604.0
50609.0
50612.0
50614.0
50618.0
50619.0
50621.0
50625.0
50629.0
50630.0
50634.0
50639.0
50640.0
50642.0
50644.0
50648.0
50649.0
50651.0
50654.0
50659.0
50660.0
50664.0
50669.0
50672.0
50674.0
50675.0
50678.0
50679.0
50681.0
50684.0
50689.0
50690.0
50694.0
50699.0
50702.0
50704.0
50708.0
50709.0
50711.0
50714.0
50715.0
50719.0
50720.0
50724.0
50729.0
50730.0
50732.0
50734.0
50738.0
50739.0
50741.0
50749.0
50750.0
50751.0
50754.0
50759.0
50760.0
50762.0
50764.0
50768.0
50769.0
50770.0
50771.0
50772.0
50774.0
50779.0
50780.0
50781.0
50784.0
50789.0
50790.0
50792.0
50793.0
50794.0
50798.0
50799.0
50801.0
50802.0
50805.0
50809.0
50810.0
50811.0
50814.0
50819.0
50820.0
50822.0
50823.0
50824.0
50828.0
50829.0
50831.0
50832.0
50834.0
50839.0
50840.0
50841.0
50849.0
50850.0
50852.0
50853.0
50854.0
50855.0
50858.0
50859.0
50861.0
50862.0
50864.0
50869.0
50870.0
50871.0
50874.0
50879.0
50880.0
50882.0
50883.0
50884.0
50888.0
50889.0
50891.0
50892.0
50895.0
50899.0
50900.0
50901.0
50904.0
50909.0
50910.0
50912.0
50913.0
50914.0
50918.0
50919.0
50921.0
50922.0
50924.0
50929.0
50930.0
50931.0
50934.0
50939.0
50940.0
50942.0
50943.0
50944.0
50945.0
50948.0
50949.0
50950.0
50951.0
50952.0
50954.0
50959.0
50960.0
50961.0
50964.0
50969.0
50970.0
50972.0
50973.0
50974.0
50978.0
50979.0
50981.0
50982.0
50985.0
50989.0
50990.0
50991.0
50994.0
50999.0
51000.0
51002.0
51003.0
51004.0
51005.0
51008.0
51009.0
51011.0
51012.0
51014.0
51019.0
51020.0
51021.0
51024.0
51029.0
51030.0
51032.0
51033.0
51034.0
51035.0
51038.0
51039.0
51041.0
51042.0
51044.0
51049.0
51050.0
51051.0
51054.0
51059.0
51060.0
51062.0
51063.0
51068.0
51069.0
51071.0
51072.0
51080.0
51081.0
51089.0
51090.0
51092.0
51093.0
51098.0
51099.0
51101.0
51102.0
51104.0
51110.0
51111.0
51119.0
51120.0
51122.0
51123.0
51125.0
51128.0
51129.0
51131.0
51132.0
51140.0
51141.0
51149.0
51150.0
51152.0
51153.0
51158.0
51159.0
51161.0
51162.0
51164.0
51170.0
51171.0
51179.0
51180.0
51182.0
51183.0
51185.0
51188.0
51189.0
51191.0
51192.0
51200.0
51201.0
51209.0
51210.0
51212.0
51213.0
51218.0
51219.0
51221.0
51222.0
51230.0
51231.0
51239.0
51240.0
51242.0
51243.0
51248.0
51249.0
51251.0
51252.0
51260.0
51261.0
51269.0
51270.0
51272.0
51273.0
51278.0
51279.0
51281.0
51282.0
51290.0
51291.0
51299.0
51300.0
51302.0
51303.0
51308.0
51309.0
51311.0
51312.0
51320.0
51321.0
51329.0
51330.0
51332.0
51333.0
51338.0
51339.0
51341.0
51342.0
51350.0
51351.0
51359.0
51360.0
51362.0
51363.0
51368.0
51369.0
51371.0
51372.0
51380.0
51381.0
51389.0
51390.0
51392.0
51393.0
51398.0
51399.0
51401.0
51402.0
51410.0
51411.0
51419.0
51420.0
51422.0
51423.0
51429.0
51431.0
51432.0
51440.0
51441.0
51450.0
51452.0
51453.0
51458.0
51459.0
51461.0
51462.0
51471.0
51479.0
51480.0
51482.0
51483.0
51488.0
51489.0
51492.0
51500.0
51501.0
51509.0
51510.0
51513.0
51518.0
51519.0
51521.0
51522.0
51530.0
51531.0
51539.0
51540.0
51542.0
51543.0
51549.0
51551.0
51552.0
51560.0
51561.0
51570.0
51572.0
51573.0
51578.0
51579.0
51581.0
51582.0
51591.0
51599.0
51600.0
51602.0
51603.0
51608.0
51609.0
51612.0
51620.0
51621.0
51629.0
51630.0
51633.0
51638.0
51639.0
51641.0
51642.0
51650.0
51651.0
51659.0
51660.0
51662.0
51663.0
51669.0
51671.0
51672.0
51680.0
51681.0
51690.0
51692.0
51693.0
51698.0
51699.0
51701.0
51702.0
51704.0
51711.0
51719.0
51720.0
51722.0
51723.0
51725.0
51729.0
51732.0
51740.0
51741.0
51750.0
51753.0
51758.0
51759.0
51761.0
51762.0
51764.0
51771.0
51779.0
51780.0
51782.0
51783.0
51785.0
51789.0
51792.0
51800.0
51801.0
51810.0
51813.0
51818.0
51819.0
51821.0
51822.0
51831.0
51839.0
51840.0
51842.0
51843.0
51848.0
51849.0
51852.0
51860.0
51861.0
51869.0
51870.0
51873.0
51878.0
51879.0
51881.0
51882.0
51890.0
51891.0
51899.0
51900.0
51902.0
51903.0
51909.0
51911.0
51912.0
51920.0
51921.0
51930.0
51932.0
51933.0
51938.0
51939.0
51941.0
51942.0
51951.0
51959.0
51960.0
51962.0
51963.0
51968.0
51969.0
51972.0
51980.0
51981.0
51989.0
51990.0
51993.0
51998.0
51999.0
52001.0
52002.0
52010.0
52011.0
52019.0
52020.0
52022.0
52023.0
52029.0
52031.0
52032.0
52040.0
52041.0
52050.0
52052.0
52053.0
52058.0
52059.0
52061.0
52062.0
52071.0
52079.0
52080.0
52082.0
52083.0
52089.0
52092.0
52100.0
52101.0
52110.0
52113.0
52119.0
52121.0
52122.0
52131.0
52140.0
52142.0
52143.0
52149.0
52152.0
53659.0
53661.0
53662.0
53669.0
53670.0
53671.0
53673.0
53674.0
53679.0
53680.0
53682.0
53683.0
53689.0
53691.0
53692.0
53699.0
53700.0
53701.0
53703.0
53704.0
53709.0
53710.0
53712.0
53713.0
53719.0
53721.0
53722.0
53729.0
53730.0
53731.0
53733.0
53734.0
53739.0
53740.0
53742.0
53743.0
53749.0
53751.0
53752.0
53759.0
53760.0
53761.0
53763.0
53764.0
53769.0
53770.0
53772.0
53773.0
53779.0
53781.0
53782.0
53789.0
53790.0
53791.0
53793.0
53794.0
53799.0
53800.0
53802.0
53803.0
53804.0
53809.0
53811.0
53812.0
53819.0
53820.0
53821.0
53823.0
53824.0
53829.0
53830.0
53832.0
53833.0
53839.0
53841.0
53842.0
53849.0
53850.0
53851.0
53853.0
53854.0
53859.0
53860.0
53862.0
53863.0
53864.0
53869.0
53871.0
53872.0
53879.0
53880.0
53881.0
53883.0
53884.0
53889.0
53890.0
53892.0
53893.0
53899.0
53901.0
53902.0
53909.0
53910.0
53911.0
53913.0
53914.0
53919.0
53920.0
53922.0
53923.0
53929.0
53931.0
53932.0
53939.0
53940.0
53941.0
53943.0
53944.0
53949.0
53950.0
53952.0
53953.0
53959.0
53961.0
53962.0
53969.0
53970.0
53971.0
53973.0
53974.0
53979.0
53980.0
53982.0
53983.0
53989.0
53991.0
53992.0
53999.0
54000.0
54001.0
54003.0
54004.0
54009.0
54010.0
54012.0
54013.0
54019.0
54021.0
54022.0
54029.0
54030.0
54031.0
54033.0
54034.0
54039.0
54040.0
54042.0
54043.0
54049.0
54052.0
54059.0
54060.0
54061.0
54063.0
54064.0
54069.0
54070.0
54073.0
54080.0
54082.0
54089.0
54091.0
54094.0
54099.0
54100.0
54103.0
54104.0
54109.0
54112.0
54119.0
54120.0
54121.0
54124.0
54125.0
54129.0
54130.0
54133.0
54139.0
54142.0
54149.0
54150.0
54151.0
54154.0
54159.0
54160.0
54163.0
54164.0
54169.0
54172.0
54179.0
54180.0
54181.0
54184.0
54185.0
54189.0
54190.0
54193.0
54199.0
54202.0
54209.0
54210.0
54211.0
54214.0
54219.0
54220.0
54223.0
54229.0
54232.0
54239.0
54240.0
54241.0
54244.0
54249.0
54250.0
54253.0
54259.0
54262.0
54269.0
54270.0
54271.0
54274.0
54279.0
54280.0
54283.0
54289.0
54292.0
54299.0
54300.0
54301.0
54304.0
54309.0
54310.0
54313.0
54319.0
54322.0
54329.0
54330.0
54331.0
54334.0
54339.0
54340.0
54343.0
54349.0
54359.0
54360.0
54361.0
54364.0
54369.0
54370.0
54379.0
54382.0
54389.0
54390.0
54391.0
54399.0
54400.0
54403.0
54404.0
54405.0
54409.0
54412.0
54419.0
54420.0
54421.0
54424.0
54425.0
54426.0
54429.0
54430.0
54433.0
54439.0
54442.0
54446.0
54449.0
54450.0
54451.0
54454.0
54459.0
54460.0
54463.0
54465.0
54467.0
54469.0
54472.0
54479.0
54480.0
54481.0
54484.0
54488.0
54489.0
54490.0
54493.0
54499.0
54502.0
54509.0
54510.0
54511.0
54514.0
54519.0
54520.0
54523.0
54529.0
54532.0
54539.0
54540.0
54541.0
54544.0
54549.0
54550.0
54553.0
54559.0
54562.0
54569.0
54570.0
54571.0
54574.0
54579.0
54580.0
54583.0
54589.0
54592.0
54599.0
54600.0
54601.0
54604.0
54609.0
54610.0
54613.0
54619.0
54622.0
54629.0
54630.0
54631.0
54634.0
54639.0
54640.0
54643.0
54649.0
54652.0
54659.0
54660.0
54661.0
54664.0
54669.0
54670.0
54673.0
54679.0
54682.0
54689.0
54690.0
54691.0
54694.0
54699.0
54700.0
54703.0
54704.0
54709.0
54712.0
54719.0
54720.0
54721.0
54724.0
54725.0
54729.0
54730.0
54733.0
54739.0
54742.0
54746.0
54749.0
54750.0
54751.0
54754.0
54759.0
54760.0
54763.0
54764.0
54767.0
54769.0
54772.0
54779.0
54780.0
54781.0
54784.0
54785.0
54788.0
54789.0
54790.0
54793.0
54799.0
54802.0
54806.0
54809.0
54810.0
54811.0
54814.0
54819.0
54820.0
54823.0
54829.0
54839.0
54840.0
54841.0
54844.0
54849.0
54850.0
54859.0
54862.0
54865.0
54869.0
54870.0
54871.0
54879.0
54880.0
54883.0
54889.0
54899.0
54900.0
54901.0
54904.0
54909.0
54910.0
54919.0
54922.0
54923.0
54929.0
54930.0
54931.0
54939.0
54940.0
54943.0
54944.0
54949.0
54952.0
54959.0
54960.0
54961.0
54964.0
54965.0
54969.0
54970.0
54973.0
54978.0
54979.0
54982.0
54985.0
54986.0
54989.0
54990.0
54991.0
54999.0
55000.0
55003.0
55004.0
55006.0
55007.0
55009.0
55010.0
55012.0
55019.0
55020.0
55021.0
55024.0
55029.0
55030.0
55031.0
55033.0
55039.0
55041.0
55042.0
55049.0
55050.0
55051.0
55052.0
55054.0
55059.0
55060.0
55062.0
55063.0
55064.0
55068.0
55069.0
55072.0
55079.0
55080.0
55081.0
55084.0
55089.0
55090.0
55093.0
55099.0
55102.0
55109.0
55110.0
55111.0
55114.0
55119.0
55120.0
55123.0
55129.0
55131.0
55139.0
55140.0
55141.0
55149.0
55150.0
55152.0
55162.0
55171.0
55173.0
55180.0
55183.0
55191.0
55192.0
55194.0
55195.0
55201.0
55210.0
55212.0
55213.0
55215.0
55216.0
55222.0
55231.0
55233.0
55234.0
55236.0
55237.0
55240.0
55243.0
55252.0
55254.0
55255.0
55257.0
55258.0
55261.0
55264.0
55270.0
55273.0
55275.0
55276.0
55291.0
55297.0
55300.0
55304.0
55312.0
55318.0
55321.0
55325.0
55330.0
55333.0
55339.0
55342.0
55346.0
55351.0
55354.0
55360.0
55363.0
55364.0
55367.0
55372.0
55375.0
55381.0
55384.0
55385.0
55388.0
55390.0
55393.0
55396.0
55402.0
55411.0
55414.0
55420.0
55423.0
55432.0
55441.0
55444.0
55450.0
55453.0
55462.0
55471.0
55474.0
55480.0
55483.0
55492.0
55501.0
55504.0
55510.0
55513.0
55522.0
55531.0
55534.0
55540.0
55543.0
55552.0
55561.0
55564.0
55570.0
55573.0
55582.0
55591.0
55594.0
55600.0
55603.0
55612.0
55621.0
55624.0
55630.0
55633.0
55642.0
55651.0
55654.0
55660.0
55663.0
55672.0
55681.0
55684.0
55690.0
55693.0
55702.0
55711.0
55714.0
55720.0
55723.0
55732.0
55741.0
55744.0
55750.0
55753.0
55762.0
55771.0
55774.0
55780.0
55783.0
55792.0
55801.0
55804.0
55810.0
55811.0
55813.0
55822.0
55831.0
55832.0
55834.0
55840.0
55841.0
55843.0
55852.0
55853.0
55861.0
55862.0
55864.0
55870.0
55871.0
55873.0
55874.0
55882.0
55883.0
55891.0
55892.0
55894.0
55895.0
55900.0
55901.0
55903.0
55904.0
55912.0
55913.0
55921.0
55922.0
55924.0
55925.0
55930.0
55931.0
55933.0
55934.0
55942.0
55943.0
55951.0
55952.0
55954.0
55955.0
55960.0
55961.0
55963.0
55964.0
55972.0
55973.0
55981.0
55982.0
55984.0
55985.0
55990.0
55991.0
55993.0
55994.0
56002.0
56003.0
56011.0
56012.0
56014.0
56015.0
56020.0
56021.0
56023.0
56024.0
56032.0
56033.0
56041.0
56042.0
56044.0
56045.0
56050.0
56051.0
56053.0
56054.0
56062.0
56063.0
56071.0
56072.0
56074.0
56075.0
56080.0
56081.0
56083.0
56084.0
56092.0
56093.0
56101.0
56102.0
56104.0
56105.0
56110.0
56111.0
56113.0
56114.0
56122.0
56123.0
56131.0
56132.0
56134.0
56135.0
56140.0
56141.0
56143.0
56144.0
56152.0
56153.0
56161.0
56162.0
56164.0
56165.0
56170.0
56171.0
56173.0
56174.0
56182.0
56183.0
56191.0
56192.0
56194.0
56195.0
56200.0
56201.0
56203.0
56204.0
56212.0
56213.0
56221.0
56222.0
56224.0
56225.0
56230.0
56231.0
56233.0
56234.0
56242.0
56243.0
56254.0
56255.0
57750.0
57755.0
57759.0
57760.0
57761.0
57764.0
57767.0
57769.0
57773.0
57779.0
57780.0
57782.0
57785.0
57788.0
57789.0
57791.0
57794.0
57799.0
57803.0
57806.0
57809.0
57810.0
57812.0
57815.0
57819.0
57821.0
57824.0
57827.0
57829.0
57833.0
57839.0
57840.0
57842.0
57845.0
57848.0
57849.0
57851.0
57854.0
57859.0
57863.0
57869.0
57870.0
57872.0
57875.0
57879.0
57881.0
57884.0
57889.0
57893.0
57899.0
57900.0
57902.0
57905.0
57909.0
57911.0
57914.0
57919.0
57923.0
57929.0
57930.0
57932.0
57935.0
57939.0
57941.0
57944.0
57950.0
57951.0
57953.0
57959.0
57961.0
57962.0
57965.0
57969.0
57971.0
57974.0
57975.0
57979.0
57983.0
57989.0
57991.0
57992.0
57995.0
57999.0
58001.0
58004.0
58009.0
58013.0
58019.0
58020.0
58022.0
58024.0
58025.0
58029.0
58031.0
58034.0
58039.0
58043.0
58049.0
58052.0
58055.0
58059.0
58061.0
58064.0
58069.0
58073.0
58080.0
58082.0
58085.0
58086.0
58089.0
58091.0
58094.0
58099.0
58103.0
58110.0
58112.0
58115.0
58116.0
58119.0
58120.0
58121.0
58124.0
58129.0
58133.0
58139.0
58140.0
58142.0
58145.0
58149.0
58151.0
58154.0
58159.0
58163.0
58169.0
58172.0
58175.0
58179.0
58181.0
58184.0
58189.0
58193.0
58199.0
58200.0
58202.0
58205.0
58209.0
58211.0
58214.0
58219.0
58223.0
58229.0
58230.0
58232.0
58235.0
58240.0
58241.0
58244.0
58250.0
58253.0
58259.0
58260.0
58262.0
58265.0
58269.0
58271.0
58274.0
58279.0
58283.0
58289.0
58292.0
58295.0
58299.0
58301.0
58304.0
58309.0
58313.0
58319.0
58322.0
58325.0
58329.0
58331.0
58332.0
58334.0
58339.0
58343.0
58346.0
58349.0
58352.0
58353.0
58355.0
58359.0
58361.0
58362.0
58364.0
58367.0
58369.0
58373.0
58374.0
58379.0
58382.0
58383.0
58385.0
58388.0
58389.0
58391.0
58392.0
58394.0
58395.0
58399.0
58403.0
58404.0
58406.0
58409.0
58412.0
58413.0
58415.0
58416.0
58419.0
58421.0
58422.0
58424.0
58425.0
58427.0
58429.0
58433.0
58434.0
58439.0
58442.0
58443.0
58445.0
58446.0
58448.0
58449.0
58451.0
58452.0
58454.0
58455.0
58459.0
58463.0
58464.0
58470.0
58472.0
58473.0
58475.0
58476.0
58479.0
58481.0
58482.0
58484.0
58485.0
58489.0
58493.0
58494.0
58499.0
58502.0
58503.0
58505.0
58506.0
58509.0
58511.0
58512.0
58514.0
58515.0
58519.0
58523.0
58524.0
58529.0
58532.0
58533.0
58535.0
58536.0
58539.0
58541.0
58542.0
58544.0
58545.0
58549.0
58553.0
58554.0
58559.0
58562.0
58563.0
58565.0
58566.0
58569.0
58571.0
58572.0
58574.0
58575.0
58579.0
58583.0
58584.0
58589.0
58592.0
58593.0
58595.0
58596.0
58599.0
58601.0
58602.0
58604.0
58605.0
58609.0
58613.0
58614.0
58619.0
58622.0
58623.0
58624.0
58625.0
58626.0
58629.0
58631.0
58632.0
58634.0
58635.0
58639.0
58643.0
58644.0
58649.0
58652.0
58653.0
58655.0
58656.0
58659.0
58661.0
58662.0
58664.0
58665.0
58669.0
58673.0
58674.0
58679.0
58682.0
58683.0
58684.0
58685.0
58686.0
58689.0
58691.0
58692.0
58694.0
58695.0
58699.0
58703.0
58704.0
58709.0
58712.0
58713.0
58715.0
58716.0
58720.0
58721.0
58722.0
58724.0
58725.0
58729.0
58733.0
58734.0
58739.0
58742.0
58743.0
58745.0
58746.0
58750.0
58751.0
58752.0
58754.0
58755.0
58759.0
58763.0
58764.0
58769.0
58772.0
58773.0
58775.0
58776.0
58779.0
58781.0
58782.0
58784.0
58785.0
58789.0
58793.0
58794.0
58799.0
58802.0
58803.0
58805.0
58806.0
58809.0
58811.0
58812.0
58814.0
58815.0
58819.0
58823.0
58824.0
58829.0
58832.0
58833.0
58835.0
58836.0
58839.0
58841.0
58842.0
58844.0
58845.0
58849.0
58853.0
58854.0
58859.0
58862.0
58863.0
58865.0
58866.0
58869.0
58871.0
58872.0
58874.0
58875.0
58879.0
58883.0
58884.0
58889.0
58892.0
58893.0
58895.0
58896.0
58899.0
58901.0
58902.0
58904.0
58905.0
58909.0
58913.0
58914.0
58919.0
58922.0
58923.0
58925.0
58926.0
58930.0
58931.0
58932.0
58934.0
58935.0
58939.0
58943.0
58944.0
58946.0
58949.0
58952.0
58953.0
58955.0
58956.0
58959.0
58961.0
58962.0
58964.0
58965.0
58967.0
58969.0
58973.0
58974.0
58979.0
58982.0
58983.0
58985.0
58986.0
58988.0
58989.0
58992.0
58994.0
58995.0
58999.0
59003.0
59004.0
59006.0
59009.0
59013.0
59015.0
59016.0
59019.0
59021.0
59022.0
59024.0
59025.0
59027.0
59029.0
59034.0
59039.0
59042.0
59043.0
59045.0
59046.0
59048.0
59049.0
59051.0
59052.0
59054.0
59055.0
59059.0
59063.0
59064.0
59069.0
59072.0
59073.0
59075.0
59076.0
59079.0
59081.0
59082.0
59084.0
59085.0
59089.0
59093.0
59094.0
59099.0
59102.0
59103.0
59105.0
59106.0
59109.0
59112.0
59114.0
59115.0
59119.0
59123.0
59124.0
59129.0
59133.0
59135.0
59136.0
59139.0
59141.0
59142.0
59144.0
59145.0
59149.0
59154.0
59159.0
59162.0
59163.0
59165.0
59166.0
59169.0
59171.0
59172.0
59174.0
59175.0
59179.0
59183.0
59184.0
59189.0
59192.0
59193.0
59195.0
59196.0
59199.0
59201.0
59202.0
59204.0
59205.0
59209.0
59213.0
59214.0
59219.0
59222.0
59223.0
59225.0
59226.0
59229.0
59232.0
59234.0
59235.0
59239.0
59243.0
59244.0
59249.0
59253.0
59255.0
59256.0
59262.0
59264.0
59265.0
59274.0
59283.0
59285.0
59286.0
59292.0
59295.0
59304.0
59313.0
59316.0
59322.0
59325.0
59334.0
59343.0
59346.0
59352.0
59355.0
59364.0
59373.0
59376.0
59382.0
59385.0
59394.0
59403.0
59406.0
59412.0
59415.0
59424.0
59433.0
59436.0
59442.0
59445.0
59454.0
59463.0
59466.0
59472.0
59475.0
59484.0
59493.0
59496.0
59502.0
59504.0
59505.0
59514.0
59523.0
59525.0
59526.0
59532.0
59535.0
59544.0
59546.0
59553.0
59556.0
59562.0
59564.0
59565.0
59567.0
59574.0
59583.0
59585.0
59586.0
59588.0
59592.0
59595.0
59604.0
59606.0
59613.0
59616.0
59622.0
59625.0
59627.0
59634.0
59643.0
59646.0
59648.0
59652.0
59654.0
59655.0
59664.0
59673.0
59675.0
59676.0
59682.0
59685.0
59694.0
59696.0
59703.0
59706.0
59712.0
59715.0
59717.0
59733.0
59738.0
59742.0
59754.0
59759.0
59763.0
59772.0
59775.0
59780.0
59784.0
59788.0
59793.0
59796.0
59801.0
59802.0
59805.0
59809.0
59814.0
59823.0
59826.0
59830.0
59832.0
59835.0
59844.0
59849.0
59850.0
59851.0
59853.0
59856.0
59862.0
59865.0
59866.0
59870.0
59871.0
59874.0
59883.0
59886.0
59887.0
59891.0
59892.0
59895.0
59904.0
59907.0
59908.0
59910.0
59912.0
59913.0
59916.0
59922.0
59925.0
59929.0
59931.0
59934.0
59943.0
59950.0
59952.0
59955.0
59964.0
59970.0
59971.0
59973.0
59982.0
59984.0
59991.0
59992.0
59994.0
60003.0
60005.0
60012.0
60013.0
60015.0
60019.0
60024.0
60026.0
60033.0
60040.0
60042.0
60045.0
60047.0
60054.0
60061.0
60063.0
60066.0
60068.0
60073.0
60075.0
60082.0
60084.0
60094.0
60096.0
60102.0
60103.0
60104.0
60105.0
60115.0
60123.0
60124.0
60125.0
60126.0
60132.0
60133.0
60136.0
60144.0
60145.0
60146.0
60147.0
60153.0
60154.0
60157.0
60162.0
60164.0
60165.0
60166.0
60167.0
60168.0
60174.0
60183.0
60185.0
60186.0
60187.0
60188.0
60189.0
60193.0
60195.0
60204.0
60206.0
60207.0
60214.0
60216.0
60222.0
60223.0
60225.0
60227.0
60235.0
60243.0
60244.0
60246.0
60248.0
60252.0
60253.0
60256.0
60264.0
60265.0
60273.0
60274.0
60277.0
60282.0
60283.0
60285.0
60286.0
60294.0
60295.0
60303.0
60304.0
60306.0
60307.0
60313.0
60315.0
60316.0
60324.0
60325.0
60334.0
60336.0
60337.0
60342.0
60343.0
61844.0
61854.0
61855.0
61856.0
61859.0
61864.0
61865.0
61867.0
61868.0
61869.0
61874.0
61876.0
61877.0
61884.0
61885.0
61886.0
61889.0
61894.0
61895.0
61897.0
61898.0
61899.0
61903.0
61904.0
61906.0
61907.0
61914.0
61916.0
61919.0
61924.0
61925.0
61927.0
61928.0
61929.0
61934.0
61937.0
61944.0
61945.0
61946.0
61954.0
61955.0
61958.0
61959.0
61963.0
61964.0
61966.0
61967.0
61974.0
61976.0
61979.0
61984.0
61985.0
61987.0
61988.0
61989.0
61994.0
61997.0
62004.0
62005.0
62006.0
62009.0
62014.0
62015.0
62018.0
62019.0
62024.0
62026.0
62027.0
62034.0
62036.0
62039.0
62044.0
62045.0
62047.0
62048.0
62049.0
62053.0
62054.0
62057.0
62064.0
62066.0
62074.0
62075.0
62078.0
62079.0
62083.0
62084.0
62087.0
62094.0
62095.0
62096.0
62099.0
62104.0
62105.0
62108.0
62109.0
62113.0
62114.0
62116.0
62117.0
62124.0
62125.0
62126.0
62134.0
62135.0
62137.0
62138.0
62139.0
62144.0
62146.0
62147.0
62154.0
62155.0
62156.0
62164.0
62165.0
62167.0
62168.0
62169.0
62173.0
62174.0
62176.0
62177.0
62184.0
62186.0
62194.0
62195.0
62197.0
62198.0
62199.0
62203.0
62204.0
62207.0
62214.0
62215.0
62216.0
62224.0
62225.0
62228.0
62229.0
62233.0
62234.0
62236.0
62237.0
62244.0
62245.0
62246.0
62254.0
62255.0
62257.0
62258.0
62259.0
62264.0
62266.0
62267.0
62274.0
62275.0
62276.0
62284.0
62285.0
62287.0
62288.0
62289.0
62293.0
62294.0
62296.0
62297.0
62304.0
62306.0
62314.0
62315.0
62317.0
62318.0
62319.0
62323.0
62324.0
62327.0
62334.0
62335.0
62336.0
62344.0
62345.0
62348.0
62349.0
62353.0
62354.0
62356.0
62357.0
62364.0
62365.0
62366.0
62374.0
62375.0
62377.0
62378.0
62379.0
62384.0
62386.0
62387.0
62394.0
62395.0
62396.0
62404.0
62405.0
62407.0
62408.0
62409.0
62413.0
62414.0
62416.0
62417.0
62424.0
62426.0
62434.0
62435.0
62437.0
62438.0
62439.0
62443.0
62444.0
62447.0
62454.0
62455.0
62456.0
62464.0
62465.0
62468.0
62469.0
62473.0
62474.0
62476.0
62477.0
62484.0
62485.0
62486.0
62494.0
62495.0
62497.0
62498.0
62499.0
62504.0
62506.0
62507.0
62514.0
62515.0
62516.0
62524.0
62525.0
62527.0
62528.0
62534.0
62536.0
62537.0
62544.0
62546.0
62554.0
62555.0
62557.0
62558.0
62559.0
62563.0
62564.0
62567.0
62574.0
62576.0
62584.0
62585.0
62588.0
62589.0
62594.0
62597.0
62604.0
62605.0
62606.0
62614.0
62615.0
62618.0
62619.0
62624.0
62626.0
62627.0
62634.0
62636.0
62644.0
62645.0
62647.0
62648.0
62653.0
62654.0
62657.0
62664.0
62666.0
62674.0
62675.0
62678.0
62679.0
62683.0
62684.0
62687.0
62694.0
62695.0
62696.0
62704.0
62705.0
62708.0
62709.0
62713.0
62714.0
62716.0
62717.0
62724.0
62725.0
62726.0
62734.0
62735.0
62737.0
62738.0
62739.0
62744.0
62746.0
62747.0
62754.0
62755.0
62756.0
62764.0
62765.0
62767.0
62768.0
62773.0
62774.0
62776.0
62777.0
62784.0
62786.0
62794.0
62795.0
62797.0
62798.0
62799.0
62803.0
62804.0
62805.0
62807.0
62814.0
62815.0
62816.0
62824.0
62825.0
62828.0
62833.0
62834.0
62836.0
62837.0
62844.0
62845.0
62846.0
62854.0
62855.0
62857.0
62858.0
62864.0
62866.0
62867.0
62874.0
62875.0
62876.0
62884.0
62885.0
62887.0
62888.0
62893.0
62894.0
62896.0
62897.0
62904.0
62906.0
62914.0
62915.0
62917.0
62918.0
62919.0
62923.0
62924.0
62927.0
62934.0
62935.0
62936.0
62944.0
62945.0
62948.0
62949.0
62953.0
62954.0
62956.0
62957.0
62964.0
62965.0
62966.0
62974.0
62975.0
62977.0
62978.0
62979.0
62984.0
62986.0
62987.0
62994.0
62995.0
62996.0
63004.0
63005.0
63007.0
63008.0
63013.0
63014.0
63016.0
63017.0
63024.0
63026.0
63034.0
63035.0
63037.0
63038.0
63039.0
63043.0
63044.0
63047.0
63054.0
63055.0
63056.0
63064.0
63065.0
63068.0
63069.0
63073.0
63074.0
63076.0
63077.0
63084.0
63085.0
63086.0
63094.0
63095.0
63097.0
63098.0
63099.0
63104.0
63106.0
63107.0
63114.0
63115.0
63116.0
63124.0
63125.0
63127.0
63128.0
63134.0
63136.0
63137.0
63144.0
63146.0
63154.0
63155.0
63157.0
63158.0
63159.0
63163.0
63164.0
63167.0
63174.0
63176.0
63184.0
63185.0
63188.0
63189.0
63194.0
63197.0
63204.0
63205.0
63206.0
63214.0
63215.0
63218.0
63219.0
63224.0
63226.0
63227.0
63234.0
63236.0
63244.0
63245.0
63247.0
63248.0
63254.0
63257.0
63264.0
63266.0
63274.0
63275.0
63278.0
63279.0
63284.0
63287.0
63294.0
63296.0
63304.0
63305.0
63308.0
63309.0
63314.0
63317.0
63324.0
63326.0
63334.0
63335.0
63338.0
63339.0
63344.0
63347.0
63356.0
63365.0
63368.0
63374.0
63377.0
63386.0
63395.0
63398.0
63404.0
63407.0
63416.0
63425.0
63428.0
63434.0
63437.0
63446.0
63455.0
63458.0
63464.0
63467.0
63476.0
63485.0
63488.0
63494.0
63497.0
63506.0
63515.0
63518.0
63524.0
63527.0
63536.0
63545.0
63548.0
63554.0
63555.0
63557.0
63566.0
63575.0
63576.0
63578.0
63584.0
63585.0
63587.0
63596.0
63605.0
63606.0
63608.0
63614.0
63615.0
63617.0
63626.0
63627.0
63635.0
63636.0
63638.0
63644.0
63645.0
63647.0
63648.0
63656.0
63657.0
63665.0
63666.0
63668.0
63669.0
63674.0
63675.0
63677.0
63678.0
63686.0
63687.0
63695.0
63696.0
63698.0
63699.0
63703.0
63704.0
63705.0
63707.0
63708.0
63716.0
63717.0
63724.0
63725.0
63726.0
63728.0
63729.0
63734.0
63735.0
63737.0
63738.0
63745.0
63746.0
63747.0
63755.0
63756.0
63758.0
63759.0
63763.0
63764.0
63765.0
63766.0
63767.0
63776.0
63777.0
63784.0
63785.0
63786.0
63787.0
63788.0
63794.0
63795.0
63797.0
63798.0
63805.0
63806.0
63807.0
63815.0
63816.0
63818.0
63819.0
63824.0
63825.0
63826.0
63827.0
63836.0
63837.0
63845.0
63846.0
63847.0
63848.0
63854.0
63855.0
63857.0
63858.0
63866.0
63867.0
63875.0
63876.0
63878.0
63879.0
63884.0
63885.0
63887.0
63888.0
63896.0
63897.0
63905.0
63906.0
63908.0
63909.0
63914.0
63915.0
63917.0
63918.0
63926.0
63927.0
63935.0
63936.0
63938.0
63939.0
63944.0
63945.0
63947.0
63948.0
63956.0
63957.0
63965.0
63966.0
63968.0
63969.0
63974.0
63975.0
63977.0
63978.0
63986.0
63987.0
63995.0
63996.0
63998.0
63999.0
64004.0
64005.0
64007.0
64008.0
64016.0
64017.0
64025.0
64026.0
64028.0
64029.0
64034.0
64035.0
64037.0
64038.0
64046.0
64047.0
64055.0
64056.0
64058.0
64059.0
64064.0
64065.0
64067.0
64068.0
64076.0
64077.0
64085.0
64086.0
64088.0
64089.0
64094.0
64095.0
64097.0
64098.0
64106.0
64107.0
64115.0
64116.0
64118.0
64119.0
64124.0
64125.0
64127.0
64128.0
64136.0
64137.0
64145.0
64146.0
64148.0
64149.0
64154.0
64155.0
64157.0
64158.0
64166.0
64167.0
64175.0
64176.0
64178.0
64179.0
64184.0
64185.0
64187.0
64188.0
64196.0
64197.0
64205.0
64206.0
64208.0
64209.0
64214.0
64215.0
64217.0
64218.0
64226.0
64227.0
64235.0
64236.0
64238.0
64239.0
64244.0
64245.0
64247.0
64248.0
64256.0
64257.0
64265.0
64266.0
64268.0
64269.0
64275.0
64277.0
64278.0
64286.0
64287.0
64296.0
64298.0
64299.0
64303.0
64304.0
64305.0
64307.0
64308.0
64317.0
64324.0
64325.0
64326.0
64328.0
64329.0
64335.0
64338.0
64345.0
64346.0
64347.0
64356.0
64359.0
64363.0
64364.0
64365.0
64366.0
64367.0
64368.0
64377.0
64384.0
64385.0
64386.0
64387.0
64388.0
64389.0
64394.0
64395.0
64415.0
64416.0
64424.0
64425.0
64436.0
64437.0
65944.0
65949.0
65954.0
65955.0
65958.0
65964.0
65967.0
65969.0
65974.0
65975.0
65976.0
65979.0
65984.0
65985.0
65988.0
65989.0
65994.0
65997.0
65999.0
66004.0
66006.0
66009.0
66014.0
66015.0
66018.0
66020.0
66024.0
66027.0
66029.0
66034.0
66035.0
66036.0
66039.0
66044.0
66045.0
66048.0
66049.0
66054.0
66057.0
66064.0
66065.0
66066.0
66069.0
66070.0
66074.0
66075.0
66078.0
66085.0
66087.0
66089.0
66094.0
66095.0
66096.0
66099.0
66103.0
66104.0
66105.0
66108.0
66110.0
66114.0
66117.0
66124.0
66125.0
66126.0
66129.0
66134.0
66135.0
66138.0
66144.0
66145.0
66146.0
66147.0
66154.0
66155.0
66156.0
66159.0
66163.0
66164.0
66165.0
66166.0
66167.0
66168.0
66175.0
66177.0
66184.0
66185.0
66186.0
66187.0
66188.0
66189.0
66194.0
66195.0
66196.0
66198.0
66204.0
66205.0
66206.0
66207.0
66214.0
66215.0
66216.0
66217.0
66219.0
66224.0
66225.0
66226.0
66227.0
66228.0
66234.0
66237.0
66238.0
66245.0
66246.0
66247.0
66248.0
66249.0
66254.0
66255.0
66256.0
66258.0
66259.0
66264.0
66267.0
66268.0
66274.0
66275.0
66276.0
66277.0
66279.0
66280.0
66284.0
66285.0
66286.0
66288.0
66289.0
66294.0
66297.0
66298.0
66304.0
66305.0
66306.0
66307.0
66309.0
66310.0
66314.0
66315.0
66316.0
66318.0
66319.0
66324.0
66327.0
66328.0
66334.0
66335.0
66336.0
66337.0
66339.0
66340.0
66344.0
66345.0
66346.0
66348.0
66349.0
66354.0
66357.0
66358.0
66364.0
66365.0
66366.0
66367.0
66369.0
66370.0
66374.0
66375.0
66376.0
66378.0
66379.0
66385.0
66387.0
66388.0
66394.0
66395.0
66396.0
66397.0
66399.0
66400.0
66404.0
66405.0
66406.0
66408.0
66409.0
66414.0
66417.0
66418.0
66424.0
66425.0
66426.0
66427.0
66429.0
66430.0
66434.0
66435.0
66436.0
66438.0
66439.0
66444.0
66447.0
66448.0
66454.0
66455.0
66456.0
66457.0
66459.0
66460.0
66464.0
66465.0
66466.0
66468.0
66469.0
66474.0
66477.0
66478.0
66485.0
66486.0
66487.0
66489.0
66490.0
66494.0
66495.0
66496.0
66498.0
66499.0
66504.0
66507.0
66508.0
66514.0
66515.0
66516.0
66517.0
66519.0
66520.0
66524.0
66525.0
66526.0
66528.0
66529.0
66534.0
66537.0
66538.0
66544.0
66545.0
66546.0
66547.0
66549.0
66550.0
66554.0
66555.0
66556.0
66558.0
66559.0
66564.0
66567.0
66568.0
66574.0
66575.0
66576.0
66577.0
66579.0
66580.0
66584.0
66585.0
66586.0
66588.0
66589.0
66594.0
66597.0
66598.0
66604.0
66605.0
66606.0
66607.0
66609.0
66610.0
66614.0
66615.0
66616.0
66618.0
66619.0
66624.0
66627.0
66628.0
66634.0
66635.0
66636.0
66637.0
66639.0
66640.0
66644.0
66645.0
66646.0
66648.0
66649.0
66654.0
66657.0
66658.0
66664.0
66665.0
66666.0
66667.0
66669.0
66670.0
66674.0
66675.0
66676.0
66678.0
66679.0
66684.0
66687.0
66688.0
66694.0
66695.0
66696.0
66697.0
66699.0
66700.0
66703.0
66704.0
66705.0
66706.0
66708.0
66709.0
66714.0
66717.0
66718.0
66724.0
66725.0
66726.0
66727.0
66729.0
66730.0
66734.0
66735.0
66736.0
66738.0
66739.0
66744.0
66745.0
66746.0
66747.0
66748.0
66754.0
66755.0
66756.0
66757.0
66759.0
66760.0
66763.0
66764.0
66765.0
66766.0
66767.0
66768.0
66769.0
66774.0
66777.0
66778.0
66784.0
66785.0
66786.0
66787.0
66788.0
66789.0
66790.0
66794.0
66795.0
66796.0
66798.0
66799.0
66804.0
66805.0
66806.0
66807.0
66808.0
66814.0
66815.0
66816.0
66817.0
66819.0
66820.0
66824.0
66825.0
66826.0
66827.0
66828.0
66829.0
66834.0
66837.0
66838.0
66844.0
66845.0
66846.0
66847.0
66848.0
66849.0
66850.0
66854.0
66855.0
66856.0
66858.0
66859.0
66864.0
66867.0
66868.0
66874.0
66875.0
66876.0
66877.0
66879.0
66880.0
66884.0
66886.0
66888.0
66889.0
66894.0
66897.0
66898.0
66904.0
66905.0
66907.0
66909.0
66910.0
66914.0
66916.0
66918.0
66919.0
66924.0
66928.0
66934.0
66935.0
66937.0
66939.0
66940.0
66944.0
66946.0
66949.0
66954.0
66958.0
66964.0
66965.0
66967.0
66970.0
66974.0
66976.0
66979.0
66984.0
66988.0
66994.0
66995.0
66997.0
66999.0
67000.0
67004.0
67006.0
67009.0
67014.0
67018.0
67024.0
67025.0
67027.0
67030.0
67034.0
67036.0
67037.0
67038.0
67039.0
67044.0
67048.0
67054.0
67055.0
67057.0
67058.0
67059.0
67060.0
67064.0
67066.0
67069.0
67073.0
67074.0
67078.0
67079.0
67080.0
67084.0
67085.0
67087.0
67094.0
67095.0
67096.0
67099.0
67100.0
67101.0
67108.0
67114.0
67115.0
67117.0
67121.0
67122.0
67124.0
67126.0
67128.0
67129.0
67134.0
67136.0
67138.0
67139.0
67142.0
67144.0
67147.0
67149.0
67150.0
67154.0
67156.0
67157.0
67159.0
67160.0
67161.0
67163.0
67164.0
67168.0
67170.0
67174.0
67177.0
67179.0
67181.0
67182.0
67184.0
67186.0
67189.0
67191.0
67194.0
67198.0
67199.0
67202.0
67203.0
67204.0
67205.0
67207.0
67210.0
67212.0
67214.0
67216.0
67219.0
67221.0
67223.0
67224.0
67228.0
67233.0
67234.0
67235.0
67237.0
67242.0
67244.0
67245.0
67246.0
67249.0
67251.0
67254.0
67258.0
67263.0
67264.0
67265.0
67267.0
67272.0
67274.0
67275.0
67276.0
67279.0
67284.0
67285.0
67288.0
67293.0
67294.0
67295.0
67297.0
67300.0
67304.0
67305.0
67306.0
67309.0
67312.0
67314.0
67318.0
67324.0
67325.0
67327.0
67330.0
67333.0
67334.0
67335.0
67336.0
67339.0
67341.0
67344.0
67348.0
67354.0
67355.0
67357.0
67360.0
67362.0
67363.0
67364.0
67366.0
67369.0
67374.0
67375.0
67378.0
67383.0
67384.0
67385.0
67387.0
67390.0
67394.0
67396.0
67399.0
67402.0
67404.0
67414.0
67415.0
67423.0
67424.0
67425.0
67426.0
67429.0
67434.0
67437.0
67444.0
67446.0
67447.0
67456.0
67458.0
67464.0
67465.0
67467.0
67468.0
67477.0
67479.0
67485.0
67486.0
67488.0
67489.0
67498.0
67500.0
67506.0
67507.0
67510.0
67516.0
67519.0
67521.0
67524.0
67525.0
67527.0
67528.0
67537.0
67540.0
67545.0
67546.0
67548.0
67549.0
67554.0
67558.0
67566.0
67567.0
67575.0
67576.0
67579.0
67585.0
67587.0
67588.0
67596.0
67597.0
67606.0
67608.0
67609.0
67615.0
67617.0
67618.0
67627.0
67636.0
67638.0
67639.0
67644.0
67648.0
67657.0
67665.0
67666.0
67669.0
67675.0
67678.0
67686.0
67687.0
67696.0
67699.0
67705.0
67707.0
67708.0
67717.0
67726.0
67728.0
67729.0
67734.0
67738.0
67747.0
67755.0
67756.0
67759.0
67765.0
67768.0
67776.0
67777.0
67786.0
67789.0
67795.0
67797.0
67798.0
67807.0
67816.0
67818.0
67819.0
67824.0
67828.0
67837.0
67845.0
67846.0
67849.0
67855.0
67858.0
67866.0
67867.0
67876.0
67879.0
67885.0
67887.0
67888.0
67897.0
67903.0
67904.0
67906.0
67908.0
67909.0
67914.0
67918.0
67924.0
67925.0
67927.0
67930.0
67935.0
67939.0
67945.0
67946.0
67948.0
67951.0
67956.0
67960.0
67963.0
67964.0
67966.0
67967.0
67969.0
67972.0
67984.0
67985.0
67987.0
67988.0
67993.0
67996.0
68005.0
68006.0
68008.0
68009.0
68014.0
68017.0
68021.0
68026.0
68027.0
68029.0
68035.0
68042.0
68047.0
68056.0
68063.0
68068.0
68069.0
68077.0
68084.0
68086.0
68089.0
68090.0
68098.0
68107.0
68110.0
68111.0
68116.0
68119.0
68123.0
68128.0
68131.0
68132.0
68137.0
68144.0
68146.0
68149.0
68152.0
68153.0
68158.0
68159.0
68165.0
68167.0
68170.0
68176.0
68177.0
68180.0
68186.0
68188.0
68197.0
68198.0
68201.0
68206.0
68207.0
68209.0
68213.0
68218.0
68219.0
68222.0
68227.0
68234.0
68236.0
68239.0
68240.0
68243.0
68248.0
68249.0
68255.0
68257.0
68260.0
68266.0
68267.0
68270.0
68276.0
68278.0
68287.0
68288.0
68291.0
68296.0
68297.0
68299.0
68303.0
68308.0
68309.0
68312.0
68317.0
68324.0
68326.0
68329.0
68330.0
68333.0
68338.0
68339.0
68345.0
68347.0
68350.0
68356.0
68357.0
68360.0
68366.0
68368.0
68377.0
68378.0
68381.0
68386.0
68387.0
68389.0
68393.0
68398.0
68399.0
68402.0
68407.0
68414.0
68416.0
68417.0
68419.0
68420.0
68423.0
68428.0
68429.0
68435.0
68437.0
68438.0
68440.0
68446.0
68447.0
68450.0
68456.0
68458.0
68459.0
68467.0
68468.0
68471.0
68476.0
68477.0
68479.0
68480.0
68483.0
68488.0
68489.0
68492.0
68497.0
68498.0
68503.0
68504.0
68509.0
68510.0
68513.0
68518.0
68519.0
68524.0
68525.0
68530.0
68531.0
68532.0
70034.0
70039.0
70044.0
70049.0
70050.0
70054.0
70057.0
70058.0
70059.0
70061.0
70062.0
70064.0
70065.0
70067.0
70068.0
70069.0
70070.0
70071.0
70074.0
70079.0
70080.0
70084.0
70085.0
70088.0
70089.0
70091.0
70092.0
70094.0
70097.0
70098.0
70099.0
70100.0
70101.0
70109.0
70110.0
70114.0
70118.0
70119.0
70121.0
70122.0
70124.0
70127.0
70128.0
70130.0
70131.0
70134.0
70139.0
70140.0
70144.0
70148.0
70149.0
70151.0
70152.0
70154.0
70155.0
70157.0
70158.0
70159.0
70160.0
70161.0
70164.0
70169.0
70170.0
70174.0
70178.0
70179.0
70181.0
70182.0
70184.0
70187.0
70188.0
70189.0
70190.0
70191.0
70199.0
70200.0
70204.0
70208.0
70209.0
70211.0
70212.0
70214.0
70217.0
70218.0
70219.0
70220.0
70221.0
70224.0
70229.0
70230.0
70234.0
70238.0
70239.0
70241.0
70242.0
70244.0
70248.0
70249.0
70250.0
70251.0
70259.0
70260.0
70264.0
70269.0
70271.0
70272.0
70274.0
70277.0
70278.0
70279.0
70280.0
70281.0
70289.0
70290.0
70294.0
70298.0
70299.0
70301.0
70302.0
70303.0
70304.0
70308.0
70309.0
70311.0
70319.0
70320.0
70324.0
70329.0
70332.0
70334.0
70338.0
70339.0
70340.0
70341.0
70345.0
70349.0
70350.0
70354.0
70359.0
70360.0
70361.0
70362.0
70363.0
70364.0
70366.0
70368.0
70369.0
70371.0
70379.0
70380.0
70384.0
70389.0
70390.0
70392.0
70394.0
70397.0
70398.0
70399.0
70401.0
70405.0
70409.0
70410.0
70414.0
70418.0
70419.0
70422.0
70424.0
70426.0
70427.0
70428.0
70429.0
70431.0
70439.0
70440.0
70444.0
70445.0
70448.0
70449.0
70450.0
70452.0
70454.0
70457.0
70458.0
70459.0
70460.0
70461.0
70464.0
70469.0
70470.0
70474.0
70478.0
70479.0
70480.0
70481.0
70482.0
70484.0
70488.0
70489.0
70490.0
70491.0
70499.0
70500.0
70504.0
70509.0
70510.0
70511.0
70512.0
70514.0
70517.0
70518.0
70519.0
70520.0
70521.0
70525.0
70529.0
70530.0
70534.0
70538.0
70539.0
70540.0
70541.0
70542.0
70544.0
70547.0
70548.0
70549.0
70551.0
70559.0
70560.0
70564.0
70568.0
70569.0
70570.0
70572.0
70574.0
70577.0
70578.0
70579.0
70580.0
70581.0
70589.0
70590.0
70594.0
70598.0
70599.0
70600.0
70601.0
70602.0
70604.0
70608.0
70609.0
70610.0
70611.0
70619.0
70620.0
70624.0
70629.0
70630.0
70631.0
70632.0
70634.0
70637.0
70638.0
70639.0
70640.0
70641.0
70644.0
70649.0
70650.0
70658.0
70659.0
70660.0
70661.0
70662.0
70664.0
70667.0
70668.0
70671.0
70679.0
70680.0
70684.0
70688.0
70689.0
70692.0
70694.0
70697.0
70698.0
70699.0
70700.0
70701.0
70704.0
70709.0
70710.0
70714.0
70718.0
70719.0
70720.0
70721.0
70722.0
70724.0
70728.0
70730.0
70731.0
70739.0
70740.0
70744.0
70749.0
70751.0
70752.0
70754.0
70757.0
70758.0
70760.0
70761.0
70769.0
70770.0
70774.0
70778.0
70779.0
70781.0
70782.0
70784.0
70787.0
70788.0
70789.0
70791.0
70794.0
70799.0
70800.0
70804.0
70808.0
70809.0
70812.0
70814.0
70817.0
70818.0
70819.0
70820.0
70821.0
70829.0
70830.0
70834.0
70838.0
70839.0
70841.0
70842.0
70844.0
70848.0
70849.0
70850.0
70851.0
70859.0
70860.0
70869.0
70870.0
70871.0
70872.0
70874.0
70877.0
70878.0
70879.0
70880.0
70881.0
70889.0
70890.0
70894.0
70898.0
70899.0
70900.0
70901.0
70902.0
70903.0
70904.0
70908.0
70909.0
70911.0
70919.0
70920.0
70924.0
70929.0
70930.0
70932.0
70934.0
70938.0
70939.0
70940.0
70941.0
70945.0
70949.0
70950.0
70954.0
70959.0
70960.0
70961.0
70962.0
70963.0
70964.0
70966.0
70968.0
70969.0
70971.0
70979.0
70980.0
70984.0
70989.0
70990.0
70992.0
70994.0
70997.0
70998.0
70999.0
71001.0
71005.0
71009.0
71010.0
71014.0
71018.0
71019.0
71020.0
71022.0
71024.0
71026.0
71027.0
71028.0
71029.0
71031.0
71039.0
71040.0
71044.0
71048.0
71049.0
71050.0
71052.0
71054.0
71057.0
71058.0
71059.0
71060.0
71061.0
71069.0
71070.0
71074.0
71078.0
71079.0
71080.0
71081.0
71082.0
71084.0
71088.0
71089.0
71090.0
71091.0
71099.0
71100.0
71109.0
71110.0
71111.0
71112.0
71114.0
71117.0
71118.0
71119.0
71120.0
71121.0
71129.0
71130.0
71134.0
71138.0
71139.0
71140.0
71141.0
71142.0
71144.0
71147.0
71148.0
71149.0
71151.0
71159.0
71160.0
71164.0
71168.0
71169.0
71170.0
71172.0
71174.0
71177.0
71178.0
71179.0
71180.0
71181.0
71189.0
71190.0
71194.0
71198.0
71199.0
71200.0
71201.0
71202.0
71204.0
71208.0
71209.0
71210.0
71211.0
71219.0
71220.0
71229.0
71230.0
71231.0
71232.0
71234.0
71237.0
71238.0
71239.0
71240.0
71241.0
71249.0
71250.0
71258.0
71259.0
71261.0
71262.0
71264.0
71267.0
71268.0
71269.0
71271.0
71279.0
71280.0
71284.0
71288.0
71289.0
71290.0
71291.0
71292.0
71294.0
71297.0
71298.0
71299.0
71300.0
71301.0
71304.0
71309.0
71310.0
71314.0
71318.0
71319.0
71320.0
71321.0
71322.0
71324.0
71328.0
71329.0
71330.0
71331.0
71339.0
71340.0
71344.0
71349.0
71350.0
71351.0
71352.0
71354.0
71358.0
71359.0
71360.0
71361.0
71369.0
71370.0
71374.0
71379.0
71380.0
71381.0
71382.0
71384.0
71388.0
71389.0
71391.0
71399.0
71400.0
71409.0
71410.0
71412.0
71414.0
71418.0
71419.0
71421.0
71429.0
71430.0
71434.0
71439.0
71440.0
71442.0
71444.0
71448.0
71449.0
71451.0
71459.0
71460.0
71464.0
71469.0
71470.0
71472.0
71474.0
71478.0
71479.0
71481.0
71489.0
71490.0
71494.0
71499.0
71500.0
71502.0
71503.0
71504.0
71508.0
71509.0
71511.0
71519.0
71520.0
71524.0
71529.0
71530.0
71532.0
71534.0
71538.0
71539.0
71541.0
71545.0
71550.0
71559.0
71562.0
71563.0
71566.0
71568.0
71571.0
71580.0
71584.0
71589.0
71592.0
71598.0
71601.0
71605.0
71610.0
71619.0
71622.0
71626.0
71628.0
71631.0
71640.0
71649.0
71652.0
71658.0
71661.0
71670.0
71679.0
71682.0
71688.0
71691.0
71700.0
71709.0
71712.0
71718.0
71721.0
71730.0
71739.0
71742.0
71748.0
71751.0
71760.0
71769.0
71772.0
71778.0
71781.0
71790.0
71799.0
71802.0
71808.0
71811.0
71820.0
71829.0
71832.0
71838.0
71841.0
71850.0
71859.0
71862.0
71868.0
71871.0
71880.0
71889.0
71892.0
71898.0
71901.0
71910.0
71919.0
71922.0
71928.0
71931.0
71940.0
71949.0
71952.0
71958.0
71961.0
71970.0
71979.0
71982.0
71988.0
71991.0
72000.0
72009.0
72012.0
72018.0
72021.0
72030.0
72039.0
72042.0
72048.0
72051.0
72060.0
72069.0
72072.0
72078.0
72081.0
72090.0
72099.0
72102.0
72103.0
72108.0
72109.0
72111.0
72120.0
72124.0
72129.0
72130.0
72132.0
72138.0
72139.0
72141.0
72145.0
72150.0
72151.0
72159.0
72160.0
72162.0
72163.0
72166.0
72168.0
72169.0
72171.0
72172.0
72180.0
72181.0
72184.0
72189.0
72190.0
72192.0
72193.0
72198.0
72199.0
72201.0
72202.0
72205.0
72210.0
72211.0
72219.0
72220.0
72222.0
72223.0
72226.0
72228.0
72229.0
72231.0
72232.0
72240.0
72241.0
72249.0
72250.0
72252.0
72253.0
72258.0
72259.0
72261.0
72262.0
72270.0
72271.0
72279.0
72280.0
72282.0
72283.0
72288.0
72289.0
72291.0
72292.0
72300.0
72301.0
72309.0
72310.0
72312.0
72313.0
72318.0
72319.0
72321.0
72322.0
72330.0
72331.0
72339.0
72340.0
72342.0
72343.0
72348.0
72349.0
72351.0
72352.0
72360.0
72361.0
72369.0
72370.0
72372.0
72373.0
72378.0
72379.0
72381.0
72382.0
72390.0
72391.0
72399.0
72400.0
72402.0
72403.0
72408.0
72409.0
72411.0
72412.0
72420.0
72421.0
72429.0
72430.0
72432.0
72433.0
72438.0
72439.0
72441.0
72442.0
72450.0
72451.0
72459.0
72460.0
72462.0
72463.0
72468.0
72469.0
72471.0
72472.0
72480.0
72481.0
72489.0
72490.0
72492.0
72493.0
72498.0
72499.0
72501.0
72502.0
72510.0
72511.0
72519.0
72520.0
72522.0
72523.0
72528.0
72529.0
72531.0
72532.0
72540.0
72541.0
72549.0
72550.0
72552.0
72553.0
72558.0
72559.0
72561.0
72562.0
72570.0
72571.0
72579.0
72580.0
72582.0
72583.0
72588.0
72589.0
72591.0
72592.0
72600.0
72601.0
72609.0
72610.0
72612.0
72613.0
72618.0
72619.0
72621.0
72622.0
72630.0
72631.0
74140.0
74141.0
74143.0
74149.0
74150.0
74152.0
74160.0
74161.0
74170.0
74171.0
74173.0
74179.0
74180.0
74182.0
74190.0
74191.0
74200.0
74201.0
74203.0
74205.0
74209.0
74210.0
74212.0
74220.0
74221.0
74225.0
74230.0
74231.0
74233.0
74239.0
74240.0
74242.0
74245.0
74250.0
74251.0
74259.0
74260.0
74261.0
74263.0
74265.0
74269.0
74270.0
74272.0
74279.0
74281.0
74285.0
74289.0
74290.0
74291.0
74293.0
74299.0
74300.0
74302.0
74304.0
74309.0
74311.0
74319.0
74320.0
74321.0
74323.0
74324.0
74329.0
74330.0
74332.0
74340.0
74341.0
74350.0
74351.0
74353.0
74359.0
74360.0
74362.0
74369.0
74371.0
74380.0
74383.0
74389.0
74390.0
74392.0
74400.0
74401.0
74410.0
74411.0
74413.0
74419.0
74420.0
74422.0
74429.0
74430.0
74431.0
74440.0
74441.0
74443.0
74449.0
74452.0
74459.0
74460.0
74461.0
74470.0
74471.0
74473.0
74479.0
74482.0
74489.0
74490.0
74491.0
74499.0
74500.0
74503.0
74509.0
74510.0
74512.0
74520.0
74521.0
74524.0
74529.0
74530.0
74531.0
74533.0
74539.0
74540.0
74542.0
74545.0
74549.0
74551.0
74559.0
74560.0
74561.0
74563.0
74566.0
74569.0
74570.0
74572.0
74579.0
74581.0
74584.0
74590.0
74593.0
74599.0
74600.0
74602.0
74605.0
74609.0
74611.0
74620.0
74621.0
74623.0
74626.0
74629.0
74630.0
74632.0
74640.0
74641.0
74642.0
74650.0
74651.0
74653.0
74659.0
74660.0
74662.0
74663.0
74669.0
74671.0
74672.0
74680.0
74681.0
74683.0
74684.0
74689.0
74690.0
74692.0
74693.0
74699.0
74701.0
74702.0
74709.0
74710.0
74711.0
74713.0
74714.0
74719.0
74720.0
74722.0
74723.0
74729.0
74730.0
74731.0
74732.0
74740.0
74741.0
74743.0
74744.0
74749.0
74750.0
74752.0
74753.0
74759.0
74761.0
74762.0
74769.0
74770.0
74771.0
74773.0
74774.0
74779.0
74780.0
74782.0
74783.0
74790.0
74791.0
74792.0
74800.0
74801.0
74803.0
74804.0
74809.0
74810.0
74812.0
74813.0
74819.0
74821.0
74822.0
74824.0
74829.0
74830.0
74831.0
74833.0
74834.0
74839.0
74840.0
74842.0
74843.0
74845.0
74849.0
74851.0
74852.0
74859.0
74860.0
74861.0
74863.0
74864.0
74865.0
74869.0
74870.0
74872.0
74873.0
74879.0
74881.0
74882.0
74884.0
74889.0
74890.0
74891.0
74893.0
74894.0
74899.0
74900.0
74902.0
74903.0
74904.0
74909.0
74911.0
74912.0
74919.0
74920.0
74921.0
74923.0
74924.0
74925.0
74929.0
74930.0
74932.0
74933.0
74939.0
74940.0
74941.0
74942.0
74950.0
74951.0
74953.0
74954.0
74959.0
74960.0
74962.0
74963.0
74969.0
74971.0
74972.0
74979.0
74980.0
74981.0
74983.0
74984.0
74989.0
74990.0
74992.0
74993.0
74999.0
75000.0
75001.0
75002.0
75009.0
75010.0
75011.0
75013.0
75014.0
75019.0
75020.0
75022.0
75023.0
75029.0
75031.0
75032.0
75039.0
75040.0
75041.0
75043.0
75044.0
75049.0
75050.0
75052.0
75053.0
75060.0
75061.0
75062.0
75069.0
75070.0
75071.0
75073.0
75074.0
75079.0
75080.0
75082.0
75083.0
75089.0
75091.0
75092.0
75099.0
75100.0
75101.0
75103.0
75104.0
75109.0
75110.0
75112.0
75113.0
75119.0
75121.0
75122.0
75124.0
75130.0
75131.0
75133.0
75134.0
75139.0
75140.0
75142.0
75143.0
75145.0
75149.0
75151.0
75152.0
75159.0
75160.0
75161.0
75163.0
75164.0
75166.0
75169.0
75170.0
75172.0
75173.0
75179.0
75181.0
75182.0
75184.0
75190.0
75191.0
75193.0
75194.0
75199.0
75200.0
75202.0
75203.0
75205.0
75209.0
75211.0
75212.0
75219.0
75220.0
75221.0
75223.0
75224.0
75226.0
75229.0
75230.0
75232.0
75233.0
75239.0
75241.0
75242.0
75250.0
75251.0
75253.0
75254.0
75259.0
75260.0
75262.0
75263.0
75270.0
75271.0
75272.0
75279.0
75280.0
75281.0
75283.0
75284.0
75289.0
75290.0
75292.0
75293.0
75299.0
75301.0
75302.0
75309.0
75310.0
75311.0
75313.0
75314.0
75319.0
75320.0
75322.0
75323.0
75329.0
75332.0
75339.0
75340.0
75341.0
75343.0
75344.0
75349.0
75350.0
75353.0
75359.0
75361.0
75362.0
75369.0
75370.0
75371.0
75374.0
75379.0
75380.0
75382.0
75383.0
75389.0
75391.0
75392.0
75399.0
75400.0
75401.0
75403.0
75404.0
75409.0
75410.0
75412.0
75413.0
75419.0
75421.0
75422.0
75424.0
75429.0
75430.0
75431.0
75433.0
75434.0
75439.0
75440.0
75442.0
75443.0
75444.0
75449.0
75452.0
75459.0
75460.0
75461.0
75463.0
75464.0
75469.0
75470.0
75473.0
75480.0
75481.0
75482.0
75484.0
75490.0
75491.0
75494.0
75499.0
75500.0
75502.0
75503.0
75504.0
75509.0
75511.0
75512.0
75520.0
75521.0
75523.0
75524.0
75525.0
75529.0
75530.0
75532.0
75533.0
75539.0
75541.0
75542.0
75549.0
75550.0
75551.0
75553.0
75554.0
75559.0
75560.0
75562.0
75563.0
75569.0
75572.0
75579.0
75580.0
75581.0
75583.0
75584.0
75589.0
75590.0
75593.0
75599.0
75601.0
75602.0
75609.0
75610.0
75611.0
75614.0
75619.0
75620.0
75622.0
75623.0
75630.0
75631.0
75632.0
75640.0
75641.0
75643.0
75644.0
75650.0
75652.0
75653.0
75661.0
75662.0
75671.0
75673.0
75674.0
75679.0
75680.0
75682.0
75683.0
75692.0
75700.0
75701.0
75703.0
75704.0
75710.0
75713.0
75721.0
75722.0
75724.0
75731.0
75734.0
75740.0
75742.0
75743.0
75745.0
75752.0
75761.0
75763.0
75764.0
75766.0
75770.0
75773.0
75782.0
75784.0
75791.0
75794.0
75799.0
75800.0
75803.0
75805.0
75812.0
75820.0
75821.0
75824.0
75826.0
75829.0
75830.0
75833.0
75841.0
75842.0
75850.0
75851.0
75854.0
75859.0
75860.0
75862.0
75863.0
75871.0
75872.0
75880.0
75881.0
75883.0
75884.0
75890.0
75892.0
75893.0
75901.0
75902.0
75911.0
75913.0
75914.0
75919.0
75920.0
75922.0
75923.0
75932.0
75940.0
75941.0
75943.0
75944.0
75949.0
75950.0
75953.0
75961.0
75962.0
75970.0
75971.0
75974.0
75979.0
75980.0
75982.0
75983.0
75991.0
75992.0
76000.0
76001.0
76003.0
76004.0
76010.0
76012.0
76013.0
76021.0
76022.0
76031.0
76033.0
76034.0
76039.0
76040.0
76042.0
76043.0
76052.0
76060.0
76061.0
76063.0
76064.0
76069.0
76070.0
76073.0
76081.0
76082.0
76090.0
76091.0
76094.0
76099.0
76100.0
76102.0
76103.0
76111.0
76112.0
76120.0
76121.0
76123.0
76124.0
76130.0
76132.0
76133.0
76141.0
76142.0
76151.0
76153.0
76154.0
76159.0
76160.0
76162.0
76163.0
76172.0
76180.0
76181.0
76183.0
76184.0
76189.0
76190.0
76193.0
76201.0
76202.0
76210.0
76211.0
76214.0
76219.0
76220.0
76222.0
76223.0
76231.0
76232.0
76240.0
76241.0
76243.0
76244.0
76250.0
76252.0
76253.0
76261.0
76262.0
76271.0
76273.0
76274.0
76279.0
76280.0
76282.0
76283.0
76292.0
76300.0
76301.0
76303.0
76304.0
76310.0
76313.0
76321.0
76322.0
76324.0
76331.0
76334.0
76340.0
76342.0
76343.0
76345.0
76352.0
76361.0
76363.0
76364.0
76366.0
76370.0
76373.0
76382.0
76384.0
76391.0
76394.0
76399.0
76400.0
76403.0
76405.0
76412.0
76420.0
76421.0
76424.0
76426.0
76429.0
76430.0
76433.0
76441.0
76442.0
76450.0
76451.0
76454.0
76459.0
76460.0
76462.0
76463.0
76471.0
76472.0
76480.0
76481.0
76483.0
76484.0
76490.0
76492.0
76493.0
76501.0
76502.0
76511.0
76513.0
76514.0
76520.0
76522.0
76523.0
76532.0
76541.0
76543.0
76544.0
76550.0
76553.0
76562.0
76571.0
76574.0
76580.0
76583.0
76592.0
76601.0
76604.0
76610.0
76613.0
76622.0
76631.0
76634.0
76640.0
76643.0
76652.0
76661.0
76664.0
76670.0
76673.0
76682.0
76691.0
76694.0
76700.0
76703.0
76712.0
76721.0
76724.0
78229.0
78234.0
78239.0
78249.0
78250.0
78253.0
78255.0
78259.0
78264.0
78269.0
78279.0
78280.0
78285.0
78289.0
78290.0
78294.0
78299.0
78309.0
78313.0
78316.0
78319.0
78324.0
78325.0
78329.0
78339.0
78340.0
78345.0
78349.0
78354.0
78359.0
78369.0
78370.0
78375.0
78379.0
78384.0
78389.0
78399.0
78400.0
78404.0
78405.0
78409.0
78414.0
78419.0
78424.0
78429.0
78435.0
78439.0
78444.0
78448.0
78449.0
78454.0
78459.0
78460.0
78464.0
78465.0
78469.0
78474.0
78479.0
78484.0
78489.0
78495.0
78499.0
78504.0
78509.0
78519.0
78524.0
78526.0
78529.0
78534.0
78535.0
78539.0
78542.0
78549.0
78555.0
78559.0
78564.0
78569.0
78570.0
78579.0
78580.0
78585.0
78589.0
78594.0
78599.0
78609.0
78610.0
78616.0
78619.0
78624.0
78629.0
78634.0
78639.0
78640.0
78645.0
78649.0
78654.0
78659.0
78669.0
78675.0
78679.0
78684.0
78689.0
78699.0
78700.0
78705.0
78709.0
78714.0
78719.0
78729.0
78735.0
78736.0
78739.0
78744.0
78749.0
78752.0
78759.0
78760.0
78765.0
78769.0
78770.0
78774.0
78779.0
78789.0
78795.0
78799.0
78804.0
78805.0
78809.0
78814.0
78819.0
78825.0
78829.0
78834.0
78839.0
78849.0
78855.0
78859.0
78864.0
78869.0
78879.0
78885.0
78889.0
78894.0
78899.0
78904.0
78909.0
78915.0
78919.0
78924.0
78929.0
78934.0
78939.0
78945.0
78949.0
78954.0
78959.0
78964.0
78969.0
78975.0
78979.0
78984.0
78989.0
78999.0
79004.0
79005.0
79009.0
79014.0
79019.0
79024.0
79029.0
79035.0
79039.0
79044.0
79049.0
79059.0
79064.0
79065.0
79069.0
79074.0
79079.0
79084.0
79089.0
79093.0
79096.0
79099.0
79104.0
79114.0
79119.0
79124.0
79125.0
79129.0
79134.0
79139.0
79144.0
79149.0
79155.0
79159.0
79164.0
79169.0
79174.0
79179.0
79185.0
79189.0
79194.0
79199.0
79204.0
79209.0
79215.0
79219.0
79224.0
79229.0
79234.0
79239.0
79245.0
79249.0
79254.0
79259.0
79264.0
79269.0
79275.0
79279.0
79284.0
79289.0
79294.0
79299.0
79305.0
79309.0
79314.0
79319.0
79324.0
79329.0
79335.0
79339.0
79344.0
79349.0
79354.0
79359.0
79365.0
79369.0
79374.0
79379.0
79384.0
79389.0
79392.0
79395.0
79399.0
79404.0
79409.0
79414.0
79419.0
79425.0
79429.0
79434.0
79439.0
79444.0
79449.0
79455.0
79459.0
79464.0
79469.0
79474.0
79479.0
79485.0
79486.0
79489.0
79494.0
79499.0
79504.0
79509.0
79515.0
79519.0
79524.0
79525.0
79529.0
79534.0
79539.0
79545.0
79549.0
79554.0
79559.0
79733.0
80053.0
80373.0
80693.0
81357.0
81575.0
81579.0
81665.0
81670.0
81895.0
82374.0
82393.0
82614.0
82934.0
83254.0
83361.0
83473.0
83574.0
83894.0
84214.0
84534.0
84749.0
85357.0
85828.0
85943.0
86454.0
86774.0
86993.0
87094.0
87371.0
87414.0
87671.0
88055.0
88375.0
88469.0
88695.0
89256.0
89442.0
89576.0
89739.0
89896.0
90535.0
90564.0
90935.0
91255.0
91455.0
91474.0
91575.0
91797.0
91823.0
92004.0
92215.0
92535.0
92855.0
92937.0
92948.0
93446.0
93710.0
94030.0
94130.0
94534.0
94636.0
94735.0
94753.0
94884.0
95295.0
95422.0
95491.0
95492.0
95867.0
95935.0
96255.0
96576.0
96896.0
97777.0
97893.0
98417.0
98736.0
98816.0
99136.0
99353.0
99456.0
99749.0
99755.0
99951.0
100131.0
100404.0
100520.0
100924.0
101056.0
101105.0
102054.0
102071.0
102316.0
102578.0
102806.0
102807.0
102977.0
103089.0
103297.0
103330.0
103517.0
103613.0
103771.0
103977.0
104297.0
104617.0
104937.0
105257.0
105952.0
106459.0
106779.0
106978.0
107218.0
107399.0
107538.0
107858.0
108178.0
108498.0
108748.0
108845.0
109138.0
109833.0
110153.0
110660.0
111019.0
111059.0
111379.0
111598.0
111699.0
112019.0
112339.0
112659.0
112979.0
113299.0
113994.0
115102.0
115103.0
115106.0
115111.0
115112.0
115114.0
115115.0
115123.0
115124.0
115132.0
115133.0
115135.0
115136.0
115142.0
115144.0
115145.0
115153.0
115154.0
115163.0
115165.0
115166.0
115171.0
115172.0
115174.0
115175.0
115184.0
115192.0
115193.0
115195.0
115196.0
115201.0
115202.0
115205.0
115213.0
115214.0
115222.0
115223.0
115226.0
115231.0
115232.0
115234.0
115235.0
115243.0
115244.0
115252.0
115253.0
115255.0
115256.0
115262.0
115264.0
115265.0
115273.0
115274.0
115283.0
115285.0
115286.0
115291.0
115292.0
115294.0
115295.0
115304.0
115312.0
115313.0
115315.0
115316.0
115321.0
115322.0
115325.0
115333.0
115334.0
115342.0
115343.0
115346.0
115351.0
115352.0
115354.0
115355.0
115363.0
115364.0
115372.0
115373.0
115375.0
115376.0
115382.0
115384.0
115385.0
115393.0
115394.0
115403.0
115405.0
115406.0
115411.0
115412.0
115414.0
115415.0
115424.0
115432.0
115433.0
115435.0
115436.0
115438.0
115441.0
115442.0
115445.0
115453.0
115454.0
115462.0
115463.0
115466.0
115471.0
115472.0
115474.0
115475.0
115483.0
115484.0
115492.0
115493.0
115495.0
115496.0
115502.0
115504.0
115505.0
115513.0
115514.0
115523.0
115525.0
115526.0
115531.0
115532.0
115534.0
115535.0
115544.0
115552.0
115553.0
115555.0
115556.0
115561.0
115562.0
115565.0
115573.0
115574.0
115582.0
115583.0
115586.0
115591.0
115592.0
115594.0
115595.0
115603.0
115604.0
115612.0
115613.0
115615.0
115616.0
115619.0
115622.0
115624.0
115625.0
115629.0
115633.0
115634.0
115639.0
115643.0
115644.0
115645.0
115646.0
115649.0
115651.0
115652.0
115654.0
115655.0
115664.0
115669.0
115672.0
115673.0
115675.0
115676.0
115681.0
115682.0
115684.0
115685.0
115689.0
115693.0
115694.0
115702.0
115703.0
115704.0
115706.0
115709.0
115711.0
115712.0
115714.0
115715.0
115723.0
115724.0
115729.0
115732.0
115733.0
115734.0
115735.0
115736.0
115742.0
115744.0
115745.0
115749.0
115753.0
115754.0
115763.0
115765.0
115766.0
115769.0
115771.0
115772.0
115774.0
115775.0
115784.0
115789.0
115792.0
115793.0
115794.0
115795.0
115796.0
115799.0
115802.0
115805.0
115809.0
115813.0
115814.0
115819.0
115823.0
115825.0
115826.0
115830.0
115832.0
115834.0
115835.0
115840.0
115844.0
115845.0
115853.0
115855.0
115856.0
115860.0
115862.0
115865.0
115874.0
115875.0
115880.0
115883.0
115885.0
115886.0
115890.0
115892.0
115895.0
115900.0
115904.0
115906.0
115913.0
115915.0
115916.0
115920.0
115921.0
115922.0
115925.0
115926.0
115934.0
115935.0
115940.0
115943.0
115945.0
115946.0
115950.0
115952.0
115955.0
115960.0
115961.0
115964.0
115965.0
115973.0
115975.0
115976.0
115980.0
115981.0
115982.0
115985.0
115994.0
115995.0
116003.0
116005.0
116006.0
116010.0
116012.0
116015.0
116024.0
116025.0
116033.0
116035.0
116036.0
116042.0
116045.0
116054.0
116055.0
116063.0
116065.0
116066.0
116070.0
116072.0
116075.0
116084.0
116085.0
116093.0
116095.0
116096.0
116102.0
116105.0
116114.0
116115.0
116123.0
116125.0
116126.0
116130.0
116132.0
116135.0
116144.0
116145.0
116153.0
116155.0
116156.0
116162.0
116165.0
116174.0
116175.0
116183.0
116185.0
116186.0
116190.0
116192.0
116195.0
116204.0
116205.0
116213.0
116215.0
116216.0
116220.0
116222.0
116225.0
116234.0
116235.0
116243.0
116245.0
116246.0
116250.0
116252.0
116255.0
116264.0
116265.0
116273.0
116275.0
116276.0
116282.0
116285.0
116294.0
116295.0
116303.0
116305.0
116306.0
116307.0
116310.0
116312.0
116315.0
116324.0
116325.0
116333.0
116335.0
116336.0
116340.0
116342.0
116345.0
116354.0
116355.0
116363.0
116365.0
116366.0
116372.0
116375.0
116384.0
116385.0
116393.0
116395.0
116396.0
116402.0
116405.0
116414.0
116415.0
116423.0
116425.0
116426.0
116430.0
116432.0
116435.0
116444.0
116445.0
116453.0
116455.0
116456.0
116460.0
116462.0
116465.0
116474.0
116475.0
116483.0
116485.0
116486.0
116490.0
116492.0
116495.0
116504.0
116505.0
116513.0
116515.0
116516.0
116522.0
116525.0
116534.0
116535.0
116543.0
116545.0
116546.0
116552.0
116555.0
116564.0
116565.0
116573.0
116575.0
116576.0
116580.0
116582.0
116585.0
116594.0
116595.0
116603.0
116606.0
116612.0
116615.0
116624.0
116633.0
116636.0
116642.0
116645.0
116654.0
116663.0
116666.0
116672.0
116675.0
116684.0
116693.0
116696.0
116702.0
116705.0
116714.0
116723.0
116726.0
116732.0
116733.0
116735.0
116744.0
116753.0
116754.0
116756.0
116762.0
116763.0
116765.0
116774.0
116775.0
116783.0
116784.0
116786.0
116792.0
116793.0
116795.0
116796.0
116804.0
116805.0
116813.0
116814.0
116816.0
116817.0
116822.0
116823.0
116825.0
116826.0
116834.0
116835.0
116843.0
116844.0
116846.0
116847.0
116852.0
116853.0
116855.0
116856.0
116864.0
116865.0
116873.0
116874.0
116876.0
116877.0
116882.0
116883.0
116885.0
116886.0
116894.0
116895.0
116903.0
116904.0
116906.0
116907.0
116912.0
116913.0
116915.0
116916.0
116924.0
116925.0
116933.0
116934.0
116936.0
116937.0
116942.0
116943.0
116945.0
116946.0
116954.0
116955.0
116963.0
116964.0
116966.0
116967.0
116972.0
116973.0
116975.0
116976.0
116984.0
116985.0
116993.0
116994.0
116996.0
116997.0
117002.0
117003.0
117005.0
117006.0
117014.0
117015.0
117023.0
117024.0
117026.0
117027.0
117032.0
117033.0
117035.0
117036.0
117044.0
117045.0
117053.0
117054.0
117056.0
117057.0
117062.0
117063.0
117065.0
117066.0
117074.0
117075.0
117083.0
117084.0
117086.0
117087.0
117092.0
117093.0
117095.0
117096.0
117104.0
117105.0
117113.0
117114.0
117116.0
117117.0
117122.0
117123.0
117125.0
117126.0
117134.0
117135.0
117143.0
117144.0
117146.0
117147.0
117152.0
117153.0
117155.0
117156.0
117164.0
117165.0
117173.0
117174.0
117176.0
117177.0
117182.0
117183.0
117185.0
117186.0
117194.0
117195.0
117203.0
117204.0
117206.0
117207.0
117212.0
117213.0
117215.0
117216.0
117224.0
117225.0
117233.0
117234.0
117236.0
117237.0
117242.0
117243.0
117245.0
117246.0
117254.0
117255.0
117263.0
117264.0
117266.0
117267.0
117272.0
117273.0
117275.0
117276.0
117284.0
117285.0
117293.0
117294.0
117296.0
117297.0
117302.0
117303.0
117305.0
117306.0
117314.0
117315.0
117323.0
117324.0
117326.0
117327.0
117332.0
117333.0
117335.0
117336.0
117344.0
117345.0
117353.0
117354.0
117356.0
117357.0
117362.0
117363.0
117365.0
117366.0
117374.0
117375.0
117383.0
117384.0
117386.0
117387.0
117392.0
117393.0
117395.0
117396.0
117404.0
117405.0
117413.0
117414.0
117416.0
117417.0
117422.0
117423.0
117425.0
117426.0
117434.0
117435.0
117443.0
117444.0
117446.0
117447.0
117452.0
117453.0
117455.0
117456.0
117464.0
117465.0
117473.0
117474.0
117476.0
117477.0
117482.0
117483.0
117485.0
117486.0
117494.0
117495.0
117503.0
117504.0
117506.0
117507.0
117512.0
117513.0
117515.0
117516.0
117524.0
117525.0
117533.0
117534.0
117536.0
117537.0
117543.0
117545.0
117546.0
117554.0
117555.0
117564.0
117566.0
117567.0
117572.0
117573.0
117575.0
117576.0
117585.0
117593.0
117594.0
117596.0
117597.0
117602.0
117603.0
117606.0
117614.0
117615.0
117623.0
117624.0
117627.0
117632.0
117633.0
117635.0
117636.0
117644.0
117645.0
117653.0
117654.0
117656.0
117657.0
117663.0
117665.0
117666.0
117674.0
117675.0
117684.0
117686.0
117687.0
119194.0
119196.0
119204.0
119205.0
119214.0
119215.0
119217.0
119223.0
119224.0
119226.0
119234.0
119235.0
119244.0
119245.0
119247.0
119253.0
119254.0
119256.0
119264.0
119265.0
119274.0
119275.0
119277.0
119283.0
119284.0
119286.0
119294.0
119295.0
119304.0
119305.0
119307.0
119313.0
119314.0
119316.0
119324.0
119325.0
119334.0
119335.0
119337.0
119343.0
119344.0
119346.0
119354.0
119355.0
119364.0
119365.0
119367.0
119373.0
119374.0
119376.0
119384.0
119385.0
119394.0
119395.0
119397.0
119403.0
119404.0
119406.0
119414.0
119415.0
119424.0
119425.0
119427.0
119433.0
119434.0
119436.0
119444.0
119445.0
119454.0
119455.0
119457.0
119463.0
119464.0
119466.0
119474.0
119475.0
119484.0
119485.0
119487.0
119493.0
119494.0
119496.0
119504.0
119505.0
119514.0
119515.0
119517.0
119523.0
119524.0
119526.0
119534.0
119535.0
119544.0
119545.0
119547.0
119553.0
119554.0
119556.0
119564.0
119565.0
119574.0
119575.0
119577.0
119583.0
119584.0
119586.0
119594.0
119595.0
119604.0
119605.0
119607.0
119613.0
119614.0
119616.0
119624.0
119625.0
119634.0
119635.0
119637.0
119643.0
119644.0
119646.0
119654.0
119655.0
119656.0
119664.0
119665.0
119667.0
119673.0
119674.0
119676.0
119677.0
119684.0
119685.0
119686.0
119694.0
119695.0
119697.0
119698.0
119703.0
119704.0
119706.0
119707.0
119709.0
119714.0
119715.0
119716.0
119724.0
119725.0
119727.0
119728.0
119730.0
119733.0
119734.0
119736.0
119737.0
119739.0
119744.0
119745.0
119746.0
119754.0
119755.0
119757.0
119758.0
119760.0
119763.0
119764.0
119766.0
119767.0
119769.0
119774.0
119775.0
119776.0
119784.0
119785.0
119787.0
119788.0
119790.0
119793.0
119794.0
119796.0
119797.0
119799.0
119804.0
119805.0
119806.0
119814.0
119815.0
119817.0
119818.0
119820.0
119823.0
119824.0
119826.0
119827.0
119829.0
119834.0
119835.0
119836.0
119844.0
119845.0
119847.0
119848.0
119850.0
119853.0
119854.0
119856.0
119857.0
119859.0
119864.0
119865.0
119866.0
119874.0
119875.0
119877.0
119878.0
119880.0
119883.0
119884.0
119886.0
119887.0
119889.0
119895.0
119896.0
119904.0
119905.0
119907.0
119908.0
119910.0
119913.0
119914.0
119916.0
119917.0
119919.0
119924.0
119925.0
119926.0
119934.0
119935.0
119937.0
119938.0
119940.0
119943.0
119944.0
119946.0
119947.0
119949.0
119954.0
119955.0
119956.0
119964.0
119965.0
119967.0
119968.0
119970.0
119973.0
119974.0
119976.0
119977.0
119979.0
119984.0
119985.0
119986.0
119994.0
119995.0
119997.0
119998.0
120000.0
120003.0
120004.0
120006.0
120007.0
120009.0
120014.0
120015.0
120016.0
120024.0
120025.0
120027.0
120028.0
120030.0
120033.0
120034.0
120036.0
120037.0
120039.0
120044.0
120045.0
120046.0
120054.0
120055.0
120057.0
120058.0
120060.0
120063.0
120064.0
120066.0
120067.0
120069.0
120074.0
120075.0
120076.0
120084.0
120085.0
120087.0
120088.0
120090.0
120093.0
120094.0
120096.0
120097.0
120099.0
120104.0
120105.0
120106.0
120114.0
120115.0
120117.0
120118.0
120120.0
120123.0
120124.0
120126.0
120127.0
120129.0
120134.0
120135.0
120136.0
120144.0
120145.0
120147.0
120148.0
120150.0
120153.0
120154.0
120156.0
120157.0
120159.0
120164.0
120165.0
120166.0
120174.0
120175.0
120177.0
120178.0
120180.0
120183.0
120184.0
120186.0
120187.0
120189.0
120194.0
120195.0
120196.0
120204.0
120205.0
120207.0
120208.0
120210.0
120213.0
120214.0
120216.0
120217.0
120219.0
120224.0
120225.0
120226.0
120234.0
120235.0
120237.0
120238.0
120240.0
120243.0
120244.0
120246.0
120247.0
120249.0
120254.0
120255.0
120256.0
120264.0
120265.0
120267.0
120268.0
120270.0
120273.0
120274.0
120276.0
120277.0
120279.0
120284.0
120285.0
120286.0
120294.0
120295.0
120297.0
120298.0
120300.0
120303.0
120304.0
120306.0
120307.0
120309.0
120314.0
120315.0
120316.0
120324.0
120325.0
120327.0
120328.0
120330.0
120333.0
120334.0
120336.0
120337.0
120339.0
120344.0
120345.0
120346.0
120354.0
120355.0
120357.0
120358.0
120360.0
120363.0
120364.0
120366.0
120367.0
120369.0
120374.0
120375.0
120376.0
120384.0
120385.0
120387.0
120388.0
120390.0
120393.0
120394.0
120396.0
120397.0
120399.0
120404.0
120405.0
120406.0
120414.0
120415.0
120417.0
120418.0
120420.0
120424.0
120426.0
120427.0
120429.0
120434.0
120435.0
120436.0
120444.0
120445.0
120447.0
120448.0
120450.0
120453.0
120454.0
120456.0
120457.0
120459.0
120464.0
120466.0
120474.0
120475.0
120477.0
120478.0
120480.0
120484.0
120487.0
120489.0
120494.0
120495.0
120496.0
120504.0
120505.0
120508.0
120510.0
120514.0
120516.0
120517.0
120519.0
120524.0
120526.0
120534.0
120535.0
120537.0
120538.0
120540.0
120544.0
120547.0
120549.0
120554.0
120556.0
120564.0
120565.0
120568.0
120570.0
120574.0
120577.0
120579.0
120585.0
120586.0
120594.0
120595.0
120598.0
120601.0
120604.0
120607.0
120609.0
120614.0
120616.0
120624.0
120625.0
120628.0
120630.0
120634.0
120637.0
120639.0
120644.0
120646.0
120654.0
120655.0
120658.0
120660.0
120664.0
120667.0
120669.0
120674.0
120676.0
120684.0
120685.0
120688.0
120690.0
120694.0
120697.0
120706.0
120715.0
120718.0
120724.0
120727.0
120736.0
120745.0
120748.0
120754.0
120757.0
120766.0
120775.0
120778.0
120784.0
120787.0
120796.0
120805.0
120808.0
120814.0
120817.0
120826.0
120835.0
120838.0
120844.0
120847.0
120856.0
120865.0
120868.0
120874.0
120877.0
120886.0
120895.0
120898.0
120904.0
120907.0
120916.0
120925.0
120928.0
120934.0
120937.0
120946.0
120955.0
120958.0
120964.0
120967.0
120976.0
120980.0
120985.0
120988.0
120994.0
120997.0
121001.0
121006.0
121015.0
121018.0
121022.0
121024.0
121027.0
121036.0
121039.0
121040.0
121041.0
121043.0
121045.0
121048.0
121054.0
121057.0
121060.0
121061.0
121062.0
121066.0
121075.0
121081.0
121082.0
121083.0
121084.0
121087.0
121093.0
121096.0
121102.0
121103.0
121105.0
121114.0
121117.0
121123.0
121124.0
121126.0
121131.0
121135.0
121138.0
121144.0
121152.0
121156.0
121165.0
121173.0
121174.0
121177.0
121184.0
121186.0
121194.0
121195.0
121198.0
121204.0
121205.0
121207.0
121215.0
121216.0
121221.0
121225.0
121226.0
121234.0
121237.0
121242.0
121246.0
121247.0
121255.0
121258.0
121263.0
121264.0
121267.0
121268.0
121274.0
121276.0
121279.0
121284.0
121285.0
121288.0
121294.0
121295.0
121297.0
121300.0
121305.0
121306.0
121311.0
121315.0
121316.0
121318.0
121324.0
121332.0
121336.0
121337.0
121345.0
121353.0
121354.0
121355.0
121357.0
121358.0
121366.0
121374.0
121375.0
121376.0
121378.0
121384.0
121387.0
121395.0
121396.0
121397.0
121405.0
121408.0
121414.0
121415.0
121417.0
121418.0
121426.0
121435.0
121436.0
121438.0
121439.0
121444.0
121445.0
121447.0
121456.0
121457.0
121465.0
121466.0
121468.0
121474.0
121477.0
121478.0
121486.0
121487.0
121495.0
121498.0
121499.0
121504.0
121507.0
121508.0
121516.0
121519.0
121525.0
121528.0
121529.0
121534.0
121535.0
121537.0
121540.0
121546.0
121555.0
121556.0
121558.0
121561.0
121564.0
121566.0
121567.0
121576.0
121577.0
121585.0
121587.0
121588.0
121594.0
121597.0
121598.0
121606.0
121608.0
121615.0
121618.0
121619.0
121624.0
121625.0
121627.0
121645.0
121646.0
121648.0
121654.0
121666.0
121667.0
121675.0
121684.0
121687.0
121688.0
121705.0
121709.0
121714.0
121726.0
121730.0
121735.0
121744.0
121747.0
121751.0
121752.0
121765.0
121772.0
121773.0
121774.0
121780.0
123289.0
123294.0
123296.0
123297.0
123299.0
123300.0
123304.0
123305.0
123308.0
123309.0
123314.0
123317.0
123318.0
123319.0
123324.0
123326.0
123329.0
123330.0
123334.0
123335.0
123338.0
123339.0
123344.0
123347.0
123349.0
123354.0
123356.0
123359.0
123360.0
123364.0
123365.0
123366.0
123368.0
123369.0
123377.0
123379.0
123385.0
123386.0
123387.0
123389.0
123390.0
123391.0
123395.0
123396.0
123398.0
123400.0
123407.0
123408.0
123410.0
123415.0
123416.0
123417.0
123419.0
123420.0
123421.0
123425.0
123426.0
123428.0
123429.0
123430.0
123437.0
123438.0
123440.0
123445.0
123446.0
123447.0
123449.0
123450.0
123451.0
123455.0
123456.0
123458.0
123459.0
123460.0
123467.0
123468.0
123470.0
123475.0
123477.0
123479.0
123480.0
123485.0
123486.0
123488.0
123489.0
123490.0
123498.0
123500.0
123505.0
123506.0
123507.0
123509.0
123510.0
123515.0
123516.0
123519.0
123520.0
123527.0
123528.0
123535.0
123536.0
123537.0
123540.0
123545.0
123546.0
123548.0
123549.0
123557.0
123558.0
123560.0
123565.0
123566.0
123567.0
123569.0
123570.0
123575.0
123576.0
123578.0
123579.0
123580.0
123585.0
123587.0
123588.0
123595.0
123597.0
123599.0
123600.0
123605.0
123606.0
123608.0
123609.0
123618.0
123620.0
123625.0
123626.0
123627.0
123629.0
123630.0
123635.0
123636.0
123639.0
123640.0
123645.0
123647.0
123648.0
123650.0
123655.0
123656.0
123657.0
123660.0
123665.0
123666.0
123668.0
123669.0
123670.0
123677.0
123678.0
123680.0
123685.0
123686.0
123687.0
123689.0
123690.0
123695.0
123696.0
123698.0
123699.0
123700.0
123705.0
123707.0
123708.0
123710.0
123715.0
123717.0
123719.0
123720.0
123721.0
123725.0
123726.0
123728.0
123729.0
123730.0
123738.0
123745.0
123746.0
123747.0
123749.0
123750.0
123755.0
123756.0
123759.0
123765.0
123767.0
123768.0
123770.0
123775.0
123776.0
123777.0
123780.0
123785.0
123786.0
123788.0
123789.0
123790.0
123795.0
123797.0
123798.0
123800.0
123805.0
123806.0
123807.0
123809.0
123810.0
123811.0
123815.0
123816.0
123818.0
123819.0
123820.0
123827.0
123828.0
123830.0
123835.0
123837.0
123839.0
123840.0
123841.0
123845.0
123846.0
123848.0
123849.0
123850.0
123858.0
123860.0
123865.0
123866.0
123867.0
123869.0
123870.0
123875.0
123876.0
123879.0
123880.0
123885.0
123887.0
123888.0
123890.0
123891.0
123895.0
123896.0
123897.0
123900.0
123905.0
123906.0
123908.0
123909.0
123910.0
123917.0
123918.0
123920.0
123925.0
123926.0
123927.0
123929.0
123930.0
123931.0
123935.0
123936.0
123938.0
123939.0
123940.0
123947.0
123948.0
123950.0
123955.0
123957.0
123959.0
123960.0
123961.0
123965.0
123966.0
123968.0
123969.0
123970.0
123978.0
123980.0
123985.0
123986.0
123987.0
123989.0
123990.0
123991.0
123995.0
123996.0
123999.0
124001.0
124007.0
124008.0
124010.0
124015.0
124016.0
124017.0
124020.0
124021.0
124025.0
124026.0
124028.0
124029.0
124030.0
124036.0
124037.0
124038.0
124040.0
124045.0
124046.0
124047.0
124049.0
124050.0
124051.0
124055.0
124056.0
124058.0
124059.0
124060.0
124067.0
124068.0
124070.0
124075.0
124077.0
124079.0
124080.0
124081.0
124085.0
124086.0
124088.0
124089.0
124090.0
124098.0
124100.0
124105.0
124106.0
124107.0
124109.0
124110.0
124111.0
124115.0
124116.0
124119.0
124120.0
124127.0
124128.0
124130.0
124135.0
124136.0
124137.0
124140.0
124141.0
124145.0
124146.0
124148.0
124149.0
124150.0
124157.0
124158.0
124160.0
124165.0
124166.0
124167.0
124169.0
124170.0
124171.0
124175.0
124176.0
124178.0
124179.0
124180.0
124187.0
124188.0
124190.0
124195.0
124197.0
124199.0
124200.0
124201.0
124205.0
124206.0
124208.0
124209.0
124210.0
124218.0
124220.0
124225.0
124226.0
124227.0
124229.0
124230.0
124231.0
124235.0
124236.0
124239.0
124240.0
124247.0
124248.0
124250.0
124255.0
124256.0
124257.0
124260.0
124261.0
124265.0
124266.0
124268.0
124269.0
124270.0
124277.0
124278.0
124280.0
124285.0
124286.0
124287.0
124289.0
124290.0
124291.0
124295.0
124296.0
124298.0
124299.0
124300.0
124306.0
124307.0
124308.0
124310.0
124316.0
124317.0
124319.0
124320.0
124322.0
124323.0
124325.0
124326.0
124328.0
124329.0
124330.0
124338.0
124340.0
124345.0
124346.0
124347.0
124349.0
124350.0
124355.0
124356.0
124359.0
124360.0
124367.0
124368.0
124370.0
124375.0
124376.0
124377.0
124380.0
124385.0
124386.0
124388.0
124389.0
124390.0
124397.0
124398.0
124400.0
124405.0
124406.0
124407.0
124409.0
124410.0
124411.0
124415.0
124416.0
124418.0
124419.0
124420.0
124427.0
124428.0
124430.0
124435.0
124437.0
124439.0
124440.0
124445.0
124446.0
124448.0
124449.0
124450.0
124451.0
124458.0
124460.0
124465.0
124466.0
124467.0
124469.0
124470.0
124471.0
124475.0
124476.0
124479.0
124480.0
124485.0
124487.0
124488.0
124490.0
124495.0
124496.0
124497.0
124500.0
124505.0
124506.0
124508.0
124509.0
124510.0
124517.0
124518.0
124520.0
124525.0
124526.0
124527.0
124529.0
124530.0
124531.0
124535.0
124536.0
124538.0
124539.0
124540.0
124546.0
124547.0
124548.0
124550.0
124555.0
124557.0
124559.0
124560.0
124561.0
124565.0
124566.0
124568.0
124569.0
124570.0
124578.0
124580.0
124585.0
124586.0
124587.0
124589.0
124590.0
124595.0
124596.0
124599.0
124600.0
124607.0
124608.0
124610.0
124615.0
124616.0
124617.0
124620.0
124625.0
124626.0
124628.0
124629.0
124630.0
124635.0
124636.0
124637.0
124638.0
124640.0
124645.0
124646.0
124647.0
124649.0
124650.0
124655.0
124656.0
124658.0
124659.0
124660.0
124667.0
124668.0
124670.0
124675.0
124677.0
124679.0
124680.0
124685.0
124686.0
124688.0
124689.0
124690.0
124696.0
124698.0
124700.0
124705.0
124706.0
124707.0
124709.0
124710.0
124711.0
124715.0
124716.0
124719.0
124720.0
124725.0
124727.0
124728.0
124730.0
124736.0
124737.0
124740.0
124741.0
124745.0
124746.0
124748.0
124749.0
124750.0
124757.0
124758.0
124760.0
124765.0
124766.0
124767.0
124769.0
124770.0
124771.0
124775.0
124776.0
124778.0
124779.0
124780.0
124786.0
124787.0
124788.0
124790.0
124797.0
124799.0
124800.0
124805.0
124806.0
124808.0
124809.0
124818.0
124826.0
124827.0
124829.0
124830.0
124835.0
124836.0
124839.0
124847.0
124848.0
124856.0
124857.0
124860.0
124865.0
124866.0
124868.0
124869.0
124877.0
124878.0
124886.0
124887.0
124889.0
124890.0
124896.0
124898.0
124899.0
124907.0
124908.0
124917.0
124919.0
124920.0
124925.0
124926.0
124928.0
124929.0
124938.0
124946.0
124947.0
124949.0
124950.0
124955.0
124956.0
124959.0
124967.0
124968.0
124976.0
124977.0
124980.0
124985.0
124986.0
124988.0
124989.0
124997.0
124998.0
125006.0
125007.0
125009.0
125010.0
125016.0
125018.0
125019.0
125027.0
125028.0
125037.0
125039.0
125040.0
125045.0
125046.0
125048.0
125049.0
125058.0
125066.0
125067.0
125069.0
125070.0
125075.0
125076.0
125079.0
125087.0
125088.0
125096.0
125097.0
125100.0
125105.0
125106.0
125108.0
125109.0
125117.0
125118.0
125126.0
125127.0
125129.0
125130.0
125136.0
125138.0
125139.0
125147.0
125148.0
125157.0
125159.0
125160.0
125165.0
125166.0
125168.0
125169.0
125178.0
125186.0
125187.0
125189.0
125190.0
125195.0
125196.0
125199.0
125207.0
125208.0
125216.0
125217.0
125220.0
125225.0
125226.0
125228.0
125229.0
125237.0
125238.0
125246.0
125247.0
125249.0
125250.0
125256.0
125258.0
125259.0
125267.0
125268.0
125277.0
125279.0
125280.0
125285.0
125286.0
125287.0
125288.0
125289.0
125298.0
125306.0
125307.0
125308.0
125309.0
125310.0
125315.0
125316.0
125317.0
125319.0
125327.0
125328.0
125329.0
125336.0
125337.0
125338.0
125340.0
125345.0
125346.0
125347.0
125348.0
125349.0
125350.0
125357.0
125358.0
125359.0
125366.0
125367.0
125368.0
125369.0
125370.0
125371.0
125376.0
125377.0
125378.0
125379.0
125380.0
125387.0
125388.0
125389.0
125397.0
125398.0
125399.0
125400.0
125401.0
125405.0
125406.0
125407.0
125408.0
125409.0
125410.0
125418.0
125419.0
125426.0
125427.0
125428.0
125429.0
125430.0
125431.0
125436.0
125437.0
125439.0
125440.0
125447.0
125448.0
125449.0
125457.0
125458.0
125460.0
125461.0
125466.0
125467.0
125468.0
125469.0
125470.0
125478.0
125479.0
125487.0
125488.0
125489.0
125490.0
125491.0
125496.0
125497.0
125499.0
125500.0
125508.0
125509.0
125517.0
125518.0
125520.0
125521.0
125526.0
125527.0
125529.0
125530.0
125538.0
125539.0
125547.0
125548.0
125550.0
125551.0
125556.0
125557.0
125559.0
125560.0
125568.0
125569.0
125577.0
125578.0
125580.0
125581.0
125586.0
125587.0
125589.0
125590.0
125598.0
125599.0
125607.0
125608.0
125610.0
125611.0
125616.0
125617.0
125619.0
125620.0
125628.0
125629.0
125637.0
125638.0
125640.0
125641.0
125646.0
125647.0
125649.0
125650.0
125658.0
125659.0
125667.0
125668.0
125670.0
125671.0
125676.0
125677.0
125679.0
125680.0
125688.0
125689.0
125697.0
125698.0
125700.0
125701.0
125706.0
125707.0
125709.0
125710.0
125718.0
125719.0
125727.0
125728.0
125730.0
125731.0
125736.0
125737.0
125739.0
125740.0
125748.0
125749.0
125757.0
125758.0
125760.0
125761.0
125766.0
125767.0
125769.0
125770.0
125778.0
125779.0
125787.0
125788.0
125790.0
125791.0
125796.0
125797.0
125799.0
125800.0
125808.0
125809.0
125817.0
125818.0
125820.0
125821.0
125826.0
125827.0
125829.0
125830.0
125838.0
125839.0
125847.0
125848.0
125850.0
125851.0
125856.0
125857.0
125859.0
125860.0
125868.0
125869.0
125880.0
125881.0
127379.0
127384.0
127386.0
127387.0
127389.0
127390.0
127398.0
127399.0
127400.0
127407.0
127408.0
127409.0
127410.0
127411.0
127414.0
127417.0
127419.0
127420.0
127428.0
127429.0
127438.0
127439.0
127440.0
127441.0
127444.0
127446.0
127447.0
127449.0
127450.0
127459.0
127467.0
127468.0
127469.0
127470.0
127471.0
127476.0
127477.0
127479.0
127480.0
127488.0
127489.0
127497.0
127498.0
127499.0
127500.0
127501.0
127506.0
127507.0
127509.0
127510.0
127518.0
127519.0
127527.0
127528.0
127529.0
127530.0
127531.0
127537.0
127539.0
127540.0
127548.0
127549.0
127558.0
127559.0
127560.0
127561.0
127566.0
127567.0
127569.0
127570.0
127579.0
127580.0
127587.0
127588.0
127589.0
127590.0
127591.0
127596.0
127597.0
127599.0
127600.0
127608.0
127609.0
127610.0
127617.0
127618.0
127619.0
127620.0
127621.0
127626.0
127627.0
127629.0
127630.0
127638.0
127639.0
127640.0
127647.0
127648.0
127649.0
127650.0
127651.0
127657.0
127659.0
127660.0
127668.0
127669.0
127678.0
127679.0
127680.0
127681.0
127686.0
127687.0
127689.0
127690.0
127699.0
127707.0
127708.0
127710.0
127711.0
127716.0
127717.0
127719.0
127720.0
127728.0
127729.0
127737.0
127738.0
127739.0
127740.0
127741.0
127747.0
127749.0
127750.0
127758.0
127759.0
127768.0
127769.0
127770.0
127771.0
127777.0
127779.0
127780.0
127789.0
127798.0
127799.0
127800.0
127801.0
127807.0
127809.0
127810.0
127819.0
127828.0
127829.0
127830.0
127831.0
127837.0
127839.0
127840.0
127849.0
127858.0
127859.0
127860.0
127861.0
127867.0
127869.0
127870.0
127879.0
127888.0
127889.0
127890.0
127891.0
127897.0
127899.0
127900.0
127909.0
127918.0
127919.0
127920.0
127921.0
127927.0
127929.0
127930.0
127939.0
127948.0
127949.0
127950.0
127951.0
127957.0
127959.0
127960.0
127969.0
127978.0
127979.0
127980.0
127981.0
127987.0
127989.0
127990.0
127999.0
128008.0
128009.0
128010.0
128011.0
128017.0
128019.0
128020.0
128029.0
128038.0
128039.0
128040.0
128041.0
128047.0
128048.0
128049.0
128050.0
128059.0
128068.0
128069.0
128070.0
128071.0
128077.0
128078.0
128079.0
128080.0
128089.0
128090.0
128098.0
128099.0
128100.0
128101.0
128107.0
128108.0
128109.0
128110.0
128111.0
128119.0
128120.0
128128.0
128129.0
128130.0
128131.0
128132.0
128137.0
128138.0
128139.0
128140.0
128141.0
128149.0
128150.0
128158.0
128159.0
128160.0
128161.0
128162.0
128167.0
128168.0
128170.0
128171.0
128179.0
128180.0
128188.0
128189.0
128191.0
128192.0
128197.0
128198.0
128199.0
128200.0
128201.0
128209.0
128210.0
128218.0
128219.0
128220.0
128221.0
128222.0
128227.0
128228.0
128229.0
128230.0
128231.0
128239.0
128240.0
128248.0
128249.0
128250.0
128251.0
128252.0
128257.0
128258.0
128259.0
128260.0
128261.0
128269.0
128270.0
128278.0
128279.0
128280.0
128281.0
128282.0
128287.0
128288.0
128290.0
128291.0
128299.0
128300.0
128308.0
128309.0
128310.0
128311.0
128312.0
128317.0
128318.0
128319.0
128320.0
128321.0
128329.0
128330.0
128338.0
128339.0
128340.0
128341.0
128342.0
128347.0
128348.0
128349.0
128350.0
128351.0
128359.0
128360.0
128368.0
128369.0
128370.0
128371.0
128372.0
128377.0
128378.0
128379.0
128380.0
128381.0
128389.0
128390.0
128398.0
128399.0
128400.0
128401.0
128402.0
128407.0
128408.0
128409.0
128410.0
128411.0
128419.0
128420.0
128428.0
128429.0
128430.0
128431.0
128432.0
128437.0
128438.0
128439.0
128440.0
128441.0
128449.0
128450.0
128458.0
128459.0
128460.0
128461.0
128462.0
128467.0
128468.0
128469.0
128470.0
128471.0
128479.0
128480.0
128488.0
128489.0
128490.0
128491.0
128492.0
128497.0
128498.0
128499.0
128500.0
128501.0
128509.0
128510.0
128518.0
128519.0
128520.0
128521.0
128522.0
128527.0
128528.0
128530.0
128531.0
128539.0
128540.0
128548.0
128549.0
128550.0
128551.0
128552.0
128557.0
128558.0
128559.0
128560.0
128561.0
128569.0
128570.0
128578.0
128579.0
128580.0
128581.0
128582.0
128587.0
128588.0
128589.0
128590.0
128591.0
128599.0
128600.0
128608.0
128609.0
128610.0
128611.0
128612.0
128617.0
128618.0
128619.0
128620.0
128621.0
128629.0
128630.0
128638.0
128639.0
128640.0
128641.0
128642.0
128647.0
128648.0
128649.0
128650.0
128651.0
128659.0
128660.0
128668.0
128669.0
128670.0
128671.0
128672.0
128677.0
128678.0
128679.0
128680.0
128681.0
128689.0
128690.0
128698.0
128699.0
128700.0
128701.0
128702.0
128707.0
128708.0
128709.0
128710.0
128711.0
128719.0
128720.0
128728.0
128729.0
128730.0
128731.0
128732.0
128738.0
128739.0
128740.0
128741.0
128749.0
128750.0
128759.0
128760.0
128761.0
128762.0
128767.0
128768.0
128769.0
128770.0
128771.0
128779.0
128780.0
128788.0
128789.0
128790.0
128791.0
128792.0
128797.0
128798.0
128799.0
128801.0
128809.0
128810.0
128818.0
128819.0
128820.0
128822.0
128827.0
128828.0
128829.0
128830.0
128831.0
128839.0
128840.0
128848.0
128849.0
128850.0
128851.0
128852.0
128858.0
128859.0
128860.0
128861.0
128869.0
128870.0
128879.0
128880.0
128881.0
128882.0
128887.0
128888.0
128890.0
128891.0
128900.0
128908.0
128909.0
128911.0
128912.0
128917.0
128918.0
128921.0
128929.0
128930.0
128938.0
128939.0
128942.0
128947.0
128948.0
128950.0
128951.0
128959.0
128960.0
128968.0
128969.0
128971.0
128972.0
128978.0
128980.0
128981.0
128989.0
128990.0
128999.0
129001.0
129002.0
129007.0
129008.0
129010.0
129011.0
129020.0
129028.0
129029.0
129031.0
129032.0
129037.0
129038.0
129041.0
129049.0
129050.0
129058.0
129059.0
129062.0
129067.0
129068.0
129070.0
129071.0
129079.0
129080.0
129088.0
129089.0
129091.0
129092.0
129098.0
129100.0
129101.0
129109.0
129110.0
129119.0
129121.0
129122.0
129127.0
129128.0
129130.0
129131.0
129140.0
129148.0
129149.0
129151.0
129152.0
129157.0
129158.0
129161.0
129169.0
129170.0
129178.0
129179.0
129182.0
129187.0
129188.0
129190.0
129191.0
129199.0
129200.0
129208.0
129209.0
129211.0
129212.0
129218.0
129220.0
129221.0
129229.0
129230.0
129239.0
129241.0
129242.0
129247.0
129248.0
129250.0
129251.0
129260.0
129268.0
129269.0
129271.0
129272.0
129277.0
129278.0
129281.0
129289.0
129290.0
129298.0
129299.0
129302.0
129307.0
129308.0
129310.0
129311.0
129319.0
129320.0
129328.0
129329.0
129331.0
129332.0
129338.0
129340.0
129341.0
129349.0
129350.0
129359.0
129361.0
129362.0
129367.0
129368.0
129370.0
129371.0
129380.0
129388.0
129389.0
129391.0
129392.0
129397.0
129398.0
129401.0
129409.0
129410.0
129418.0
129419.0
129422.0
129427.0
129428.0
129430.0
129431.0
129439.0
129440.0
129448.0
129449.0
129451.0
129452.0
129458.0
129460.0
129461.0
129469.0
129470.0
129479.0
129481.0
129482.0
129487.0
129488.0
129490.0
129491.0
129500.0
129508.0
129509.0
129511.0
129512.0
129517.0
129518.0
129521.0
129529.0
129530.0
129538.0
129539.0
129542.0
129547.0
129548.0
129550.0
129551.0
129559.0
129560.0
129568.0
129569.0
129571.0
129572.0
129578.0
129580.0
129581.0
129589.0
129590.0
129599.0
129601.0
129602.0
129607.0
129608.0
129610.0
129611.0
129620.0
129628.0
129629.0
129631.0
129632.0
129637.0
129638.0
129641.0
129649.0
129650.0
129658.0
129659.0
129662.0
129667.0
129668.0
129670.0
129671.0
129679.0
129680.0
129688.0
129689.0
129691.0
129692.0
129698.0
129700.0
129701.0
129709.0
129710.0
129719.0
129721.0
129722.0
129727.0
129728.0
129730.0
129731.0
129740.0
129748.0
129749.0
129751.0
129752.0
129757.0
129758.0
129761.0
129769.0
129770.0
129778.0
129779.0
129782.0
129787.0
129788.0
129790.0
129791.0
129799.0
129800.0
129808.0
129809.0
129811.0
129812.0
129818.0
129820.0
129821.0
129829.0
129830.0
129839.0
129841.0
129842.0
129847.0
129848.0
129850.0
129851.0
129860.0
129868.0
129869.0
129871.0
129872.0
129877.0
129878.0
129881.0
129889.0
129890.0
129898.0
129899.0
129902.0
129907.0
129908.0
129910.0
129911.0
129919.0
129920.0
129928.0
129929.0
129931.0
129932.0
129938.0
129940.0
129941.0
129949.0
129950.0
129959.0
129961.0
129962.0
129967.0
129968.0
129970.0
129971.0
131474.0
131479.0
131489.0
131490.0
131492.0
131493.0
131495.0
131498.0
131499.0
131501.0
131502.0
131504.0
131509.0
131510.0
131511.0
131519.0
131520.0
131522.0
131523.0
131525.0
131528.0
131529.0
131531.0
131532.0
131534.0
131539.0
131540.0
131541.0
131549.0
131550.0
131552.0
131553.0
131555.0
131558.0
131559.0
131561.0
131562.0
131564.0
131569.0
131570.0
131571.0
131579.0
131580.0
131582.0
131583.0
131585.0
131588.0
131589.0
131591.0
131592.0
131594.0
131599.0
131600.0
131601.0
131609.0
131610.0
131612.0
131613.0
131615.0
131619.0
131621.0
131622.0
131624.0
131629.0
131630.0
131631.0
131639.0
131640.0
131642.0
131643.0
131645.0
131648.0
131649.0
131651.0
131652.0
131654.0
131659.0
131661.0
131669.0
131670.0
131672.0
131673.0
131675.0
131678.0
131679.0
131682.0
131684.0
131689.0
131690.0
131691.0
131699.0
131700.0
131703.0
131705.0
131708.0
131709.0
131711.0
131712.0
131714.0
131719.0
131720.0
131721.0
131729.0
131730.0
131732.0
131733.0
131735.0
131739.0
131741.0
131742.0
131744.0
131749.0
131750.0
131751.0
131759.0
131760.0
131762.0
131763.0
131765.0
131768.0
131769.0
131771.0
131772.0
131774.0
131779.0
131781.0
131789.0
131790.0
131792.0
131793.0
131795.0
131798.0
131799.0
131802.0
131804.0
131809.0
131810.0
131811.0
131819.0
131820.0
131823.0
131825.0
131828.0
131829.0
131831.0
131832.0
131834.0
131839.0
131840.0
131841.0
131849.0
131850.0
131852.0
131853.0
131855.0
131859.0
131861.0
131862.0
131864.0
131869.0
131870.0
131871.0
131879.0
131880.0
131882.0
131883.0
131886.0
131888.0
131889.0
131891.0
131892.0
131895.0
131899.0
131901.0
131909.0
131910.0
131912.0
131913.0
131915.0
131918.0
131919.0
131922.0
131924.0
131929.0
131930.0
131931.0
131939.0
131940.0
131943.0
131945.0
131948.0
131949.0
131951.0
131952.0
131954.0
131959.0
131960.0
131961.0
131969.0
131970.0
131972.0
131973.0
131975.0
131979.0
131981.0
131982.0
131984.0
131989.0
131990.0
131991.0
131999.0
132000.0
132002.0
132003.0
132005.0
132008.0
132009.0
132011.0
132012.0
132014.0
132019.0
132021.0
132029.0
132030.0
132032.0
132033.0
132035.0
132038.0
132039.0
132040.0
132042.0
132044.0
132049.0
132050.0
132051.0
132059.0
132060.0
132063.0
132065.0
132068.0
132069.0
132071.0
132072.0
132074.0
132079.0
132080.0
132081.0
132089.0
132090.0
132092.0
132093.0
132095.0
132099.0
132101.0
132102.0
132104.0
132109.0
132110.0
132111.0
132119.0
132120.0
132122.0
132123.0
132125.0
132128.0
132129.0
132131.0
132132.0
132134.0
132139.0
132141.0
132149.0
132150.0
132152.0
132153.0
132155.0
132158.0
132159.0
132162.0
132164.0
132169.0
132170.0
132171.0
132179.0
132180.0
132183.0
132185.0
132188.0
132189.0
132191.0
132192.0
132194.0
132199.0
132200.0
132201.0
132209.0
132210.0
132212.0
132213.0
132216.0
132219.0
132220.0
132221.0
132222.0
132225.0
132230.0
132231.0
132240.0
132242.0
132243.0
132246.0
132249.0
132250.0
132251.0
132252.0
132255.0
132260.0
132261.0
132270.0
132272.0
132273.0
132276.0
132279.0
132280.0
132282.0
132285.0
132290.0
132291.0
132300.0
132303.0
132306.0
132309.0
132310.0
132312.0
132315.0
132320.0
132321.0
132330.0
132333.0
132336.0
132339.0
132340.0
132342.0
132345.0
132350.0
132351.0
132360.0
132363.0
132366.0
132369.0
132370.0
132372.0
132375.0
132380.0
132381.0
132390.0
132393.0
132396.0
132399.0
132400.0
132402.0
132405.0
132410.0
132411.0
132420.0
132423.0
132426.0
132429.0
132430.0
132432.0
132435.0
132436.0
132440.0
132441.0
132450.0
132453.0
132456.0
132459.0
132460.0
132462.0
132465.0
132470.0
132471.0
132480.0
132483.0
132486.0
132489.0
132490.0
132492.0
132495.0
132500.0
132501.0
132510.0
132513.0
132516.0
132519.0
132520.0
132522.0
132525.0
132530.0
132531.0
132540.0
132543.0
132546.0
132549.0
132550.0
132551.0
132552.0
132556.0
132560.0
132561.0
132570.0
132573.0
132576.0
132579.0
132580.0
132582.0
132585.0
132590.0
132591.0
132600.0
132603.0
132606.0
132609.0
132610.0
132612.0
132615.0
132620.0
132621.0
132630.0
132633.0
132636.0
132639.0
132640.0
132642.0
132645.0
132650.0
132651.0
132660.0
132663.0
132666.0
132669.0
132670.0
132672.0
132675.0
132680.0
132681.0
132690.0
132693.0
132696.0
132699.0
132700.0
132702.0
132705.0
132710.0
132711.0
132720.0
132723.0
132726.0
132729.0
132730.0
132732.0
132735.0
132740.0
132741.0
132750.0
132753.0
132756.0
132759.0
132760.0
132762.0
132765.0
132770.0
132771.0
132780.0
132783.0
132786.0
132789.0
132790.0
132792.0
132795.0
132800.0
132801.0
132810.0
132813.0
132816.0
132819.0
132820.0
132822.0
132825.0
132830.0
132831.0
132840.0
132843.0
132846.0
132849.0
132850.0
132852.0
132855.0
132860.0
132861.0
132870.0
132873.0
132876.0
132879.0
132881.0
132882.0
132885.0
132890.0
132891.0
132900.0
132903.0
132906.0
132909.0
132910.0
132912.0
132915.0
132920.0
132921.0
132930.0
132933.0
132936.0
132939.0
132940.0
132942.0
132945.0
132950.0
132951.0
132960.0
132963.0
132966.0
132969.0
132970.0
132972.0
132975.0
132980.0
132981.0
132990.0
132993.0
132999.0
133002.0
133011.0
133020.0
133023.0
133029.0
133032.0
133041.0
133050.0
133053.0
133059.0
133062.0
133071.0
133080.0
133083.0
133089.0
133092.0
133101.0
133110.0
133113.0
133119.0
133122.0
133131.0
133140.0
133143.0
133149.0
133152.0
133161.0
133170.0
133173.0
133179.0
133182.0
133191.0
133200.0
133203.0
133209.0
133212.0
133221.0
133230.0
133233.0
133239.0
133242.0
133251.0
133260.0
133263.0
133269.0
133272.0
133281.0
133290.0
133293.0
133299.0
133302.0
133311.0
133320.0
133323.0
133329.0
133332.0
133341.0
133350.0
133353.0
133359.0
133362.0
133371.0
133380.0
133383.0
133389.0
133392.0
133401.0
133410.0
133413.0
133419.0
133422.0
133431.0
133440.0
133443.0
133449.0
133452.0
133461.0
133470.0
133473.0
133479.0
133482.0
133491.0
133500.0
133503.0
133509.0
133512.0
133521.0
133530.0
133533.0
133539.0
133542.0
133551.0
133560.0
133563.0
133569.0
133572.0
133581.0
133590.0
133593.0
133599.0
133602.0
133611.0
133620.0
133623.0
133629.0
133632.0
133641.0
133650.0
133653.0
133659.0
133662.0
133671.0
133680.0
133683.0
133689.0
133692.0
133701.0
133710.0
133713.0
133719.0
133722.0
133731.0
133740.0
133743.0
133749.0
133752.0
133761.0
133770.0
133773.0
133779.0
133780.0
133782.0
133791.0
133800.0
133801.0
133803.0
133809.0
133810.0
133812.0
133821.0
133822.0
133830.0
133831.0
133833.0
133839.0
133840.0
133842.0
133843.0
133851.0
133852.0
133860.0
133861.0
133863.0
133864.0
133869.0
133870.0
133872.0
133873.0
133881.0
133882.0
133890.0
133891.0
133893.0
133894.0
133899.0
133900.0
133902.0
133903.0
133911.0
133912.0
133920.0
133921.0
133923.0
133924.0
133929.0
133930.0
133932.0
133933.0
133941.0
133942.0
133950.0
133951.0
133953.0
133954.0
133959.0
133960.0
133962.0
133963.0
133971.0
133972.0
133974.0
133980.0
133981.0
133983.0
133984.0
133989.0
133990.0
133992.0
133993.0
133995.0
134001.0
134002.0
134010.0
134011.0
134014.0
134016.0
134019.0
134020.0
134022.0
134023.0
134025.0
134026.0
134031.0
134032.0
134035.0
134037.0
134040.0
134041.0
134046.0
134047.0
134049.0
134050.0
134052.0
134053.0
134056.0
134058.0
134061.0
134062.0
134064.0
134065.0
135569.0
135574.0
135575.0
135580.0
135583.0
135585.0
135590.0
135592.0
135595.0
135600.0
135601.0
135604.0
135605.0
135610.0
135611.0
135613.0
135615.0
135620.0
135622.0
135625.0
135630.0
135631.0
135634.0
135635.0
135640.0
135643.0
135645.0
135651.0
135652.0
135654.0
135660.0
135661.0
135664.0
135665.0
135666.0
135670.0
135673.0
135675.0
135680.0
135682.0
135685.0
135690.0
135691.0
135694.0
135695.0
135700.0
135701.0
135703.0
135705.0
135710.0
135712.0
135716.0
135720.0
135721.0
135724.0
135730.0
135733.0
135735.0
135741.0
135742.0
135745.0
135750.0
135751.0
135754.0
135756.0
135760.0
135763.0
135765.0
135770.0
135772.0
135775.0
135780.0
135781.0
135784.0
135790.0
135791.0
135793.0
135795.0
135800.0
135802.0
135805.0
135809.0
135810.0
135811.0
135814.0
135815.0
135819.0
135820.0
135823.0
135825.0
135831.0
135832.0
135834.0
135835.0
135840.0
135841.0
135844.0
135846.0
135850.0
135853.0
135854.0
135855.0
135860.0
135862.0
135865.0
135870.0
135871.0
135874.0
135875.0
135879.0
135880.0
135881.0
135883.0
135885.0
135890.0
135892.0
135894.0
135900.0
135901.0
135904.0
135905.0
135910.0
135913.0
135914.0
135915.0
135920.0
135921.0
135922.0
135924.0
135929.0
135931.0
135934.0
135935.0
135940.0
135943.0
135945.0
135949.0
135952.0
135954.0
135959.0
135961.0
135964.0
135965.0
135970.0
135971.0
135973.0
135974.0
135980.0
135982.0
135984.0
135989.0
135991.0
135994.0
135995.0
135999.0
136000.0
136003.0
136004.0
136005.0
136010.0
136012.0
136014.0
136020.0
136021.0
136024.0
136025.0
136026.0
136030.0
136033.0
136035.0
136039.0
136040.0
136042.0
136045.0
136050.0
136051.0
136054.0
136055.0
136059.0
136060.0
136063.0
136065.0
136070.0
136072.0
136075.0
136080.0
136081.0
136084.0
136090.0
136093.0
136094.0
136100.0
136102.0
136105.0
136110.0
136111.0
136114.0
136116.0
136120.0
136123.0
136129.0
136132.0
136135.0
136140.0
136141.0
136144.0
136145.0
136149.0
136150.0
136153.0
136155.0
136162.0
136165.0
136169.0
136171.0
136174.0
136179.0
136180.0
136183.0
136184.0
136190.0
136192.0
136195.0
136200.0
136201.0
136204.0
136206.0
136210.0
136213.0
136215.0
136220.0
136222.0
136224.0
136231.0
136234.0
136235.0
136240.0
136241.0
136243.0
136244.0
136245.0
136252.0
136255.0
136260.0
136261.0
136264.0
136269.0
136270.0
136273.0
136274.0
136275.0
136280.0
136282.0
136284.0
136285.0
136289.0
136291.0
136294.0
136295.0
136299.0
136300.0
136303.0
136309.0
136312.0
136314.0
136320.0
136321.0
136324.0
136329.0
136330.0
136333.0
136334.0
136340.0
136342.0
136345.0
136349.0
136351.0
136354.0
136355.0
136360.0
136361.0
136363.0
136364.0
136370.0
136372.0
136374.0
136380.0
136381.0
136382.0
136384.0
136386.0
136389.0
136390.0
136393.0
136399.0
136402.0
136403.0
136405.0
136411.0
136414.0
136419.0
136420.0
136421.0
136423.0
136424.0
136432.0
136434.0
136439.0
136441.0
136444.0
136450.0
136453.0
136454.0
136460.0
136462.0
136465.0
136469.0
136471.0
136474.0
136475.0
136479.0
136480.0
136483.0
136489.0
136492.0
136494.0
136501.0
136502.0
136504.0
136509.0
136510.0
136513.0
136514.0
136515.0
136523.0
136524.0
136530.0
136531.0
136534.0
136535.0
136539.0
136540.0
136542.0
136544.0
136550.0
136552.0
136554.0
136560.0
136561.0
136563.0
136565.0
136570.0
136573.0
136576.0
136580.0
136582.0
136584.0
136586.0
136590.0
136591.0
136595.0
136599.0
136600.0
136601.0
136602.0
136603.0
136604.0
136605.0
136612.0
136614.0
136615.0
136620.0
136621.0
136623.0
136624.0
136625.0
136626.0
136629.0
136630.0
136633.0
136635.0
136640.0
136642.0
136644.0
136645.0
136650.0
136651.0
136654.0
136656.0
136659.0
136660.0
136663.0
136664.0
136665.0
136666.0
136670.0
136672.0
136674.0
136680.0
136681.0
136684.0
136685.0
136686.0
136689.0
136690.0
136693.0
136694.0
136702.0
136704.0
136709.0
136711.0
136714.0
136719.0
136720.0
136723.0
136724.0
136730.0
136732.0
136734.0
136735.0
136739.0
136741.0
136744.0
136745.0
136749.0
136750.0
136753.0
136754.0
136759.0
136760.0
136764.0
136771.0
136774.0
136775.0
136780.0
136784.0
136785.0
136792.0
136794.0
136795.0
136796.0
136800.0
136801.0
136804.0
136809.0
136810.0
136813.0
136814.0
136817.0
136820.0
136824.0
136829.0
136831.0
136834.0
136835.0
136838.0
136839.0
136840.0
136849.0
136852.0
136854.0
136859.0
136861.0
136864.0
136869.0
136870.0
136873.0
136874.0
136880.0
136884.0
136889.0
136891.0
136894.0
136895.0
136900.0
136901.0
136904.0
136910.0
136912.0
136914.0
136917.0
136921.0
136922.0
136924.0
136925.0
136929.0
136930.0
136933.0
136934.0
136938.0
136942.0
136943.0
136944.0
136949.0
136951.0
136954.0
136955.0
136959.0
136960.0
136963.0
136964.0
136972.0
136974.0
136975.0
136980.0
136981.0
136984.0
136985.0
136989.0
136990.0
136993.0
136994.0
136995.0
136996.0
137001.0
137002.0
137004.0
137011.0
137014.0
137015.0
137016.0
137017.0
137019.0
137020.0
137023.0
137024.0
137032.0
137034.0
137037.0
137038.0
137041.0
137044.0
137045.0
137049.0
137050.0
137051.0
137053.0
137054.0
137058.0
137059.0
137062.0
137064.0
137065.0
137071.0
137072.0
137074.0
137075.0
137079.0
137080.0
137083.0
137086.0
137092.0
137093.0
137101.0
137104.0
137107.0
137110.0
137111.0
137113.0
137114.0
137122.0
137128.0
137131.0
137132.0
137134.0
137135.0
137140.0
137141.0
137143.0
137149.0
137152.0
137153.0
137161.0
137162.0
137164.0
137170.0
137173.0
137174.0
137182.0
137183.0
137191.0
137194.0
137195.0
137200.0
137201.0
137203.0
137204.0
137212.0
137221.0
137222.0
137224.0
137225.0
137230.0
137231.0
137233.0
137242.0
137243.0
137251.0
137252.0
137254.0
137260.0
137261.0
137263.0
137264.0
137272.0
137273.0
137281.0
137282.0
137284.0
137285.0
137291.0
137293.0
137294.0
137302.0
137303.0
137312.0
137314.0
137315.0
137320.0
137321.0
137323.0
137324.0
137333.0
137341.0
137342.0
137344.0
137345.0
137350.0
137351.0
137352.0
137354.0
137362.0
137363.0
137371.0
137372.0
137373.0
137375.0
137380.0
137381.0
137382.0
137383.0
137384.0
137392.0
137393.0
137394.0
137401.0
137402.0
137403.0
137404.0
137405.0
137411.0
137412.0
137413.0
137414.0
137415.0
137422.0
137423.0
137424.0
137432.0
137433.0
137434.0
137435.0
137436.0
137440.0
137441.0
137442.0
137443.0
137444.0
137445.0
137453.0
137454.0
137461.0
137462.0
137463.0
137464.0
137465.0
137466.0
137470.0
137471.0
137472.0
137474.0
137475.0
137482.0
137483.0
137484.0
137491.0
137492.0
137493.0
137495.0
137496.0
137500.0
137501.0
137502.0
137503.0
137504.0
137505.0
137512.0
137513.0
137514.0
137521.0
137522.0
137523.0
137524.0
137525.0
137526.0
137531.0
137532.0
137533.0
137534.0
137535.0
137542.0
137543.0
137544.0
137552.0
137553.0
137554.0
137555.0
137556.0
137560.0
137561.0
137562.0
137563.0
137564.0
137565.0
137572.0
137573.0
137574.0
137581.0
137582.0
137583.0
137584.0
137585.0
137586.0
137591.0
137592.0
137593.0
137594.0
137595.0
137602.0
137603.0
137604.0
137612.0
137613.0
137614.0
137615.0
137616.0
137621.0
137622.0
137623.0
137624.0
137625.0
137632.0
137633.0
137634.0
137635.0
137642.0
137643.0
137644.0
137645.0
137646.0
137651.0
137652.0
137653.0
137654.0
137655.0
137656.0
137663.0
137664.0
137672.0
137673.0
137674.0
137675.0
137676.0
137680.0
137681.0
137682.0
137684.0
137685.0
137693.0
137694.0
137695.0
137701.0
137702.0
137703.0
137705.0
137706.0
137710.0
137711.0
137712.0
137714.0
137715.0
137716.0
137722.0
137723.0
137724.0
137731.0
137732.0
137733.0
137735.0
137736.0
137740.0
137741.0
137742.0
137743.0
137744.0
137745.0
137752.0
137753.0
137754.0
137761.0
137762.0
137763.0
137764.0
137765.0
137766.0
137771.0
137772.0
137773.0
137774.0
137775.0
137782.0
137783.0
137784.0
137792.0
137793.0
137794.0
137795.0
137796.0
137800.0
137801.0
137802.0
137803.0
137804.0
137805.0
137813.0
137814.0
137821.0
137822.0
137823.0
137824.0
137825.0
137826.0
137831.0
137832.0
137834.0
137835.0
137842.0
137843.0
137844.0
137852.0
137853.0
137855.0
137856.0
137861.0
137862.0
137863.0
137864.0
137865.0
137873.0
137874.0
137882.0
137883.0
137884.0
137885.0
137886.0
137891.0
137892.0
137894.0
137895.0
137903.0
137904.0
137912.0
137913.0
137915.0
137916.0
137921.0
137922.0
137924.0
137925.0
137933.0
137934.0
137942.0
137943.0
137945.0
137946.0
137951.0
137952.0
137954.0
137955.0
137963.0
137964.0
137972.0
137973.0
137975.0
137976.0
137981.0
137982.0
137984.0
137985.0
137993.0
137994.0
138002.0
138003.0
138005.0
138006.0
138011.0
138012.0
138014.0
138015.0
138023.0
138024.0
138032.0
138033.0
138035.0
138036.0
138041.0
138042.0
138044.0
138045.0
138053.0
138054.0
138062.0
138063.0
138065.0
138066.0
138071.0
138072.0
138074.0
138075.0
138083.0
138084.0
138092.0
138093.0
138095.0
138096.0
138101.0
138102.0
138104.0
138105.0
138113.0
138114.0
138122.0
138123.0
138125.0
138126.0
138132.0
138134.0
138135.0
138143.0
138144.0
138153.0
138155.0
138156.0
138161.0
138162.0
138164.0
138165.0
139674.0
139682.0
139683.0
139684.0
139685.0
139686.0
139692.0
139694.0
139695.0
139703.0
139704.0
139713.0
139714.0
139715.0
139716.0
139721.0
139722.0
139724.0
139725.0
139734.0
139739.0
139742.0
139743.0
139744.0
139745.0
139746.0
139751.0
139752.0
139754.0
139755.0
139760.0
139763.0
139764.0
139772.0
139773.0
139774.0
139775.0
139776.0
139781.0
139782.0
139784.0
139785.0
139793.0
139794.0
139799.0
139802.0
139803.0
139804.0
139805.0
139806.0
139812.0
139814.0
139815.0
139820.0
139823.0
139824.0
139833.0
139834.0
139835.0
139836.0
139841.0
139842.0
139844.0
139845.0
139854.0
139862.0
139863.0
139864.0
139865.0
139866.0
139871.0
139872.0
139874.0
139875.0
139883.0
139884.0
139892.0
139893.0
139894.0
139895.0
139896.0
139901.0
139902.0
139904.0
139905.0
139913.0
139914.0
139922.0
139923.0
139924.0
139925.0
139926.0
139932.0
139934.0
139935.0
139943.0
139944.0
139953.0
139954.0
139955.0
139956.0
139961.0
139962.0
139964.0
139965.0
139972.0
139974.0
139982.0
139983.0
139984.0
139985.0
139986.0
139992.0
139993.0
139994.0
139995.0
140003.0
140004.0
140013.0
140014.0
140015.0
140016.0
140022.0
140024.0
140025.0
140032.0
140034.0
140035.0
140043.0
140044.0
140045.0
140046.0
140052.0
140053.0
140054.0
140055.0
140056.0
140064.0
140073.0
140074.0
140075.0
140076.0
140082.0
140084.0
140085.0
140094.0
140095.0
140103.0
140104.0
140105.0
140106.0
140112.0
140114.0
140115.0
140116.0
140124.0
140133.0
140134.0
140135.0
140136.0
140142.0
140144.0
140145.0
140154.0
140163.0
140164.0
140165.0
140166.0
140172.0
140174.0
140175.0
140184.0
140193.0
140194.0
140195.0
140196.0
140202.0
140203.0
140204.0
140205.0
140214.0
140223.0
140224.0
140225.0
140226.0
140232.0
140233.0
140234.0
140235.0
140244.0
140245.0
140253.0
140254.0
140255.0
140256.0
140262.0
140263.0
140264.0
140265.0
140266.0
140274.0
140275.0
140283.0
140284.0
140285.0
140286.0
140287.0
140292.0
140293.0
140294.0
140295.0
140296.0
140304.0
140305.0
140313.0
140314.0
140315.0
140316.0
140317.0
140322.0
140323.0
140324.0
140325.0
140326.0
140334.0
140335.0
140339.0
140343.0
140344.0
140345.0
140346.0
140347.0
140352.0
140353.0
140354.0
140355.0
140356.0
140360.0
140364.0
140365.0
140373.0
140374.0
140375.0
140376.0
140377.0
140382.0
140383.0
140384.0
140385.0
140386.0
140394.0
140395.0
140399.0
140403.0
140404.0
140405.0
140406.0
140407.0
140412.0
140413.0
140414.0
140415.0
140416.0
140420.0
140424.0
140425.0
140433.0
140434.0
140435.0
140436.0
140437.0
140442.0
140443.0
140444.0
140445.0
140446.0
140454.0
140455.0
140463.0
140464.0
140465.0
140466.0
140467.0
140472.0
140473.0
140474.0
140475.0
140476.0
140484.0
140485.0
140493.0
140494.0
140495.0
140496.0
140497.0
140502.0
140503.0
140504.0
140505.0
140506.0
140514.0
140515.0
140523.0
140524.0
140525.0
140526.0
140527.0
140532.0
140533.0
140534.0
140535.0
140536.0
140544.0
140545.0
140553.0
140554.0
140555.0
140556.0
140557.0
140562.0
140563.0
140564.0
140565.0
140566.0
140572.0
140574.0
140575.0
140583.0
140584.0
140585.0
140586.0
140587.0
140592.0
140593.0
140594.0
140595.0
140596.0
140604.0
140605.0
140613.0
140614.0
140615.0
140616.0
140617.0
140622.0
140623.0
140624.0
140625.0
140626.0
140632.0
140634.0
140635.0
140643.0
140644.0
140645.0
140646.0
140647.0
140652.0
140653.0
140654.0
140655.0
140656.0
140664.0
140665.0
140673.0
140674.0
140675.0
140676.0
140677.0
140682.0
140683.0
140684.0
140685.0
140686.0
140694.0
140695.0
140703.0
140704.0
140705.0
140706.0
140707.0
140712.0
140713.0
140714.0
140715.0
140716.0
140724.0
140725.0
140733.0
140734.0
140735.0
140736.0
140737.0
140742.0
140743.0
140744.0
140745.0
140746.0
140754.0
140755.0
140763.0
140764.0
140765.0
140766.0
140767.0
140772.0
140773.0
140774.0
140775.0
140776.0
140784.0
140785.0
140793.0
140794.0
140795.0
140796.0
140797.0
140802.0
140803.0
140804.0
140805.0
140806.0
140814.0
140815.0
140823.0
140824.0
140825.0
140826.0
140827.0
140832.0
140833.0
140834.0
140844.0
140845.0
140853.0
140854.0
140855.0
140856.0
140857.0
140862.0
140863.0
140864.0
140865.0
140866.0
140874.0
140875.0
140883.0
140884.0
140885.0
140886.0
140887.0
140892.0
140893.0
140894.0
140895.0
140896.0
140904.0
140905.0
140913.0
140914.0
140915.0
140916.0
140917.0
140922.0
140923.0
140924.0
140925.0
140926.0
140934.0
140935.0
140940.0
140943.0
140944.0
140945.0
140946.0
140947.0
140952.0
140953.0
140955.0
140956.0
140957.0
140964.0
140965.0
140973.0
140974.0
140975.0
140976.0
140977.0
140982.0
140983.0
140985.0
140986.0
140994.0
140995.0
141000.0
141003.0
141004.0
141005.0
141006.0
141007.0
141013.0
141015.0
141016.0
141024.0
141025.0
141034.0
141035.0
141036.0
141037.0
141042.0
141043.0
141045.0
141046.0
141050.0
141055.0
141063.0
141064.0
141065.0
141066.0
141067.0
141071.0
141072.0
141073.0
141075.0
141076.0
141080.0
141084.0
141085.0
141093.0
141094.0
141095.0
141096.0
141097.0
141101.0
141102.0
141103.0
141105.0
141106.0
141110.0
141114.0
141115.0
141123.0
141124.0
141125.0
141126.0
141127.0
141131.0
141133.0
141135.0
141136.0
141140.0
141144.0
141145.0
141154.0
141155.0
141156.0
141157.0
141161.0
141162.0
141163.0
141165.0
141166.0
141170.0
141172.0
141175.0
141183.0
141184.0
141186.0
141187.0
141193.0
141196.0
141204.0
141205.0
141214.0
141217.0
141223.0
141225.0
141226.0
141232.0
141235.0
141244.0
141246.0
141247.0
141253.0
141256.0
141265.0
141274.0
141277.0
141282.0
141283.0
141286.0
141295.0
141303.0
141304.0
141307.0
141312.0
141313.0
141316.0
141324.0
141325.0
141333.0
141334.0
141337.0
141342.0
141343.0
141345.0
141346.0
141354.0
141355.0
141363.0
141364.0
141366.0
141367.0
141373.0
141375.0
141376.0
141384.0
141385.0
141394.0
141396.0
141397.0
141402.0
141403.0
141405.0
141406.0
141415.0
141423.0
141424.0
141426.0
141427.0
141432.0
141433.0
141436.0
141444.0
141445.0
141453.0
141454.0
141457.0
141462.0
141463.0
141465.0
141466.0
141474.0
141475.0
141483.0
141484.0
141486.0
141487.0
141493.0
141495.0
141496.0
141504.0
141505.0
141514.0
141516.0
141517.0
141522.0
141523.0
141525.0
141526.0
141535.0
141543.0
141544.0
141546.0
141547.0
141552.0
141553.0
141556.0
141564.0
141565.0
141573.0
141574.0
141577.0
141582.0
141583.0
141585.0
141586.0
141594.0
141595.0
141603.0
141604.0
141606.0
141607.0
141613.0
141615.0
141616.0
141624.0
141625.0
141634.0
141636.0
141637.0
141642.0
141643.0
141645.0
141646.0
141655.0
141663.0
141664.0
141666.0
141667.0
141672.0
141673.0
141676.0
141684.0
141685.0
141693.0
141694.0
141697.0
141702.0
141703.0
141705.0
141706.0
141714.0
141715.0
141723.0
141724.0
141726.0
141727.0
141733.0
141735.0
141736.0
141744.0
141745.0
141754.0
141756.0
141757.0
141762.0
141763.0
141765.0
141766.0
141772.0
141775.0
141783.0
141784.0
141786.0
141787.0
141793.0
141796.0
141804.0
141805.0
141814.0
141817.0
141823.0
141825.0
141826.0
141832.0
141835.0
141844.0
141846.0
141847.0
141853.0
141856.0
141865.0
141874.0
141877.0
141882.0
141883.0
141886.0
141895.0
141903.0
141904.0
141907.0
141912.0
141913.0
141916.0
141924.0
141925.0
141933.0
141934.0
141937.0
141942.0
141943.0
141945.0
141946.0
141954.0
141955.0
141963.0
141964.0
141966.0
141967.0
141973.0
141975.0
141976.0
141984.0
141985.0
141994.0
141996.0
141997.0
142002.0
142003.0
142005.0
142006.0
142015.0
142023.0
142024.0
142026.0
142027.0
142032.0
142033.0
142036.0
142044.0
142045.0
142053.0
142054.0
142057.0
142062.0
142063.0
142065.0
142066.0
142074.0
142075.0
142083.0
142084.0
142086.0
142087.0
142093.0
142095.0
142096.0
142104.0
142105.0
142114.0
142116.0
142117.0
142122.0
142123.0
142125.0
142126.0
142135.0
142143.0
142144.0
142146.0
142147.0
142152.0
142153.0
142156.0
142164.0
142165.0
142173.0
142174.0
142177.0
142182.0
142183.0
142185.0
142186.0
142194.0
142195.0
142203.0
142204.0
142206.0
142207.0
142213.0
142215.0
142216.0
142224.0
142225.0
142234.0
142236.0
142237.0
142242.0
142243.0
142245.0
142246.0
142255.0
143765.0
143771.0
143774.0
143775.0
143776.0
143777.0
143780.0
143785.0
143786.0
143795.0
143797.0
143798.0
143801.0
143803.0
143804.0
143805.0
143806.0
143807.0
143810.0
143815.0
143816.0
143824.0
143825.0
143827.0
143828.0
143831.0
143833.0
143834.0
143835.0
143837.0
143840.0
143845.0
143846.0
143850.0
143854.0
143855.0
143858.0
143861.0
143863.0
143864.0
143865.0
143866.0
143867.0
143870.0
143875.0
143876.0
143880.0
143884.0
143885.0
143887.0
143888.0
143891.0
143894.0
143895.0
143896.0
143897.0
143900.0
143905.0
143906.0
143910.0
143915.0
143917.0
143918.0
143921.0
143923.0
143924.0
143925.0
143926.0
143927.0
143930.0
143935.0
143936.0
143940.0
143944.0
143945.0
143947.0
143948.0
143951.0
143953.0
143954.0
143955.0
143956.0
143957.0
143960.0
143965.0
143966.0
143974.0
143975.0
143978.0
143981.0
143983.0
143984.0
143985.0
143986.0
143987.0
143990.0
143995.0
143996.0
144004.0
144005.0
144007.0
144008.0
144011.0
144014.0
144015.0
144016.0
144017.0
144020.0
144025.0
144026.0
144030.0
144035.0
144037.0
144038.0
144041.0
144043.0
144044.0
144045.0
144046.0
144047.0
144050.0
144055.0
144056.0
144060.0
144064.0
144065.0
144067.0
144068.0
144071.0
144073.0
144074.0
144075.0
144077.0
144080.0
144085.0
144086.0
144090.0
144094.0
144095.0
144098.0
144101.0
144103.0
144104.0
144105.0
144106.0
144107.0
144110.0
144115.0
144116.0
144120.0
144124.0
144125.0
144127.0
144128.0
144131.0
144134.0
144135.0
144136.0
144137.0
144140.0
144145.0
144146.0
144150.0
144155.0
144157.0
144158.0
144161.0
144163.0
144164.0
144165.0
144166.0
144167.0
144170.0
144172.0
144175.0
144176.0
144180.0
144184.0
144185.0
144187.0
144188.0
144191.0
144193.0
144194.0
144195.0
144197.0
144200.0
144205.0
144206.0
144210.0
144215.0
144218.0
144221.0
144223.0
144224.0
144225.0
144226.0
144227.0
144230.0
144232.0
144235.0
144236.0
144240.0
144244.0
144245.0
144247.0
144248.0
144251.0
144253.0
144254.0
144255.0
144257.0
144260.0
144265.0
144266.0
144270.0
144275.0
144278.0
144281.0
144283.0
144284.0
144285.0
144286.0
144287.0
144290.0
144295.0
144296.0
144300.0
144304.0
144305.0
144307.0
144308.0
144311.0
144313.0
144314.0
144315.0
144317.0
144320.0
144325.0
144326.0
144330.0
144334.0
144335.0
144338.0
144341.0
144343.0
144344.0
144345.0
144346.0
144347.0
144350.0
144355.0
144356.0
144360.0
144364.0
144365.0
144367.0
144368.0
144371.0
144374.0
144375.0
144376.0
144377.0
144380.0
144385.0
144386.0
144390.0
144395.0
144397.0
144398.0
144401.0
144403.0
144404.0
144405.0
144406.0
144407.0
144410.0
144415.0
144416.0
144420.0
144424.0
144425.0
144427.0
144428.0
144431.0
144433.0
144434.0
144435.0
144437.0
144440.0
144445.0
144446.0
144450.0
144454.0
144455.0
144458.0
144461.0
144463.0
144464.0
144465.0
144466.0
144467.0
144470.0
144475.0
144476.0
144480.0
144484.0
144485.0
144487.0
144488.0
144491.0
144494.0
144495.0
144496.0
144497.0
144500.0
144505.0
144506.0
144510.0
144515.0
144517.0
144518.0
144521.0
144523.0
144524.0
144525.0
144526.0
144527.0
144530.0
144535.0
144536.0
144540.0
144544.0
144545.0
144547.0
144548.0
144551.0
144553.0
144554.0
144555.0
144557.0
144560.0
144565.0
144566.0
144570.0
144574.0
144575.0
144578.0
144581.0
144583.0
144584.0
144585.0
144586.0
144587.0
144590.0
144595.0
144596.0
144600.0
144604.0
144605.0
144607.0
144608.0
144611.0
144614.0
144615.0
144616.0
144617.0
144620.0
144625.0
144626.0
144630.0
144635.0
144637.0
144638.0
144641.0
144644.0
144645.0
144646.0
144647.0
144649.0
144650.0
144655.0
144656.0
144660.0
144665.0
144667.0
144668.0
144671.0
144674.0
144675.0
144677.0
144680.0
144685.0
144686.0
144690.0
144695.0
144698.0
144701.0
144704.0
144705.0
144707.0
144710.0
144716.0
144720.0
144725.0
144728.0
144731.0
144734.0
144735.0
144737.0
144740.0
144745.0
144746.0
144750.0
144755.0
144758.0
144761.0
144764.0
144765.0
144767.0
144770.0
144772.0
144775.0
144776.0
144780.0
144785.0
144788.0
144791.0
144793.0
144794.0
144795.0
144797.0
144800.0
144805.0
144806.0
144810.0
144815.0
144818.0
144820.0
144821.0
144824.0
144825.0
144827.0
144829.0
144830.0
144832.0
144836.0
144840.0
144845.0
144848.0
144851.0
144853.0
144854.0
144855.0
144857.0
144860.0
144865.0
144866.0
144870.0
144875.0
144878.0
144881.0
144884.0
144885.0
144887.0
144890.0
144895.0
144896.0
144900.0
144905.0
144908.0
144911.0
144914.0
144915.0
144917.0
144920.0
144925.0
144926.0
144930.0
144935.0
144938.0
144941.0
144944.0
144945.0
144947.0
144950.0
144956.0
144960.0
144964.0
144965.0
144968.0
144970.0
144971.0
144974.0
144975.0
144977.0
144980.0
144986.0
144990.0
144994.0
144995.0
144998.0
145000.0
145004.0
145005.0
145007.0
145010.0
145015.0
145016.0
145019.0
145025.0
145028.0
145031.0
145034.0
145035.0
145037.0
145039.0
145045.0
145046.0
145049.0
145050.0
145054.0
145055.0
145058.0
145060.0
145064.0
145065.0
145067.0
145070.0
145075.0
145076.0
145080.0
145085.0
145088.0
145091.0
145094.0
145095.0
145097.0
145100.0
145106.0
145110.0
145115.0
145118.0
145121.0
145124.0
145125.0
145127.0
145130.0
145135.0
145136.0
145140.0
145144.0
145145.0
145148.0
145150.0
145154.0
145155.0
145157.0
145160.0
145166.0
145170.0
145175.0
145178.0
145181.0
145184.0
145187.0
145189.0
145196.0
145199.0
145205.0
145208.0
145211.0
145214.0
145215.0
145217.0
145220.0
145225.0
145226.0
145230.0
145235.0
145238.0
145241.0
145244.0
145245.0
145247.0
145250.0
145256.0
145259.0
145264.0
145265.0
145268.0
145270.0
145274.0
145277.0
145286.0
145295.0
145298.0
145304.0
145307.0
145316.0
145325.0
145328.0
145334.0
145337.0
145346.0
145355.0
145358.0
145364.0
145367.0
145372.0
145376.0
145385.0
145388.0
145393.0
145394.0
145397.0
145406.0
145415.0
145418.0
145424.0
145427.0
145432.0
145436.0
145445.0
145448.0
145453.0
145454.0
145457.0
145466.0
145475.0
145478.0
145484.0
145487.0
145496.0
145505.0
145508.0
145514.0
145517.0
145526.0
145535.0
145538.0
145544.0
145547.0
145556.0
145565.0
145568.0
145574.0
145577.0
145586.0
145595.0
145598.0
145604.0
145607.0
145616.0
145625.0
145628.0
145634.0
145637.0
145646.0
145655.0
145658.0
145664.0
145667.0
145676.0
145685.0
145688.0
145694.0
145697.0
145706.0
145715.0
145718.0
145724.0
145727.0
145736.0
145745.0
145748.0
145754.0
145757.0
145766.0
145775.0
145778.0
145784.0
145787.0
145796.0
145805.0
145808.0
145814.0
145815.0
145817.0
145826.0
145835.0
145836.0
145838.0
145844.0
145845.0
145847.0
145856.0
145857.0
145865.0
145866.0
145868.0
145874.0
145875.0
145877.0
145878.0
145886.0
145887.0
145895.0
145896.0
145898.0
145899.0
145904.0
145905.0
145907.0
145908.0
145916.0
145917.0
145925.0
145926.0
145928.0
145929.0
145934.0
145935.0
145937.0
145938.0
145946.0
145947.0
145955.0
145956.0
145958.0
145959.0
145964.0
145965.0
145967.0
145968.0
145972.0
145976.0
145977.0
145985.0
145986.0
145988.0
145989.0
145993.0
145994.0
145995.0
145997.0
145998.0
146006.0
146007.0
146015.0
146016.0
146018.0
146019.0
146024.0
146025.0
146027.0
146028.0
146032.0
146036.0
146037.0
146045.0
146046.0
146048.0
146049.0
146053.0
146054.0
146055.0
146057.0
146058.0
146066.0
146067.0
146075.0
146076.0
146078.0
146079.0
146084.0
146085.0
146087.0
146088.0
146096.0
146097.0
146105.0
146106.0
146108.0
146109.0
146114.0
146115.0
146117.0
146118.0
146126.0
146127.0
146135.0
146136.0
146138.0
146139.0
146144.0
146145.0
146147.0
146148.0
146156.0
146157.0
146165.0
146166.0
146168.0
146169.0
146174.0
146175.0
146177.0
146178.0
146186.0
146187.0
146195.0
146196.0
146198.0
146199.0
146204.0
146205.0
146207.0
146208.0
146216.0
146217.0
146225.0
146226.0
146228.0
146229.0
146234.0
146235.0
146237.0
146238.0
146246.0
146247.0
146255.0
146256.0
146258.0
146259.0
146264.0
146265.0
146267.0
146268.0
146276.0
146277.0
146285.0
146286.0
146288.0
146289.0
146294.0
146295.0
146297.0
146298.0
146306.0
146307.0
146315.0
146316.0
146318.0
146319.0
146324.0
146325.0
146327.0
146328.0
146336.0
146337.0
146345.0
146346.0
146348.0
146349.0
146354.0
146355.0
147859.0
147867.0
147869.0
147876.0
147879.0
147880.0
147884.0
147885.0
147888.0
147889.0
147891.0
147897.0
147899.0
147906.0
147909.0
147910.0
147912.0
147914.0
147915.0
147918.0
147919.0
147927.0
147929.0
147933.0
147936.0
147939.0
147940.0
147944.0
147945.0
147948.0
147949.0
147954.0
147957.0
147959.0
147966.0
147969.0
147970.0
147974.0
147975.0
147978.0
147979.0
147987.0
147989.0
147996.0
147999.0
148000.0
148004.0
148005.0
148008.0
148009.0
148017.0
148019.0
148026.0
148029.0
148030.0
148034.0
148035.0
148038.0
148039.0
148047.0
148049.0
148056.0
148059.0
148060.0
148064.0
148065.0
148068.0
148069.0
148074.0
148077.0
148079.0
148081.0
148086.0
148089.0
148090.0
148094.0
148095.0
148098.0
148100.0
148110.0
148116.0
148119.0
148120.0
148124.0
148125.0
148129.0
148134.0
148137.0
148139.0
148146.0
148149.0
148150.0
148154.0
148155.0
148158.0
148159.0
148160.0
148161.0
148167.0
148169.0
148176.0
148179.0
148180.0
148181.0
148182.0
148184.0
148185.0
148188.0
148189.0
148197.0
148199.0
148202.0
148203.0
148206.0
148209.0
148210.0
148214.0
148215.0
148218.0
148219.0
148221.0
148229.0
148236.0
148239.0
148240.0
148242.0
148244.0
148245.0
148249.0
148257.0
148259.0
148263.0
148266.0
148269.0
148271.0
148274.0
148275.0
148278.0
148279.0
148280.0
148284.0
148287.0
148289.0
148296.0
148299.0
148300.0
148301.0
148304.0
148305.0
148308.0
148309.0
148311.0
148317.0
148319.0
148320.0
148321.0
148322.0
148326.0
148329.0
148330.0
148332.0
148334.0
148335.0
148338.0
148339.0
148341.0
148342.0
148343.0
148347.0
148349.0
148353.0
148356.0
148359.0
148360.0
148364.0
148365.0
148368.0
148369.0
148370.0
148372.0
148374.0
148377.0
148379.0
148386.0
148389.0
148390.0
148391.0
148393.0
148394.0
148395.0
148398.0
148399.0
148407.0
148409.0
148410.0
148412.0
148414.0
148416.0
148419.0
148420.0
148424.0
148425.0
148428.0
148429.0
148431.0
148432.0
148433.0
148435.0
148437.0
148439.0
148449.0
148450.0
148452.0
148453.0
148454.0
148455.0
148458.0
148459.0
148460.0
148469.0
148474.0
148476.0
148479.0
148480.0
148481.0
148484.0
148485.0
148489.0
148494.0
148495.0
148497.0
148499.0
148502.0
148506.0
148509.0
148510.0
148514.0
148515.0
148516.0
148518.0
148519.0
148522.0
148523.0
148527.0
148529.0
148536.0
148539.0
148540.0
148543.0
148544.0
148545.0
148548.0
148549.0
148557.0
148559.0
148564.0
148566.0
148569.0
148570.0
148573.0
148574.0
148575.0
148578.0
148579.0
148589.0
148594.0
148596.0
148599.0
148600.0
148604.0
148605.0
148609.0
148615.0
148617.0
148619.0
148626.0
148629.0
148630.0
148634.0
148635.0
148636.0
148638.0
148639.0
148649.0
148656.0
148659.0
148660.0
148664.0
148665.0
148669.0
148674.0
148677.0
148679.0
148680.0
148681.0
148686.0
148689.0
148690.0
148694.0
148695.0
148698.0
148699.0
148702.0
148709.0
148716.0
148719.0
148720.0
148723.0
148724.0
148725.0
148726.0
148729.0
148734.0
148737.0
148739.0
148744.0
148746.0
148747.0
148749.0
148750.0
148754.0
148755.0
148756.0
148758.0
148759.0
148765.0
148766.0
148767.0
148768.0
148769.0
148771.0
148776.0
148777.0
148779.0
148780.0
148784.0
148785.0
148786.0
148787.0
148788.0
148789.0
148792.0
148797.0
148798.0
148799.0
148806.0
148807.0
148808.0
148809.0
148810.0
148813.0
148814.0
148815.0
148816.0
148818.0
148819.0
148827.0
148828.0
148829.0
148836.0
148837.0
148839.0
148840.0
148844.0
148845.0
148846.0
148848.0
148849.0
148850.0
148857.0
148858.0
148859.0
148866.0
148867.0
148869.0
148870.0
148874.0
148875.0
148876.0
148878.0
148879.0
148887.0
148888.0
148889.0
148896.0
148897.0
148899.0
148900.0
148904.0
148905.0
148906.0
148908.0
148909.0
148917.0
148918.0
148919.0
148926.0
148927.0
148929.0
148930.0
148931.0
148934.0
148935.0
148936.0
148938.0
148939.0
148947.0
148948.0
148949.0
148956.0
148957.0
148959.0
148960.0
148964.0
148965.0
148966.0
148968.0
148969.0
148972.0
148977.0
148978.0
148979.0
148986.0
148987.0
148989.0
148990.0
148993.0
148994.0
148995.0
148996.0
148998.0
148999.0
149000.0
149009.0
149016.0
149017.0
149019.0
149020.0
149024.0
149025.0
149026.0
149029.0
149032.0
149037.0
149038.0
149039.0
149040.0
149041.0
149046.0
149047.0
149049.0
149050.0
149053.0
149054.0
149058.0
149059.0
149061.0
149062.0
149067.0
149068.0
149069.0
149070.0
149074.0
149079.0
149080.0
149082.0
149083.0
149084.0
149085.0
149086.0
149088.0
149089.0
149090.0
149091.0
149095.0
149099.0
149106.0
149107.0
149109.0
149110.0
149111.0
149114.0
149115.0
149116.0
149119.0
149122.0
149123.0
149127.0
149128.0
149129.0
149131.0
149136.0
149137.0
149139.0
149140.0
149143.0
149144.0
149145.0
149146.0
149148.0
149149.0
149152.0
149157.0
149158.0
149159.0
149164.0
149165.0
149166.0
149167.0
149169.0
149170.0
149173.0
149174.0
149175.0
149176.0
149178.0
149179.0
149189.0
149190.0
149196.0
149197.0
149199.0
149200.0
149204.0
149205.0
149206.0
149209.0
149211.0
149217.0
149218.0
149219.0
149226.0
149227.0
149229.0
149230.0
149232.0
149234.0
149235.0
149236.0
149239.0
149249.0
149256.0
149257.0
149259.0
149260.0
149264.0
149265.0
149266.0
149269.0
149274.0
149277.0
149278.0
149279.0
149281.0
149286.0
149287.0
149289.0
149290.0
149294.0
149295.0
149296.0
149298.0
149299.0
149302.0
149309.0
149316.0
149317.0
149319.0
149320.0
149323.0
149324.0
149325.0
149326.0
149329.0
149334.0
149337.0
149338.0
149339.0
149344.0
149346.0
149347.0
149349.0
149350.0
149354.0
149355.0
149356.0
149358.0
149359.0
149365.0
149376.0
149377.0
149386.0
149390.0
149397.0
149398.0
149407.0
149411.0
149415.0
149416.0
149418.0
149419.0
149428.0
149432.0
149433.0
149436.0
149437.0
149439.0
149440.0
149446.0
149449.0
149454.0
149457.0
149458.0
149467.0
149470.0
149475.0
149476.0
149478.0
149479.0
149488.0
149493.0
149496.0
149497.0
149499.0
149500.0
149506.0
149509.0
149514.0
149518.0
149527.0
149530.0
149535.0
149536.0
149539.0
149546.0
149547.0
149548.0
149551.0
149556.0
149557.0
149566.0
149567.0
149568.0
149569.0
149572.0
149577.0
149578.0
149587.0
149588.0
149589.0
149590.0
149593.0
149596.0
149599.0
149608.0
149609.0
149614.0
149617.0
149620.0
149626.0
149629.0
149630.0
149632.0
149634.0
149635.0
149638.0
149647.0
149650.0
149653.0
149655.0
149656.0
149659.0
149668.0
149674.0
149676.0
149677.0
149680.0
149684.0
149686.0
149689.0
149695.0
149697.0
149705.0
149707.0
149716.0
149718.0
149726.0
149728.0
149737.0
149739.0
149746.0
149747.0
149749.0
149758.0
149760.0
149767.0
149768.0
149770.0
149774.0
149776.0
149779.0
149795.0
149797.0
149800.0
149806.0
149816.0
149818.0
149821.0
149827.0
149836.0
149837.0
149839.0
149842.0
149857.0
149863.0
149866.0
149878.0
149884.0
149887.0
149894.0
149896.0
149899.0
149905.0
149906.0
149915.0
149917.0
149926.0
149927.0
149933.0
149936.0
149938.0
149947.0
149954.0
149956.0
149957.0
149959.0
149968.0
149975.0
149977.0
149978.0
149980.0
149986.0
149989.0
149998.0
150007.0
150010.0
150016.0
150019.0
150028.0
150037.0
150040.0
150046.0
150049.0
150058.0
150061.0
150067.0
150068.0
150070.0
150076.0
150079.0
150089.0
150097.0
150100.0
150106.0
150110.0
150118.0
150127.0
150131.0
150136.0
150139.0
150144.0
150148.0
150152.0
150157.0
150160.0
150165.0
150166.0
150169.0
150178.0
150186.0
150187.0
150190.0
150196.0
150199.0
150207.0
150208.0
150217.0
150220.0
150226.0
150228.0
150229.0
150232.0
150234.0
150238.0
150247.0
150250.0
150253.0
150255.0
150256.0
150259.0
150268.0
150277.0
150280.0
150286.0
150289.0
150298.0
150307.0
150310.0
150316.0
150319.0
150328.0
150337.0
150340.0
150346.0
150349.0
150358.0
150367.0
150370.0
150376.0
150379.0
150388.0
150397.0
150400.0
150406.0
150409.0
150418.0
150420.0
150427.0
150430.0
150436.0
150441.0
150448.0
151960.0
151965.0
151967.0
151968.0
151969.0
151970.0
151972.0
151975.0
151978.0
151979.0
151980.0
151985.0
151988.0
151989.0
151990.0
151991.0
151993.0
151995.0
151996.0
151997.0
151999.0
152000.0
152006.0
152009.0
152010.0
152015.0
152017.0
152018.0
152020.0
152021.0
152027.0
152028.0
152030.0
152031.0
152035.0
152038.0
152039.0
152040.0
152041.0
152042.0
152048.0
152049.0
152050.0
152051.0
152052.0
152055.0
152056.0
152057.0
152059.0
152060.0
152061.0
152062.0
152063.0
152065.0
152069.0
152070.0
152075.0
152077.0
152078.0
152080.0
152081.0
152083.0
152084.0
152085.0
152087.0
152088.0
152089.0
152090.0
152091.0
152096.0
152098.0
152099.0
152100.0
152101.0
152105.0
152108.0
152109.0
152110.0
152111.0
152112.0
152117.0
152118.0
152119.0
152120.0
152122.0
152125.0
152129.0
152130.0
152131.0
152132.0
152138.0
152139.0
152140.0
152141.0
152143.0
152145.0
152147.0
152148.0
152150.0
152151.0
152152.0
152153.0
152155.0
152159.0
152160.0
152165.0
152168.0
152169.0
152170.0
152171.0
152173.0
152174.0
152175.0
152177.0
152178.0
152180.0
152181.0
152186.0
152189.0
152190.0
152195.0
152198.0
152199.0
152200.0
152201.0
152202.0
152207.0
152208.0
152210.0
152211.0
152215.0
152219.0
152220.0
152228.0
152229.0
152230.0
152231.0
152232.0
152235.0
152237.0
152238.0
152240.0
152241.0
152245.0
152249.0
152250.0
152255.0
152258.0
152259.0
152260.0
152261.0
152262.0
152265.0
152268.0
152270.0
152271.0
152276.0
152279.0
152280.0
152285.0
152289.0
152290.0
152291.0
152292.0
152295.0
152297.0
152298.0
152300.0
152301.0
152305.0
152310.0
152315.0
152318.0
152319.0
152320.0
152321.0
152322.0
152325.0
152327.0
152328.0
152330.0
152331.0
152335.0
152339.0
152340.0
152345.0
152348.0
152349.0
152350.0
152352.0
152355.0
152357.0
152358.0
152360.0
152361.0
152366.0
152369.0
152370.0
152375.0
152378.0
152379.0
152380.0
152381.0
152382.0
152387.0
152388.0
152390.0
152391.0
152395.0
152399.0
152400.0
152408.0
152409.0
152410.0
152411.0
152412.0
152415.0
152416.0
152418.0
152420.0
152421.0
152425.0
152429.0
152430.0
152435.0
152439.0
152440.0
152441.0
152442.0
152445.0
152447.0
152448.0
152450.0
152451.0
152455.0
152456.0
152460.0
152465.0
152468.0
152469.0
152470.0
152471.0
152472.0
152477.0
152478.0
152480.0
152481.0
152485.0
152489.0
152490.0
152498.0
152499.0
152500.0
152502.0
152505.0
152507.0
152508.0
152510.0
152511.0
152519.0
152520.0
152525.0
152528.0
152529.0
152530.0
152531.0
152532.0
152537.0
152538.0
152540.0
152541.0
152546.0
152549.0
152550.0
152555.0
152558.0
152559.0
152560.0
152561.0
152562.0
152568.0
152570.0
152571.0
152572.0
152575.0
152579.0
152580.0
152589.0
152590.0
152591.0
152592.0
152593.0
152596.0
152597.0
152598.0
152600.0
152601.0
152610.0
152618.0
152619.0
152620.0
152621.0
152622.0
152627.0
152628.0
152630.0
152631.0
152632.0
152635.0
152640.0
152648.0
152649.0
152650.0
152651.0
152652.0
152653.0
152656.0
152658.0
152660.0
152661.0
152669.0
152670.0
152679.0
152680.0
152681.0
152682.0
152687.0
152688.0
152690.0
152691.0
152700.0
152708.0
152709.0
152710.0
152711.0
152712.0
152717.0
152718.0
152720.0
152721.0
152729.0
152730.0
152738.0
152739.0
152740.0
152741.0
152742.0
152747.0
152748.0
152750.0
152751.0
152759.0
152760.0
152768.0
152769.0
152770.0
152771.0
152772.0
152778.0
152780.0
152781.0
152789.0
152790.0
152799.0
152800.0
152801.0
152802.0
152807.0
152808.0
152810.0
152811.0
152820.0
152828.0
152829.0
152830.0
152831.0
152832.0
152837.0
152838.0
152840.0
152841.0
152849.0
152850.0
152858.0
152859.0
152860.0
152861.0
152862.0
152867.0
152868.0
152870.0
152871.0
152879.0
152880.0
152888.0
152889.0
152890.0
152891.0
152892.0
152898.0
152900.0
152901.0
152909.0
152910.0
152919.0
152920.0
152921.0
152922.0
152927.0
152928.0
152930.0
152931.0
152935.0
152940.0
152948.0
152949.0
152950.0
152951.0
152952.0
152955.0
152957.0
152958.0
152960.0
152961.0
152965.0
152969.0
152970.0
152978.0
152979.0
152980.0
152981.0
152982.0
152985.0
152987.0
152988.0
152990.0
152991.0
152999.0
153000.0
153008.0
153009.0
153010.0
153011.0
153012.0
153018.0
153020.0
153021.0
153029.0
153030.0
153039.0
153040.0
153041.0
153042.0
153047.0
153048.0
153050.0
153051.0
153060.0
153065.0
153068.0
153069.0
153070.0
153071.0
153072.0
153077.0
153078.0
153080.0
153081.0
153085.0
153089.0
153090.0
153098.0
153099.0
153100.0
153102.0
153105.0
153107.0
153108.0
153110.0
153111.0
153119.0
153120.0
153125.0
153128.0
153129.0
153130.0
153131.0
153132.0
153135.0
153138.0
153140.0
153141.0
153145.0
153146.0
153149.0
153150.0
153155.0
153159.0
153160.0
153161.0
153162.0
153166.0
153167.0
153168.0
153170.0
153171.0
153172.0
153175.0
153180.0
153188.0
153189.0
153190.0
153191.0
153192.0
153193.0
153195.0
153198.0
153200.0
153201.0
153209.0
153210.0
153219.0
153220.0
153221.0
153222.0
153227.0
153228.0
153230.0
153231.0
153232.0
153240.0
153248.0
153249.0
153250.0
153251.0
153252.0
153253.0
153258.0
153260.0
153261.0
153269.0
153270.0
153279.0
153280.0
153282.0
153287.0
153288.0
153290.0
153291.0
153300.0
153305.0
153308.0
153309.0
153310.0
153311.0
153312.0
153317.0
153318.0
153320.0
153321.0
153325.0
153329.0
153330.0
153338.0
153339.0
153340.0
153342.0
153345.0
153347.0
153348.0
153350.0
153351.0
153359.0
153360.0
153365.0
153368.0
153369.0
153370.0
153371.0
153372.0
153378.0
153380.0
153381.0
153385.0
153389.0
153390.0
153391.0
153395.0
153399.0
153400.0
153401.0
153402.0
153407.0
153408.0
153410.0
153411.0
153415.0
153420.0
153428.0
153429.0
153430.0
153431.0
153432.0
153435.0
153437.0
153438.0
153440.0
153441.0
153449.0
153450.0
153455.0
153458.0
153459.0
153460.0
153461.0
153462.0
153467.0
153468.0
153470.0
153471.0
153479.0
153480.0
153488.0
153489.0
153491.0
153492.0
153498.0
153500.0
153501.0
153509.0
153510.0
153519.0
153521.0
153522.0
153527.0
153528.0
153530.0
153531.0
153540.0
153548.0
153549.0
153551.0
153552.0
153557.0
153558.0
153561.0
153569.0
153570.0
153578.0
153579.0
153582.0
153587.0
153588.0
153590.0
153591.0
153599.0
153600.0
153608.0
153609.0
153611.0
153612.0
153618.0
153620.0
153621.0
153629.0
153630.0
153639.0
153641.0
153642.0
153647.0
153648.0
153650.0
153651.0
153660.0
153668.0
153669.0
153671.0
153672.0
153677.0
153678.0
153681.0
153689.0
153690.0
153698.0
153699.0
153702.0
153707.0
153708.0
153710.0
153711.0
153719.0
153720.0
153728.0
153729.0
153731.0
153732.0
153738.0
153740.0
153741.0
153749.0
153750.0
153759.0
153761.0
153762.0
153767.0
153768.0
153770.0
153771.0
153772.0
153780.0
153788.0
153789.0
153791.0
153792.0
153793.0
153798.0
153801.0
153809.0
153810.0
153819.0
153822.0
153827.0
153828.0
153830.0
153831.0
153832.0
153840.0
153848.0
153849.0
153851.0
153852.0
153853.0
153858.0
153861.0
153869.0
153870.0
153879.0
153882.0
153887.0
153888.0
153890.0
153891.0
153900.0
153908.0
153909.0
153911.0
153912.0
153917.0
153918.0
153921.0
153929.0
153930.0
153938.0
153939.0
153942.0
153947.0
153948.0
153950.0
153951.0
153959.0
153960.0
153968.0
153969.0
153971.0
153972.0
153978.0
153980.0
153981.0
153989.0
153990.0
153999.0
154001.0
154002.0
154007.0
154008.0
154010.0
154011.0
154020.0
154028.0
154029.0
154031.0
154032.0
154037.0
154038.0
154041.0
154049.0
154050.0
154058.0
154059.0
154062.0
154067.0
154068.0
154070.0
154071.0
154079.0
154080.0
154088.0
154089.0
154091.0
154092.0
154098.0
154100.0
154101.0
154109.0
154110.0
154119.0
154121.0
154122.0
154127.0
154128.0
154130.0
154131.0
154140.0
154148.0
154149.0
154151.0
154152.0
154157.0
154158.0
154161.0
154169.0
154170.0
154178.0
154179.0
154182.0
154187.0
154188.0
154190.0
154191.0
154199.0
154200.0
154208.0
154209.0
154211.0
154212.0
154218.0
154220.0
154221.0
154229.0
154230.0
154239.0
154241.0
154242.0
154247.0
154248.0
154250.0
154251.0
154260.0
154268.0
154269.0
154271.0
154272.0
154277.0
154278.0
154281.0
154289.0
154290.0
154298.0
154299.0
154302.0
154307.0
154308.0
154310.0
154311.0
154319.0
154320.0
154328.0
154329.0
154331.0
154332.0
154338.0
154340.0
154341.0
154349.0
154350.0
154359.0
154361.0
154362.0
154367.0
154368.0
154370.0
154371.0
154372.0
154380.0
154388.0
154389.0
154391.0
154392.0
154393.0
154398.0
154399.0
154401.0
154409.0
154410.0
154419.0
154420.0
154422.0
154428.0
154429.0
154430.0
154431.0
154432.0
154440.0
154441.0
154449.0
154450.0
154451.0
154452.0
154453.0
154458.0
154459.0
154461.0
154462.0
154470.0
154471.0
154479.0
154480.0
154482.0
154483.0
154488.0
154489.0
154491.0
154492.0
154500.0
154501.0
154509.0
154510.0
154512.0
154513.0
154518.0
154519.0
154521.0
154522.0
154530.0
154531.0
154539.0
154540.0
154542.0
154543.0
156049.0
156054.0
156059.0
156061.0
156064.0
156069.0
156070.0
156072.0
156073.0
156075.0
156078.0
156079.0
156080.0
156082.0
156084.0
156089.0
156090.0
156091.0
156094.0
156099.0
156100.0
156103.0
156105.0
156108.0
156109.0
156111.0
156112.0
156114.0
156120.0
156121.0
156124.0
156129.0
156130.0
156132.0
156133.0
156135.0
156139.0
156141.0
156142.0
156144.0
156149.0
156150.0
156151.0
156154.0
156159.0
156160.0
156162.0
156163.0
156165.0
156168.0
156169.0
156171.0
156172.0
156174.0
156179.0
156181.0
156184.0
156189.0
156190.0
156192.0
156193.0
156195.0
156199.0
156200.0
156202.0
156204.0
156209.0
156210.0
156211.0
156213.0
156214.0
156219.0
156220.0
156223.0
156225.0
156228.0
156229.0
156231.0
156232.0
156234.0
156235.0
156241.0
156244.0
156249.0
156252.0
156253.0
156255.0
156256.0
156258.0
156259.0
156260.0
156262.0
156264.0
156269.0
156270.0
156273.0
156274.0
156279.0
156280.0
156283.0
156285.0
156288.0
156289.0
156291.0
156294.0
156295.0
156299.0
156300.0
156304.0
156309.0
156310.0
156312.0
156315.0
156316.0
156318.0
156319.0
156320.0
156321.0
156324.0
156329.0
156330.0
156331.0
156334.0
156339.0
156340.0
156342.0
156345.0
156348.0
156349.0
156351.0
156352.0
156354.0
156360.0
156361.0
156364.0
156369.0
156370.0
156372.0
156373.0
156375.0
156379.0
156380.0
156381.0
156382.0
156384.0
156390.0
156391.0
156394.0
156399.0
156400.0
156402.0
156403.0
156405.0
156408.0
156409.0
156410.0
156411.0
156412.0
156414.0
156415.0
156419.0
156421.0
156424.0
156429.0
156430.0
156432.0
156433.0
156435.0
156438.0
156439.0
156442.0
156444.0
156449.0
156450.0
156451.0
156454.0
156459.0
156460.0
156463.0
156465.0
156468.0
156469.0
156471.0
156472.0
156474.0
156480.0
156481.0
156484.0
156489.0
156490.0
156492.0
156493.0
156494.0
156495.0
156499.0
156500.0
156501.0
156502.0
156504.0
156509.0
156510.0
156511.0
156514.0
156519.0
156520.0
156522.0
156523.0
156525.0
156528.0
156529.0
156531.0
156532.0
156534.0
156541.0
156544.0
156549.0
156550.0
156552.0
156553.0
156554.0
156555.0
156558.0
156559.0
156562.0
156564.0
156570.0
156571.0
156574.0
156579.0
156580.0
156583.0
156585.0
156588.0
156589.0
156591.0
156592.0
156594.0
156600.0
156601.0
156604.0
156609.0
156610.0
156612.0
156613.0
156614.0
156615.0
156619.0
156621.0
156622.0
156624.0
156630.0
156631.0
156634.0
156639.0
156640.0
156642.0
156643.0
156644.0
156645.0
156648.0
156649.0
156651.0
156652.0
156654.0
156661.0
156664.0
156669.0
156670.0
156672.0
156673.0
156674.0
156675.0
156678.0
156679.0
156680.0
156682.0
156684.0
156690.0
156691.0
156694.0
156699.0
156700.0
156703.0
156704.0
156705.0
156708.0
156709.0
156711.0
156712.0
156714.0
156720.0
156721.0
156724.0
156729.0
156730.0
156732.0
156733.0
156734.0
156735.0
156739.0
156740.0
156741.0
156742.0
156744.0
156750.0
156751.0
156754.0
156759.0
156760.0
156762.0
156763.0
156764.0
156765.0
156768.0
156769.0
156771.0
156772.0
156774.0
156781.0
156784.0
156789.0
156790.0
156792.0
156793.0
156794.0
156795.0
156799.0
156802.0
156804.0
156810.0
156811.0
156813.0
156814.0
156819.0
156820.0
156823.0
156824.0
156825.0
156829.0
156831.0
156832.0
156834.0
156835.0
156841.0
156844.0
156849.0
156850.0
156852.0
156853.0
156854.0
156855.0
156856.0
156859.0
156860.0
156862.0
156864.0
156871.0
156873.0
156874.0
156879.0
156880.0
156883.0
156884.0
156885.0
156888.0
156889.0
156892.0
156894.0
156895.0
156901.0
156904.0
156909.0
156910.0
156913.0
156914.0
156915.0
156916.0
156918.0
156919.0
156920.0
156922.0
156924.0
156930.0
156931.0
156934.0
156939.0
156940.0
156943.0
156944.0
156945.0
156948.0
156949.0
156951.0
156952.0
156954.0
156960.0
156961.0
156964.0
156969.0
156970.0
156972.0
156973.0
156974.0
156975.0
156979.0
156981.0
156982.0
156984.0
156990.0
156991.0
156994.0
156999.0
157000.0
157002.0
157003.0
157004.0
157005.0
157008.0
157009.0
157011.0
157012.0
157014.0
157021.0
157024.0
157029.0
157030.0
157032.0
157033.0
157034.0
157035.0
157038.0
157039.0
157042.0
157044.0
157050.0
157051.0
157054.0
157059.0
157060.0
157063.0
157064.0
157065.0
157068.0
157069.0
157071.0
157072.0
157074.0
157080.0
157081.0
157084.0
157089.0
157090.0
157092.0
157093.0
157094.0
157095.0
157099.0
157101.0
157102.0
157104.0
157110.0
157111.0
157114.0
157119.0
157120.0
157122.0
157123.0
157124.0
157125.0
157128.0
157129.0
157131.0
157132.0
157134.0
157141.0
157144.0
157149.0
157150.0
157152.0
157153.0
157154.0
157155.0
157156.0
157158.0
157159.0
157160.0
157162.0
157164.0
157170.0
157171.0
157174.0
157179.0
157180.0
157183.0
157184.0
157185.0
157189.0
157191.0
157192.0
157194.0
157200.0
157201.0
157204.0
157209.0
157210.0
157212.0
157213.0
157214.0
157215.0
157219.0
157221.0
157222.0
157224.0
157231.0
157234.0
157239.0
157240.0
157242.0
157243.0
157244.0
157245.0
157249.0
157252.0
157254.0
157261.0
157264.0
157269.0
157270.0
157273.0
157274.0
157275.0
157279.0
157282.0
157285.0
157291.0
157295.0
157296.0
157299.0
157300.0
157303.0
157305.0
157309.0
157312.0
157314.0
157321.0
157324.0
157329.0
157330.0
157333.0
157334.0
157335.0
157339.0
157342.0
157344.0
157351.0
157354.0
157359.0
157360.0
157363.0
157364.0
157365.0
157369.0
157371.0
157372.0
157374.0
157381.0
157384.0
157389.0
157390.0
157392.0
157393.0
157394.0
157395.0
157399.0
157400.0
157402.0
157404.0
157411.0
157413.0
157414.0
157420.0
157423.0
157424.0
157425.0
157429.0
157431.0
157432.0
157434.0
157435.0
157441.0
157444.0
157449.0
157450.0
157452.0
157453.0
157454.0
157455.0
157456.0
157459.0
157460.0
157462.0
157464.0
157471.0
157473.0
157474.0
157479.0
157480.0
157483.0
157484.0
157485.0
157489.0
157492.0
157494.0
157495.0
157501.0
157504.0
157509.0
157510.0
157513.0
157514.0
157515.0
157516.0
157519.0
157522.0
157524.0
157531.0
157534.0
157540.0
157543.0
157544.0
157545.0
157549.0
157552.0
157554.0
157561.0
157570.0
157573.0
157579.0
157582.0
157591.0
157600.0
157603.0
157609.0
157612.0
157621.0
157630.0
157633.0
157639.0
157642.0
157651.0
157660.0
157663.0
157669.0
157672.0
157681.0
157690.0
157693.0
157699.0
157702.0
157711.0
157720.0
157723.0
157729.0
157732.0
157741.0
157750.0
157753.0
157759.0
157762.0
157771.0
157780.0
157783.0
157789.0
157792.0
157801.0
157810.0
157813.0
157819.0
157822.0
157831.0
157840.0
157843.0
157849.0
157852.0
157861.0
157870.0
157873.0
157879.0
157882.0
157891.0
157900.0
157903.0
157909.0
157912.0
157921.0
157930.0
157933.0
157939.0
157942.0
157951.0
157960.0
157963.0
157969.0
157971.0
157972.0
157981.0
157990.0
157992.0
157993.0
157999.0
158000.0
158002.0
158011.0
158013.0
158014.0
158020.0
158021.0
158023.0
158029.0
158030.0
158031.0
158032.0
158034.0
158035.0
158041.0
158042.0
158050.0
158051.0
158052.0
158053.0
158055.0
158056.0
158059.0
158060.0
158062.0
158063.0
158071.0
158072.0
158073.0
158074.0
158080.0
158081.0
158083.0
158084.0
158089.0
158090.0
158092.0
158093.0
158094.0
158095.0
158101.0
158102.0
158110.0
158111.0
158113.0
158114.0
158115.0
158116.0
158119.0
158120.0
158122.0
158123.0
158131.0
158132.0
158140.0
158141.0
158143.0
158144.0
158149.0
158150.0
158152.0
158153.0
158161.0
158162.0
158170.0
158171.0
158173.0
158174.0
158179.0
158180.0
158182.0
158183.0
158191.0
158192.0
158200.0
158201.0
158203.0
158204.0
158209.0
158210.0
158212.0
158213.0
158221.0
158222.0
158230.0
158231.0
158233.0
158234.0
158239.0
158240.0
158242.0
158243.0
158251.0
158252.0
158260.0
158261.0
158263.0
158264.0
158269.0
158270.0
158272.0
158273.0
158281.0
158282.0
158290.0
158291.0
158293.0
158294.0
158299.0
158300.0
158302.0
158303.0
158311.0
158312.0
158320.0
158321.0
158323.0
158324.0
158329.0
158330.0
158332.0
158333.0
158341.0
158342.0
158350.0
158351.0
158353.0
158354.0
158359.0
158360.0
158362.0
158363.0
158371.0
158372.0
158380.0
158381.0
158383.0
158384.0
158389.0
158390.0
158392.0
158393.0
158401.0
158402.0
158410.0
158411.0
158413.0
158414.0
158419.0
158420.0
158422.0
158423.0
158431.0
158432.0
158440.0
158441.0
158443.0
158444.0
158449.0
158450.0
158452.0
158453.0
158461.0
158462.0
158470.0
158471.0
158473.0
158474.0
158479.0
158480.0
158482.0
158483.0
158491.0
158492.0
158500.0
158501.0
158503.0
158504.0
158509.0
158510.0
158512.0
158513.0
158521.0
158522.0
158530.0
158531.0
158533.0
158534.0
158539.0
158540.0
158542.0
158543.0
158551.0
158552.0
158560.0
158561.0
158563.0
158564.0
158569.0
158570.0
158571.0
158572.0
158573.0
158581.0
158582.0
158590.0
158591.0
158592.0
158593.0
158594.0
158599.0
158600.0
158602.0
158603.0
158611.0
158612.0
158613.0
158614.0
158620.0
158621.0
158623.0
158624.0
158629.0
158630.0
158631.0
158632.0
158633.0
158634.0
158635.0
160145.0
160154.0
160155.0
160156.0
160160.0
160161.0
160163.0
160165.0
160172.0
160175.0
160181.0
160184.0
160185.0
160186.0
160190.0
160193.0
160195.0
160200.0
160202.0
160205.0
160211.0
160214.0
160215.0
160216.0
160220.0
160221.0
160223.0
160225.0
160232.0
160235.0
160241.0
160244.0
160245.0
160246.0
160250.0
160253.0
160255.0
160262.0
160265.0
160271.0
160274.0
160275.0
160276.0
160280.0
160283.0
160285.0
160292.0
160295.0
160301.0
160304.0
160305.0
160306.0
160310.0
160313.0
160315.0
160322.0
160325.0
160331.0
160334.0
160335.0
160336.0
160340.0
160343.0
160345.0
160352.0
160355.0
160361.0
160364.0
160365.0
160366.0
160370.0
160371.0
160372.0
160373.0
160375.0
160382.0
160385.0
160391.0
160392.0
160393.0
160394.0
160395.0
160396.0
160400.0
160403.0
160405.0
160412.0
160413.0
160414.0
160415.0
160421.0
160424.0
160425.0
160426.0
160430.0
160431.0
160432.0
160433.0
160434.0
160435.0
160442.0
160445.0
160451.0
160452.0
160453.0
160454.0
160455.0
160456.0
160460.0
160463.0
160465.0
160472.0
160473.0
160474.0
160475.0
160481.0
160484.0
160485.0
160486.0
160490.0
160493.0
160494.0
160495.0
160502.0
160505.0
160511.0
160514.0
160515.0
160516.0
160520.0
160523.0
160525.0
160532.0
160535.0
160541.0
160544.0
160545.0
160546.0
160550.0
160553.0
160555.0
160562.0
160565.0
160571.0
160574.0
160575.0
160576.0
160580.0
160583.0
160585.0
160592.0
160595.0
160601.0
160604.0
160605.0
160606.0
160610.0
160613.0
160615.0
160622.0
160625.0
160631.0
160634.0
160635.0
160636.0
160640.0
160643.0
160645.0
160646.0
160652.0
160656.0
160661.0
160664.0
160665.0
160666.0
160670.0
160673.0
160675.0
160682.0
160685.0
160691.0
160694.0
160695.0
160696.0
160700.0
160703.0
160705.0
160712.0
160715.0
160721.0
160724.0
160725.0
160726.0
160730.0
160733.0
160735.0
160740.0
160742.0
160745.0
160751.0
160754.0
160755.0
160756.0
160760.0
160761.0
160763.0
160765.0
160772.0
160775.0
160781.0
160784.0
160785.0
160786.0
160790.0
160791.0
160793.0
160795.0
160800.0
160802.0
160805.0
160811.0
160812.0
160814.0
160815.0
160816.0
160820.0
160821.0
160823.0
160825.0
160832.0
160833.0
160835.0
160841.0
160842.0
160844.0
160845.0
160846.0
160850.0
160851.0
160853.0
160854.0
160855.0
160862.0
160863.0
160865.0
160871.0
160872.0
160874.0
160875.0
160876.0
160880.0
160881.0
160883.0
160884.0
160885.0
160892.0
160893.0
160895.0
160901.0
160902.0
160904.0
160905.0
160906.0
160910.0
160911.0
160913.0
160914.0
160915.0
160922.0
160923.0
160925.0
160931.0
160932.0
160934.0
160935.0
160936.0
160940.0
160941.0
160943.0
160944.0
160945.0
160952.0
160953.0
160955.0
160961.0
160962.0
160964.0
160965.0
160966.0
160970.0
160971.0
160972.0
160973.0
160974.0
160975.0
160982.0
160983.0
160985.0
160991.0
160992.0
160993.0
160994.0
160995.0
160996.0
161000.0
161001.0
161003.0
161004.0
161005.0
161012.0
161013.0
161014.0
161015.0
161021.0
161022.0
161024.0
161025.0
161026.0
161030.0
161031.0
161032.0
161033.0
161034.0
161035.0
161045.0
161051.0
161052.0
161053.0
161054.0
161055.0
161056.0
161060.0
161061.0
161065.0
161072.0
161073.0
161074.0
161075.0
161081.0
161082.0
161085.0
161086.0
161090.0
161091.0
161093.0
161094.0
161095.0
161102.0
161103.0
161105.0
161111.0
161112.0
161114.0
161115.0
161116.0
161120.0
161121.0
161125.0
161135.0
161141.0
161142.0
161145.0
161146.0
161150.0
161151.0
161155.0
161162.0
161163.0
161165.0
161171.0
161172.0
161175.0
161176.0
161180.0
161181.0
161183.0
161184.0
161185.0
161195.0
161196.0
161197.0
161201.0
161202.0
161205.0
161206.0
161210.0
161211.0
161215.0
161217.0
161218.0
161222.0
161223.0
161225.0
161226.0
161231.0
161232.0
161235.0
161236.0
161238.0
161239.0
161240.0
161241.0
161243.0
161244.0
161245.0
161247.0
161255.0
161261.0
161262.0
161265.0
161266.0
161268.0
161270.0
161271.0
161275.0
161282.0
161283.0
161285.0
161289.0
161291.0
161292.0
161295.0
161296.0
161300.0
161301.0
161303.0
161304.0
161305.0
161310.0
161315.0
161321.0
161322.0
161325.0
161327.0
161330.0
161331.0
161335.0
161336.0
161340.0
161342.0
161343.0
161345.0
161351.0
161352.0
161355.0
161356.0
161360.0
161361.0
161363.0
161364.0
161365.0
161372.0
161373.0
161375.0
161381.0
161382.0
161384.0
161385.0
161386.0
161391.0
161393.0
161394.0
161395.0
161400.0
161405.0
161412.0
161415.0
161416.0
161420.0
161421.0
161425.0
161433.0
161435.0
161436.0
161440.0
161441.0
161442.0
161445.0
161446.0
161450.0
161451.0
161454.0
161455.0
161457.0
161461.0
161462.0
161463.0
161465.0
161466.0
161471.0
161472.0
161475.0
161476.0
161478.0
161480.0
161481.0
161482.0
161483.0
161484.0
161485.0
161492.0
161493.0
161495.0
161499.0
161500.0
161501.0
161502.0
161503.0
161504.0
161505.0
161506.0
161511.0
161513.0
161514.0
161515.0
161521.0
161522.0
161523.0
161525.0
161532.0
161534.0
161535.0
161536.0
161540.0
161541.0
161542.0
161543.0
161544.0
161545.0
161553.0
161555.0
161561.0
161562.0
161563.0
161564.0
161565.0
161566.0
161570.0
161571.0
161572.0
161574.0
161575.0
161582.0
161583.0
161584.0
161585.0
161591.0
161592.0
161593.0
161595.0
161596.0
161600.0
161601.0
161603.0
161604.0
161605.0
161612.0
161613.0
161614.0
161615.0
161621.0
161622.0
161624.0
161625.0
161626.0
161631.0
161632.0
161633.0
161634.0
161635.0
161642.0
161643.0
161645.0
161652.0
161653.0
161654.0
161655.0
161660.0
161661.0
161663.0
161664.0
161673.0
161674.0
161681.0
161682.0
161684.0
161685.0
161691.0
161694.0
161695.0
161702.0
161703.0
161712.0
161715.0
161716.0
161721.0
161723.0
161724.0
161733.0
161742.0
161744.0
161745.0
161751.0
161754.0
161763.0
161772.0
161775.0
161781.0
161784.0
161793.0
161802.0
161805.0
161811.0
161814.0
161823.0
161832.0
161835.0
161841.0
161844.0
161853.0
161862.0
161865.0
161871.0
161874.0
161883.0
161892.0
161895.0
161901.0
161904.0
161913.0
161922.0
161925.0
161931.0
161934.0
161943.0
161952.0
161955.0
161961.0
161964.0
161973.0
161982.0
161985.0
161991.0
161994.0
162003.0
162012.0
162015.0
162021.0
162024.0
162033.0
162042.0
162045.0
162051.0
162054.0
162063.0
162072.0
162075.0
162081.0
162084.0
162093.0
162102.0
162105.0
162111.0
162114.0
162123.0
162132.0
162135.0
162141.0
162144.0
162153.0
162162.0
162165.0
162171.0
162172.0
162174.0
162183.0
162192.0
162193.0
162195.0
162201.0
162204.0
162213.0
162214.0
162222.0
162225.0
162231.0
162232.0
162233.0
162234.0
162235.0
162243.0
162252.0
162253.0
162254.0
162255.0
162256.0
162261.0
162264.0
162273.0
162274.0
162275.0
162282.0
162285.0
162291.0
162294.0
162295.0
162303.0
162312.0
162315.0
162316.0
162321.0
162324.0
162333.0
162342.0
162345.0
162351.0
162354.0
162363.0
162372.0
162375.0
162381.0
162384.0
162393.0
162402.0
162405.0
162411.0
162414.0
162423.0
162432.0
162435.0
162441.0
162444.0
162453.0
162462.0
162465.0
162471.0
162474.0
162483.0
162492.0
162495.0
162501.0
162504.0
162513.0
162522.0
162525.0
162531.0
162534.0
162543.0
162552.0
162555.0
162561.0
162564.0
162573.0
162582.0
162585.0
162591.0
162594.0
162603.0
162612.0
162615.0
162621.0
162624.0
162633.0
162642.0
162645.0
162651.0
162654.0
162663.0
162672.0
162675.0
162681.0
162684.0
162693.0
162702.0
162705.0
162711.0
162714.0
162723.0
162732.0
162735.0
164245.0
164246.0
164253.0
164254.0
164255.0
164263.0
164265.0
164266.0
164271.0
164272.0
164274.0
164275.0
164279.0
164284.0
164292.0
164293.0
164294.0
164295.0
164296.0
164301.0
164302.0
164305.0
164313.0
164314.0
164315.0
164322.0
164323.0
164325.0
164326.0
164331.0
164332.0
164334.0
164335.0
164339.0
164343.0
164344.0
164352.0
164353.0
164354.0
164355.0
164356.0
164360.0
164362.0
164364.0
164365.0
164370.0
164373.0
164374.0
164375.0
164383.0
164385.0
164386.0
164391.0
164392.0
164394.0
164395.0
164400.0
164404.0
164412.0
164413.0
164415.0
164416.0
164421.0
164422.0
164424.0
164425.0
164429.0
164433.0
164434.0
164442.0
164443.0
164445.0
164446.0
164450.0
164451.0
164452.0
164454.0
164455.0
164460.0
164463.0
164464.0
164465.0
164472.0
164473.0
164475.0
164476.0
164482.0
164484.0
164485.0
164486.0
164493.0
164494.0
164495.0
164503.0
164505.0
164506.0
164511.0
164512.0
164514.0
164515.0
164524.0
164525.0
164532.0
164533.0
164534.0
164535.0
164536.0
164540.0
164541.0
164542.0
164545.0
164549.0
164553.0
164554.0
164562.0
164563.0
164565.0
164566.0
164571.0
164572.0
164574.0
164575.0
164579.0
164583.0
164584.0
164585.0
164592.0
164593.0
164595.0
164596.0
164602.0
164604.0
164605.0
164610.0
164613.0
164614.0
164623.0
164625.0
164626.0
164631.0
164632.0
164634.0
164635.0
164640.0
164644.0
164652.0
164653.0
164655.0
164656.0
164660.0
164662.0
164664.0
164665.0
164669.0
164673.0
164674.0
164683.0
164684.0
164685.0
164686.0
164691.0
164692.0
164694.0
164695.0
164699.0
164704.0
164712.0
164713.0
164714.0
164715.0
164716.0
164720.0
164721.0
164722.0
164724.0
164725.0
164733.0
164734.0
164742.0
164743.0
164745.0
164746.0
164751.0
164752.0
164754.0
164755.0
164763.0
164764.0
164765.0
164772.0
164773.0
164774.0
164775.0
164776.0
164782.0
164784.0
164785.0
164790.0
164793.0
164794.0
164803.0
164804.0
164805.0
164806.0
164810.0
164811.0
164812.0
164814.0
164815.0
164821.0
164824.0
164825.0
164832.0
164833.0
164834.0
164835.0
164836.0
164840.0
164842.0
164844.0
164845.0
164849.0
164853.0
164854.0
164863.0
164865.0
164866.0
164870.0
164871.0
164872.0
164874.0
164875.0
164879.0
164884.0
164893.0
164894.0
164895.0
164896.0
164900.0
164902.0
164905.0
164909.0
164914.0
164923.0
164924.0
164926.0
164930.0
164932.0
164934.0
164935.0
164939.0
164944.0
164945.0
164953.0
164954.0
164955.0
164956.0
164960.0
164961.0
164962.0
164964.0
164965.0
164969.0
164974.0
164983.0
164985.0
164986.0
164991.0
164992.0
164995.0
164999.0
165004.0
165005.0
165013.0
165015.0
165016.0
165020.0
165022.0
165024.0
165025.0
165029.0
165034.0
165043.0
165044.0
165046.0
165050.0
165052.0
165054.0
165055.0
165059.0
165064.0
165073.0
165074.0
165075.0
165076.0
165081.0
165082.0
165084.0
165085.0
165089.0
165094.0
165103.0
165104.0
165105.0
165106.0
165110.0
165112.0
165114.0
165115.0
165119.0
165124.0
165133.0
165135.0
165136.0
165141.0
165142.0
165144.0
165145.0
165150.0
165154.0
165163.0
165164.0
165166.0
165170.0
165171.0
165172.0
165174.0
165175.0
165179.0
165184.0
165192.0
165193.0
165194.0
165195.0
165196.0
165200.0
165202.0
165205.0
165210.0
165213.0
165214.0
165215.0
165223.0
165224.0
165226.0
165227.0
165231.0
165232.0
165234.0
165235.0
165239.0
165244.0
165252.0
165253.0
165254.0
165255.0
165256.0
165260.0
165262.0
165265.0
165270.0
165274.0
165283.0
165284.0
165290.0
165292.0
165294.0
165299.0
165304.0
165305.0
165306.0
165313.0
165314.0
165315.0
165320.0
165322.0
165324.0
165325.0
165326.0
165327.0
165329.0
165334.0
165343.0
165344.0
165345.0
165346.0
165347.0
165348.0
165350.0
165352.0
165354.0
165355.0
165359.0
165364.0
165367.0
165368.0
165369.0
165373.0
165374.0
165375.0
165376.0
165377.0
165378.0
165380.0
165382.0
165384.0
165385.0
165389.0
165394.0
165398.0
165399.0
165403.0
165405.0
165406.0
165410.0
165412.0
165415.0
165419.0
165420.0
165424.0
165425.0
165433.0
165434.0
165435.0
165440.0
165441.0
165442.0
165445.0
165449.0
165454.0
165461.0
165462.0
165463.0
165464.0
165465.0
165466.0
165468.0
165470.0
165472.0
165474.0
165475.0
165479.0
165484.0
165489.0
165493.0
165494.0
165495.0
165496.0
165500.0
165502.0
165504.0
165509.0
165510.0
165514.0
165523.0
165524.0
165530.0
165531.0
165532.0
165534.0
165535.0
165539.0
165544.0
165549.0
165552.0
165553.0
165554.0
165555.0
165556.0
165560.0
165562.0
165564.0
165565.0
165569.0
165570.0
165574.0
165583.0
165585.0
165586.0
165591.0
165592.0
165595.0
165599.0
165604.0
165612.0
165613.0
165614.0
165615.0
165616.0
165620.0
165622.0
165624.0
165625.0
165629.0
165633.0
165634.0
165643.0
165644.0
165646.0
165650.0
165652.0
165654.0
165655.0
165659.0
165664.0
165673.0
165674.0
165676.0
165680.0
165682.0
165684.0
165685.0
165689.0
165694.0
165703.0
165704.0
165706.0
165710.0
165712.0
165714.0
165715.0
165719.0
165724.0
165733.0
165734.0
165736.0
165740.0
165742.0
165744.0
165745.0
165750.0
165754.0
165763.0
165766.0
165771.0
165772.0
165775.0
165784.0
165792.0
165793.0
165796.0
165802.0
165803.0
165805.0
165813.0
165814.0
165823.0
165824.0
165826.0
165831.0
165832.0
165833.0
165834.0
165835.0
165844.0
165845.0
165852.0
165853.0
165854.0
165855.0
165856.0
165862.0
165865.0
165866.0
165873.0
165874.0
165875.0
165883.0
165886.0
165887.0
165892.0
165893.0
165894.0
165895.0
165913.0
165914.0
165915.0
165916.0
165922.0
165934.0
165943.0
165952.0
165955.0
165964.0
165973.0
165976.0
165982.0
165983.0
165985.0
166003.0
166004.0
166006.0
166012.0
166013.0
166024.0
166033.0
166034.0
166042.0
166043.0
166045.0
166054.0
166063.0
166064.0
166066.0
166072.0
166075.0
166084.0
166085.0
166093.0
166096.0
166102.0
166103.0
166105.0
166106.0
166114.0
166123.0
166124.0
166126.0
166127.0
166132.0
166133.0
166135.0
166144.0
166145.0
166153.0
166154.0
166156.0
166162.0
166163.0
166165.0
166166.0
166174.0
166175.0
166183.0
166184.0
166186.0
166187.0
166192.0
166193.0
166195.0
166196.0
166204.0
166205.0
166213.0
166214.0
166216.0
166217.0
166222.0
166223.0
166225.0
166226.0
166234.0
166235.0
166243.0
166244.0
166246.0
166247.0
166252.0
166253.0
166255.0
166256.0
166264.0
166265.0
166273.0
166274.0
166276.0
166277.0
166282.0
166283.0
166285.0
166286.0
166294.0
166295.0
166303.0
166304.0
166306.0
166307.0
166312.0
166313.0
166315.0
166316.0
166324.0
166325.0
166333.0
166334.0
166336.0
166337.0
166342.0
166343.0
166345.0
166346.0
166354.0
166355.0
166363.0
166364.0
166366.0
166367.0
166371.0
166372.0
166373.0
166375.0
166376.0
166384.0
166385.0
166392.0
166393.0
166394.0
166396.0
166397.0
166402.0
166403.0
166405.0
166406.0
166413.0
166414.0
166415.0
166423.0
166424.0
166426.0
166427.0
166431.0
166432.0
166433.0
166434.0
166435.0
166436.0
166444.0
166445.0
166452.0
166453.0
166454.0
166455.0
166456.0
166457.0
166462.0
166463.0
166465.0
166466.0
166473.0
166474.0
166475.0
166483.0
166484.0
166486.0
166487.0
166492.0
166493.0
166494.0
166495.0
166496.0
166504.0
166505.0
166513.0
166514.0
166515.0
166516.0
166517.0
166522.0
166523.0
166525.0
166526.0
166534.0
166535.0
166543.0
166544.0
166546.0
166547.0
166553.0
166555.0
166556.0
166564.0
166565.0
166574.0
166576.0
166577.0
166582.0
166583.0
166585.0
166586.0
166595.0
166603.0
166604.0
166606.0
166607.0
166612.0
166613.0
166616.0
166624.0
166625.0
166633.0
166634.0
166637.0
166642.0
166643.0
166645.0
166646.0
166654.0
166655.0
166663.0
166664.0
166666.0
166667.0
166673.0
166675.0
166676.0
166684.0
166685.0
166694.0
166696.0
166697.0
166702.0
166703.0
166705.0
166706.0
166715.0
166723.0
166724.0
166726.0
166727.0
166732.0
166733.0
166736.0
166744.0
166745.0
166753.0
166754.0
166757.0
166762.0
166763.0
166765.0
166766.0
166774.0
166775.0
166783.0
166784.0
166786.0
166787.0
166793.0
166795.0
166796.0
166804.0
166805.0
166814.0
166816.0
166817.0
166822.0
166823.0
166825.0
166826.0
168340.0
168345.0
168346.0
168347.0
168348.0
168351.0
168353.0
168354.0
168355.0
168356.0
168357.0
168360.0
168364.0
168365.0
168366.0
168370.0
168374.0
168375.0
168376.0
168377.0
168378.0
168381.0
168382.0
168383.0
168384.0
168385.0
168386.0
168387.0
168390.0
168395.0
168396.0
168400.0
168403.0
168404.0
168405.0
168406.0
168407.0
168408.0
168411.0
168412.0
168413.0
168414.0
168415.0
168416.0
168417.0
168420.0
168424.0
168425.0
168426.0
168430.0
168433.0
168434.0
168435.0
168437.0
168438.0
168441.0
168442.0
168443.0
168444.0
168445.0
168446.0
168447.0
168450.0
168454.0
168455.0
168456.0
168460.0
168463.0
168464.0
168465.0
168466.0
168467.0
168468.0
168471.0
168473.0
168474.0
168475.0
168476.0
168477.0
168480.0
168484.0
168485.0
168486.0
168491.0
168494.0
168495.0
168496.0
168497.0
168498.0
168502.0
168503.0
168504.0
168505.0
168506.0
168507.0
168510.0
168515.0
168516.0
168521.0
168523.0
168524.0
168525.0
168526.0
168527.0
168528.0
168531.0
168532.0
168533.0
168534.0
168535.0
168536.0
168537.0
168540.0
168544.0
168545.0
168546.0
168550.0
168553.0
168554.0
168555.0
168557.0
168558.0
168561.0
168562.0
168563.0
168564.0
168565.0
168566.0
168567.0
168570.0
168574.0
168575.0
168576.0
168580.0
168583.0
168584.0
168585.0
168586.0
168587.0
168588.0
168591.0
168593.0
168594.0
168595.0
168596.0
168597.0
168600.0
168604.0
168605.0
168606.0
168610.0
168614.0
168615.0
168616.0
168617.0
168618.0
168621.0
168622.0
168623.0
168624.0
168625.0
168626.0
168627.0
168630.0
168635.0
168636.0
168640.0
168643.0
168644.0
168645.0
168646.0
168647.0
168648.0
168651.0
168652.0
168653.0
168654.0
168655.0
168656.0
168657.0
168660.0
168664.0
168665.0
168666.0
168670.0
168673.0
168674.0
168675.0
168677.0
168678.0
168681.0
168682.0
168683.0
168684.0
168685.0
168686.0
168687.0
168690.0
168694.0
168695.0
168696.0
168700.0
168703.0
168704.0
168705.0
168706.0
168707.0
168708.0
168711.0
168713.0
168714.0
168715.0
168716.0
168717.0
168720.0
168724.0
168725.0
168726.0
168730.0
168734.0
168735.0
168736.0
168737.0
168738.0
168741.0
168743.0
168744.0
168745.0
168746.0
168747.0
168750.0
168755.0
168756.0
168760.0
168764.0
168765.0
168766.0
168767.0
168768.0
168771.0
168772.0
168773.0
168774.0
168775.0
168776.0
168777.0
168780.0
168785.0
168786.0
168790.0
168792.0
168793.0
168794.0
168795.0
168797.0
168798.0
168801.0
168803.0
168804.0
168805.0
168806.0
168807.0
168810.0
168813.0
168814.0
168815.0
168816.0
168820.0
168824.0
168825.0
168827.0
168828.0
168831.0
168832.0
168833.0
168834.0
168835.0
168836.0
168837.0
168840.0
168845.0
168846.0
168850.0
168852.0
168853.0
168854.0
168855.0
168857.0
168858.0
168861.0
168863.0
168864.0
168865.0
168866.0
168867.0
168870.0
168873.0
168874.0
168875.0
168876.0
168880.0
168884.0
168885.0
168887.0
168888.0
168891.0
168893.0
168894.0
168895.0
168896.0
168897.0
168901.0
168905.0
168906.0
168910.0
168914.0
168915.0
168916.0
168917.0
168918.0
168921.0
168923.0
168924.0
168925.0
168926.0
168927.0
168930.0
168935.0
168936.0
168940.0
168944.0
168945.0
168947.0
168948.0
168951.0
168953.0
168954.0
168955.0
168956.0
168957.0
168960.0
168965.0
168966.0
168970.0
168974.0
168975.0
168977.0
168978.0
168981.0
168983.0
168984.0
168985.0
168986.0
168987.0
168990.0
168995.0
168996.0
169000.0
169004.0
169005.0
169007.0
169008.0
169011.0
169013.0
169014.0
169015.0
169016.0
169017.0
169020.0
169025.0
169026.0
169030.0
169034.0
169035.0
169037.0
169038.0
169041.0
169043.0
169044.0
169045.0
169046.0
169047.0
169050.0
169055.0
169056.0
169060.0
169064.0
169065.0
169067.0
169068.0
169071.0
169074.0
169075.0
169076.0
169077.0
169080.0
169085.0
169086.0
169090.0
169095.0
169097.0
169098.0
169101.0
169103.0
169104.0
169105.0
169106.0
169107.0
169110.0
169115.0
169116.0
169120.0
169124.0
169125.0
169127.0
169128.0
169131.0
169133.0
169134.0
169135.0
169137.0
169140.0
169145.0
169146.0
169150.0
169154.0
169155.0
169158.0
169160.0
169161.0
169163.0
169164.0
169165.0
169166.0
169167.0
169170.0
169175.0
169176.0
169180.0
169184.0
169185.0
169186.0
169187.0
169188.0
169190.0
169191.0
169193.0
169194.0
169196.0
169197.0
169200.0
169205.0
169206.0
169210.0
169214.0
169215.0
169217.0
169218.0
169220.0
169221.0
169223.0
169224.0
169225.0
169226.0
169227.0
169230.0
169235.0
169236.0
169240.0
169244.0
169245.0
169247.0
169248.0
169250.0
169251.0
169253.0
169254.0
169255.0
169256.0
169257.0
169260.0
169265.0
169266.0
169270.0
169274.0
169275.0
169277.0
169278.0
169280.0
169281.0
169283.0
169285.0
169286.0
169287.0
169290.0
169295.0
169296.0
169300.0
169304.0
169305.0
169307.0
169308.0
169310.0
169311.0
169313.0
169315.0
169316.0
169317.0
169320.0
169325.0
169330.0
169334.0
169335.0
169337.0
169338.0
169340.0
169341.0
169343.0
169345.0
169346.0
169350.0
169355.0
169360.0
169364.0
169365.0
169367.0
169370.0
169371.0
169373.0
169375.0
169376.0
169380.0
169385.0
169390.0
169392.0
169394.0
169395.0
169397.0
169400.0
169401.0
169403.0
169405.0
169406.0
169410.0
169413.0
169415.0
169420.0
169424.0
169425.0
169427.0
169430.0
169431.0
169433.0
169434.0
169435.0
169440.0
169445.0
169450.0
169452.0
169454.0
169455.0
169460.0
169461.0
169463.0
169465.0
169466.0
169470.0
169473.0
169475.0
169480.0
169484.0
169485.0
169487.0
169490.0
169491.0
169493.0
169494.0
169495.0
169500.0
169510.0
169514.0
169515.0
169520.0
169521.0
169523.0
169525.0
169530.0
169535.0
169540.0
169544.0
169545.0
169550.0
169551.0
169553.0
169555.0
169556.0
169560.0
169570.0
169574.0
169575.0
169576.0
169577.0
169580.0
169581.0
169583.0
169585.0
169590.0
169595.0
169597.0
169598.0
169600.0
169604.0
169605.0
169610.0
169611.0
169613.0
169615.0
169616.0
169618.0
169619.0
169620.0
169630.0
169634.0
169635.0
169636.0
169640.0
169641.0
169643.0
169645.0
169649.0
169650.0
169655.0
169657.0
169660.0
169661.0
169664.0
169665.0
169670.0
169671.0
169673.0
169675.0
169676.0
169678.0
169680.0
169682.0
169685.0
169690.0
169691.0
169694.0
169695.0
169697.0
169699.0
169700.0
169701.0
169703.0
169705.0
169706.0
169710.0
169712.0
169715.0
169718.0
169720.0
169724.0
169725.0
169727.0
169730.0
169731.0
169733.0
169735.0
169736.0
169739.0
169740.0
169745.0
169750.0
169754.0
169755.0
169757.0
169760.0
169761.0
169763.0
169765.0
169766.0
169770.0
169775.0
169780.0
169784.0
169785.0
169787.0
169790.0
169791.0
169793.0
169795.0
169796.0
169800.0
169805.0
169810.0
169814.0
169815.0
169817.0
169820.0
169821.0
169823.0
169825.0
169826.0
169830.0
169835.0
169840.0
169844.0
169845.0
169847.0
169850.0
169853.0
169856.0
169865.0
169874.0
169877.0
169883.0
169886.0
169895.0
169904.0
169907.0
169913.0
169916.0
169925.0
169934.0
169937.0
169943.0
169946.0
169955.0
169964.0
169967.0
169971.0
169973.0
169976.0
169985.0
169992.0
169994.0
169997.0
170003.0
170006.0
170013.0
170015.0
170024.0
170027.0
170031.0
170033.0
170034.0
170036.0
170045.0
170052.0
170054.0
170055.0
170057.0
170062.0
170063.0
170083.0
170084.0
170093.0
170102.0
170104.0
170105.0
170114.0
170123.0
170125.0
170126.0
170135.0
170144.0
170146.0
170147.0
170153.0
170156.0
170165.0
170168.0
170174.0
170177.0
170183.0
170186.0
170189.0
170195.0
170204.0
170207.0
170210.0
170213.0
170216.0
170225.0
170231.0
170234.0
170237.0
170243.0
170246.0
170255.0
170264.0
170267.0
170273.0
170276.0
170285.0
170294.0
170297.0
170303.0
170306.0
170315.0
170324.0
170327.0
170333.0
170336.0
170345.0
170354.0
170357.0
170363.0
170366.0
170375.0
170384.0
170387.0
170393.0
170396.0
170405.0
170414.0
170417.0
170423.0
170426.0
170435.0
170444.0
170447.0
170453.0
170456.0
170465.0
170474.0
170477.0
170483.0
170486.0
170495.0
170504.0
170507.0
170513.0
170516.0
170525.0
170534.0
170537.0
170543.0
170546.0
170555.0
170564.0
170567.0
170573.0
170576.0
170585.0
170594.0
170597.0
170603.0
170606.0
170615.0
170624.0
170627.0
170631.0
170633.0
170636.0
170645.0
170652.0
170654.0
170657.0
170663.0
170666.0
170673.0
170675.0
170684.0
170687.0
170693.0
170694.0
170696.0
170705.0
170714.0
170715.0
170717.0
170723.0
170726.0
170735.0
170744.0
170747.0
170753.0
170756.0
170765.0
170774.0
170777.0
170783.0
170784.0
170786.0
170795.0
170804.0
170805.0
170807.0
170813.0
170814.0
170816.0
170825.0
170826.0
170834.0
170835.0
170837.0
170843.0
170844.0
170846.0
170847.0
170855.0
170856.0
170864.0
170865.0
170867.0
170868.0
170873.0
170874.0
170876.0
170877.0
170885.0
170886.0
170894.0
170895.0
170897.0
170898.0
170903.0
170904.0
170906.0
170907.0
170915.0
170916.0
170924.0
170925.0
170927.0
170928.0
171304.0
171307.0
171438.0
171441.0
171745.0
171778.0
171902.0
172274.0
172435.0
172440.0
172450.0
172455.0
172460.0
172461.0
172465.0
172470.0
172478.0
172480.0
172485.0
172490.0
172491.0
172495.0
172500.0
172510.0
172515.0
172520.0
172521.0
172525.0
172530.0
172540.0
172550.0
172551.0
172556.0
172678.0
172998.0
173162.0
173318.0
173598.0
173758.0
173952.0
174202.0
174598.0
174918.0
175328.0
175614.0
175635.0
176191.0
176400.0
176535.0
176570.0
176758.0
177064.0
177124.0
177130.0
177398.0
177450.0
177452.0
177454.0
177661.0
177662.0
177770.0
178090.0
178410.0
178730.0
179050.0
179308.0
179312.0
179445.0
179749.0
179750.0
179962.0
180046.0
180216.0
180614.0
180642.0
180682.0
180747.0
180784.0
181002.0
181020.0
181171.0
181172.0
181642.0
181669.0
181872.0
181962.0
182282.0
182602.0
182922.0
182940.0
183484.0
183509.0
183642.0
183938.0
183946.0
184258.0
184445.0
184763.0
184843.0
185163.0
185483.0
185803.0
185919.0
186123.0
186137.0
186380.0
186763.0
187083.0
187966.0
188083.0
188419.0
188844.0
188985.0
189084.0
189118.0
189324.0
189355.0
189422.0
189428.0
189634.0
189869.0
189964.0
190001.0
190354.0
190600.0
190606.0
190833.0
191244.0
191807.0
192127.0
192767.0
192925.0
193165.0
193485.0
193649.0
193707.0
193805.0
194125.0
194445.0
194533.0
194534.0
194825.0
195165.0
196166.0
196688.0
197008.0
197086.0
197309.0
197406.0
197629.0
197726.0
198046.0
198366.0
198686.0
199006.0
199326.0
199889.0
200209.0
201127.0
201247.0
201567.0
201789.0
201887.0
202110.0
202207.0
202527.0
202847.0
203167.0
203487.0
204050.0
204504.0
204824.0
205248.0
205408.0
205728.0
206048.0
206274.0
206368.0
206688.0
207009.0
207109.0
207110.0
207112.0
207116.0
207130.0
207131.0
207133.0
207137.0
207151.0
207152.0
207154.0
207158.0
207172.0
207173.0
207175.0
207179.0
207193.0
207194.0
207196.0
207200.0
207214.0
207215.0
207217.0
207221.0
207235.0
207236.0
207238.0
207242.0
207256.0
207257.0
207260.0
207263.0
207264.0
207277.0
207278.0
207281.0
207284.0
207285.0
207290.0
207298.0
207299.0
207302.0
207305.0
207306.0
207311.0
207319.0
207320.0
207323.0
207327.0
207332.0
207348.0
207350.0
207353.0
207369.0
207371.0
207374.0
207375.0
207380.0
207390.0
207392.0
207396.0
207401.0
207410.0
207411.0
207413.0
207417.0
207422.0
207431.0
207432.0
207434.0
207438.0
207440.0
207441.0
207443.0
207452.0
207453.0
207455.0
207459.0
207461.0
207462.0
207464.0
207465.0
207471.0
207473.0
207474.0
207486.0
207492.0
207494.0
207495.0
207500.0
207501.0
207507.0
207513.0
207521.0
207522.0
207528.0
207530.0
207531.0
207534.0
207542.0
207543.0
207549.0
207551.0
207552.0
207555.0
207560.0
207561.0
207563.0
207564.0
207576.0
207581.0
207582.0
207584.0
207585.0
207590.0
207591.0
207592.0
207597.0
207602.0
207603.0
207611.0
207612.0
207613.0
207618.0
207620.0
207621.0
207623.0
207624.0
207632.0
207633.0
207634.0
207639.0
207641.0
207642.0
207644.0
207645.0
207650.0
207651.0
207653.0
207654.0
207655.0
207662.0
207663.0
207671.0
207672.0
207674.0
207675.0
207676.0
207680.0
207681.0
207683.0
207684.0
207692.0
207693.0
207697.0
207701.0
207702.0
207704.0
207705.0
207710.0
207711.0
207713.0
207714.0
207718.0
207722.0
207723.0
207731.0
207732.0
207734.0
207735.0
207740.0
207741.0
207743.0
207744.0
207752.0
207753.0
207761.0
207762.0
207764.0
207765.0
207770.0
207771.0
207773.0
207774.0
207782.0
207783.0
207792.0
207794.0
207795.0
209296.0
209306.0
209310.0
209313.0
209314.0
209315.0
209322.0
209323.0
209325.0
209326.0
209331.0
209332.0
209334.0
209335.0
209340.0
209343.0
209344.0
209345.0
209350.0
209352.0
209353.0
209355.0
209356.0
209361.0
209362.0
209364.0
209365.0
209370.0
209373.0
209374.0
209375.0
209380.0
209382.0
209383.0
209385.0
209386.0
209391.0
209392.0
209394.0
209395.0
209400.0
209403.0
209404.0
209405.0
209410.0
209412.0
209413.0
209415.0
209416.0
209421.0
209422.0
209424.0
209425.0
209430.0
209433.0
209434.0
209440.0
209442.0
209443.0
209445.0
209446.0
209451.0
209452.0
209454.0
209455.0
209460.0
209463.0
209464.0
209465.0
209470.0
209472.0
209473.0
209475.0
209476.0
209481.0
209482.0
209484.0
209485.0
209490.0
209493.0
209494.0
209495.0
209500.0
209502.0
209503.0
209505.0
209506.0
209511.0
209512.0
209514.0
209515.0
209520.0
209523.0
209524.0
209525.0
209530.0
209532.0
209533.0
209535.0
209536.0
209541.0
209542.0
209544.0
209545.0
209550.0
209553.0
209554.0
209560.0
209562.0
209563.0
209565.0
209566.0
209571.0
209572.0
209574.0
209575.0
209580.0
209583.0
209584.0
209585.0
209590.0
209593.0
209595.0
209596.0
209601.0
209602.0
209604.0
209605.0
209610.0
209614.0
209615.0
209620.0
209622.0
209623.0
209625.0
209626.0
209631.0
209632.0
209635.0
209640.0
209643.0
209644.0
209645.0
209650.0
209652.0
209653.0
209655.0
209656.0
209661.0
209662.0
209664.0
209665.0
209670.0
209673.0
209674.0
209680.0
209682.0
209683.0
209685.0
209686.0
209691.0
209692.0
209694.0
209695.0
209700.0
209703.0
209704.0
209705.0
209710.0
209713.0
209715.0
209716.0
209721.0
209722.0
209724.0
209725.0
209726.0
209730.0
209734.0
209735.0
209740.0
209742.0
209743.0
209745.0
209746.0
209751.0
209752.0
209755.0
209760.0
209761.0
209763.0
209764.0
209765.0
209770.0
209771.0
209772.0
209773.0
209775.0
209776.0
209781.0
209782.0
209784.0
209785.0
209786.0
209791.0
209793.0
209794.0
209800.0
209802.0
209803.0
209805.0
209806.0
209811.0
209812.0
209814.0
209815.0
209820.0
209823.0
209824.0
209826.0
209828.0
209830.0
209833.0
209835.0
209836.0
209841.0
209842.0
209844.0
209845.0
209849.0
209850.0
209851.0
209854.0
209855.0
209860.0
209863.0
209865.0
209866.0
209870.0
209872.0
209873.0
209875.0
209880.0
209884.0
209886.0
209888.0
209891.0
209893.0
209895.0
209896.0
209901.0
209902.0
209905.0
209909.0
209910.0
209912.0
209914.0
209920.0
209922.0
209923.0
209925.0
209926.0
209930.0
209931.0
209932.0
209933.0
209935.0
209940.0
209943.0
209944.0
209945.0
209950.0
209953.0
209955.0
209956.0
209961.0
209962.0
209964.0
209965.0
209970.0
209974.0
209975.0
209980.0
209982.0
209983.0
209985.0
209986.0
209991.0
209992.0
209995.0
209996.0
210001.0
210003.0
210004.0
210005.0
210011.0
210012.0
210013.0
210015.0
210016.0
210021.0
210022.0
210024.0
210025.0
210031.0
210033.0
210034.0
210040.0
210043.0
210045.0
210046.0
210051.0
210052.0
210054.0
210055.0
210060.0
210064.0
210065.0
210070.0
210073.0
210075.0
210076.0
210081.0
210082.0
210085.0
210090.0
210094.0
210095.0
210100.0
210103.0
210105.0
210106.0
210111.0
210112.0
210115.0
210120.0
210124.0
210125.0
210130.0
210133.0
210135.0
210136.0
210141.0
210142.0
210145.0
210150.0
210154.0
210161.0
210163.0
210165.0
210166.0
210171.0
210172.0
210175.0
210180.0
210184.0
210185.0
210190.0
210193.0
210195.0
210196.0
210201.0
210202.0
210205.0
210206.0
210211.0
210212.0
210214.0
210215.0
210220.0
210223.0
210225.0
210226.0
210231.0
210232.0
210235.0
210240.0
210244.0
210246.0
210251.0
210253.0
210255.0
210256.0
210261.0
210262.0
210265.0
210266.0
210270.0
210271.0
210274.0
210281.0
210283.0
210285.0
210286.0
210291.0
210292.0
210295.0
210296.0
210300.0
210304.0
210310.0
210313.0
210316.0
210322.0
210325.0
210326.0
210330.0
210334.0
210340.0
210343.0
210345.0
210346.0
210350.0
210351.0
210352.0
210355.0
210360.0
210364.0
210371.0
210373.0
210375.0
210376.0
210381.0
210382.0
210385.0
210390.0
210391.0
210394.0
210400.0
210403.0
210406.0
210412.0
210415.0
210416.0
210420.0
210424.0
210428.0
210430.0
210433.0
210435.0
210436.0
210441.0
210442.0
210445.0
210449.0
210450.0
210454.0
210460.0
210463.0
210465.0
210466.0
210470.0
210471.0
210472.0
210475.0
210480.0
210484.0
210488.0
210490.0
210491.0
210493.0
210495.0
210496.0
210501.0
210502.0
210505.0
210506.0
210509.0
210511.0
210512.0
210514.0
210520.0
210523.0
210525.0
210526.0
210530.0
210531.0
210532.0
210533.0
210535.0
210540.0
210544.0
210550.0
210553.0
210555.0
210556.0
210560.0
210561.0
210562.0
210565.0
210571.0
210574.0
210580.0
210583.0
210585.0
210586.0
210591.0
210592.0
210595.0
210600.0
210604.0
210610.0
210613.0
210615.0
210616.0
210621.0
210622.0
210625.0
210630.0
210634.0
210640.0
210643.0
210645.0
210646.0
210650.0
210651.0
210652.0
210655.0
210660.0
210664.0
210670.0
210673.0
210675.0
210676.0
210680.0
210681.0
210682.0
210685.0
210690.0
210694.0
210700.0
210703.0
210705.0
210706.0
210711.0
210712.0
210715.0
210720.0
210724.0
210730.0
210733.0
210735.0
210736.0
210741.0
210742.0
210745.0
210750.0
210754.0
210761.0
210763.0
210765.0
210766.0
210771.0
210772.0
210775.0
210780.0
210784.0
210790.0
210793.0
210795.0
210796.0
210800.0
210801.0
210802.0
210805.0
210810.0
210814.0
210823.0
210826.0
210832.0
210835.0
210844.0
210853.0
210856.0
210862.0
210865.0
210874.0
210883.0
210886.0
210892.0
210895.0
210904.0
210913.0
210916.0
210922.0
210925.0
210934.0
210943.0
210946.0
210952.0
210955.0
210964.0
210973.0
210976.0
210982.0
210985.0
210994.0
211003.0
211006.0
211012.0
211015.0
211024.0
211028.0
211033.0
211036.0
211042.0
211045.0
211049.0
211054.0
211063.0
211066.0
211070.0
211072.0
211075.0
211084.0
211088.0
211091.0
211093.0
211096.0
211102.0
211105.0
211109.0
211112.0
211114.0
211123.0
211126.0
211130.0
211132.0
211133.0
211135.0
211144.0
211153.0
211156.0
211162.0
211165.0
211174.0
211183.0
211186.0
211192.0
211195.0
211204.0
211213.0
211216.0
211222.0
211225.0
211234.0
211243.0
211246.0
211252.0
211255.0
211264.0
211273.0
211276.0
211282.0
211285.0
211294.0
211303.0
211306.0
211312.0
211315.0
211324.0
211333.0
211336.0
211342.0
211343.0
211345.0
211354.0
211363.0
211364.0
211366.0
211372.0
211373.0
211375.0
211384.0
211385.0
211393.0
211394.0
211396.0
211402.0
211403.0
211405.0
211406.0
211414.0
211415.0
211423.0
211424.0
211426.0
211427.0
211432.0
211433.0
211435.0
211436.0
211444.0
211445.0
211453.0
211454.0
211456.0
211457.0
211462.0
211463.0
211465.0
211466.0
211474.0
211475.0
211483.0
211484.0
211486.0
211487.0
211492.0
211493.0
211495.0
211496.0
211504.0
211505.0
211513.0
211514.0
211516.0
211517.0
211522.0
211523.0
211525.0
211526.0
211534.0
211535.0
211543.0
211544.0
211546.0
211547.0
211552.0
211553.0
211555.0
211556.0
211564.0
211565.0
211573.0
211574.0
211576.0
211577.0
211582.0
211583.0
211585.0
211586.0
211594.0
211595.0
211603.0
211604.0
211606.0
211607.0
211612.0
211613.0
211615.0
211616.0
211624.0
211625.0
211628.0
211633.0
211634.0
211636.0
211637.0
211642.0
211643.0
211645.0
211646.0
211649.0
211654.0
211655.0
211663.0
211664.0
211666.0
211667.0
211670.0
211672.0
211673.0
211675.0
211676.0
211684.0
211685.0
211688.0
211693.0
211694.0
211696.0
211697.0
211702.0
211703.0
211705.0
211706.0
211709.0
211714.0
211715.0
211723.0
211724.0
211726.0
211727.0
211730.0
211732.0
211733.0
211735.0
211736.0
211744.0
211745.0
211753.0
211754.0
211756.0
211757.0
211762.0
211763.0
211765.0
211766.0
211774.0
211775.0
211783.0
211784.0
211786.0
211787.0
211792.0
211793.0
211795.0
211796.0
211804.0
211805.0
211813.0
211814.0
211816.0
211817.0
211822.0
211823.0
211825.0
211826.0
211834.0
211835.0
211843.0
211844.0
211846.0
211847.0
211852.0
211853.0
211855.0
211856.0
211864.0
211865.0
211873.0
211874.0
211876.0
211877.0
211882.0
211883.0
211885.0
211886.0
213400.0
213404.0
213407.0
213410.0
213412.0
213413.0
213415.0
213416.0
213420.0
213425.0
213428.0
213430.0
213434.0
213437.0
213440.0
213441.0
213443.0
213445.0
213446.0
213449.0
213450.0
213455.0
213460.0
213464.0
213467.0
213470.0
213471.0
213473.0
213476.0
213480.0
213485.0
213488.0
213490.0
213491.0
213494.0
213497.0
213500.0
213501.0
213503.0
213505.0
213506.0
213509.0
213510.0
213512.0
213515.0
213520.0
213524.0
213527.0
213530.0
213531.0
213533.0
213535.0
213536.0
213540.0
213545.0
213550.0
213554.0
213557.0
213560.0
213561.0
213563.0
213565.0
213566.0
213570.0
213575.0
213580.0
213584.0
213587.0
213590.0
213591.0
213593.0
213596.0
213600.0
213605.0
213610.0
213614.0
213617.0
213620.0
213622.0
213623.0
213625.0
213626.0
213630.0
213635.0
213640.0
213644.0
213647.0
213651.0
213653.0
213656.0
213660.0
213665.0
213670.0
213674.0
213677.0
213680.0
213681.0
213683.0
213685.0
213686.0
213691.0
213695.0
213700.0
213704.0
213707.0
213710.0
213711.0
213713.0
213716.0
213720.0
213725.0
213730.0
213734.0
213735.0
213737.0
213740.0
213741.0
213743.0
213746.0
213750.0
213755.0
213760.0
213764.0
213767.0
213770.0
213771.0
213773.0
213775.0
213776.0
213780.0
213785.0
213788.0
213790.0
213791.0
213794.0
213795.0
213797.0
213800.0
213801.0
213803.0
213805.0
213806.0
213810.0
213815.0
213820.0
213824.0
213827.0
213830.0
213831.0
213833.0
213835.0
213836.0
213840.0
213845.0
213850.0
213854.0
213857.0
213860.0
213861.0
213863.0
213864.0
213865.0
213866.0
213870.0
213875.0
213880.0
213884.0
213885.0
213887.0
213890.0
213891.0
213893.0
213894.0
213895.0
213896.0
213900.0
213905.0
213906.0
213910.0
213914.0
213915.0
213917.0
213920.0
213921.0
213923.0
213924.0
213925.0
213926.0
213927.0
213930.0
213935.0
213936.0
213940.0
213944.0
213945.0
213947.0
213948.0
213950.0
213951.0
213953.0
213954.0
213956.0
213957.0
213960.0
213965.0
213966.0
213970.0
213974.0
213975.0
213977.0
213978.0
213980.0
213981.0
213983.0
213984.0
213985.0
213986.0
213987.0
213990.0
213995.0
213996.0
214000.0
214004.0
214005.0
214007.0
214008.0
214010.0
214011.0
214013.0
214014.0
214015.0
214016.0
214017.0
214020.0
214025.0
214026.0
214028.0
214030.0
214034.0
214035.0
214037.0
214038.0
214040.0
214041.0
214043.0
214044.0
214045.0
214046.0
214047.0
214049.0
214050.0
214055.0
214056.0
214060.0
214064.0
214065.0
214067.0
214068.0
214070.0
214071.0
214073.0
214074.0
214076.0
214077.0
214080.0
214085.0
214086.0
214088.0
214090.0
214091.0
214094.0
214095.0
214097.0
214098.0
214100.0
214101.0
214103.0
214104.0
214105.0
214106.0
214107.0
214109.0
214110.0
214112.0
214115.0
214116.0
214120.0
214124.0
214125.0
214127.0
214128.0
214130.0
214131.0
214133.0
214134.0
214136.0
214137.0
214140.0
214145.0
214146.0
214150.0
214154.0
214155.0
214157.0
214158.0
214160.0
214161.0
214163.0
214164.0
214166.0
214167.0
214170.0
214175.0
214176.0
214180.0
214184.0
214185.0
214187.0
214188.0
214190.0
214191.0
214193.0
214194.0
214196.0
214197.0
214200.0
214205.0
214206.0
214210.0
214214.0
214215.0
214217.0
214218.0
214220.0
214221.0
214223.0
214224.0
214226.0
214227.0
214230.0
214235.0
214236.0
214240.0
214244.0
214245.0
214247.0
214248.0
214250.0
214251.0
214253.0
214254.0
214256.0
214257.0
214260.0
214265.0
214266.0
214270.0
214274.0
214275.0
214277.0
214278.0
214280.0
214281.0
214283.0
214284.0
214286.0
214287.0
214290.0
214295.0
214296.0
214300.0
214304.0
214305.0
214307.0
214308.0
214310.0
214311.0
214313.0
214314.0
214316.0
214317.0
214320.0
214325.0
214326.0
214330.0
214334.0
214335.0
214337.0
214338.0
214341.0
214343.0
214344.0
214346.0
214347.0
214350.0
214355.0
214356.0
214360.0
214364.0
214365.0
214367.0
214368.0
214370.0
214371.0
214373.0
214374.0
214375.0
214376.0
214377.0
214380.0
214385.0
214386.0
214388.0
214390.0
214391.0
214394.0
214395.0
214397.0
214398.0
214400.0
214401.0
214403.0
214404.0
214406.0
214407.0
214410.0
214415.0
214416.0
214420.0
214424.0
214425.0
214427.0
214428.0
214430.0
214431.0
214433.0
214434.0
214435.0
214436.0
214437.0
214440.0
214445.0
214446.0
214450.0
214454.0
214455.0
214457.0
214458.0
214460.0
214461.0
214463.0
214464.0
214466.0
214467.0
214470.0
214475.0
214476.0
214480.0
214484.0
214485.0
214487.0
214488.0
214490.0
214491.0
214493.0
214494.0
214496.0
214497.0
214500.0
214505.0
214506.0
214510.0
214514.0
214515.0
214517.0
214518.0
214520.0
214521.0
214523.0
214524.0
214526.0
214527.0
214530.0
214535.0
214536.0
214540.0
214544.0
214545.0
214547.0
214548.0
214550.0
214551.0
214553.0
214554.0
214556.0
214557.0
214560.0
214565.0
214566.0
214570.0
214574.0
214575.0
214577.0
214578.0
214580.0
214581.0
214583.0
214584.0
214586.0
214587.0
214590.0
214595.0
214596.0
214600.0
214604.0
214605.0
214607.0
214608.0
214610.0
214611.0
214614.0
214616.0
214617.0
214620.0
214625.0
214626.0
214628.0
214630.0
214635.0
214637.0
214638.0
214640.0
214641.0
214644.0
214646.0
214647.0
214649.0
214650.0
214656.0
214660.0
214665.0
214667.0
214668.0
214670.0
214671.0
214674.0
214677.0
214680.0
214686.0
214688.0
214690.0
214691.0
214695.0
214698.0
214700.0
214701.0
214703.0
214704.0
214707.0
214709.0
214710.0
214712.0
214716.0
214720.0
214724.0
214725.0
214728.0
214730.0
214731.0
214733.0
214734.0
214737.0
214740.0
214745.0
214746.0
214750.0
214755.0
214758.0
214760.0
214761.0
