0.0
60.0
61.0
72.0
73.0
120.0
132.0
133.0
180.0
192.0
240.0
241.0
252.0
253.0
254.0
294.0
295.0
300.0
301.0
312.0
313.0
314.0
360.0
372.0
374.0
420.0
421.0
426.0
433.0
434.0
480.0
481.0
492.0
493.0
494.0
540.0
541.0
552.0
553.0
554.0
600.0
601.0
613.0
614.0
660.0
661.0
673.0
674.0
720.0
727.0
728.0
733.0
734.0
792.0
793.0
794.0
823.0
843.0
852.0
854.0
855.0
900.0
914.0
960.0
974.0
1034.0
1035.0
1094.0
1154.0
1191.0
1192.0
1200.0
1212.0
1277.0
1325.0
1332.0
1333.0
1380.0
1393.0
1440.0
1441.0
1452.0
1500.0
1512.0
1513.0
1560.0
1572.0
1573.0
1620.0
1626.0
1632.0
1633.0
1634.0
1680.0
1692.0
1740.0
1752.0
1753.0
1800.0
1812.0
1814.0
1860.0
1872.0
1920.0
1932.0
1980.0
1992.0
2040.0
2052.0
2092.0
2100.0
2112.0
2113.0
2160.0
2172.0
2173.0
2220.0
2221.0
2224.0
2232.0
2233.0
2280.0
2281.0
2290.0
2291.0
2292.0
2340.0
2352.0
2353.0
2400.0
2412.0
2413.0
2422.0
2423.0
2424.0
2460.0
2472.0
2520.0
2532.0
2580.0
2592.0
2640.0
2652.0
2700.0
2712.0
2736.0
2738.0
2760.0
2772.0
2795.0
2797.0
2820.0
2827.0
2832.0
2834.0
2856.0
2857.0
2868.0
2887.0
2892.0
2893.0
2894.0
2916.0
2917.0
2927.0
2947.0
2952.0
2954.0
2976.0
2977.0
2989.0
3008.0
3013.0
3014.0
3037.0
3048.0
3067.0
3074.0
3096.0
3104.0
3108.0
3127.0
3133.0
3134.0
3155.0
3156.0
3164.0
3167.0
3186.0
3194.0
3215.0
3224.0
3228.0
3253.0
3254.0
3276.0
3277.0
3287.0
3305.0
3307.0
3314.0
3336.0
3337.0
3338.0
3344.0
3369.0
3373.0
3374.0
3376.0
3389.0
3395.0
3396.0
3397.0
3401.0
3424.0
3434.0
3449.0
3455.0
3456.0
3460.0
3484.0
3486.0
3493.0
3494.0
3506.0
3515.0
3517.0
3553.0
3554.0
3559.0
3576.0
3579.0
3589.0
3607.0
3614.0
3627.0
3628.0
3629.0
3637.0
3646.0
3647.0
3648.0
3666.0
3667.0
3674.0
3696.0
3704.0
3734.0
3793.0
3794.0
3854.0
3914.0
3915.0
3973.0
3974.0
3975.0
4034.0
4035.0
4080.0
4081.0
4092.0
4093.0
4094.0
4132.0
4135.0
4140.0
4141.0
4152.0
4153.0
4154.0
4192.0
4194.0
4195.0
4197.0
4200.0
4201.0
4213.0
4214.0
4245.0
4255.0
4260.0
4261.0
4273.0
4274.0
4312.0
4315.0
4320.0
4321.0
4324.0
4332.0
4334.0
4335.0
4372.0
4375.0
4380.0
4381.0
4393.0
4394.0
4432.0
4435.0
4437.0
4440.0
4452.0
4453.0
4454.0
4492.0
4500.0
4501.0
4502.0
4513.0
4514.0
4552.0
4555.0
4557.0
4561.0
4573.0
4574.0
4612.0
4615.0
4620.0
4621.0
4632.0
4634.0
4635.0
4672.0
4675.0
4680.0
4681.0
4693.0
4694.0
4732.0
4735.0
4737.0
4741.0
4754.0
4755.0
4795.0
4797.0
4803.0
4805.0
4813.0
4814.0
4855.0
4857.0
4861.0
4872.0
4873.0
4874.0
4876.0
4915.0
4917.0
4920.0
4921.0
4932.0
4933.0
4934.0
4935.0
4936.0
4972.0
4975.0
4980.0
4981.0
4992.0
4993.0
4994.0
4995.0
5035.0
5037.0
5040.0
5052.0
5054.0
5055.0
5095.0
5097.0
5101.0
5113.0
5114.0
5142.0
5145.0
5157.0
5163.0
5164.0
5165.0
5174.0
5175.0
5204.0
5212.0
5217.0
5222.0
5225.0
5227.0
5232.0
5233.0
5234.0
5235.0
5237.0
5238.0
5277.0
5280.0
5281.0
5292.0
5294.0
5296.0
5340.0
5341.0
5354.0
5355.0
5358.0
5359.0
5404.0
5405.0
5412.0
5413.0
5414.0
5460.0
5473.0
5474.0
5520.0
5521.0
5533.0
5534.0
5535.0
5537.0
5580.0
5593.0
5594.0
5597.0
5599.0
5640.0
5641.0
5652.0
5653.0
5662.0
5688.0
5700.0
5701.0
5702.0
5713.0
5714.0
5772.0
5774.0
5795.0
5796.0
5798.0
5821.0
5833.0
5834.0
5837.0
5838.0
5890.0
5891.0
5892.0
5894.0
5928.0
5930.0
5940.0
5960.0
6000.0
6002.0
6022.0
6023.0
6060.0
6061.0
6120.0
6121.0
6133.0
6134.0
6180.0
6181.0
6192.0
6193.0
6252.0
6253.0
6307.0
6312.0
6313.0
6368.0
6369.0
6540.0
6552.0
6586.0
6607.0
6660.0
6719.0
6780.0
6786.0
6787.0
6788.0
6818.0
6847.0
6848.0
6877.0
6906.0
6907.0
6966.0
6967.0
6973.0
6975.0
6983.0
6986.0
6996.0
6998.0
7011.0
7033.0
7041.0
7043.0
7055.0
7057.0
7094.0
7095.0
7096.0
7130.0
7133.0
7142.0
7223.0
7226.0
7228.0
7229.0
7237.0
7244.0
7245.0
7263.0
7264.0
7296.0
7297.0
7299.0
7356.0
7357.0
7358.0
7394.0
7395.0
7397.0
7417.0
7428.0
7454.0
7476.0
7477.0
7478.0
7483.0
7514.0
7517.0
7521.0
7573.0
7574.0
7594.0
7633.0
7634.0
7636.0
7673.0
7674.0
7696.0
7697.0
7705.0
7714.0
7716.0
7753.0
7754.0
7813.0
7814.0
7873.0
7882.0
7883.0
7884.0
7888.0
7920.0
7964.0
7979.0
7993.0
7997.0
7998.0
8053.0
8054.0
8114.0
8174.0
8175.0
8211.0
8212.0
8214.0
8215.0
8217.0
8220.0
8221.0
8232.0
8233.0
8234.0
8271.0
8272.0
8275.0
8276.0
8280.0
8281.0
8293.0
8294.0
8297.0
8331.0
8333.0
8334.0
8335.0
8340.0
8341.0
8352.0
8353.0
8354.0
8385.0
8391.0
8395.0
8396.0
8400.0
8401.0
8413.0
8414.0
8451.0
8453.0
8454.0
8455.0
8456.0
8460.0
8461.0
8473.0
8474.0
8475.0
8513.0
8515.0
8516.0
8517.0
8520.0
8521.0
8532.0
8533.0
8534.0
8564.0
8571.0
8575.0
8580.0
8581.0
8592.0
8593.0
8594.0
8632.0
8635.0
8641.0
8653.0
8654.0
8692.0
8700.0
8701.0
8705.0
8706.0
8713.0
8714.0
8740.0
8741.0
8755.0
8760.0
8761.0
8772.0
8773.0
8774.0
8814.0
8815.0
8816.0
8818.0
8819.0
8820.0
8821.0
8833.0
8834.0
8835.0
8875.0
8876.0
8880.0
8881.0
8893.0
8894.0
8931.0
8935.0
8936.0
8940.0
8941.0
8953.0
8954.0
8995.0
8996.0
9001.0
9013.0
9044.0
9055.0
9056.0
9057.0
9060.0
9061.0
9073.0
9074.0
9075.0
9114.0
9115.0
9116.0
9120.0
9121.0
9132.0
9133.0
9134.0
9135.0
9175.0
9176.0
9180.0
9181.0
9193.0
9194.0
9235.0
9236.0
9241.0
9242.0
9252.0
9253.0
9254.0
9284.0
9296.0
9301.0
9313.0
9314.0
9356.0
9360.0
9361.0
9373.0
9374.0
9416.0
9417.0
9420.0
9433.0
9434.0
9435.0
9480.0
9481.0
9490.0
9491.0
9493.0
9494.0
9541.0
9552.0
9553.0
9554.0
9600.0
9601.0
9613.0
9614.0
9622.0
9623.0
9661.0
9673.0
9675.0
9717.0
9718.0
9721.0
9733.0
9781.0
9793.0
9794.0
9795.0
9854.0
9884.0
9913.0
9914.0
9915.0
9923.0
9924.0
9925.0
9960.0
9961.0
9973.0
9974.0
9975.0
10020.0
10021.0
10033.0
10034.0
10080.0
10081.0
10093.0
10140.0
10141.0
10152.0
10153.0
10183.0
10200.0
10201.0
10213.0
10261.0
10273.0
10315.0
10321.0
10333.0
10380.0
10381.0
10393.0
10440.0
10441.0
10453.0
10500.0
10501.0
10513.0
10560.0
10561.0
10573.0
10621.0
10633.0
10681.0
10693.0
10741.0
10752.0
10753.0
10800.0
10813.0
10861.0
10872.0
10873.0
10920.0
10921.0
10932.0
10933.0
10939.0
10969.0
10980.0
10981.0
10987.0
10992.0
10993.0
10994.0
10995.0
11018.0
11048.0
11053.0
11054.0
11055.0
11061.0
11091.0
11108.0
11113.0
11114.0
11124.0
11138.0
11150.0
11168.0
11205.0
11226.0
11227.0
11234.0
11235.0
11244.0
11257.0
11258.0
11294.0
11306.0
11316.0
11328.0
11333.0
11334.0
11347.0
11354.0
11355.0
11359.0
11403.0
11405.0
11407.0
11414.0
11415.0
11432.0
11467.0
11468.0
11474.0
11475.0
11479.0
11480.0
11516.0
11523.0
11527.0
11538.0
11539.0
11540.0
11575.0
11588.0
11597.0
11598.0
11600.0
11618.0
11619.0
11628.0
11648.0
11684.0
11714.0
11719.0
11720.0
11767.0
11768.0
11797.0
11834.0
11839.0
11840.0
11869.0
11954.0
12074.0
12134.0
12135.0
12194.0
12195.0
12254.0
12270.0
12294.0
12300.0
12301.0
12312.0
12313.0
12314.0
12335.0
12336.0
12360.0
12373.0
12374.0
12375.0
12414.0
12415.0
12416.0
12417.0
12420.0
12421.0
12432.0
12433.0
12434.0
12435.0
12475.0
12480.0
12493.0
12494.0
12524.0
12535.0
12540.0
12552.0
12553.0
12554.0
12555.0
12601.0
12612.0
12613.0
12644.0
12655.0
12661.0
12673.0
12674.0
12721.0
12734.0
12775.0
12781.0
12793.0
12794.0
12824.0
12841.0
12853.0
12854.0
12880.0
12892.0
12897.0
12901.0
12913.0
12914.0
12956.0
12957.0
12960.0
12961.0
12973.0
12974.0
13012.0
13015.0
13017.0
13021.0
13033.0
13034.0
13035.0
13075.0
13077.0
13080.0
13090.0
13091.0
13093.0
13095.0
13135.0
13137.0
13141.0
13153.0
13154.0
13155.0
13194.0
13195.0
13197.0
13201.0
13204.0
13212.0
13213.0
13214.0
13222.0
13223.0
13236.0
13237.0
13252.0
13255.0
13257.0
13260.0
13261.0
13272.0
13273.0
13275.0
13314.0
13315.0
13317.0
13321.0
13333.0
13334.0
13335.0
13337.0
13375.0
13377.0
13380.0
13381.0
13393.0
13394.0
13395.0
13432.0
13437.0
13440.0
13441.0
13453.0
13484.0
13492.0
13497.0
13500.0
13501.0
13513.0
13514.0
13523.0
13524.0
13543.0
13560.0
13561.0
13573.0
13574.0
13575.0
13620.0
13621.0
13633.0
13634.0
13638.0
13680.0
13681.0
13693.0
13694.0
13695.0
13740.0
13741.0
13753.0
13754.0
13755.0
13779.0
13801.0
13813.0
13814.0
13815.0
13861.0
13873.0
13874.0
13875.0
13911.0
13920.0
13921.0
13933.0
13934.0
13935.0
13980.0
13981.0
13993.0
13994.0
13995.0
14041.0
14053.0
14054.0
14055.0
14101.0
14113.0
14114.0
14115.0
14161.0
14173.0
14221.0
14222.0
14224.0
14225.0
14233.0
14235.0
14236.0
14280.0
14281.0
14282.0
14283.0
14293.0
14340.0
14341.0
14354.0
14355.0
14357.0
14358.0
14366.0
14367.0
14368.0
14369.0
14400.0
14401.0
14413.0
14415.0
14460.0
14461.0
14473.0
14520.0
14521.0
14533.0
14581.0
14593.0
14640.0
14641.0
14653.0
14678.0
14700.0
14701.0
14713.0
14760.0
14761.0
14773.0
14810.0
14821.0
14822.0
14833.0
14834.0
14883.0
14893.0
14940.0
14953.0
14954.0
15000.0
15001.0
15015.0
15016.0
15060.0
15073.0
15074.0
15075.0
15081.0
15098.0
15104.0
15111.0
15122.0
15133.0
15134.0
15135.0
15156.0
15157.0
15167.0
15171.0
15187.0
15193.0
15194.0
15195.0
15215.0
15217.0
15218.0
15247.0
15254.0
15255.0
15256.0
15278.0
15307.0
15316.0
15317.0
15337.0
15367.0
15374.0
15382.0
15398.0
15428.0
15434.0
15435.0
15456.0
15457.0
15458.0
15488.0
15494.0
15520.0
15546.0
15553.0
15554.0
15557.0
15561.0
15569.0
15572.0
15576.0
15577.0
15578.0
15579.0
15580.0
15582.0
15590.0
15591.0
15608.0
15611.0
15614.0
15615.0
15637.0
15638.0
15667.0
15671.0
15674.0
15675.0
15697.0
15698.0
15699.0
15701.0
15728.0
15734.0
15735.0
15742.0
15764.0
15794.0
15795.0
15796.0
15818.0
15819.0
15842.0
15848.0
15854.0
15855.0
15876.0
15889.0
15908.0
15914.0
15915.0
15916.0
15935.0
15947.0
15974.0
15975.0
15977.0
15978.0
16010.0
16011.0
16034.0
16035.0
16036.0
16037.0
16124.0
16154.0
16216.0
16219.0
16220.0
16222.0
16274.0
16275.0
16334.0
16335.0
16373.0
16375.0
16376.0
16378.0
16380.0
16381.0
16393.0
16394.0
16395.0
16435.0
16436.0
16441.0
16442.0
16453.0
16454.0
16455.0
16476.0
16495.0
16496.0
16500.0
16501.0
16513.0
16514.0
16515.0
16553.0
16554.0
16555.0
16556.0
16560.0
16561.0
16573.0
16574.0
16575.0
16608.0
16609.0
16615.0
16616.0
16621.0
16633.0
16634.0
16635.0
16675.0
16676.0
16680.0
16681.0
16690.0
16691.0
16692.0
16693.0
16724.0
16735.0
16736.0
16740.0
16741.0
16753.0
16754.0
16755.0
16795.0
16796.0
16797.0
16800.0
16801.0
16802.0
16814.0
16815.0
16822.0
16823.0
16824.0
16830.0
16831.0
16844.0
16855.0
16856.0
16860.0
16862.0
16873.0
16874.0
16875.0
16876.0
16909.0
16910.0
16911.0
16912.0
16914.0
16915.0
16916.0
16920.0
16921.0
16922.0
16923.0
16924.0
16928.0
16934.0
16935.0
16940.0
16945.0
16975.0
16976.0
16980.0
16981.0
16982.0
16987.0
16993.0
16994.0
16995.0
17002.0
17009.0
17011.0
17022.0
17024.0
17025.0
17026.0
17033.0
17035.0
17037.0
17038.0
17039.0
17040.0
17041.0
17044.0
17045.0
17046.0
17047.0
17048.0
17049.0
17051.0
17052.0
17053.0
17054.0
17055.0
17056.0
17064.0
17065.0
17066.0
17071.0
17072.0
17077.0
17095.0
17096.0
17101.0
17109.0
17114.0
17115.0
17116.0
17124.0
17125.0
17126.0
17134.0
17141.0
17143.0
17155.0
17156.0
17158.0
17160.0
17161.0
17168.0
17174.0
17175.0
17176.0
17179.0
17180.0
17182.0
17183.0
17184.0
17189.0
17197.0
17198.0
17215.0
17216.0
17220.0
17222.0
17233.0
17234.0
17235.0
17236.0
17275.0
17276.0
17280.0
17281.0
17293.0
17295.0
17296.0
17334.0
17335.0
17336.0
17340.0
17341.0
17345.0
17346.0
17348.0
17349.0
17354.0
17355.0
17356.0
17357.0
17362.0
17367.0
17375.0
17379.0
17384.0
17395.0
17396.0
17400.0
17401.0
17402.0
17410.0
17413.0
17421.0
17427.0
17443.0
17445.0
17446.0
17455.0
17456.0
17459.0
17460.0
17461.0
17469.0
17471.0
17472.0
17473.0
17474.0
17475.0
17477.0
17480.0
17482.0
17484.0
17485.0
17489.0
17491.0
17498.0
17504.0
17507.0
17508.0
17516.0
17520.0
17522.0
17533.0
17534.0
17535.0
17581.0
17593.0
17594.0
17595.0
17641.0
17653.0
17655.0
17656.0
17701.0
17707.0
17713.0
17714.0
17715.0
17760.0
17762.0
17774.0
17805.0
17808.0
17809.0
17821.0
17833.0
17834.0
17835.0
17840.0
17881.0
17894.0
17895.0
17940.0
17941.0
17953.0
17954.0
17955.0
17956.0
18000.0
18013.0
18014.0
18015.0
18060.0
18073.0
18074.0
18075.0
18120.0
18121.0
18133.0
18141.0
18181.0
18192.0
18193.0
18194.0
18196.0
18197.0
18241.0
18242.0
18252.0
18253.0
18274.0
18300.0
18312.0
18313.0
18314.0
18342.0
18343.0
18360.0
18361.0
18362.0
18372.0
18373.0
18374.0
18402.0
18406.0
18420.0
18421.0
18425.0
18426.0
18428.0
18430.0
18431.0
18432.0
18433.0
18475.0
18480.0
18482.0
18494.0
18495.0
18505.0
18534.0
18540.0
18541.0
18553.0
18554.0
18557.0
18563.0
18586.0
18601.0
18613.0
18614.0
18660.0
18661.0
18662.0
18672.0
18673.0
18720.0
18733.0
18781.0
18793.0
18841.0
18852.0
18853.0
18900.0
18913.0
18960.0
18972.0
18973.0
18986.0
18987.0
18988.0
18997.0
19032.0
19033.0
19116.0
19117.0
19118.0
19119.0
19120.0
19140.0
19148.0
19173.0
19176.0
19177.0
19178.0
19179.0
19200.0
19201.0
19212.0
19238.0
19239.0
19240.0
19268.0
19270.0
19273.0
19274.0
19275.0
19296.0
19298.0
19305.0
19333.0
19334.0
19357.0
19363.0
19394.0
19419.0
19421.0
19422.0
19448.0
19449.0
19454.0
19478.0
19514.0
19536.0
19539.0
19540.0
19571.0
19572.0
19574.0
19575.0
19596.0
19597.0
19607.0
19622.0
19630.0
19634.0
19635.0
19652.0
19656.0
19660.0
19662.0
19680.0
19682.0
19683.0
19687.0
19695.0
19699.0
19711.0
19717.0
19718.0
19719.0
19720.0
19724.0
19728.0
19730.0
19733.0
19740.0
19755.0
19775.0
19776.0
19777.0
19778.0
19780.0
19781.0
19783.0
19787.0
19811.0
19815.0
19837.0
19838.0
19839.0
19874.0
19875.0
19897.0
19898.0
19899.0
19933.0
19935.0
19957.0
19958.0
19963.0
19965.0
19994.0
19995.0
20022.0
20049.0
20078.0
20114.0
20115.0
20174.0
20175.0
20234.0
20235.0
20294.0
20295.0
20354.0
20355.0
20415.0
20460.0
20461.0
20473.0
20475.0
20505.0
20506.0
20515.0
20516.0
20521.0
20533.0
20534.0
20535.0
20575.0
20576.0
20580.0
20581.0
20593.0
20595.0
20634.0
20635.0
20636.0
20641.0
20653.0
20685.0
20695.0
20696.0
20701.0
20713.0
20715.0
20724.0
20725.0
20755.0
20756.0
20761.0
20773.0
20775.0
20814.0
20816.0
20820.0
20821.0
20835.0
20874.0
20876.0
20880.0
20881.0
20893.0
20895.0
20934.0
20936.0
20940.0
20941.0
20953.0
20955.0
20971.0
20994.0
20996.0
21000.0
21001.0
21013.0
21014.0
21015.0
21054.0
21056.0
21060.0
21061.0
21073.0
21075.0
21103.0
21112.0
21114.0
21120.0
21121.0
21133.0
21134.0
21135.0
21165.0
21175.0
21177.0
21180.0
21181.0
21193.0
21195.0
21235.0
21237.0
21240.0
21241.0
21253.0
21285.0
21296.0
21297.0
21301.0
21313.0
21314.0
21315.0
21325.0
21327.0
21357.0
21361.0
21373.0
21375.0
21405.0
21413.0
21415.0
21417.0
21421.0
21433.0
21435.0
21476.0
21477.0
21481.0
21493.0
21494.0
21495.0
21537.0
21540.0
21541.0
21542.0
21543.0
21544.0
21545.0
21547.0
21553.0
21555.0
21597.0
21601.0
21613.0
21615.0
21657.0
21660.0
21661.0
21662.0
21673.0
21674.0
21675.0
21720.0
21721.0
21725.0
21726.0
21733.0
21734.0
21735.0
21780.0
21781.0
21793.0
21794.0
21795.0
21840.0
21841.0
21853.0
21854.0
21855.0
21858.0
21870.0
21900.0
21901.0
21913.0
21914.0
21915.0
21960.0
21961.0
21973.0
21975.0
22003.0
22020.0
22021.0
22033.0
22034.0
22035.0
22080.0
22081.0
22093.0
22095.0
22096.0
22140.0
22141.0
22153.0
22154.0
22155.0
22156.0
22160.0
22201.0
22213.0
22214.0
22215.0
22260.0
22261.0
22273.0
22274.0
22275.0
22303.0
22304.0
22320.0
22333.0
22334.0
22335.0
22380.0
22381.0
22393.0
22440.0
22453.0
22500.0
22501.0
22513.0
22560.0
22561.0
22573.0
22620.0
22621.0
22633.0
22681.0
22693.0
22740.0
22753.0
22768.0
22769.0
22800.0
22813.0
22861.0
22873.0
22901.0
22920.0
22933.0
22980.0
22981.0
22993.0
23040.0
23041.0
23053.0
23100.0
23101.0
23113.0
23160.0
23161.0
23173.0
23220.0
23233.0
23258.0
23259.0
23272.0
23280.0
23281.0
23289.0
23293.0
23294.0
23295.0
23302.0
23317.0
23318.0
23353.0
23354.0
23355.0
23377.0
23378.0
23407.0
23408.0
23413.0
23414.0
23415.0
23437.0
23442.0
23443.0
23473.0
23474.0
23475.0
23499.0
23502.0
23535.0
23554.0
23558.0
23584.0
23594.0
23595.0
23613.0
23617.0
23654.0
23655.0
23676.0
23677.0
23678.0
23715.0
23737.0
23738.0
23768.0
23774.0
23775.0
23797.0
23798.0
23834.0
23835.0
23857.0
23858.0
23888.0
23895.0
23917.0
23918.0
23948.0
23954.0
23955.0
23977.0
23978.0
24008.0
24015.0
24037.0
24038.0
24066.0
24075.0
24076.0
24096.0
24097.0
24098.0
24102.0
24103.0
24125.0
24128.0
24135.0
24157.0
24195.0
24231.0
24255.0
24314.0
24324.0
24325.0
24375.0
24376.0
24434.0
24435.0
24436.0
24494.0
24495.0
24554.0
24555.0
24556.0
24567.0
24583.0
24595.0
24597.0
24601.0
24613.0
24614.0
24615.0
24655.0
24656.0
24660.0
24661.0
24673.0
24699.0
24705.0
24715.0
24716.0
24717.0
24720.0
24721.0
24733.0
24735.0
24775.0
24776.0
24777.0
24780.0
24781.0
24793.0
24794.0
24795.0
24828.0
24836.0
24840.0
24841.0
24853.0
24855.0
24895.0
24896.0
24897.0
24901.0
24913.0
24914.0
24915.0
24920.0
24921.0
24955.0
24957.0
24961.0
24973.0
24975.0
25001.0
25015.0
25016.0
25021.0
25033.0
25035.0
25051.0
25075.0
25077.0
25081.0
25093.0
25095.0
25096.0
25130.0
25135.0
25136.0
25137.0
25140.0
25141.0
25142.0
25143.0
25145.0
25147.0
25153.0
25155.0
25195.0
25197.0
25201.0
25213.0
25215.0
25255.0
25256.0
25260.0
25261.0
25273.0
25275.0
25315.0
25316.0
25322.0
25333.0
25335.0
25375.0
25376.0
25381.0
25393.0
25395.0
25425.0
25435.0
25436.0
25440.0
25441.0
25454.0
25455.0
25466.0
25467.0
25495.0
25496.0
25500.0
25501.0
25513.0
25514.0
25515.0
25555.0
25556.0
25560.0
25561.0
25573.0
25575.0
25615.0
25616.0
25621.0
25633.0
25635.0
25675.0
25676.0
25680.0
25681.0
25693.0
25695.0
25736.0
25741.0
25754.0
25756.0
25796.0
25813.0
25814.0
25815.0
25816.0
25860.0
25861.0
25874.0
25875.0
25900.0
25901.0
25921.0
25933.0
25934.0
25935.0
25959.0
25981.0
25993.0
25995.0
26041.0
26053.0
26054.0
26055.0
26056.0
26101.0
26113.0
26114.0
26115.0
26161.0
26173.0
26174.0
26175.0
26176.0
26221.0
26233.0
26234.0
26235.0
26281.0
26293.0
26295.0
26296.0
26341.0
26353.0
26354.0
26355.0
26364.0
26365.0
26401.0
26415.0
26461.0
26473.0
26474.0
26521.0
26533.0
26534.0
26581.0
26582.0
26593.0
26641.0
26653.0
26701.0
26713.0
26714.0
26715.0
26773.0
26821.0
26833.0
26834.0
26881.0
26893.0
26894.0
26941.0
26953.0
26954.0
27001.0
27013.0
27014.0
27061.0
27073.0
27074.0
27121.0
27133.0
27134.0
27181.0
27193.0
27194.0
27241.0
27253.0
27264.0
27301.0
27313.0
27314.0
27335.0
27336.0
27361.0
27373.0
27375.0
27394.0
27397.0
27398.0
27433.0
27435.0
27456.0
27457.0
27493.0
27495.0
27517.0
27518.0
27519.0
27549.0
27555.0
27577.0
27578.0
27607.0
27608.0
27616.0
27642.0
27643.0
27668.0
27672.0
27674.0
27675.0
27697.0
27698.0
27699.0
27700.0
27729.0
27735.0
27754.0
27755.0
27784.0
27795.0
27814.0
27844.0
27846.0
27855.0
27856.0
27876.0
27878.0
27879.0
27915.0
27924.0
27925.0
27926.0
27936.0
27966.0
27975.0
27997.0
27998.0
28028.0
28035.0
28036.0
28056.0
28057.0
28086.0
28095.0
28117.0
28118.0
28148.0
28155.0
28178.0
28208.0
28215.0
28237.0
28274.0
28275.0
28335.0
28395.0
28396.0
28455.0
28515.0
28575.0
28596.0
28597.0
28635.0
28636.0
28651.0
28663.0
28675.0
28676.0
28681.0
28693.0
28694.0
28695.0
28736.0
28741.0
28742.0
28743.0
28744.0
28745.0
28746.0
28753.0
28754.0
28755.0
28795.0
28796.0
28801.0
28814.0
28815.0
28855.0
28856.0
28861.0
28873.0
28874.0
28875.0
28915.0
28916.0
28921.0
28933.0
28934.0
28935.0
28975.0
28976.0
28981.0
28993.0
28994.0
28995.0
29035.0
29036.0
29041.0
29053.0
29054.0
29055.0
29061.0
29062.0
29095.0
29096.0
29101.0
29113.0
29114.0
29115.0
29155.0
29156.0
29161.0
29173.0
29174.0
29175.0
29215.0
29216.0
29221.0
29233.0
29235.0
29275.0
29276.0
29281.0
29293.0
29295.0
29335.0
29336.0
29341.0
29353.0
29355.0
29395.0
29396.0
29401.0
29413.0
29414.0
29415.0
29416.0
29420.0
29455.0
29456.0
29461.0
29473.0
29475.0
29496.0
29515.0
29516.0
29521.0
29533.0
29535.0
29575.0
29576.0
29581.0
29593.0
29595.0
29635.0
29636.0
29641.0
29654.0
29655.0
29694.0
29695.0
29696.0
29701.0
29715.0
29757.0
29761.0
29774.0
29775.0
29816.0
29821.0
29833.0
29835.0
29881.0
29893.0
29894.0
29895.0
29941.0
29954.0
29955.0
29961.0
30001.0
30013.0
30014.0
30015.0
30061.0
30074.0
30075.0
30093.0
30121.0
30133.0
30134.0
30135.0
30136.0
30181.0
30193.0
30194.0
30195.0
30241.0
30242.0
30253.0
30254.0
30255.0
30301.0
30314.0
30315.0
30316.0
30361.0
30374.0
30375.0
30394.0
30395.0
30421.0
30433.0
30434.0
30435.0
30436.0
30481.0
30493.0
30494.0
30495.0
30541.0
30553.0
30554.0
30601.0
30613.0
30614.0
30661.0
30673.0
30674.0
30721.0
30733.0
30734.0
30781.0
30793.0
30794.0
30841.0
30854.0
30860.0
30901.0
30913.0
30914.0
30961.0
30974.0
30992.0
31021.0
31033.0
31034.0
31081.0
31089.0
31090.0
31093.0
31094.0
31141.0
31154.0
31201.0
31213.0
31214.0
31222.0
31223.0
31261.0
31274.0
31321.0
31334.0
31381.0
31420.0
31421.0
31441.0
31451.0
31454.0
31455.0
31478.0
31514.0
31515.0
31524.0
31538.0
31539.0
31540.0
31574.0
31575.0
31598.0
31599.0
31628.0
31635.0
31659.0
31689.0
31695.0
31696.0
31717.0
31718.0
31748.0
31755.0
31778.0
31815.0
31839.0
31875.0
31876.0
31901.0
31931.0
31935.0
31958.0
31959.0
31960.0
31988.0
31995.0
31996.0
32032.0
32055.0
32062.0
32072.0
32115.0
32116.0
32125.0
32126.0
32127.0
32131.0
32144.0
32156.0
32174.0
32175.0
32185.0
32186.0
32193.0
32202.0
32219.0
32235.0
32236.0
32249.0
32295.0
32296.0
32355.0
32356.0
32415.0
32416.0
32475.0
32476.0
32535.0
32595.0
32596.0
32655.0
32715.0
32716.0
32755.0
32756.0
32761.0
32773.0
32774.0
32775.0
32791.0
32815.0
32817.0
32821.0
32833.0
32834.0
32835.0
32836.0
32876.0
32881.0
32893.0
32895.0
32896.0
32935.0
32936.0
32941.0
32953.0
32954.0
32955.0
32956.0
32995.0
32996.0
32997.0
33001.0
33011.0
33013.0
33014.0
33015.0
33016.0
33055.0
33057.0
33061.0
33073.0
33074.0
33075.0
33076.0
33091.0
33092.0
33115.0
33116.0
33121.0
33133.0
33134.0
33135.0
33136.0
33175.0
33176.0
33181.0
33193.0
33194.0
33195.0
33235.0
33236.0
33241.0
33253.0
33255.0
33295.0
33296.0
33301.0
33313.0
33314.0
33315.0
33355.0
33357.0
33361.0
33373.0
33374.0
33375.0
33415.0
33416.0
33421.0
33433.0
33435.0
33475.0
33476.0
33481.0
33493.0
33494.0
33495.0
33535.0
33536.0
33541.0
33553.0
33555.0
33557.0
33595.0
33596.0
33601.0
33613.0
33615.0
33655.0
33656.0
33661.0
33673.0
33675.0
33689.0
33715.0
33716.0
33721.0
33733.0
33734.0
33735.0
33775.0
33776.0
33781.0
33793.0
33794.0
33795.0
33836.0
33841.0
33853.0
33855.0
33857.0
33896.0
33901.0
33913.0
33914.0
33915.0
33956.0
33961.0
33973.0
33974.0
33975.0
33991.0
34021.0
34033.0
34034.0
34035.0
34081.0
34094.0
34095.0
34141.0
34153.0
34155.0
34201.0
34213.0
34214.0
34215.0
34216.0
34261.0
34273.0
34274.0
34275.0
34276.0
34321.0
34333.0
34334.0
34335.0
34336.0
34381.0
34393.0
34395.0
34441.0
34453.0
34454.0
34455.0
34456.0
34501.0
34513.0
34514.0
34515.0
34561.0
34573.0
34574.0
34575.0
34589.0
34621.0
34633.0
34634.0
34635.0
34681.0
34690.0
34691.0
34693.0
34694.0
34741.0
34753.0
34801.0
34813.0
34814.0
34822.0
34823.0
34824.0
34861.0
34873.0
34921.0
34933.0
34981.0
34993.0
34994.0
35041.0
35053.0
35054.0
35101.0
35113.0
35161.0
35173.0
35221.0
35223.0
35233.0
35281.0
35293.0
35294.0
35341.0
35354.0
35355.0
35401.0
35402.0
35413.0
35414.0
35461.0
35474.0
35487.0
35521.0
35522.0
35530.0
35534.0
35558.0
35582.0
35583.0
35594.0
35595.0
35617.0
35623.0
35653.0
35654.0
35656.0
35658.0
35680.0
35691.0
35715.0
35740.0
35743.0
35744.0
35762.0
35775.0
35776.0
35777.0
35789.0
35800.0
35801.0
35806.0
35816.0
35832.0
35833.0
35836.0
35860.0
35861.0
35895.0
35899.0
35918.0
35919.0
35920.0
35927.0
35928.0
35956.0
35972.0
35973.0
35974.0
35983.0
35984.0
35985.0
35992.0
36010.0
36016.0
36017.0
36042.0
36044.0
36045.0
36074.0
36075.0
36076.0
36101.0
36102.0
36133.0
36135.0
36136.0
36159.0
36162.0
36191.0
36195.0
36196.0
36219.0
36220.0
36253.0
36254.0
36255.0
36256.0
36277.0
36278.0
36283.0
36315.0
36316.0
36343.0
36345.0
36346.0
36355.0
36375.0
36376.0
36385.0
36406.0
36408.0
36414.0
36435.0
36436.0
36495.0
36496.0
36555.0
36556.0
36615.0
36616.0
36675.0
36676.0
36688.0
36689.0
36735.0
36736.0
36795.0
36796.0
36854.0
36855.0
36856.0
36871.0
36895.0
36896.0
36901.0
36902.0
36914.0
36916.0
36955.0
36956.0
36961.0
36962.0
36974.0
36976.0
37015.0
37016.0
37021.0
37034.0
37035.0
37036.0
37075.0
37076.0
37081.0
37082.0
37094.0
37096.0
37135.0
37136.0
37141.0
37142.0
37152.0
37153.0
37154.0
37156.0
37195.0
37196.0
37201.0
37202.0
37213.0
37214.0
37216.0
37255.0
37256.0
37262.0
37274.0
37275.0
37276.0
37285.0
37315.0
37316.0
37321.0
37334.0
37336.0
37375.0
37381.0
37382.0
37394.0
37395.0
37396.0
37435.0
37436.0
37441.0
37442.0
37454.0
37455.0
37456.0
37495.0
37496.0
37501.0
37502.0
37510.0
37514.0
37515.0
37516.0
37555.0
37556.0
37561.0
37562.0
37574.0
37575.0
37576.0
37587.0
37615.0
37616.0
37621.0
37622.0
37634.0
37636.0
37675.0
37676.0
37681.0
37694.0
37695.0
37696.0
37735.0
37736.0
37741.0
37753.0
37754.0
37755.0
37756.0
37796.0
37801.0
37802.0
37814.0
37815.0
37816.0
37854.0
37856.0
37861.0
37862.0
37874.0
37875.0
37876.0
37916.0
37921.0
37922.0
37934.0
37935.0
37936.0
37976.0
37981.0
37982.0
37994.0
37995.0
37996.0
38036.0
38041.0
38042.0
38051.0
38052.0
38054.0
38055.0
38056.0
38102.0
38114.0
38115.0
38116.0
38161.0
38162.0
38174.0
38175.0
38176.0
38185.0
38221.0
38222.0
38234.0
38235.0
38236.0
38281.0
38290.0
38291.0
38292.0
38294.0
38295.0
38296.0
38341.0
38354.0
38356.0
38401.0
38413.0
38414.0
38415.0
38416.0
38423.0
38424.0
38461.0
38474.0
38475.0
38476.0
38487.0
38521.0
38533.0
38534.0
38536.0
38581.0
38593.0
38594.0
38595.0
38596.0
38641.0
38653.0
38654.0
38655.0
38656.0
38701.0
38713.0
38714.0
38715.0
38716.0
38725.0
38726.0
38761.0
38773.0
38774.0
38821.0
38822.0
38823.0
38833.0
38834.0
38881.0
38894.0
38942.0
38950.0
38951.0
38954.0
39002.0
39014.0
39061.0
39062.0
39074.0
39083.0
39122.0
39134.0
39182.0
39194.0
39241.0
39254.0
39301.0
39302.0
39314.0
39361.0
39374.0
39421.0
39422.0
39434.0
39481.0
39541.0
39553.0
39554.0
39601.0
39614.0
39623.0
39625.0
39661.0
39666.0
39673.0
39674.0
39676.0
39683.0
39684.0
39697.0
39716.0
39724.0
39725.0
39733.0
39736.0
39746.0
39775.0
39794.0
39796.0
39802.0
39831.0
39855.0
39856.0
39884.0
39886.0
39913.0
39915.0
39916.0
39940.0
39942.0
39970.0
39971.0
39975.0
39976.0
39995.0
39999.0
40001.0
40029.0
40030.0
40031.0
40035.0
40036.0
40060.0
40096.0
40115.0
40117.0
40125.0
40126.0
40155.0
40156.0
40169.0
40170.0
40186.0
40189.0
40199.0
40212.0
40215.0
40216.0
40233.0
40257.0
40261.0
40276.0
40284.0
40285.0
40331.0
40332.0
40336.0
40396.0
40451.0
40452.0
40456.0
40515.0
40516.0
40549.0
40551.0
40576.0
40577.0
40635.0
40636.0
40696.0
40756.0
40816.0
40875.0
40876.0
40936.0
40951.0
40964.0
40975.0
40977.0
40981.0
40993.0
40994.0
40996.0
41036.0
41037.0
41041.0
41053.0
41054.0
41056.0
41095.0
41097.0
41101.0
41105.0
41107.0
41113.0
41114.0
41116.0
41155.0
41157.0
41161.0
41174.0
41175.0
41176.0
41183.0
41215.0
41217.0
41221.0
41223.0
41233.0
41234.0
41235.0
41236.0
41275.0
41277.0
41281.0
41293.0
41294.0
41295.0
41296.0
41335.0
41337.0
41341.0
41354.0
41355.0
41356.0
41395.0
41396.0
41397.0
41400.0
41401.0
41414.0
41415.0
41416.0
41455.0
41457.0
41461.0
41462.0
41473.0
41474.0
41475.0
41476.0
41515.0
41516.0
41521.0
41522.0
41534.0
41535.0
41536.0
41575.0
41576.0
41581.0
41593.0
41594.0
41595.0
41596.0
41635.0
41641.0
41642.0
41647.0
41648.0
41654.0
41656.0
41657.0
41695.0
41696.0
41701.0
41702.0
41714.0
41715.0
41716.0
41755.0
41756.0
41761.0
41762.0
41774.0
41775.0
41776.0
41781.0
41815.0
41816.0
41821.0
41822.0
41833.0
41834.0
41836.0
41875.0
41876.0
41881.0
41882.0
41889.0
41890.0
41894.0
41896.0
41935.0
41936.0
41941.0
41953.0
41954.0
41955.0
41956.0
41995.0
41996.0
42001.0
42014.0
42016.0
42022.0
42023.0
42055.0
42056.0
42061.0
42074.0
42076.0
42083.0
42116.0
42121.0
42134.0
42136.0
42176.0
42181.0
42194.0
42196.0
42241.0
42253.0
42254.0
42256.0
42301.0
42314.0
42316.0
42324.0
42325.0
42361.0
42373.0
42374.0
42376.0
42421.0
42433.0
42434.0
42435.0
42436.0
42481.0
42493.0
42494.0
42496.0
42541.0
42553.0
42554.0
42555.0
42556.0
42601.0
42614.0
42616.0
42661.0
42673.0
42674.0
42675.0
42676.0
42679.0
42721.0
42734.0
42735.0
42736.0
42781.0
42793.0
42794.0
42795.0
42796.0
42841.0
42854.0
42901.0
42913.0
42914.0
42961.0
42973.0
42974.0
43021.0
43034.0
43081.0
43094.0
43141.0
43142.0
43154.0
43201.0
43202.0
43213.0
43214.0
43261.0
43262.0
43273.0
43274.0
43321.0
43334.0
43381.0
43393.0
43394.0
43441.0
43446.0
43454.0
43501.0
43514.0
43561.0
43574.0
43579.0
43621.0
43634.0
43681.0
43689.0
43694.0
43719.0
43741.0
43749.0
43754.0
43755.0
43756.0
43778.0
43782.0
43808.0
43813.0
43814.0
43816.0
43834.0
43835.0
43837.0
43839.0
43874.0
43876.0
43880.0
43881.0
43891.0
43894.0
43898.0
43921.0
43936.0
43943.0
43944.0
43950.0
43974.0
43996.0
44000.0
44003.0
44052.0
44056.0
44059.0
44082.0
44098.0
44099.0
44111.0
44116.0
44157.0
44176.0
44205.0
44236.0
44237.0
44254.0
44265.0
44296.0
44312.0
44324.0
44343.0
44356.0
44372.0
44410.0
44416.0
44438.0
44476.0
44497.0
44498.0
44499.0
44531.0
44536.0
44558.0
44559.0
44596.0
44618.0
44619.0
44656.0
44716.0
44776.0
44779.0
44780.0
44836.0
44896.0
44956.0
45016.0
45017.0
45054.0
45055.0
45056.0
45061.0
45062.0
45074.0
45076.0
45115.0
45116.0
45134.0
45136.0
45175.0
45176.0
45181.0
45182.0
45194.0
45196.0
45235.0
45236.0
45241.0
45243.0
45244.0
45254.0
45256.0
45257.0
45295.0
45296.0
45302.0
45314.0
45316.0
45355.0
45356.0
45362.0
45374.0
45376.0
45415.0
45416.0
45434.0
45436.0
45476.0
45482.0
45490.0
45494.0
45496.0
45497.0
45535.0
45536.0
45542.0
45556.0
45595.0
45596.0
45600.0
45601.0
45614.0
45616.0
45622.0
45623.0
45655.0
45656.0
45661.0
45662.0
45674.0
45675.0
45676.0
45679.0
45715.0
45716.0
45721.0
45722.0
45734.0
45736.0
45737.0
45775.0
45776.0
45782.0
45794.0
45796.0
45835.0
45836.0
45841.0
45842.0
45854.0
45856.0
45895.0
45896.0
45902.0
45914.0
45916.0
45924.0
45925.0
45955.0
45956.0
45961.0
45962.0
45974.0
45976.0
45977.0
46015.0
46016.0
46022.0
46034.0
46036.0
46075.0
46076.0
46081.0
46082.0
46094.0
46096.0
46097.0
46136.0
46141.0
46142.0
46143.0
46154.0
46156.0
46157.0
46196.0
46201.0
46202.0
46214.0
46216.0
46256.0
46261.0
46274.0
46276.0
46277.0
46321.0
46322.0
46334.0
46336.0
46381.0
46382.0
46394.0
46396.0
46441.0
46442.0
46454.0
46456.0
46501.0
46502.0
46514.0
46516.0
46562.0
46574.0
46576.0
46577.0
46621.0
46622.0
46634.0
46636.0
46637.0
46681.0
46682.0
46694.0
46696.0
46697.0
46754.0
46756.0
46814.0
46816.0
46861.0
46862.0
46874.0
46876.0
46877.0
46921.0
46922.0
46934.0
46936.0
46937.0
46981.0
46982.0
46994.0
47042.0
47054.0
47101.0
47114.0
47162.0
47174.0
47175.0
47221.0
47222.0
47234.0
47294.0
47342.0
47354.0
47401.0
47414.0
47461.0
47462.0
47475.0
47522.0
47534.0
47581.0
47582.0
47594.0
47641.0
47642.0
47654.0
47701.0
47702.0
47714.0
47762.0
47774.0
47808.0
47821.0
47822.0
47834.0
47836.0
47838.0
47839.0
47869.0
47894.0
47896.0
47897.0
47904.0
47928.0
47954.0
47956.0
47957.0
47968.0
48016.0
48017.0
48035.0
48073.0
48076.0
48077.0
48102.0
48136.0
48139.0
48162.0
48176.0
48177.0
48196.0
48230.0
48243.0
48244.0
48256.0
48274.0
48311.0
48312.0
48313.0
48314.0
48316.0
48342.0
48372.0
48373.0
48375.0
48430.0
48431.0
48432.0
48436.0
48446.0
48472.0
48492.0
48496.0
48552.0
48556.0
48583.0
48611.0
48641.0
48669.0
48670.0
48676.0
48700.0
48796.0
48916.0
48976.0
48977.0
49036.0
49096.0
49135.0
49137.0
49141.0
49142.0
49154.0
49156.0
49157.0
49197.0
49201.0
49202.0
49214.0
49216.0
49222.0
49223.0
49255.0
49257.0
49261.0
49262.0
49274.0
49275.0
49276.0
49277.0
49317.0
49322.0
49336.0
49377.0
49382.0
49394.0
49396.0
49397.0
49442.0
49454.0
49456.0
49495.0
49502.0
49514.0
49516.0
49524.0
49525.0
49562.0
49574.0
49575.0
49576.0
49615.0
49617.0
49622.0
49634.0
49636.0
49637.0
49682.0
49694.0
49696.0
49735.0
49739.0
49742.0
49754.0
49756.0
49795.0
49797.0
49802.0
49814.0
49815.0
49816.0
49855.0
49857.0
49861.0
49862.0
49871.0
49874.0
49876.0
49877.0
49915.0
49917.0
49922.0
49934.0
49936.0
49975.0
49977.0
49981.0
49982.0
49994.0
49996.0
50035.0
50037.0
50042.0
50054.0
50055.0
50056.0
50057.0
50095.0
50097.0
50101.0
50102.0
50114.0
50115.0
50116.0
50155.0
50157.0
50161.0
50162.0
50173.0
50174.0
50175.0
50176.0
50215.0
50217.0
50222.0
50234.0
50235.0
50236.0
50277.0
50282.0
50294.0
50295.0
50296.0
50337.0
50341.0
50342.0
50347.0
50354.0
50355.0
50356.0
50357.0
50401.0
50402.0
50414.0
50415.0
50416.0
50417.0
50461.0
50462.0
50474.0
50475.0
50476.0
50477.0
50521.0
50522.0
50534.0
50535.0
50536.0
50582.0
50594.0
50595.0
50596.0
50597.0
50638.0
50642.0
50654.0
50656.0
50657.0
50702.0
50714.0
50715.0
50716.0
50762.0
50771.0
50774.0
50775.0
50776.0
50777.0
50822.0
50834.0
50836.0
50837.0
50894.0
50896.0
50897.0
50942.0
50955.0
50956.0
51002.0
51014.0
51016.0
51017.0
51061.0
51062.0
51074.0
51122.0
51182.0
51194.0
51242.0
51254.0
51255.0
51301.0
51302.0
51315.0
51361.0
51362.0
51374.0
51375.0
51421.0
51422.0
51434.0
51481.0
51482.0
51494.0
51495.0
51537.0
51542.0
51554.0
51555.0
51601.0
51602.0
51614.0
51615.0
51661.0
51662.0
51669.0
51674.0
51675.0
51703.0
51721.0
51722.0
51735.0
51782.0
51794.0
51835.0
51836.0
51842.0
51855.0
51902.0
51914.0
51915.0
51926.0
51927.0
51929.0
51930.0
51960.0
51962.0
51971.0
51975.0
51976.0
51977.0
51986.0
51990.0
51992.0
52034.0
52035.0
52036.0
52037.0
52050.0
52058.0
52089.0
52094.0
52096.0
52119.0
52136.0
52138.0
52149.0
52151.0
52156.0
52157.0
52182.0
52209.0
52216.0
52217.0
52239.0
52269.0
52276.0
52277.0
52336.0
52337.0
52386.0
52388.0
52389.0
52396.0
52397.0
52415.0
52416.0
52418.0
52446.0
52456.0
52457.0
52476.0
52516.0
52517.0
52535.0
52536.0
52576.0
52595.0
52636.0
52637.0
52656.0
52657.0
52696.0
52720.0
52721.0
52756.0
52779.0
52809.0
52816.0
52870.0
52871.0
52876.0
52877.0
52936.0
52996.0
52997.0
53056.0
53057.0
53116.0
53117.0
53124.0
53125.0
53176.0
53234.0
53235.0
53236.0
53237.0
53251.0
53275.0
53276.0
53281.0
53282.0
53294.0
53295.0
53296.0
53335.0
53336.0
53342.0
53354.0
53355.0
53356.0
53395.0
53396.0
53402.0
53414.0
53415.0
53416.0
53417.0
53455.0
53456.0
53462.0
53467.0
53474.0
53475.0
53476.0
53477.0
53515.0
53516.0
53521.0
53522.0
53534.0
53535.0
53536.0
53537.0
53575.0
53576.0
53581.0
53582.0
53594.0
53595.0
53596.0
53597.0
53635.0
53636.0
53642.0
53654.0
53655.0
53656.0
53657.0
53690.0
53691.0
53695.0
53696.0
53702.0
53714.0
53715.0
53716.0
53717.0
53755.0
53756.0
53762.0
53769.0
53770.0
53774.0
53775.0
53776.0
53777.0
53815.0
53816.0
53822.0
53834.0
53835.0
53836.0
53837.0
53875.0
53876.0
53882.0
53894.0
53895.0
53896.0
53897.0
53935.0
53936.0
53942.0
53945.0
53946.0
53954.0
53955.0
53956.0
53957.0
53995.0
53996.0
54014.0
54015.0
54016.0
54017.0
54055.0
54056.0
54062.0
54074.0
54075.0
54076.0
54077.0
54116.0
54121.0
54122.0
54134.0
54135.0
54136.0
54137.0
54175.0
54176.0
54182.0
54194.0
54195.0
54196.0
54197.0
54234.0
54235.0
54236.0
54240.0
54242.0
54254.0
54255.0
54256.0
54257.0
54296.0
54300.0
54302.0
54314.0
54315.0
54316.0
54317.0
54356.0
54362.0
54367.0
54374.0
54376.0
54377.0
54416.0
54422.0
54434.0
54435.0
54436.0
54437.0
54482.0
54494.0
54496.0
54497.0
54542.0
54555.0
54556.0
54557.0
54614.0
54615.0
54616.0
54617.0
54662.0
54668.0
54669.0
54675.0
54676.0
54677.0
54721.0
54722.0
54735.0
54736.0
54737.0
54781.0
54782.0
54795.0
54796.0
54797.0
54842.0
54854.0
54856.0
54857.0
54902.0
54914.0
54915.0
54916.0
54917.0
54962.0
54974.0
54975.0
54977.0
55022.0
55035.0
55036.0
55082.0
55095.0
55097.0
55133.0
55142.0
55155.0
55214.0
55215.0
55262.0
55266.0
55275.0
55322.0
55334.0
55335.0
55381.0
55382.0
55394.0
55395.0
55441.0
55442.0
55454.0
55502.0
55514.0
55562.0
55574.0
55621.0
55622.0
55634.0
55682.0
55694.0
55742.0
55754.0
55801.0
55802.0
55814.0
55862.0
55874.0
55922.0
55934.0
55982.0
55994.0
56021.0
56033.0
56043.0
56051.0
56053.0
56054.0
56055.0
56056.0
56112.0
56114.0
56116.0
56119.0
56166.0
56175.0
56176.0
56186.0
56187.0
56216.0
56217.0
56236.0
56252.0
56296.0
56317.0
56318.0
56347.0
56356.0
56357.0
56380.0
56391.0
56416.0
56428.0
56430.0
56437.0
56467.0
56468.0
56477.0
56488.0
56496.0
56497.0
56536.0
56556.0
56586.0
56596.0
56597.0
56616.0
56646.0
56656.0
56657.0
56675.0
56676.0
56716.0
56717.0
56724.0
56726.0
56727.0
56735.0
56765.0
56776.0
56777.0
56794.0
56795.0
56836.0
56837.0
56852.0
56853.0
56854.0
56883.0
56896.0
56897.0
56911.0
56912.0
56956.0
56957.0
57016.0
57076.0
57136.0
57196.0
57256.0
57316.0
57332.0
57344.0
57355.0
57357.0
57360.0
57362.0
57366.0
57374.0
57375.0
57376.0
57415.0
57417.0
57420.0
57422.0
57434.0
57436.0
57475.0
57477.0
57480.0
57482.0
57494.0
57495.0
57496.0
57497.0
57537.0
57540.0
57542.0
57545.0
57547.0
57549.0
57555.0
57556.0
57595.0
57597.0
57602.0
57614.0
57615.0
57616.0
57655.0
57657.0
57660.0
57662.0
57675.0
57676.0
57677.0
57715.0
57717.0
57722.0
57735.0
57736.0
57775.0
57777.0
57782.0
57794.0
57795.0
57796.0
57797.0
57830.0
57831.0
57835.0
57837.0
57842.0
57855.0
57856.0
57857.0
57895.0
57897.0
57902.0
57914.0
57915.0
57916.0
57917.0
57955.0
57957.0
57962.0
57963.0
57974.0
57975.0
57976.0
57977.0
58015.0
58017.0
58022.0
58034.0
58035.0
58036.0
58037.0
58075.0
58077.0
58082.0
58094.0
58095.0
58096.0
58097.0
58135.0
58137.0
58142.0
58154.0
58155.0
58156.0
58157.0
58185.0
58187.0
58195.0
58197.0
58202.0
58214.0
58215.0
58216.0
58217.0
58255.0
58257.0
58262.0
58265.0
58275.0
58276.0
58277.0
58315.0
58317.0
58322.0
58334.0
58336.0
58337.0
58375.0
58377.0
58382.0
58394.0
58395.0
58396.0
58397.0
58437.0
58442.0
58454.0
58455.0
58456.0
58457.0
58497.0
58514.0
58515.0
58516.0
58517.0
58557.0
58561.0
58574.0
58575.0
58576.0
58577.0
58636.0
58637.0
58694.0
58696.0
58697.0
58730.0
58742.0
58754.0
58756.0
58757.0
58816.0
58817.0
58862.0
58876.0
58877.0
58994.0
58996.0
59042.0
59056.0
59102.0
59114.0
59162.0
59163.0
59164.0
59175.0
59176.0
59222.0
59234.0
59235.0
59282.0
59294.0
59295.0
59342.0
59354.0
59402.0
59414.0
59415.0
59462.0
59474.0
59522.0
59534.0
59535.0
59582.0
59594.0
59595.0
59628.0
59629.0
59642.0
59654.0
59702.0
59714.0
59715.0
59761.0
59762.0
59774.0
59822.0
59834.0
59835.0
59882.0
59889.0
59891.0
59892.0
59894.0
59895.0
59942.0
59954.0
60002.0
60014.0
60015.0
60024.0
60025.0
60062.0
60074.0
60122.0
60134.0
60136.0
60137.0
60155.0
60194.0
60195.0
60196.0
60197.0
60254.0
60255.0
60256.0
60257.0
60316.0
60317.0
60324.0
60326.0
60327.0
60332.0
60340.0
60376.0
60377.0
60415.0
60416.0
60436.0
60437.0
60446.0
60463.0
60475.0
60496.0
60497.0
60521.0
60554.0
60556.0
60557.0
60580.0
60583.0
60615.0
60616.0
60617.0
60642.0
60644.0
60676.0
60677.0
60702.0
60706.0
60737.0
60763.0
60766.0
60796.0
60797.0
60823.0
60830.0
60856.0
60857.0
60858.0
60886.0
60887.0
60905.0
60916.0
60917.0
60933.0
60945.0
60946.0
60962.0
60976.0
60977.0
60990.0
61001.0
61002.0
61037.0
61096.0
61097.0
61157.0
61216.0
61217.0
61276.0
61277.0
61337.0
61397.0
61424.0
61435.0
61436.0
61442.0
61454.0
61455.0
61457.0
61495.0
61496.0
61500.0
61502.0
61514.0
61515.0
61517.0
61555.0
61556.0
61559.0
61560.0
61562.0
61574.0
61575.0
61577.0
61615.0
61616.0
61620.0
61621.0
61622.0
61623.0
61634.0
61635.0
61637.0
61675.0
61676.0
61682.0
61695.0
61697.0
61735.0
61736.0
61740.0
61742.0
61754.0
61756.0
61757.0
61781.0
61785.0
61796.0
61800.0
61815.0
61817.0
61856.0
61860.0
61861.0
61862.0
61874.0
61875.0
61877.0
61916.0
61920.0
61922.0
61934.0
61935.0
61937.0
61977.0
61980.0
61982.0
61995.0
61997.0
62036.0
62040.0
62042.0
62055.0
62056.0
62057.0
62058.0
62096.0
62100.0
62102.0
62114.0
62115.0
62117.0
62156.0
62160.0
62174.0
62175.0
62177.0
62178.0
62216.0
62220.0
62222.0
62235.0
62237.0
62275.0
62276.0
62280.0
62282.0
62295.0
62297.0
62326.0
62336.0
62340.0
62342.0
62354.0
62355.0
62357.0
62395.0
62396.0
62400.0
62402.0
62415.0
62417.0
62455.0
62456.0
62457.0
62458.0
62462.0
62474.0
62475.0
62477.0
62516.0
62522.0
62534.0
62535.0
62537.0
62576.0
62582.0
62594.0
62595.0
62597.0
62636.0
62642.0
62655.0
62656.0
62657.0
62702.0
62714.0
62715.0
62717.0
62760.0
62761.0
62762.0
62774.0
62775.0
62777.0
62822.0
62835.0
62837.0
62882.0
62894.0
62895.0
62897.0
62942.0
62954.0
62955.0
62957.0
63002.0
63014.0
63015.0
63017.0
63062.0
63074.0
63075.0
63077.0
63122.0
63135.0
63137.0
63182.0
63194.0
63195.0
63197.0
63242.0
63254.0
63255.0
63256.0
63257.0
63315.0
63317.0
63357.0
63358.0
63362.0
63374.0
63375.0
63421.0
63422.0
63434.0
63435.0
63490.0
63491.0
63494.0
63495.0
63542.0
63555.0
63602.0
63614.0
63615.0
63622.0
63623.0
63624.0
63662.0
63675.0
63722.0
63734.0
63735.0
63782.0
63795.0
63842.0
63855.0
63902.0
63915.0
63962.0
63975.0
64022.0
64082.0
64094.0
64095.0
64123.0
64124.0
64142.0
64154.0
64199.0
64202.0
64214.0
64215.0
64229.0
64256.0
64275.0
64277.0
64281.0
64334.0
64335.0
64337.0
64352.0
64365.0
64396.0
64397.0
64422.0
64450.0
64457.0
64479.0
64480.0
64482.0
64509.0
64517.0
64518.0
64521.0
64522.0
64538.0
64559.0
64577.0
64578.0
64581.0
64610.0
64633.0
64637.0
64661.0
64690.0
64697.0
64718.0
64719.0
64721.0
64757.0
64768.0
64770.0
64776.0
64777.0
64778.0
64786.0
64810.0
64817.0
64839.0
64870.0
64877.0
64898.0
64899.0
64937.0
64938.0
64957.0
64958.0
64997.0
64998.0
65018.0
65019.0
65057.0
65111.0
65117.0
65141.0
65177.0
65178.0
65237.0
65297.0
65357.0
65417.0
65457.0
65458.0
65477.0
65517.0
65520.0
65522.0
65534.0
65535.0
65537.0
65577.0
65580.0
65582.0
65594.0
65597.0
65637.0
65640.0
65642.0
65654.0
65655.0
65657.0
65697.0
65700.0
65702.0
65715.0
65717.0
65757.0
65760.0
65762.0
65774.0
65777.0
65817.0
65820.0
65822.0
65834.0
65837.0
65877.0
65880.0
65882.0
65894.0
65895.0
65897.0
65937.0
65940.0
65942.0
65954.0
65955.0
65957.0
65997.0
66000.0
66002.0
66014.0
66015.0
66017.0
66054.0
66057.0
66060.0
66062.0
66074.0
66075.0
66077.0
66117.0
66120.0
66122.0
66134.0
66135.0
66137.0
66177.0
66180.0
66182.0
66194.0
66195.0
66197.0
66237.0
66240.0
66242.0
66254.0
66257.0
66277.0
66280.0
66297.0
66300.0
66302.0
66314.0
66315.0
66317.0
66356.0
66357.0
66360.0
66362.0
66374.0
66375.0
66377.0
66417.0
66420.0
66422.0
66434.0
66435.0
66437.0
66477.0
66480.0
66482.0
66494.0
66495.0
66497.0
66537.0
66542.0
66555.0
66557.0
66595.0
66597.0
66600.0
66602.0
66615.0
66617.0
66657.0
66662.0
66675.0
66677.0
66717.0
66735.0
66737.0
66782.0
66795.0
66797.0
66798.0
66821.0
66842.0
66855.0
66857.0
66902.0
66915.0
66917.0
66953.0
66962.0
66975.0
66977.0
66978.0
67022.0
67035.0
67037.0
67082.0
67089.0
67090.0
67091.0
67095.0
67097.0
67098.0
67142.0
67155.0
67157.0
67202.0
67203.0
67215.0
67217.0
67222.0
67223.0
67255.0
67256.0
67262.0
67275.0
67277.0
67278.0
67322.0
67323.0
67335.0
67337.0
67382.0
67395.0
67397.0
67398.0
67442.0
67455.0
67502.0
67515.0
67562.0
67574.0
67575.0
67622.0
67635.0
67682.0
67683.0
67719.0
67720.0
67742.0
67743.0
67755.0
67802.0
67815.0
67852.0
67862.0
67875.0
67922.0
67935.0
67982.0
67995.0
68042.0
68055.0
68102.0
68115.0
68162.0
68175.0
68235.0
68278.0
68282.0
68295.0
68296.0
68297.0
68342.0
68352.0
68353.0
68357.0
68358.0
68372.0
68390.0
68410.0
68411.0
68413.0
68417.0
68418.0
68421.0
68477.0
68478.0
68499.0
68500.0
68537.0
68538.0
68558.0
68559.0
68595.0
68597.0
68598.0
68617.0
68618.0
68662.0
68663.0
68681.0
68682.0
68713.0
68717.0
68724.0
68752.0
68757.0
68777.0
68780.0
68813.0
68830.0
68860.0
68868.0
68874.0
68889.0
68890.0
68897.0
68920.0
68930.0
68931.0
68948.0
68978.0
68990.0
68991.0
69006.0
69017.0
69021.0
69022.0
69050.0
69054.0
69086.0
69087.0
69117.0
69137.0
69145.0
69197.0
69198.0
69204.0
69257.0
69258.0
69317.0
69377.0
69437.0
69497.0
69498.0
69557.0
69558.0
69614.0
69615.0
69617.0
69618.0
69632.0
69650.0
69662.0
69675.0
69677.0
69678.0
69716.0
69720.0
69722.0
69723.0
69735.0
69737.0
69738.0
69782.0
69783.0
69797.0
69840.0
69842.0
69855.0
69857.0
69858.0
69875.0
69902.0
69903.0
69915.0
69917.0
69952.0
69953.0
69956.0
69960.0
69963.0
69975.0
69977.0
70016.0
70020.0
70022.0
70035.0
70036.0
70037.0
70038.0
70076.0
70080.0
70082.0
70083.0
70095.0
70097.0
70136.0
70140.0
70142.0
70155.0
70157.0
70158.0
70196.0
70200.0
70202.0
70215.0
70217.0
70218.0
70256.0
70260.0
70262.0
70263.0
70275.0
70277.0
70316.0
70320.0
70322.0
70323.0
70335.0
70337.0
70338.0
70376.0
70380.0
70383.0
70395.0
70397.0
70398.0
70436.0
70440.0
70442.0
70443.0
70455.0
70457.0
70496.0
70500.0
70502.0
70503.0
70515.0
70517.0
70518.0
70549.0
70556.0
70560.0
70562.0
70563.0
70575.0
70577.0
70616.0
70620.0
70622.0
70623.0
70635.0
70637.0
70638.0
70676.0
70679.0
70682.0
70683.0
70689.0
70691.0
70692.0
70695.0
70697.0
70698.0
70736.0
70742.0
70755.0
70757.0
70758.0
70771.0
70796.0
70802.0
70815.0
70817.0
70818.0
70824.0
70851.0
70852.0
70862.0
70863.0
70875.0
70877.0
70878.0
70922.0
70923.0
70935.0
70937.0
70938.0
70982.0
70983.0
70995.0
70997.0
70998.0
71042.0
71057.0
71102.0
71103.0
71115.0
71117.0
71118.0
71124.0
71126.0
71127.0
71162.0
71175.0
71177.0
71235.0
71237.0
71238.0
71283.0
71295.0
71297.0
71298.0
71315.0
71316.0
71342.0
71343.0
71355.0
71357.0
71358.0
71402.0
71415.0
71417.0
71418.0
71448.0
71462.0
71463.0
71475.0
71476.0
71477.0
71478.0
71522.0
71535.0
71582.0
71595.0
71642.0
71655.0
71702.0
71703.0
71715.0
71762.0
71763.0
71775.0
71823.0
71835.0
71836.0
71882.0
71883.0
71884.0
71895.0
71942.0
71943.0
71955.0
72002.0
72015.0
72063.0
72075.0
72122.0
72123.0
72135.0
72182.0
72183.0
72195.0
72214.0
72215.0
72243.0
72255.0
72302.0
72303.0
72315.0
72347.0
72348.0
72362.0
72363.0
72375.0
72390.0
72410.0
72420.0
72422.0
72423.0
72435.0
72437.0
72438.0
72495.0
72497.0
72498.0
72503.0
72533.0
72536.0
72555.0
72556.0
72557.0
72558.0
72572.0
72595.0
72596.0
72602.0
72617.0
72618.0
72626.0
72631.0
72650.0
72654.0
72656.0
72677.0
72678.0
72685.0
72700.0
72723.0
72725.0
72730.0
72732.0
72737.0
72738.0
72762.0
72791.0
72793.0
72797.0
72823.0
72846.0
72853.0
72857.0
72858.0
72876.0
72884.0
72906.0
72917.0
72918.0
72934.0
72958.0
72964.0
72977.0
72978.0
72988.0
73017.0
73018.0
73037.0
73038.0
73043.0
73073.0
73097.0
73098.0
73099.0
73157.0
73158.0
73187.0
73188.0
73216.0
73217.0
73218.0
73252.0
73255.0
73256.0
73257.0
73277.0
73278.0
73285.0
73322.0
73337.0
73338.0
73397.0
73398.0
73457.0
73458.0
73517.0
73518.0
73548.0
73549.0
73577.0
73578.0
73637.0
73638.0
73697.0
73698.0
73725.0
73737.0
73741.0
73742.0
73755.0
73758.0
73797.0
73800.0
73802.0
73803.0
73815.0
73816.0
73817.0
73818.0
73857.0
73860.0
73862.0
73863.0
73875.0
73877.0
73878.0
73917.0
73919.0
73920.0
73922.0
73935.0
73936.0
73937.0
73938.0
73977.0
73980.0
73983.0
73995.0
73997.0
74037.0
74041.0
74043.0
74055.0
74056.0
74057.0
74058.0
74097.0
74100.0
74102.0
74103.0
74115.0
74116.0
74117.0
74118.0
74145.0
74146.0
74157.0
74160.0
74162.0
74163.0
74175.0
74177.0
74217.0
74221.0
74222.0
74223.0
74235.0
74237.0
74238.0
74277.0
74280.0
74282.0
74283.0
74289.0
74291.0
74292.0
74295.0
74297.0
74298.0
74337.0
74340.0
74342.0
74355.0
74356.0
74357.0
74358.0
74372.0
74397.0
74400.0
74402.0
74403.0
74415.0
74417.0
74418.0
74419.0
74424.0
74425.0
74447.0
74448.0
74457.0
74460.0
74462.0
74463.0
74475.0
74477.0
74478.0
74517.0
74520.0
74522.0
74523.0
74535.0
74536.0
74537.0
74538.0
74577.0
74580.0
74582.0
74583.0
74595.0
74596.0
74597.0
74598.0
74637.0
74640.0
74642.0
74643.0
74655.0
74656.0
74657.0
74658.0
74697.0
74700.0
74703.0
74715.0
74717.0
74718.0
74726.0
74727.0
74757.0
74760.0
74762.0
74763.0
74775.0
74776.0
74777.0
74778.0
74822.0
74823.0
74835.0
74837.0
74838.0
74877.0
74882.0
74883.0
74895.0
74896.0
74897.0
74898.0
74912.0
74937.0
74942.0
74955.0
74956.0
74957.0
74958.0
75002.0
75015.0
75017.0
75018.0
75044.0
75045.0
75062.0
75063.0
75075.0
75077.0
75078.0
75122.0
75123.0
75135.0
75137.0
75138.0
75182.0
75183.0
75195.0
75196.0
75197.0
75198.0
75243.0
75255.0
75257.0
75258.0
75303.0
75315.0
75316.0
75317.0
75318.0
75346.0
75347.0
75375.0
75377.0
75378.0
75423.0
75435.0
75436.0
75437.0
75483.0
75495.0
75497.0
75498.0
75543.0
75555.0
75556.0
75557.0
75558.0
75602.0
75615.0
75616.0
75662.0
75663.0
75675.0
75735.0
75782.0
75783.0
75795.0
75810.0
75811.0
75843.0
75855.0
75856.0
75902.0
75903.0
75915.0
75943.0
75962.0
75963.0
75975.0
75976.0
76023.0
76035.0
76036.0
76083.0
76096.0
76143.0
76155.0
76156.0
76202.0
76203.0
76215.0
76216.0
76262.0
76263.0
76275.0
76276.0
76322.0
76323.0
76335.0
76336.0
76383.0
76396.0
76442.0
76443.0
76456.0
76477.0
76478.0
76479.0
76502.0
76503.0
76504.0
76509.0
76515.0
76516.0
76517.0
76518.0
76544.0
76572.0
76574.0
76575.0
76577.0
76578.0
76602.0
76632.0
76635.0
76636.0
76637.0
76638.0
76653.0
76654.0
76691.0
76697.0
76698.0
76721.0
76722.0
76750.0
76757.0
76758.0
76759.0
76760.0
76817.0
76818.0
76819.0
76820.0
76877.0
76878.0
76909.0
76931.0
76932.0
76937.0
76938.0
76939.0
76961.0
76977.0
76979.0
76997.0
76998.0
77008.0
77022.0
77023.0
77052.0
77057.0
77058.0
77078.0
77105.0
77107.0
77108.0
77117.0
77118.0
77136.0
77137.0
77145.0
77164.0
77167.0
77198.0
77199.0
77228.0
77240.0
77262.0
77291.0
77292.0
77322.0
77333.0
77334.0
77357.0
77477.0
77597.0
77717.0
77777.0
77778.0
77815.0
77816.0
77820.0
77821.0
77822.0
77823.0
77835.0
77836.0
77837.0
77838.0
77876.0
77881.0
77883.0
77889.0
77890.0
77895.0
77896.0
77897.0
77898.0
77936.0
77940.0
77941.0
77942.0
77943.0
77956.0
77957.0
77958.0
77965.0
77966.0
78002.0
78003.0
78015.0
78016.0
78017.0
78018.0
78022.0
78023.0
78044.0
78060.0
78061.0
78063.0
78075.0
78076.0
78077.0
78078.0
78082.0
78117.0
78118.0
78123.0
78135.0
78136.0
78137.0
78138.0
78176.0
78182.0
78195.0
78196.0
78197.0
78198.0
78242.0
78255.0
78256.0
78257.0
78258.0
78279.0
78300.0
78302.0
78315.0
78317.0
78318.0
78319.0
78324.0
78325.0
78362.0
78363.0
78375.0
78377.0
78378.0
78416.0
78420.0
78423.0
78425.0
78435.0
78437.0
78438.0
78482.0
78495.0
78496.0
78498.0
78507.0
78536.0
78542.0
78555.0
78556.0
78557.0
78558.0
78596.0
78600.0
78601.0
78603.0
78615.0
78617.0
78618.0
78660.0
78661.0
78663.0
78675.0
78677.0
78678.0
78716.0
78720.0
78721.0
78722.0
78723.0
78735.0
78736.0
78737.0
78738.0
78776.0
78780.0
78781.0
78783.0
78796.0
78798.0
78840.0
78841.0
78843.0
78855.0
78858.0
78860.0
78866.0
78900.0
78901.0
78902.0
78903.0
78915.0
78916.0
78917.0
78918.0
78961.0
78963.0
78975.0
78976.0
78977.0
78978.0
79022.0
79023.0
79035.0
79036.0
79037.0
79038.0
79082.0
79083.0
79095.0
79096.0
79098.0
79142.0
79156.0
79157.0
79158.0
79202.0
79203.0
79215.0
79216.0
79217.0
79218.0
79262.0
79263.0
79276.0
79278.0
79322.0
79323.0
79335.0
79336.0
79337.0
79338.0
79383.0
79395.0
79396.0
79397.0
79398.0
79406.0
79407.0
79443.0
79455.0
79456.0
79458.0
79503.0
79515.0
79516.0
79518.0
79539.0
79562.0
79563.0
79575.0
79576.0
79578.0
79635.0
79637.0
79638.0
79687.0
79696.0
79743.0
79744.0
79820.0
79875.0
79876.0
79982.0
80115.0
80222.0
80223.0
80235.0
80283.0
80343.0
80356.0
80402.0
80403.0
80415.0
80438.0
80462.0
80475.0
80476.0
80522.0
80523.0
80535.0
80558.0
80559.0
80582.0
80583.0
80590.0
80595.0
80617.0
80618.0
80620.0
80629.0
80642.0
80643.0
80655.0
80656.0
80658.0
80680.0
80681.0
80682.0
80688.0
80707.0
80711.0
80713.0
80715.0
80717.0
80718.0
80740.0
80741.0
80742.0
80766.0
80771.0
80772.0
80775.0
80777.0
80778.0
80800.0
80801.0
80831.0
80837.0
80838.0
80869.0
80897.0
80898.0
80928.0
80958.0
80994.0
81017.0
81018.0
81024.0
81040.0
81042.0
81047.0
81048.0
81077.0
81078.0
81099.0
81100.0
81129.0
81132.0
81137.0
81138.0
81159.0
81162.0
81197.0
81198.0
81257.0
81281.0
81318.0
81371.0
81377.0
81378.0
81400.0
81437.0
81438.0
81498.0
81557.0
81558.0
81617.0
81618.0
81639.0
81640.0
81678.0
81737.0
81738.0
81798.0
81858.0
81902.0
81903.0
81915.0
81917.0
81918.0
81924.0
81925.0
81944.0
81956.0
81960.0
81961.0
81962.0
81963.0
81975.0
81977.0
81978.0
82016.0
82020.0
82021.0
82022.0
82023.0
82035.0
82036.0
82038.0
82076.0
82080.0
82081.0
82082.0
82083.0
82095.0
82097.0
82098.0
82103.0
82104.0
82136.0
82140.0
82143.0
82155.0
82156.0
82158.0
82197.0
82201.0
82202.0
82203.0
82215.0
82216.0
82218.0
82236.0
82257.0
82261.0
82262.0
82263.0
82275.0
82278.0
82317.0
82321.0
82322.0
82323.0
82335.0
82336.0
82338.0
82377.0
82381.0
82382.0
82383.0
82395.0
82398.0
82441.0
82442.0
82443.0
82455.0
82456.0
82457.0
82458.0
82461.0
82462.0
82497.0
82501.0
82502.0
82503.0
82515.0
82516.0
82518.0
82557.0
82561.0
82562.0
82568.0
82575.0
82578.0
82617.0
82621.0
82622.0
82636.0
82638.0
82677.0
82681.0
82682.0
82695.0
82698.0
82737.0
82741.0
82742.0
82743.0
82745.0
82746.0
82747.0
82755.0
82758.0
82797.0
82800.0
82802.0
82803.0
82815.0
82818.0
82857.0
82860.0
82862.0
82875.0
82878.0
82917.0
82921.0
82922.0
82923.0
82935.0
82938.0
82977.0
82981.0
82982.0
82983.0
82995.0
82998.0
83002.0
83037.0
83042.0
83043.0
83055.0
83058.0
83097.0
83102.0
83115.0
83118.0
83162.0
83163.0
83175.0
83178.0
83222.0
83235.0
83238.0
83282.0
83283.0
83295.0
83298.0
83342.0
83343.0
83355.0
83358.0
83403.0
83416.0
83418.0
83437.0
83463.0
83467.0
83475.0
83476.0
83478.0
83497.0
83522.0
83523.0
83536.0
83538.0
83583.0
83584.0
83596.0
83598.0
83643.0
83656.0
83658.0
83703.0
83716.0
83718.0
83719.0
83775.0
83776.0
83778.0
83779.0
83824.0
83825.0
83835.0
83836.0
83882.0
83901.0
83942.0
83958.0
84002.0
84034.0
84255.0
84363.0
84375.0
84423.0
84482.0
84483.0
84495.0
84496.0
84542.0
84543.0
84555.0
84556.0
84602.0
84603.0
84615.0
84616.0
84646.0
84663.0
84675.0
84676.0
84698.0
84699.0
84700.0
84701.0
84723.0
84736.0
84759.0
84761.0
84774.0
84775.0
84795.0
84796.0
84798.0
84799.0
84805.0
84820.0
84821.0
84822.0
84823.0
84853.0
84855.0
84856.0
84858.0
84882.0
84884.0
84898.0
84914.0
84918.0
84942.0
84943.0
84973.0
84978.0
85002.0
85003.0
85038.0
85062.0
85098.0
85099.0
85100.0
85127.0
85158.0
85159.0
85184.0
85212.0
85218.0
85219.0
85236.0
85260.0
85272.0
85278.0
85279.0
85320.0
85338.0
85339.0
85398.0
85421.0
85458.0
85459.0
85512.0
85518.0
85519.0
85544.0
85578.0
85579.0
85639.0
85698.0
85699.0
85758.0
85818.0
85819.0
85878.0
85879.0
85938.0
85990.0
85993.0
85998.0
85999.0
86002.0
86007.0
86008.0
86024.0
86025.0
86032.0
86033.0
86040.0
86041.0
86045.0
86046.0
86055.0
86056.0
86057.0
86058.0
86059.0
86060.0
86092.0
86093.0
86100.0
86101.0
86105.0
86106.0
86118.0
86124.0
86134.0
86135.0
86147.0
86153.0
86154.0
86160.0
86161.0
86165.0
86166.0
86177.0
86178.0
86184.0
86205.0
86208.0
86220.0
86221.0
86226.0
86237.0
86238.0
86239.0
86257.0
86265.0
86266.0
86280.0
86281.0
86285.0
86286.0
86287.0
86297.0
86298.0
86299.0
86326.0
86327.0
86338.0
86340.0
86341.0
86345.0
86346.0
86347.0
86348.0
86349.0
86385.0
86386.0
86396.0
86398.0
86399.0
86400.0
86402.0
86408.0
86409.0
86445.0
86446.0
86459.0
86460.0
86461.0
86468.0
86469.0
86505.0
86506.0
86518.0
86520.0
86521.0
86528.0
86529.0
86565.0
86566.0
86578.0
86580.0
86581.0
86588.0
86590.0
86598.0
86599.0
86618.0
86620.0
86625.0
86626.0
86638.0
86640.0
86641.0
86678.0
86685.0
86686.0
86698.0
86700.0
86701.0
86732.0
86745.0
86746.0
86758.0
86759.0
86760.0
86761.0
86762.0
86805.0
86810.0
86811.0
86816.0
86818.0
86820.0
86821.0
86822.0
86823.0
86825.0
86826.0
86830.0
86831.0
86865.0
86866.0
86878.0
86880.0
86881.0
86910.0
86911.0
86925.0
86936.0
86938.0
86940.0
86941.0
86955.0
86956.0
86966.0
86970.0
86985.0
86986.0
86996.0
86998.0
87000.0
87001.0
87026.0
87030.0
87034.0
87045.0
87046.0
87056.0
87058.0
87060.0
87061.0
87086.0
87105.0
87106.0
87116.0
87118.0
87121.0
87122.0
87165.0
87166.0
87167.0
87171.0
87178.0
87179.0
87181.0
87225.0
87226.0
87238.0
87239.0
87241.0
87285.0
87286.0
87298.0
87299.0
87301.0
87346.0
87358.0
87361.0
87378.0
87380.0
87418.0
87420.0
87421.0
87440.0
87478.0
87479.0
87481.0
87497.0
87500.0
87513.0
87541.0
87560.0
87573.0
87601.0
87602.0
87619.0
87620.0
87630.0
87633.0
87661.0
87679.0
87680.0
87693.0
87721.0
87740.0
87752.0
87753.0
87781.0
87800.0
87812.0
87813.0
87815.0
87816.0
87859.0
87860.0
87872.0
87919.0
87920.0
87932.0
87980.0
87992.0
87993.0
88040.0
88052.0
88053.0
88100.0
88112.0
88113.0
88160.0
88172.0
88173.0
88220.0
88232.0
88233.0
88280.0
88292.0
88293.0
88340.0
88352.0
88353.0
88396.0
88400.0
88413.0
88460.0
88472.0
88473.0
88520.0
88529.0
88533.0
88580.0
88592.0
88593.0
88640.0
88652.0
88653.0
88689.0
88690.0
88691.0
88700.0
88712.0
88713.0
88740.0
88741.0
88749.0
88750.0
88760.0
88763.0
88773.0
88793.0
88794.0
88797.0
88798.0
88799.0
88800.0
88820.0
88822.0
88823.0
88824.0
88828.0
88832.0
88833.0
88835.0
88836.0
88852.0
88855.0
88874.0
88882.0
88893.0
88895.0
88911.0
88918.0
88919.0
88953.0
88955.0
88956.0
88977.0
88984.0
89015.0
89039.0
89040.0
89043.0
89075.0
89094.0
89098.0
89105.0
89124.0
89125.0
89126.0
89135.0
89136.0
89144.0
89153.0
89175.0
89176.0
89177.0
89180.0
89195.0
89196.0
89210.0
89218.0
89219.0
89239.0
89249.0
89255.0
89275.0
89276.0
89277.0
89278.0
89306.0
89315.0
89316.0
89334.0
89335.0
89339.0
89369.0
89375.0
89376.0
89398.0
89399.0
89435.0
89458.0
89459.0
89489.0
89495.0
89496.0
89500.0
89518.0
89519.0
89555.0
89556.0
89578.0
89579.0
89609.0
89615.0
89616.0
89638.0
89639.0
89669.0
89675.0
89676.0
89698.0
89730.0
89735.0
89736.0
89760.0
89795.0
89796.0
89855.0
89856.0
89915.0
89945.0
89975.0
89976.0
90035.0
90093.0
90095.0
90096.0
90110.0
90123.0
90135.0
90136.0
90140.0
90153.0
90155.0
90195.0
90196.0
90212.0
90213.0
90215.0
90216.0
90255.0
90256.0
90260.0
90273.0
90275.0
90276.0
90315.0
90316.0
90320.0
90327.0
90333.0
90335.0
90336.0
90375.0
90376.0
90380.0
90393.0
90395.0
90426.0
90435.0
90436.0
90440.0
90453.0
90455.0
90456.0
90495.0
90496.0
90500.0
90513.0
90515.0
90516.0
90551.0
90555.0
90556.0
90560.0
90573.0
90575.0
90576.0
90615.0
90616.0
90620.0
90629.0
90630.0
90633.0
90635.0
90636.0
90675.0
90676.0
90680.0
90693.0
90695.0
90696.0
90735.0
90736.0
90740.0
90753.0
90755.0
90756.0
90792.0
90793.0
90794.0
90795.0
90796.0
90798.0
90800.0
90813.0
90815.0
90816.0
90855.0
90856.0
90857.0
90860.0
90867.0
90868.0
90869.0
90872.0
90873.0
90876.0
90884.0
90885.0
90915.0
90916.0
90920.0
90925.0
90926.0
90928.0
90933.0
90936.0
90960.0
90975.0
90976.0
90980.0
90990.0
90992.0
90993.0
90995.0
90996.0
91000.0
91001.0
91009.0
91012.0
91035.0
91036.0
91040.0
91053.0
91055.0
91056.0
91093.0
91095.0
91096.0
91100.0
91113.0
91115.0
91116.0
91155.0
91156.0
91160.0
91172.0
91173.0
91175.0
91176.0
91215.0
91216.0
91220.0
91226.0
91228.0
91229.0
91232.0
91233.0
91234.0
91235.0
91236.0
91249.0
91263.0
91277.0
91280.0
91292.0
91293.0
91295.0
91303.0
91311.0
91320.0
91340.0
91352.0
91353.0
91355.0
91400.0
91413.0
91415.0
91460.0
91473.0
91475.0
91520.0
91529.0
91533.0
91535.0
91536.0
91547.0
91551.0
91580.0
91593.0
91595.0
91640.0
91653.0
91655.0
91700.0
91713.0
91715.0
91760.0
91773.0
91775.0
91805.0
91820.0
91833.0
91835.0
91880.0
91893.0
91895.0
91940.0
91953.0
91955.0
91956.0
91993.0
92000.0
92013.0
92060.0
92073.0
92120.0
92125.0
92133.0
92180.0
92193.0
92240.0
92253.0
92290.0
92291.0
92300.0
92313.0
92360.0
92361.0
92373.0
92420.0
92423.0
92433.0
92480.0
92481.0
92494.0
92540.0
92541.0
92553.0
92600.0
92601.0
92613.0
92614.0
92660.0
92661.0
92673.0
92674.0
92720.0
92721.0
92733.0
92734.0
92780.0
92793.0
92840.0
92849.0
92853.0
92879.0
92880.0
92891.0
92900.0
92913.0
92915.0
92916.0
92938.0
92939.0
92969.0
92973.0
92976.0
92987.0
93000.0
93001.0
93016.0
93024.0
93031.0
93033.0
93035.0
93036.0
93058.0
93059.0
93060.0
93090.0
93095.0
93096.0
93119.0
93128.0
93155.0
93156.0
93158.0
93179.0
93181.0
93187.0
93211.0
93215.0
93216.0
93236.0
93239.0
93240.0
93252.0
93254.0
93275.0
93276.0
93291.0
93292.0
93295.0
93306.0
93312.0
93327.0
93335.0
93336.0
93351.0
93364.0
93365.0
93388.0
93391.0
93394.0
93395.0
93396.0
93425.0
93447.0
93448.0
93455.0
93456.0
93477.0
93501.0
93515.0
93516.0
93518.0
93519.0
93540.0
93541.0
93548.0
93571.0
93575.0
93576.0
93598.0
93599.0
93625.0
93627.0
93628.0
93630.0
93636.0
93640.0
93641.0
93642.0
93643.0
93644.0
93645.0
93646.0
93648.0
93660.0
93695.0
93696.0
93751.0
93752.0
93755.0
93756.0
93781.0
93810.0
93815.0
93816.0
93876.0
93936.0
93995.0
93996.0
94055.0
94056.0
94115.0
94116.0
94176.0
94190.0
94203.0
94215.0
94217.0
94220.0
94225.0
94226.0
94233.0
94236.0
94275.0
94277.0
94280.0
94293.0
94296.0
94335.0
94337.0
94341.0
94353.0
94356.0
94395.0
94397.0
94400.0
94401.0
94413.0
94416.0
94456.0
94458.0
94459.0
94460.0
94461.0
94462.0
94465.0
94467.0
94473.0
94474.0
94476.0
94515.0
94516.0
94517.0
94520.0
94522.0
94533.0
94536.0
94575.0
94576.0
94580.0
94581.0
94593.0
94596.0
94635.0
94637.0
94640.0
94653.0
94656.0
94689.0
94695.0
94696.0
94700.0
94701.0
94715.0
94716.0
94755.0
94756.0
94760.0
94773.0
94774.0
94775.0
94776.0
94815.0
94816.0
94820.0
94821.0
94822.0
94833.0
94834.0
94835.0
94836.0
94875.0
94876.0
94880.0
94893.0
94894.0
94895.0
94896.0
94935.0
94936.0
94937.0
94940.0
94941.0
94953.0
94954.0
94955.0
94956.0
94957.0
94995.0
94997.0
95000.0
95013.0
95015.0
95016.0
95045.0
95046.0
95055.0
95056.0
95060.0
95073.0
95076.0
95115.0
95116.0
95120.0
95133.0
95135.0
95136.0
95175.0
95176.0
95180.0
95193.0
95195.0
95196.0
95236.0
95240.0
95241.0
95253.0
95255.0
95256.0
95257.0
95296.0
95300.0
95313.0
95315.0
95316.0
95360.0
95361.0
95373.0
95375.0
95376.0
95420.0
95421.0
95433.0
95436.0
95480.0
95493.0
95495.0
95496.0
95540.0
95541.0
95554.0
95556.0
95588.0
95589.0
95600.0
95613.0
95616.0
95660.0
95661.0
95673.0
95674.0
95675.0
95676.0
95720.0
95721.0
95722.0
95733.0
95736.0
95780.0
95793.0
95794.0
95795.0
95796.0
95841.0
95853.0
95854.0
95856.0
95886.0
95889.0
95890.0
95900.0
95901.0
95913.0
95915.0
95916.0
95960.0
95961.0
95973.0
95975.0
95976.0
96020.0
96021.0
96022.0
96023.0
96024.0
96033.0
96035.0
96036.0
96080.0
96093.0
96094.0
96140.0
96141.0
96153.0
96154.0
96200.0
96201.0
96213.0
96214.0
96260.0
96261.0
96273.0
96274.0
96320.0
96321.0
96333.0
96393.0
96394.0
96440.0
96441.0
96453.0
96487.0
96500.0
96501.0
96513.0
96560.0
96573.0
96574.0
96620.0
96634.0
96680.0
96681.0
96694.0
96740.0
96753.0
96754.0
96801.0
96813.0
96861.0
96873.0
96899.0
96920.0
96921.0
96933.0
96977.0
96980.0
96981.0
96990.0
96994.0
96996.0
97008.0
97020.0
97021.0
97056.0
97079.0
97081.0
97082.0
97113.0
97114.0
97116.0
97139.0
97156.0
97176.0
97186.0
97198.0
97206.0
97226.0
97228.0
97236.0
97240.0
97245.0
97258.0
97260.0
97268.0
97296.0
97297.0
97320.0
97321.0
97322.0
97334.0
97356.0
97379.0
97380.0
97381.0
97416.0
97439.0
97440.0
97469.0
97470.0
97476.0
97497.0
97498.0
97536.0
97559.0
97560.0
97591.0
97596.0
97618.0
97620.0
97622.0
97650.0
97655.0
97656.0
97680.0
97710.0
97716.0
97739.0
97740.0
97741.0
97770.0
97776.0
97798.0
97802.0
97803.0
97821.0
97822.0
97832.0
97834.0
97836.0
97862.0
97896.0
97897.0
97955.0
97956.0
98016.0
98076.0
98136.0
98137.0
98195.0
98196.0
98255.0
98256.0
98295.0
98296.0
98300.0
98301.0
98313.0
98314.0
98315.0
98316.0
98355.0
98356.0
98360.0
98361.0
98373.0
98376.0
98415.0
98416.0
98419.0
98420.0
98421.0
98433.0
98434.0
98436.0
98476.0
98480.0
98493.0
98496.0
98497.0
98535.0
98536.0
98540.0
98541.0
98553.0
98556.0
98596.0
98600.0
98601.0
98613.0
98614.0
98616.0
98641.0
98645.0
98656.0
98674.0
98676.0
98716.0
98720.0
98721.0
98733.0
98734.0
98736.0
98776.0
98780.0
98796.0
98835.0
98836.0
98856.0
98857.0
98896.0
98900.0
98916.0
98956.0
98973.0
98976.0
99015.0
99016.0
99020.0
99036.0
99075.0
99076.0
99080.0
99093.0
99135.0
99136.0
99160.0
99184.0
99195.0
99196.0
99200.0
99213.0
99216.0
99246.0
99255.0
99256.0
99260.0
99261.0
99276.0
99315.0
99316.0
99317.0
99321.0
99376.0
99380.0
99381.0
99393.0
99394.0
99396.0
99436.0
99440.0
99453.0
99454.0
99489.0
99490.0
99491.0
99496.0
99500.0
99513.0
99514.0
99516.0
99518.0
99560.0
99573.0
99620.0
99623.0
99624.0
99633.0
99636.0
99680.0
99693.0
99696.0
99697.0
99740.0
99753.0
99756.0
99800.0
99813.0
99816.0
99860.0
99873.0
99876.0
99906.0
99920.0
99921.0
99925.0
99926.0
99933.0
99936.0
99944.0
99980.0
99993.0
99996.0
100040.0
100041.0
100054.0
100056.0
100083.0
100100.0
100113.0
100116.0
100160.0
100173.0
100174.0
100216.0
100220.0
100233.0
100281.0
100293.0
100340.0
100353.0
100400.0
100414.0
100460.0
100473.0
100520.0
100533.0
100580.0
100581.0
100593.0
100623.0
100624.0
100633.0
100640.0
100653.0
100677.0
100681.0
100685.0
100698.0
100700.0
100713.0
100737.0
100754.0
100757.0
100760.0
100766.0
100767.0
100773.0
100809.0
100814.0
100820.0
100822.0
100829.0
100831.0
100833.0
100869.0
100870.0
100880.0
100893.0
100940.0
100953.0
100982.0
101000.0
101013.0
101041.0
101042.0
101060.0
101073.0
101089.0
101100.0
101101.0
101106.0
101112.0
101116.0
101124.0
101127.0
101131.0
101132.0
101133.0
101160.0
101166.0
101171.0
101173.0
101190.0
101193.0
101196.0
101219.0
101220.0
101222.0
101252.0
101253.0
101256.0
101280.0
101310.0
101316.0
101339.0
101343.0
101358.0
101373.0
101376.0
101383.0
101401.0
101417.0
101418.0
101419.0
101436.0
101442.0
101460.0
101478.0
101489.0
101496.0
101508.0
101521.0
101537.0
101551.0
101556.0
101580.0
101582.0
101593.0
101603.0
101605.0
101616.0
101639.0
101640.0
101652.0
101670.0
101676.0
101699.0
101717.0
101718.0
101736.0
101737.0
101748.0
101758.0
101777.0
101789.0
101796.0
101818.0
101820.0
101821.0
101850.0
101856.0
101880.0
101910.0
101916.0
101933.0
101935.0
101937.0
101938.0
101939.0
101940.0
101950.0
101951.0
101970.0
101974.0
101976.0
101981.0
101983.0
101984.0
101993.0
101996.0
101999.0
102036.0
102097.0
102217.0
102218.0
102276.0
102277.0
102317.0
102336.0
102377.0
102381.0
102393.0
102394.0
102396.0
102423.0
102424.0
102425.0
102426.0
102435.0
102437.0
102441.0
102454.0
102456.0
102457.0
102497.0
102500.0
102514.0
102516.0
102557.0
102560.0
102561.0
102573.0
102574.0
102576.0
102577.0
102615.0
102617.0
102620.0
102633.0
102634.0
102636.0
102677.0
102680.0
102681.0
102693.0
102694.0
102697.0
102737.0
102740.0
102741.0
102754.0
102756.0
102757.0
102781.0
102797.0
102800.0
102801.0
102813.0
102814.0
102816.0
102857.0
102860.0
102861.0
102873.0
102874.0
102876.0
102877.0
102913.0
102914.0
102917.0
102921.0
102934.0
102936.0
102966.0
102977.0
102981.0
102994.0
102996.0
102997.0
103036.0
103037.0
103040.0
103041.0
103042.0
103053.0
103056.0
103057.0
103090.0
103097.0
103100.0
103101.0
103113.0
103114.0
103116.0
103117.0
103136.0
103140.0
103157.0
103160.0
103161.0
103174.0
103176.0
103177.0
103216.0
103217.0
103220.0
103221.0
103222.0
103223.0
103234.0
103236.0
103237.0
103276.0
103277.0
103281.0
103293.0
103294.0
103296.0
103297.0
103337.0
103340.0
103341.0
103353.0
103354.0
103356.0
103357.0
103400.0
103401.0
103413.0
103414.0
103416.0
103417.0
103457.0
103460.0
103461.0
103473.0
103474.0
103476.0
103477.0
103520.0
103521.0
103525.0
103526.0
103533.0
103534.0
103536.0
103537.0
103577.0
103580.0
103581.0
103594.0
103596.0
103597.0
103640.0
103641.0
103653.0
103654.0
103656.0
103657.0
103680.0
103701.0
103713.0
103714.0
103716.0
103717.0
103760.0
103761.0
103773.0
103774.0
103776.0
103777.0
103812.0
103821.0
103833.0
103834.0
103836.0
103837.0
103838.0
103880.0
103881.0
103894.0
103896.0
103897.0
103941.0
103954.0
103956.0
103957.0
104001.0
104013.0
104014.0
104016.0
104017.0
104018.0
104060.0
104061.0
104073.0
104074.0
104076.0
104077.0
104115.0
104121.0
104134.0
104136.0
104137.0
104181.0
104193.0
104194.0
104196.0
104197.0
104240.0
104241.0
104254.0
104300.0
104313.0
104314.0
104361.0
104362.0
104373.0
104374.0
104420.0
104421.0
104433.0
104481.0
104494.0
104495.0
104541.0
104553.0
104554.0
104579.0
104600.0
104601.0
104613.0
104614.0
104661.0
104674.0
104711.0
104712.0
104721.0
104734.0
104780.0
104781.0
104793.0
104794.0
104841.0
104853.0
104854.0
104901.0
104914.0
104973.0
105021.0
105033.0
105034.0
105080.0
105081.0
105094.0
105120.0
105121.0
105141.0
105151.0
105154.0
105180.0
105200.0
105201.0
105210.0
105214.0
105216.0
105217.0
105239.0
105240.0
105241.0
105273.0
105274.0
105276.0
105277.0
105299.0
105301.0
105331.0
105333.0
105334.0
105336.0
105337.0
105360.0
105361.0
105421.0
105422.0
105452.0
105456.0
105457.0
105458.0
105480.0
105481.0
105510.0
105511.0
105516.0
105517.0
105540.0
105541.0
105577.0
105600.0
105630.0
105636.0
105637.0
105659.0
105662.0
105663.0
105691.0
105696.0
105697.0
105720.0
105721.0
105751.0
105756.0
105757.0
105781.0
105816.0
105817.0
105839.0
105841.0
105871.0
105876.0
105877.0
105880.0
105901.0
105910.0
105913.0
105930.0
105937.0
105961.0
105990.0
105991.0
105997.0
106021.0
106057.0
106116.0
106117.0
106176.0
106177.0
106236.0
106237.0
106296.0
106297.0
106356.0
106357.0
106416.0
106417.0
106476.0
106477.0
106503.0
106509.0
106510.0
106516.0
106520.0
106536.0
106537.0
106576.0
106580.0
106637.0
106640.0
106641.0
106653.0
106658.0
106689.0
106690.0
106696.0
106700.0
106716.0
106735.0
106736.0
106756.0
106760.0
106761.0
106773.0
106774.0
106812.0
106813.0
106816.0
106820.0
106822.0
106823.0
106836.0
106876.0
106880.0
106882.0
106893.0
106894.0
106936.0
106940.0
106996.0
107000.0
107015.0
107016.0
107056.0
107060.0
107073.0
107076.0
107116.0
107120.0
107125.0
107126.0
107176.0
107180.0
107196.0
107197.0
107236.0
107240.0
107275.0
107296.0
107300.0
107318.0
107356.0
107360.0
107373.0
107376.0
107408.0
107436.0
107480.0
107481.0
107493.0
107536.0
107540.0
107541.0
107553.0
107554.0
107596.0
107600.0
107614.0
107616.0
107631.0
107636.0
107656.0
107660.0
107673.0
107674.0
107676.0
107711.0
107720.0
107721.0
107733.0
107780.0
107793.0
107796.0
107840.0
107841.0
107853.0
107856.0
107857.0
107900.0
107913.0
107916.0
107917.0
107960.0
107961.0
107973.0
107974.0
107976.0
107977.0
108020.0
108021.0
108033.0
108036.0
108080.0
108093.0
108096.0
108140.0
108141.0
108154.0
108156.0
108157.0
108175.0
108200.0
108201.0
108213.0
108216.0
108246.0
108260.0
108261.0
108273.0
108276.0
108277.0
108320.0
108321.0
108333.0
108336.0
108337.0
108381.0
108393.0
108440.0
108453.0
108454.0
108500.0
108501.0
108514.0
108560.0
108561.0
108573.0
108620.0
108621.0
108633.0
108681.0
108693.0
108694.0
108740.0
108741.0
108754.0
108800.0
108813.0
108814.0
108860.0
108861.0
108874.0
108920.0
108921.0
108933.0
108980.0
108981.0
108993.0
109040.0
109041.0
109053.0
109073.0
109074.0
109100.0
109113.0
109114.0
109160.0
109173.0
109207.0
109220.0
109221.0
109233.0
109261.0
109280.0
109281.0
109293.0
109294.0
109296.0
109297.0
109320.0
109321.0
109322.0
109352.0
109353.0
109354.0
109356.0
109380.0
109381.0
109386.0
109411.0
109413.0
109414.0
109416.0
109417.0
109440.0
109441.0
109471.0
109475.0
109476.0
109490.0
109500.0
109501.0
109510.0
109516.0
109536.0
109537.0
109546.0
109548.0
109560.0
109561.0
109575.0
109591.0
109596.0
109620.0
109621.0
109622.0
109626.0
109652.0
109656.0
109657.0
109680.0
109681.0
109711.0
109716.0
109740.0
109776.0
109777.0
109800.0
109801.0
109836.0
109837.0
109860.0
109862.0
109876.0
109892.0
109896.0
109897.0
109921.0
109922.0
109956.0
109957.0
109980.0
109981.0
110010.0
110011.0
110016.0
110017.0
110042.0
110076.0
110077.0
110101.0
110102.0
110132.0
110136.0
110137.0
110160.0
110161.0
110190.0
110196.0
110197.0
110256.0
110287.0
110316.0
110317.0
110376.0
110377.0
110409.0
110437.0
110496.0
110497.0
110556.0
110557.0
110571.0
110584.0
110597.0
110600.0
110601.0
110613.0
110614.0
110616.0
110617.0
110657.0
110660.0
110661.0
110673.0
110677.0
110715.0
110717.0
110720.0
110725.0
110726.0
110733.0
110734.0
110736.0
110737.0
110776.0
110777.0
110780.0
110781.0
110793.0
110794.0
110796.0
110797.0
110836.0
110837.0
110840.0
110841.0
110853.0
110856.0
110857.0
110871.0
110887.0
110897.0
110900.0
110901.0
110913.0
110916.0
110947.0
110957.0
110960.0
110961.0
110973.0
110974.0
110976.0
110977.0
111004.0
111005.0
111017.0
111020.0
111021.0
111033.0
111034.0
111036.0
111037.0
111076.0
111077.0
111080.0
111081.0
111093.0
111094.0
111096.0
111097.0
111135.0
111137.0
111141.0
111153.0
111154.0
111156.0
111157.0
111197.0
111200.0
111201.0
111213.0
111214.0
111216.0
111217.0
111226.0
111230.0
111232.0
111257.0
111260.0
111261.0
111274.0
111276.0
111277.0
111307.0
111308.0
111309.0
111317.0
111320.0
111321.0
111334.0
111336.0
111337.0
111338.0
111375.0
111377.0
111380.0
111381.0
111393.0
111394.0
111396.0
111397.0
111437.0
111440.0
111441.0
111450.0
111453.0
111456.0
111457.0
111497.0
111500.0
111501.0
111513.0
111514.0
111517.0
111518.0
111529.0
111545.0
111547.0
111557.0
111560.0
111561.0
111574.0
111576.0
111577.0
111578.0
111617.0
111620.0
111621.0
111633.0
111634.0
111636.0
111637.0
111677.0
111680.0
111681.0
111693.0
111694.0
111696.0
111697.0
111737.0
111740.0
111741.0
111753.0
111754.0
111756.0
111757.0
111771.0
111797.0
111801.0
111813.0
111814.0
111816.0
111817.0
111861.0
111873.0
111874.0
111876.0
111877.0
111904.0
111920.0
111921.0
111933.0
111934.0
111936.0
111937.0
111980.0
111981.0
111993.0
111994.0
111995.0
111996.0
111997.0
112040.0
112041.0
112054.0
112056.0
112057.0
112101.0
112113.0
112116.0
112117.0
112161.0
112174.0
112176.0
112177.0
112206.0
112207.0
112221.0
112234.0
112236.0
112237.0
112281.0
112294.0
112297.0
112298.0
112341.0
112354.0
112356.0
112357.0
112401.0
112414.0
112416.0
112417.0
112460.0
112461.0
112474.0
112521.0
112534.0
112581.0
112594.0
112641.0
112642.0
112653.0
112654.0
112669.0
112701.0
112714.0
112761.0
112774.0
112775.0
112803.0
112821.0
112833.0
112834.0
112880.0
112881.0
112893.0
112894.0
112941.0
112953.0
113001.0
113002.0
113013.0
113014.0
113060.0
113061.0
113074.0
113121.0
113134.0
113181.0
113193.0
113194.0
113241.0
113254.0
113301.0
113314.0
113340.0
113341.0
113342.0
113361.0
113374.0
113376.0
113377.0
113401.0
113434.0
113436.0
113437.0
113438.0
113460.0
113461.0
113490.0
113494.0
113496.0
113497.0
113519.0
113520.0
113521.0
113522.0
113548.0
113551.0
113556.0
113557.0
113580.0
113610.0
113616.0
113617.0
113640.0
113641.0
113670.0
113671.0
113676.0
113677.0
113701.0
113736.0
113737.0
113760.0
113790.0
113791.0
113797.0
113820.0
113822.0
113823.0
113824.0
113853.0
113856.0
113857.0
113881.0
113882.0
113912.0
113916.0
113917.0
113939.0
113942.0
113968.0
113969.0
113970.0
113976.0
113977.0
113978.0
114001.0
114002.0
114003.0
114004.0
114005.0
114028.0
114032.0
114037.0
114059.0
114060.0
114089.0
114096.0
114097.0
114120.0
114122.0
114150.0
114152.0
114156.0
114157.0
114176.0
114177.0
114206.0
114207.0
114217.0
114277.0
114325.0
114326.0
114337.0
114397.0
114457.0
114517.0
114577.0
114637.0
114676.0
114680.0
114681.0
114693.0
114694.0
114696.0
114697.0
114736.0
114740.0
114741.0
114754.0
114756.0
114757.0
114800.0
114801.0
114814.0
114816.0
114817.0
114825.0
114827.0
114856.0
114860.0
114861.0
114874.0
114876.0
114877.0
114903.0
114916.0
114920.0
114921.0
114934.0
114937.0
114976.0
114980.0
114981.0
114994.0
114997.0
115036.0
115040.0
115041.0
115053.0
115054.0
115056.0
115057.0
115096.0
115100.0
115101.0
115113.0
115114.0
115116.0
115117.0
115145.0
115146.0
115147.0
115150.0
115156.0
115160.0
115161.0
115173.0
115176.0
115177.0
115216.0
115220.0
115221.0
115233.0
115234.0
115237.0
115276.0
115281.0
115294.0
115297.0
115336.0
115340.0
115341.0
115354.0
115356.0
115357.0
115367.0
115396.0
115400.0
115401.0
115414.0
115416.0
115417.0
115461.0
115473.0
115474.0
115476.0
115477.0
115499.0
115500.0
115516.0
115520.0
115521.0
115534.0
115536.0
115537.0
115576.0
115580.0
115581.0
115594.0
115596.0
115597.0
115636.0
115640.0
115641.0
115653.0
115654.0
115656.0
115657.0
115696.0
115700.0
115701.0
115714.0
115716.0
115717.0
115725.0
115726.0
115756.0
115760.0
115761.0
115774.0
115776.0
115777.0
115803.0
115816.0
115820.0
115821.0
115834.0
115836.0
115837.0
115880.0
115881.0
115894.0
115897.0
115941.0
115954.0
115957.0
116000.0
116001.0
116014.0
116016.0
116017.0
116061.0
116074.0
116076.0
116077.0
116121.0
116134.0
116137.0
116181.0
116194.0
116196.0
116197.0
116241.0
116253.0
116254.0
116256.0
116257.0
116265.0
116301.0
116313.0
116314.0
116316.0
116317.0
116361.0
116374.0
116376.0
116377.0
116398.0
116421.0
116434.0
116436.0
116437.0
116481.0
116494.0
116497.0
116541.0
116554.0
116556.0
116557.0
116601.0
116614.0
116661.0
116674.0
116721.0
116734.0
116781.0
116794.0
116841.0
116854.0
116901.0
116914.0
116961.0
116974.0
117021.0
117034.0
117081.0
117094.0
117141.0
117154.0
117165.0
117201.0
117214.0
117261.0
117274.0
117297.0
117298.0
117321.0
117334.0
117381.0
117394.0
117441.0
117450.0
117451.0
117454.0
117480.0
117489.0
117490.0
117501.0
117512.0
117513.0
117514.0
117517.0
117536.0
117542.0
117565.0
117566.0
117574.0
117577.0
117583.0
117594.0
117595.0
117601.0
117622.0
117623.0
117633.0
117634.0
117637.0
117659.0
117675.0
117676.0
117697.0
117714.0
117715.0
117738.0
117757.0
117767.0
117768.0
117803.0
117816.0
117817.0
117832.0
117877.0
117888.0
117925.0
117926.0
117937.0
117945.0
117946.0
117997.0
118000.0
118032.0
118057.0
118060.0
118090.0
118117.0
118122.0
118123.0
118148.0
118149.0
118157.0
118159.0
118177.0
118186.0
118187.0
118213.0
118237.0
118255.0
118256.0
118297.0
118298.0
118357.0
118358.0
118390.0
118391.0
118417.0
118477.0
118499.0
118500.0
118537.0
118597.0
118657.0
118717.0
118774.0
118775.0
118777.0
118817.0
118820.0
118821.0
118822.0
118834.0
118837.0
118877.0
118880.0
118881.0
118882.0
118894.0
118897.0
118937.0
118940.0
118941.0
118942.0
118954.0
118957.0
118963.0
118997.0
119000.0
119001.0
119002.0
119014.0
119017.0
119018.0
119061.0
119062.0
119074.0
119075.0
119077.0
119078.0
119095.0
119096.0
119117.0
119120.0
119121.0
119122.0
119134.0
119137.0
119177.0
119181.0
119182.0
119194.0
119197.0
119237.0
119240.0
119241.0
119242.0
119254.0
119257.0
119297.0
119300.0
119301.0
119302.0
119314.0
119315.0
119317.0
119320.0
119322.0
119360.0
119361.0
119362.0
119374.0
119377.0
119399.0
119417.0
119421.0
119422.0
119434.0
119437.0
119477.0
119480.0
119481.0
119482.0
119494.0
119497.0
119537.0
119540.0
119541.0
119542.0
119554.0
119557.0
119597.0
119600.0
119601.0
119614.0
119617.0
119657.0
119660.0
119661.0
119662.0
119674.0
119677.0
119717.0
119720.0
119721.0
119722.0
119734.0
119737.0
119777.0
119780.0
119781.0
119782.0
119794.0
119797.0
119798.0
119840.0
119841.0
119842.0
119854.0
119855.0
119857.0
119861.0
119862.0
119901.0
119902.0
119914.0
119915.0
119917.0
119957.0
119961.0
119974.0
119977.0
119995.0
120021.0
120034.0
120037.0
120081.0
120094.0
120097.0
120098.0
120141.0
120142.0
120154.0
120157.0
120201.0
120202.0
120214.0
120215.0
120217.0
120218.0
120261.0
120277.0
120297.0
120298.0
120321.0
120334.0
120337.0
120381.0
120394.0
120395.0
120397.0
120441.0
120454.0
120457.0
120501.0
120514.0
120515.0
120517.0
120518.0
120561.0
120574.0
120577.0
120621.0
120634.0
120635.0
120637.0
120638.0
120681.0
120682.0
120694.0
120695.0
120742.0
120754.0
120755.0
120761.0
120801.0
120802.0
120814.0
120861.0
120862.0
120874.0
120921.0
120922.0
120934.0
120935.0
120981.0
120982.0
120994.0
121041.0
121055.0
121090.0
121091.0
121101.0
121114.0
121115.0
121161.0
121174.0
121221.0
121222.0
121223.0
121224.0
121234.0
121235.0
121281.0
121294.0
121341.0
121354.0
121355.0
121414.0
121461.0
121462.0
121474.0
121475.0
121521.0
121534.0
121581.0
121594.0
121595.0
121597.0
121609.0
121618.0
121654.0
121657.0
121670.0
121714.0
121715.0
121717.0
121768.0
121777.0
121778.0
121784.0
121796.0
121818.0
121822.0
121837.0
121847.0
121883.0
121897.0
121898.0
121901.0
121912.0
121957.0
121971.0
122012.0
122017.0
122018.0
122041.0
122043.0
122061.0
122066.0
122077.0
122095.0
122096.0
122123.0
122124.0
122137.0
122138.0
122152.0
122180.0
122209.0
122259.0
122260.0
122262.0
122263.0
122317.0
122323.0
122355.0
122356.0
122357.0
122375.0
122377.0
122419.0
122420.0
122497.0
122677.0
122797.0
122798.0
122857.0
122858.0
122884.0
122896.0
122900.0
122901.0
122914.0
122915.0
122916.0
122917.0
122960.0
122961.0
122974.0
122977.0
122994.0
122995.0
123021.0
123034.0
123035.0
123037.0
123080.0
123081.0
123094.0
123097.0
123140.0
123141.0
123154.0
123157.0
123158.0
123196.0
123200.0
123201.0
123214.0
123217.0
123261.0
123274.0
123277.0
123321.0
123322.0
123334.0
123337.0
123338.0
123381.0
123394.0
123397.0
123441.0
123442.0
123455.0
123457.0
123500.0
123501.0
123502.0
123514.0
123515.0
123517.0
123561.0
123562.0
123574.0
123575.0
123577.0
123591.0
123620.0
123621.0
123622.0
123634.0
123637.0
123680.0
123681.0
123682.0
123694.0
123697.0
123736.0
123740.0
123741.0
123754.0
123755.0
123757.0
123758.0
123796.0
123800.0
123801.0
123814.0
123815.0
123816.0
123817.0
123818.0
123856.0
123860.0
123861.0
123874.0
123877.0
123878.0
123894.0
123916.0
123920.0
123921.0
123934.0
123937.0
123938.0
123976.0
123980.0
123981.0
123994.0
123997.0
123998.0
124036.0
124042.0
124054.0
124057.0
124058.0
124101.0
124102.0
124114.0
124117.0
124118.0
124161.0
124162.0
124174.0
124177.0
124221.0
124222.0
124235.0
124237.0
124282.0
124294.0
124295.0
124297.0
124341.0
124357.0
124401.0
124402.0
124414.0
124415.0
124417.0
124461.0
124462.0
124474.0
124477.0
124478.0
124490.0
124521.0
124535.0
124537.0
124538.0
124581.0
124594.0
124595.0
124597.0
124598.0
124641.0
124642.0
124654.0
124655.0
124657.0
124658.0
124689.0
124690.0
124701.0
124702.0
124715.0
124718.0
124761.0
124774.0
124775.0
124777.0
124821.0
124822.0
124823.0
124834.0
124835.0
124881.0
124894.0
124895.0
124941.0
124942.0
124954.0
124955.0
125001.0
125002.0
125014.0
125015.0
125061.0
125062.0
125074.0
125075.0
125121.0
125122.0
125134.0
125135.0
125181.0
125182.0
125195.0
125241.0
125242.0
125254.0
125255.0
125256.0
125301.0
125302.0
125314.0
125315.0
125361.0
125362.0
125375.0
125389.0
125421.0
125422.0
125435.0
125481.0
125483.0
125495.0
125541.0
125554.0
125555.0
125601.0
125613.0
125614.0
125616.0
125638.0
125643.0
125644.0
125661.0
125662.0
125674.0
125675.0
125677.0
125678.0
125691.0
125692.0
125724.0
125730.0
125734.0
125735.0
125737.0
125738.0
125758.0
125759.0
125770.0
125771.0
125773.0
125795.0
125797.0
125798.0
125857.0
125858.0
125878.0
125882.0
125883.0
125884.0
125896.0
125897.0
125906.0
125917.0
125918.0
125919.0
125920.0
125934.0
125935.0
125968.0
125969.0
125970.0
125977.0
125988.0
125999.0
126037.0
126038.0
126055.0
126056.0
126097.0
126098.0
126110.0
126158.0
126162.0
126173.0
126217.0
126218.0
126220.0
126221.0
126277.0
126278.0
126281.0
126338.0
126344.0
126345.0
126391.0
126398.0
126407.0
126408.0
126437.0
126458.0
126518.0
126577.0
126578.0
126590.0
126591.0
126637.0
126638.0
126697.0
126757.0
126758.0
126818.0
126819.0
126878.0
126937.0
126938.0
126964.0
126981.0
126994.0
126997.0
126998.0
127037.0
127040.0
127041.0
127042.0
127053.0
127054.0
127057.0
127058.0
127097.0
127100.0
127101.0
127102.0
127114.0
127117.0
127118.0
127160.0
127161.0
127174.0
127177.0
127178.0
127186.0
127187.0
127220.0
127221.0
127222.0
127234.0
127237.0
127280.0
127281.0
127282.0
127294.0
127297.0
127341.0
127342.0
127354.0
127357.0
127397.0
127400.0
127401.0
127402.0
127410.0
127414.0
127415.0
127417.0
127418.0
127457.0
127460.0
127461.0
127462.0
127474.0
127477.0
127490.0
127517.0
127520.0
127521.0
127522.0
127534.0
127537.0
127538.0
127577.0
127580.0
127581.0
127582.0
127594.0
127597.0
127598.0
127640.0
127641.0
127642.0
127654.0
127657.0
127658.0
127700.0
127701.0
127702.0
127714.0
127717.0
127718.0
127760.0
127761.0
127762.0
127774.0
127777.0
127778.0
127820.0
127821.0
127822.0
127834.0
127837.0
127838.0
127880.0
127881.0
127882.0
127894.0
127897.0
127898.0
127940.0
127941.0
127942.0
127953.0
127954.0
127957.0
127958.0
128000.0
128001.0
128002.0
128014.0
128017.0
128018.0
128057.0
128060.0
128061.0
128062.0
128074.0
128077.0
128078.0
128085.0
128086.0
128117.0
128121.0
128122.0
128134.0
128137.0
128138.0
128177.0
128181.0
128182.0
128194.0
128197.0
128198.0
128241.0
128242.0
128254.0
128257.0
128258.0
128289.0
128290.0
128301.0
128314.0
128315.0
128317.0
128318.0
128361.0
128362.0
128374.0
128375.0
128377.0
128378.0
128389.0
128421.0
128422.0
128423.0
128434.0
128437.0
128438.0
128481.0
128494.0
128495.0
128497.0
128498.0
128541.0
128555.0
128557.0
128601.0
128602.0
128614.0
128617.0
128618.0
128662.0
128674.0
128678.0
128721.0
128722.0
128725.0
128726.0
128734.0
128735.0
128738.0
128781.0
128782.0
128794.0
128795.0
128798.0
128842.0
128851.0
128854.0
128855.0
128857.0
128858.0
128902.0
128914.0
128915.0
128961.0
128962.0
128974.0
128975.0
128984.0
128985.0
129022.0
129034.0
129035.0
129081.0
129082.0
129095.0
129142.0
129154.0
129155.0
129202.0
129214.0
129261.0
129262.0
129274.0
129275.0
129321.0
129322.0
129334.0
129335.0
129381.0
129382.0
129394.0
129395.0
129441.0
129454.0
129455.0
129501.0
129502.0
129514.0
129515.0
129561.0
129562.0
129574.0
129575.0
129621.0
129622.0
129634.0
129635.0
129681.0
129694.0
129695.0
129741.0
129742.0
129751.0
129752.0
129754.0
129755.0
129757.0
129758.0
129781.0
129809.0
129810.0
129811.0
129814.0
129815.0
129818.0
129840.0
129871.0
129874.0
129875.0
129878.0
129883.0
129884.0
129899.0
129900.0
129934.0
129938.0
129993.0
129998.0
130021.0
130026.0
130028.0
130056.0
130058.0
130084.0
130118.0
130136.0
130142.0
130165.0
130178.0
130187.0
130229.0
130232.0
130237.0
130238.0
130245.0
130271.0
130272.0
130273.0
130297.0
130298.0
130329.0
130330.0
130348.0
130357.0
130358.0
130376.0
130377.0
130381.0
130382.0
130418.0
130432.0
130433.0
130475.0
130478.0
130492.0
130504.0
130523.0
130538.0
130598.0
130658.0
130718.0
130778.0
130838.0
130897.0
130898.0
130957.0
130958.0
131018.0
131061.0
131062.0
131074.0
131075.0
131078.0
131086.0
131120.0
131121.0
131122.0
131134.0
131135.0
131138.0
131180.0
131181.0
131194.0
131195.0
131197.0
131198.0
131199.0
131240.0
131241.0
131242.0
131254.0
131255.0
131257.0
131258.0
131300.0
131301.0
131302.0
131314.0
131315.0
131318.0
131360.0
131361.0
131362.0
131375.0
131378.0
131421.0
131422.0
131435.0
131438.0
131480.0
131481.0
131482.0
131494.0
131497.0
131498.0
131540.0
131541.0
131542.0
131554.0
131555.0
131558.0
131600.0
131602.0
131615.0
131618.0
131660.0
131661.0
131662.0
131674.0
131675.0
131677.0
131678.0
131682.0
131720.0
131721.0
131722.0
131735.0
131738.0
131780.0
131781.0
131782.0
131798.0
131840.0
131841.0
131842.0
131855.0
131858.0
131889.0
131890.0
131900.0
131901.0
131902.0
131905.0
131906.0
131910.0
131914.0
131915.0
131918.0
131960.0
131961.0
131962.0
131974.0
131975.0
131978.0
131984.0
131985.0
132019.0
132020.0
132021.0
132022.0
132023.0
132038.0
132039.0
132080.0
132082.0
132095.0
132097.0
132098.0
132141.0
132142.0
132155.0
132158.0
132201.0
132202.0
132214.0
132215.0
132218.0
132261.0
132262.0
132275.0
132278.0
132321.0
132322.0
132325.0
132326.0
132334.0
132338.0
132381.0
132382.0
132394.0
132395.0
132398.0
132442.0
132447.0
132455.0
132458.0
132502.0
132514.0
132515.0
132518.0
132561.0
132562.0
132574.0
132575.0
132578.0
132580.0
132581.0
132622.0
132634.0
132635.0
132638.0
132681.0
132682.0
132698.0
132741.0
132742.0
132754.0
132755.0
132758.0
132802.0
132815.0
132818.0
132861.0
132862.0
132874.0
132878.0
132883.0
132884.0
132921.0
132922.0
132934.0
132935.0
132938.0
132982.0
132995.0
133041.0
133042.0
133055.0
133101.0
133102.0
133114.0
133115.0
133161.0
133162.0
133174.0
133175.0
133221.0
133222.0
133234.0
133235.0
133282.0
133295.0
133341.0
133342.0
133347.0
133354.0
133355.0
133401.0
133402.0
133414.0
133415.0
133461.0
133462.0
133474.0
133475.0
133480.0
133521.0
133522.0
133535.0
133582.0
133595.0
133641.0
133642.0
133654.0
133655.0
133701.0
133702.0
133714.0
133715.0
133762.0
133774.0
133775.0
133791.0
133821.0
133822.0
133834.0
133835.0
133853.0
133881.0
133882.0
133883.0
133894.0
133895.0
133898.0
133912.0
133942.0
133955.0
133958.0
133973.0
133974.0
134015.0
134018.0
134035.0
134036.0
134049.0
134078.0
134093.0
134094.0
134124.0
134138.0
134149.0
134179.0
134198.0
134208.0
134211.0
134241.0
134258.0
134271.0
134272.0
134302.0
134318.0
134341.0
134378.0
134399.0
134400.0
134429.0
134438.0
134439.0
134462.0
134463.0
134492.0
134498.0
134499.0
134521.0
134522.0
134552.0
134557.0
134558.0
134582.0
134583.0
134613.0
134617.0
134618.0
134642.0
134643.0
134651.0
134655.0
134673.0
134678.0
134681.0
134682.0
134705.0
134713.0
134722.0
134735.0
134737.0
134738.0
134797.0
134798.0
134858.0
134918.0
134978.0
135038.0
135098.0
135154.0
135155.0
135157.0
135158.0
135172.0
135200.0
135201.0
135202.0
135204.0
135215.0
135218.0
135261.0
135262.0
135275.0
135277.0
135278.0
135320.0
135321.0
135322.0
135335.0
135338.0
135380.0
135382.0
135395.0
135398.0
135440.0
135442.0
135455.0
135458.0
135489.0
135490.0
135500.0
135501.0
135502.0
135506.0
135514.0
135515.0
135518.0
135560.0
135561.0
135562.0
135575.0
135578.0
135581.0
135620.0
135622.0
135623.0
135635.0
135638.0
135680.0
135682.0
135694.0
135695.0
135698.0
135740.0
135741.0
135742.0
135755.0
135758.0
135800.0
135801.0
135802.0
135814.0
135815.0
135818.0
135860.0
135862.0
135875.0
135878.0
135920.0
135921.0
135922.0
135925.0
135926.0
135934.0
135935.0
135938.0
135980.0
135982.0
135995.0
135998.0
136041.0
136042.0
136044.0
136054.0
136055.0
136058.0
136100.0
136101.0
136102.0
136115.0
136118.0
136160.0
136161.0
136162.0
136174.0
136175.0
136176.0
136178.0
136221.0
136222.0
136235.0
136238.0
136282.0
136294.0
136295.0
136298.0
136342.0
136355.0
136358.0
136401.0
136402.0
136415.0
136417.0
136418.0
136461.0
136462.0
136475.0
136478.0
136480.0
136521.0
136522.0
136535.0
136538.0
136595.0
136598.0
136638.0
136655.0
136658.0
136701.0
136718.0
136778.0
136821.0
136838.0
136898.0
136941.0
136943.0
136954.0
136958.0
137075.0
137076.0
137121.0
137122.0
137182.0
137241.0
137242.0
137255.0
137301.0
137315.0
137361.0
137362.0
137375.0
137421.0
137422.0
137434.0
137435.0
137481.0
137482.0
137495.0
137541.0
137542.0
137555.0
137601.0
137602.0
137614.0
137615.0
137661.0
137662.0
137674.0
137675.0
137721.0
137734.0
137735.0
137781.0
137794.0
137795.0
137841.0
137842.0
137854.0
137855.0
137901.0
137915.0
137945.0
137956.0
137961.0
137974.0
137975.0
137976.0
137978.0
137992.0
138034.0
138035.0
138038.0
138093.0
138095.0
138098.0
138158.0
138218.0
138243.0
138245.0
138270.0
138275.0
138278.0
138303.0
138338.0
138398.0
138417.0
138418.0
138419.0
138458.0
138475.0
138476.0
138477.0
138518.0
138535.0
138536.0
138543.0
138573.0
138578.0
138597.0
138598.0
138602.0
138628.0
138638.0
138656.0
138657.0
138669.0
138698.0
138723.0
138727.0
138728.0
138753.0
138758.0
138777.0
138778.0
138782.0
138808.0
138818.0
138836.0
138837.0
138878.0
138938.0
138998.0
139058.0
139118.0
139177.0
139178.0
139238.0
139251.0
139280.0
139281.0
139282.0
139294.0
139295.0
139298.0
139338.0
139339.0
139340.0
139341.0
139342.0
139355.0
139356.0
139358.0
139360.0
139400.0
139401.0
139402.0
139414.0
139415.0
139418.0
139460.0
139461.0
139462.0
139475.0
139478.0
139520.0
139521.0
139522.0
139525.0
139526.0
139527.0
139535.0
139538.0
139580.0
139581.0
139582.0
139594.0
139595.0
139598.0
139639.0
139640.0
139641.0
139642.0
139654.0
139655.0
139658.0
139700.0
139701.0
139715.0
139718.0
139760.0
139761.0
139762.0
139773.0
139775.0
139778.0
139820.0
139821.0
139822.0
139823.0
139835.0
139838.0
139880.0
139881.0
139882.0
139894.0
139895.0
139898.0
139940.0
139941.0
139942.0
139955.0
139956.0
139958.0
140000.0
140001.0
140002.0
140015.0
140018.0
140060.0
140061.0
140062.0
140075.0
140076.0
140078.0
140120.0
140121.0
140122.0
140135.0
140138.0
140180.0
140181.0
140182.0
140195.0
140198.0
140240.0
140241.0
140242.0
140255.0
140258.0
140260.0
140300.0
140301.0
140302.0
140315.0
140318.0
140345.0
140346.0
140347.0
140350.0
140360.0
140361.0
140362.0
140378.0
140421.0
140422.0
140434.0
140435.0
140438.0
140439.0
140481.0
140482.0
140495.0
140498.0
140542.0
140555.0
140558.0
140602.0
140615.0
140618.0
140619.0
140662.0
140672.0
140675.0
140678.0
140721.0
140722.0
140735.0
140738.0
140795.0
140798.0
140799.0
140842.0
140855.0
140858.0
140859.0
140901.0
140902.0
140915.0
140918.0
140919.0
140962.0
140974.0
140975.0
140978.0
140979.0
141022.0
141035.0
141038.0
141039.0
141082.0
141095.0
141098.0
141099.0
141142.0
141155.0
141158.0
141159.0
141202.0
141215.0
141262.0
141275.0
141322.0
141335.0
141382.0
141395.0
141437.0
141442.0
141455.0
141501.0
141502.0
141515.0
141562.0
141571.0
141575.0
141622.0
141635.0
141682.0
141695.0
141742.0
141755.0
141802.0
141815.0
141862.0
141875.0
141922.0
141935.0
141982.0
141995.0
142042.0
142055.0
142056.0
142058.0
142059.0
142088.0
142114.0
142115.0
142118.0
142119.0
142146.0
142175.0
142176.0
142177.0
142178.0
142179.0
142206.0
142238.0
142239.0
142248.0
142293.0
142298.0
142299.0
142349.0
142350.0
142358.0
142359.0
142408.0
142418.0
142419.0
142470.0
142478.0
142479.0
142534.0
142538.0
142539.0
142598.0
142599.0
142600.0
142658.0
142659.0
142662.0
142663.0
142673.0
142691.0
142698.0
142700.0
142718.0
142719.0
142726.0
142729.0
142739.0
142763.0
142764.0
142773.0
142778.0
142779.0
142792.0
142793.0
142829.0
142838.0
142839.0
142898.0
142899.0
142958.0
142959.0
143018.0
143019.0
143078.0
143079.0
143126.0
143138.0
143139.0
143198.0
143199.0
143258.0
143259.0
143318.0
143319.0
143360.0
143361.0
143362.0
143369.0
143375.0
143378.0
143379.0
143420.0
143421.0
143422.0
143435.0
143438.0
143439.0
143481.0
143482.0
143495.0
143498.0
143499.0
143541.0
143542.0
143555.0
143558.0
143559.0
143596.0
143597.0
143601.0
143602.0
143615.0
143618.0
143619.0
143661.0
143662.0
143672.0
143673.0
143675.0
143678.0
143679.0
143721.0
143722.0
143735.0
143736.0
143738.0
143739.0
143781.0
143782.0
143795.0
143798.0
143799.0
143841.0
143842.0
143855.0
143858.0
143859.0
143901.0
143902.0
143915.0
143918.0
143919.0
143947.0
143948.0
143951.0
143961.0
143962.0
143978.0
143979.0
144021.0
144022.0
144035.0
144036.0
144038.0
144039.0
144081.0
144082.0
144095.0
144098.0
144099.0
144134.0
144135.0
144141.0
144142.0
144155.0
144156.0
144158.0
144159.0
144200.0
144202.0
144215.0
144218.0
144219.0
144260.0
144262.0
144275.0
144279.0
144321.0
144322.0
144335.0
144338.0
144339.0
144381.0
144382.0
144395.0
144398.0
144442.0
144455.0
144456.0
144458.0
144459.0
144497.0
144502.0
144515.0
144518.0
144519.0
144562.0
144571.0
144572.0
144575.0
144578.0
144579.0
144622.0
144635.0
144636.0
144638.0
144639.0
144682.0
144695.0
144698.0
144699.0
144742.0
144755.0
144756.0
144758.0
144759.0
144802.0
144815.0
144816.0
144818.0
144819.0
144862.0
144875.0
144878.0
144879.0
144922.0
144935.0
144938.0
144939.0
144982.0
144995.0
144998.0
144999.0
145034.0
145042.0
145055.0
145058.0
145059.0
145102.0
145115.0
145118.0
145119.0
145162.0
145175.0
145176.0
145178.0
145179.0
145222.0
145235.0
145236.0
145238.0
145239.0
145282.0
145295.0
145342.0
145355.0
145402.0
145415.0
145462.0
145475.0
145522.0
145535.0
145582.0
145595.0
145642.0
145655.0
145702.0
145715.0
145762.0
145775.0
145776.0
145822.0
145835.0
145882.0
145883.0
145895.0
145896.0
145933.0
145942.0
145955.0
146002.0
146015.0
146062.0
146066.0
146075.0
146135.0
146138.0
146139.0
146194.0
146198.0
146199.0
146223.0
146255.0
146258.0
146280.0
146281.0
146319.0
146320.0
146342.0
146360.0
146369.0
146370.0
146377.0
146378.0
146379.0
146396.0
146405.0
146432.0
146438.0
146439.0
146461.0
146465.0
146488.0
146499.0
146517.0
146559.0
146567.0
146619.0
146624.0
146678.0
146679.0
146714.0
146726.0
146727.0
146737.0
146739.0
146796.0
146798.0
146799.0
146827.0
146856.0
146858.0
146859.0
146886.0
146888.0
146918.0
146919.0
146947.0
146978.0
146979.0
147038.0
147039.0
147098.0
147099.0
147158.0
147159.0
147218.0
147219.0
147268.0
147269.0
147279.0
147338.0
147339.0
147398.0
147399.0
147440.0
147441.0
147442.0
147455.0
147458.0
147459.0
147500.0
147501.0
147502.0
147515.0
147518.0
147546.0
147547.0
147550.0
147560.0
147561.0
147562.0
147575.0
147578.0
147620.0
147621.0
147622.0
147635.0
147638.0
147680.0
147681.0
147682.0
147695.0
147698.0
147699.0
147731.0
147740.0
147741.0
147742.0
147755.0
147758.0
147800.0
147801.0
147802.0
147815.0
147818.0
147819.0
147860.0
147861.0
147862.0
147864.0
147875.0
147878.0
147879.0
147920.0
147921.0
147922.0
147935.0
147938.0
147939.0
147980.0
147981.0
147982.0
147995.0
147998.0
147999.0
148040.0
148041.0
148042.0
148055.0
148058.0
148059.0
148090.0
148100.0
148101.0
148102.0
148115.0
148118.0
148119.0
148160.0
148162.0
148167.0
148168.0
148175.0
148178.0
148220.0
148221.0
148222.0
148235.0
148238.0
148239.0
148280.0
148281.0
148282.0
148295.0
148298.0
148299.0
148340.0
148341.0
148342.0
148355.0
148358.0
148359.0
148400.0
148401.0
148402.0
148415.0
148418.0
148419.0
148460.0
148461.0
148462.0
148475.0
148478.0
148479.0
148520.0
148521.0
148522.0
148535.0
148539.0
148581.0
148582.0
148595.0
148598.0
148599.0
148629.0
148630.0
148641.0
148642.0
148655.0
148658.0
148659.0
148702.0
148718.0
148719.0
148761.0
148762.0
148763.0
148775.0
148778.0
148779.0
148821.0
148822.0
148835.0
148838.0
148839.0
148882.0
148895.0
148898.0
148899.0
148941.0
148942.0
148955.0
148958.0
148959.0
149001.0
149002.0
149015.0
149018.0
149019.0
149062.0
149066.0
149067.0
149075.0
149078.0
149079.0
149122.0
149135.0
149138.0
149139.0
149182.0
149195.0
149198.0
149199.0
149242.0
149255.0
149258.0
149259.0
149302.0
149315.0
149318.0
149319.0
149362.0
149375.0
149422.0
149435.0
149482.0
149495.0
149528.0
149542.0
149555.0
149602.0
149615.0
149662.0
149675.0
149722.0
149735.0
149782.0
149795.0
149842.0
149855.0
149888.0
149889.0
149890.0
149902.0
149903.0
149915.0
149916.0
149962.0
149975.0
150022.0
150023.0
150035.0
150036.0
150082.0
150095.0
150096.0
150142.0
150155.0
150156.0
150181.0
150182.0
150183.0
150184.0
150202.0
150213.0
150214.0
150215.0
150216.0
150243.0
150246.0
150262.0
150272.0
150274.0
150275.0
150278.0
150279.0
150302.0
150304.0
150326.0
150327.0
150335.0
150339.0
150340.0
150364.0
150387.0
150388.0
150395.0
150399.0
150417.0
150425.0
150442.0
150443.0
150459.0
150472.0
150519.0
150534.0
150535.0
150570.0
150572.0
150579.0
150600.0
150615.0
150638.0
150639.0
150641.0
150670.0
150692.0
150693.0
150696.0
150698.0
150699.0
150722.0
150726.0
150753.0
150754.0
150758.0
150759.0
150783.0
150810.0
150818.0
150819.0
150839.0
150847.0
150851.0
150864.0
150874.0
150875.0
150877.0
150879.0
150896.0
150904.0
150907.0
150926.0
150927.0
150931.0
150939.0
150956.0
150979.0
150980.0
150998.0
150999.0
151009.0
151059.0
151118.0
151119.0
151178.0
151179.0
151239.0
151298.0
151299.0
151358.0
151359.0
151418.0
151419.0
151479.0
151535.0
151539.0
151552.0
151581.0
151582.0
151595.0
151599.0
151641.0
151642.0
151655.0
151659.0
151686.0
151701.0
151702.0
151715.0
151718.0
151719.0
151760.0
151762.0
151763.0
151764.0
151775.0
151779.0
151820.0
151822.0
151835.0
151838.0
151839.0
151880.0
151882.0
151895.0
151899.0
151941.0
151942.0
151955.0
151959.0
152002.0
152015.0
152019.0
152060.0
152062.0
152075.0
152079.0
152120.0
152122.0
152135.0
152139.0
152181.0
152182.0
152195.0
152196.0
152199.0
152226.0
152240.0
152242.0
152255.0
152256.0
152259.0
152300.0
152302.0
152303.0
152319.0
152360.0
152362.0
152363.0
152375.0
152379.0
152420.0
152422.0
152436.0
152439.0
152481.0
152482.0
152483.0
152495.0
152496.0
152499.0
152540.0
152542.0
152555.0
152559.0
152587.0
152600.0
152602.0
152615.0
152616.0
152619.0
152662.0
152663.0
152675.0
152676.0
152679.0
152722.0
152736.0
152739.0
152782.0
152795.0
152796.0
152799.0
152842.0
152855.0
152856.0
152859.0
152919.0
152920.0
152975.0
152979.0
153022.0
153035.0
153039.0
153040.0
153099.0
153125.0
153142.0
153159.0
153258.0
153278.0
153322.0
153339.0
153395.0
153442.0
153455.0
153456.0
153489.0
153490.0
153502.0
153515.0
153516.0
153562.0
153575.0
153622.0
153623.0
153635.0
153682.0
153695.0
153742.0
153755.0
153802.0
153815.0
153862.0
153875.0
153922.0
153935.0
153982.0
153995.0
154023.0
154024.0
154042.0
154055.0
154102.0
154115.0
154157.0
154162.0
154175.0
154222.0
154235.0
154269.0
154282.0
154295.0
154301.0
154342.0
154355.0
154359.0
154391.0
154407.0
154408.0
154415.0
154419.0
154422.0
154461.0
154466.0
154475.0
154479.0
154511.0
154539.0
154544.0
154587.0
154588.0
154599.0
154617.0
154659.0
154664.0
154717.0
154719.0
154746.0
154751.0
154767.0
154770.0
154772.0
154779.0
154790.0
154799.0
154804.0
154805.0
154825.0
154839.0
154854.0
154882.0
154899.0
154911.0
154950.0
154979.0
155008.0
155021.0
155037.0
155069.0
155079.0
155098.0
155139.0
155162.0
155259.0
155359.0
155360.0
155379.0
155499.0
155559.0
155560.0
155619.0
155660.0
155661.0
155662.0
155675.0
155679.0
155720.0
155721.0
155722.0
155735.0
155739.0
155782.0
155795.0
155799.0
155821.0
155841.0
155842.0
155845.0
155855.0
155859.0
155902.0
155915.0
155919.0
155955.0
155960.0
155962.0
155975.0
155979.0
156022.0
156035.0
156039.0
156081.0
156082.0
156095.0
156099.0
156142.0
156155.0
156159.0
156180.0
156181.0
156201.0
156202.0
156215.0
156219.0
156258.0
156262.0
156275.0
156279.0
156321.0
156322.0
156335.0
156339.0
156380.0
156381.0
156382.0
156395.0
156399.0
156440.0
156441.0
156442.0
156455.0
156459.0
156500.0
156501.0
156502.0
156515.0
156519.0
156560.0
156561.0
156562.0
156575.0
156579.0
156620.0
156621.0
156622.0
156635.0
156639.0
156680.0
156681.0
156682.0
156695.0
156699.0
156721.0
156740.0
156741.0
156742.0
156755.0
156759.0
156801.0
156802.0
156815.0
156819.0
156854.0
156861.0
156862.0
156875.0
156879.0
156922.0
156935.0
156939.0
156982.0
156995.0
156999.0
157042.0
157055.0
157059.0
157088.0
157089.0
157090.0
157102.0
157115.0
157119.0
157157.0
157158.0
157162.0
157175.0
157176.0
157179.0
157222.0
157223.0
157235.0
157239.0
157282.0
157295.0
157299.0
157342.0
157355.0
157359.0
157402.0
157415.0
157419.0
157462.0
157475.0
157479.0
157522.0
157525.0
157526.0
157527.0
157535.0
157539.0
157582.0
157595.0
157620.0
157642.0
157655.0
157656.0
157702.0
157715.0
157716.0
157752.0
157753.0
157762.0
157775.0
157776.0
157822.0
157835.0
157882.0
157895.0
157942.0
157955.0
158002.0
158015.0
158062.0
158075.0
158122.0
158135.0
158182.0
158195.0
158242.0
158255.0
158302.0
158315.0
158362.0
158375.0
158376.0
158404.0
158422.0
158435.0
158439.0
158449.0
158467.0
158468.0
158478.0
158495.0
158498.0
158499.0
158501.0
158528.0
158529.0
158555.0
158556.0
158558.0
158559.0
158560.0
158589.0
158617.0
158618.0
158619.0
158638.0
158639.0
158669.0
158679.0
158698.0
158719.0
158739.0
158749.0
158764.0
158778.0
158793.0
158799.0
158819.0
158820.0
158823.0
158850.0
158859.0
158879.0
158882.0
158883.0
158884.0
158912.0
158914.0
158919.0
158925.0
158942.0
158956.0
158972.0
158979.0
158984.0
159000.0
159001.0
159024.0
159029.0
159039.0
159054.0
159059.0
159083.0
159084.0
159099.0
159113.0
159114.0
159143.0
159144.0
159159.0
159165.0
159173.0
159195.0
159196.0
159219.0
159221.0
159224.0
159225.0
159251.0
159279.0
159280.0
159325.0
159339.0
159399.0
159459.0
159519.0
159579.0
159639.0
159699.0
159725.0
159741.0
159742.0
159755.0
159756.0
159759.0
159777.0
159781.0
159801.0
159802.0
159803.0
159816.0
159819.0
159855.0
159861.0
159862.0
159863.0
159876.0
159879.0
159921.0
159922.0
159923.0
159936.0
159939.0
159981.0
159982.0
159983.0
159995.0
159996.0
159999.0
160041.0
160042.0
160043.0
160056.0
160059.0
160060.0
160101.0
160102.0
160116.0
160119.0
160120.0
160161.0
160162.0
160163.0
160176.0
160179.0
160220.0
160221.0
160222.0
160223.0
160235.0
160239.0
160240.0
160281.0
160282.0
160283.0
160295.0
160296.0
160299.0
160300.0
160340.0
160341.0
160342.0
160343.0
160355.0
160356.0
160359.0
160400.0
160402.0
160403.0
160416.0
160419.0
160420.0
160449.0
160450.0
160460.0
160462.0
160463.0
160476.0
160479.0
160480.0
160521.0
160522.0
160523.0
160536.0
160539.0
160580.0
160582.0
160583.0
160595.0
160596.0
160599.0
160600.0
160640.0
160642.0
160643.0
160655.0
160656.0
160659.0
160660.0
160675.0
160677.0
160689.0
160690.0
160700.0
160702.0
160703.0
160716.0
160719.0
160720.0
160754.0
160761.0
160762.0
160763.0
160775.0
160776.0
160779.0
160780.0
160822.0
160823.0
160835.0
160836.0
160839.0
160840.0
160882.0
160883.0
160895.0
160896.0
160899.0
160900.0
160943.0
160956.0
160959.0
160960.0
161002.0
161003.0
161016.0
161019.0
161020.0
161062.0
161063.0
161075.0
161076.0
161079.0
161080.0
161122.0
161123.0
161125.0
161126.0
161127.0
161136.0
161139.0
161140.0
161182.0
161183.0
161196.0
161199.0
161200.0
161215.0
161216.0
161243.0
161256.0
161259.0
161260.0
161302.0
161316.0
161319.0
161320.0
161349.0
161362.0
161363.0
161376.0
161379.0
161380.0
161422.0
161423.0
161435.0
161436.0
161439.0
161440.0
161483.0
161499.0
161500.0
161542.0
161543.0
161544.0
161556.0
161559.0
161560.0
161602.0
161603.0
161616.0
161620.0
161663.0
161676.0
161723.0
161796.0
161856.0
161902.0
161916.0
161962.0
161963.0
161976.0
162023.0
162036.0
162083.0
162095.0
162096.0
162114.0
162115.0
162143.0
162156.0
162216.0
162248.0
162262.0
162263.0
162276.0
162323.0
162336.0
162382.0
162396.0
162442.0
162456.0
162500.0
162503.0
162516.0
162528.0
162529.0
162547.0
162552.0
162557.0
162564.0
162565.0
162576.0
162579.0
162580.0
162590.0
162594.0
162617.0
162618.0
162631.0
162636.0
162639.0
162640.0
162695.0
162696.0
162699.0
162700.0
162725.0
162759.0
162760.0
162761.0
162762.0
162819.0
162820.0
162879.0
162880.0
162882.0
162883.0
162912.0
162939.0
162940.0
162942.0
162954.0
162984.0
162999.0
163000.0
163001.0
163054.0
163059.0
163060.0
163084.0
163113.0
163119.0
163120.0
163173.0
163179.0
163180.0
163203.0
163204.0
163233.0
163238.0
163239.0
163240.0
163268.0
163299.0
163300.0
163327.0
163328.0
163329.0
163362.0
163387.0
163388.0
163391.0
163392.0
163420.0
163451.0
163539.0
163659.0
163779.0
163820.0
163821.0
163827.0
163835.0
163836.0
163839.0
163880.0
163881.0
163882.0
163913.0
163940.0
163942.0
163959.0
163960.0
164000.0
164001.0
164019.0
164020.0
164046.0
164060.0
164061.0
164079.0
164080.0
164120.0
164121.0
164139.0
164182.0
164196.0
164241.0
164245.0
164264.0
164275.0
164289.0
164290.0
164302.0
164316.0
164319.0
164349.0
164350.0
164361.0
164362.0
164363.0
164379.0
164422.0
164423.0
164480.0
164481.0
164482.0
164496.0
164499.0
164542.0
164543.0
164556.0
164600.0
164601.0
164602.0
164603.0
164616.0
164619.0
164661.0
164662.0
164675.0
164676.0
164722.0
164723.0
164725.0
164726.0
164727.0
164735.0
164736.0
164739.0
164780.0
164781.0
164782.0
164783.0
164796.0
164799.0
164800.0
164812.0
164840.0
164841.0
164843.0
164856.0
164859.0
164860.0
164900.0
164901.0
164902.0
164903.0
164916.0
164919.0
164920.0
164944.0
164961.0
164962.0
164976.0
164979.0
164980.0
165022.0
165023.0
165035.0
165036.0
165039.0
165040.0
165082.0
165083.0
165096.0
165099.0
165142.0
165156.0
165159.0
165160.0
165202.0
165203.0
165216.0
165219.0
165220.0
165249.0
165262.0
165276.0
165279.0
165280.0
165323.0
165336.0
165339.0
165340.0
165383.0
165396.0
165399.0
165456.0
165459.0
165503.0
165516.0
165519.0
165520.0
165563.0
165576.0
165579.0
165580.0
165623.0
165636.0
165639.0
165640.0
165683.0
165696.0
165711.0
165712.0
165742.0
165756.0
165802.0
165803.0
165816.0
165844.0
165845.0
165863.0
165876.0
165923.0
165936.0
165983.0
165996.0
166042.0
166043.0
166044.0
166056.0
166103.0
166116.0
166163.0
166176.0
166177.0
166222.0
166223.0
166236.0
166238.0
166283.0
166296.0
166342.0
166343.0
166356.0
166403.0
166416.0
166462.0
166463.0
166476.0
166523.0
166536.0
166564.0
166583.0
166593.0
166594.0
166596.0
166610.0
166623.0
166625.0
166626.0
166642.0
166643.0
166654.0
166656.0
166660.0
166682.0
166683.0
166713.0
166716.0
166719.0
166720.0
166743.0
166776.0
166780.0
166805.0
166834.0
166835.0
166839.0
166840.0
166866.0
166894.0
166896.0
166899.0
166900.0
166924.0
166954.0
166959.0
166960.0
166984.0
166985.0
167012.0
167013.0
167015.0
167019.0
167020.0
167043.0
167046.0
167047.0
167072.0
167073.0
167079.0
167080.0
167103.0
167104.0
167105.0
167106.0
167134.0
167136.0
167140.0
167164.0
167165.0
167166.0
167199.0
167200.0
167224.0
167253.0
167255.0
167259.0
167260.0
167283.0
167284.0
167285.0
167315.0
167320.0
167345.0
167347.0
167379.0
167380.0
167404.0
167405.0
167408.0
167440.0
167463.0
167464.0
167465.0
167495.0
167499.0
167500.0
167559.0
167560.0
167620.0
167679.0
167680.0
167739.0
167740.0
167799.0
167800.0
167860.0
167916.0
167920.0
167946.0
167960.0
167961.0
167963.0
167976.0
167979.0
167980.0
168020.0
168021.0
168023.0
168024.0
168036.0
168040.0
168041.0
168080.0
168081.0
168083.0
168096.0
168100.0
168140.0
168141.0
168143.0
168156.0
168160.0
168200.0
168201.0
168203.0
168216.0
168220.0
168260.0
168261.0
168263.0
168276.0
168280.0
168321.0
168322.0
168323.0
168325.0
168326.0
168327.0
168336.0
168340.0
168381.0
168382.0
168383.0
168396.0
168397.0
168400.0
168401.0
168441.0
168442.0
168443.0
168444.0
168456.0
168457.0
168460.0
168501.0
168502.0
168503.0
168505.0
168516.0
168517.0
168520.0
168541.0
168562.0
168563.0
168576.0
168577.0
168580.0
168610.0
168621.0
168622.0
168623.0
168626.0
168636.0
168637.0
168639.0
168640.0
168681.0
168682.0
168683.0
168684.0
168696.0
168697.0
168700.0
168741.0
168742.0
168743.0
168756.0
168757.0
168760.0
168767.0
168771.0
168801.0
168802.0
168803.0
168816.0
168817.0
168819.0
168820.0
168845.0
168862.0
168863.0
168866.0
168876.0
168880.0
168921.0
168922.0
168923.0
168936.0
168939.0
168940.0
168982.0
168983.0
168985.0
168996.0
169000.0
169042.0
169043.0
169056.0
169060.0
169102.0
169103.0
169116.0
169120.0
169121.0
169147.0
169149.0
169152.0
169162.0
169163.0
169176.0
169179.0
169180.0
169236.0
169240.0
169282.0
169283.0
169296.0
169299.0
169300.0
169306.0
169307.0
169343.0
169356.0
169360.0
169361.0
169402.0
169416.0
169420.0
169440.0
169462.0
169463.0
169476.0
169480.0
169522.0
169523.0
169536.0
169540.0
169582.0
169583.0
169596.0
169600.0
169642.0
169656.0
169660.0
169702.0
169703.0
169715.0
169716.0
169720.0
169744.0
169763.0
169776.0
169780.0
169822.0
169835.0
169836.0
169882.0
169896.0
169942.0
169943.0
169956.0
170002.0
170003.0
170016.0
170062.0
170076.0
170122.0
170136.0
170182.0
170183.0
170195.0
170196.0
170242.0
170243.0
170256.0
170302.0
170303.0
170316.0
170338.0
170339.0
170362.0
170376.0
170422.0
170423.0
170436.0
170482.0
170483.0
170496.0
170542.0
170543.0
170556.0
170602.0
170616.0
170643.0
170662.0
170676.0
170704.0
170722.0
170734.0
170736.0
170740.0
170763.0
170764.0
170795.0
170796.0
170800.0
170823.0
170824.0
170856.0
170859.0
170860.0
170883.0
170884.0
170885.0
170914.0
170915.0
170920.0
170944.0
170945.0
170977.0
170980.0
171004.0
171005.0
171033.0
171035.0
171040.0
171064.0
171065.0
171066.0
171096.0
171100.0
171123.0
171124.0
171125.0
171154.0
171155.0
171160.0
171184.0
171185.0
171214.0
171220.0
171244.0
171274.0
171275.0
171280.0
171303.0
171335.0
171340.0
171364.0
171394.0
171395.0
171400.0
171424.0
171453.0
171454.0
171455.0
171460.0
171483.0
171485.0
171509.0
171514.0
171515.0
171520.0
171539.0
171542.0
171544.0
171545.0
171567.0
171574.0
171575.0
171580.0
171601.0
171604.0
171610.0
171640.0
171700.0
171760.0
171820.0
171880.0
171910.0
171926.0
171927.0
171928.0
171929.0
171940.0
172000.0
172013.0
172026.0
172040.0
172042.0
172043.0
172056.0
172057.0
172060.0
172063.0
172100.0
172102.0
172103.0
172116.0
172120.0
172136.0
172137.0
172160.0
172161.0
172162.0
172163.0
172180.0
172220.0
172222.0
172223.0
172236.0
172240.0
172280.0
172282.0
172283.0
172296.0
172300.0
172340.0
172342.0
172343.0
172356.0
172360.0
172361.0
172365.0
172366.0
172367.0
172400.0
172402.0
172403.0
172416.0
172420.0
172441.0
172460.0
172461.0
172462.0
172465.0
172476.0
172480.0
172500.0
172520.0
172522.0
172523.0
172536.0
172540.0
172541.0
172580.0
172581.0
172583.0
172596.0
172600.0
172640.0
172641.0
172643.0
172645.0
172656.0
172660.0
172700.0
172701.0
172703.0
172705.0
172716.0
172720.0
172746.0
172747.0
172748.0
172749.0
172750.0
172752.0
172760.0
172761.0
172763.0
172776.0
172777.0
172780.0
172810.0
172820.0
172821.0
172822.0
172823.0
172836.0
172837.0
172840.0
172841.0
172881.0
172883.0
172885.0
172896.0
172900.0
172903.0
172941.0
172942.0
172943.0
172945.0
172956.0
172957.0
172960.0
172961.0
173000.0
173001.0
173002.0
173003.0
173016.0
173017.0
173020.0
173021.0
173036.0
173061.0
173062.0
173063.0
173065.0
173076.0
173080.0
173081.0
173120.0
173121.0
173123.0
173136.0
173140.0
173141.0
173181.0
173182.0
173183.0
173196.0
173200.0
173242.0
173243.0
173256.0
173257.0
173260.0
173261.0
173303.0
173316.0
173320.0
173339.0
173363.0
173376.0
173377.0
173380.0
173381.0
173399.0
173423.0
173436.0
173440.0
173441.0
173483.0
173496.0
173497.0
173500.0
173543.0
173556.0
173560.0
173561.0
173603.0
173616.0
173617.0
173620.0
173621.0
173663.0
173676.0
173680.0
173681.0
173723.0
173736.0
173737.0
173740.0
173741.0
173783.0
173796.0
173797.0
173800.0
173801.0
173802.0
173843.0
173856.0
173857.0
173860.0
173903.0
173916.0
173934.0
173935.0
173963.0
173976.0
174023.0
174036.0
174083.0
174096.0
174143.0
174156.0
174203.0
174216.0
174217.0
174263.0
174276.0
174322.0
174323.0
174383.0
174396.0
174443.0
174456.0
174457.0
174503.0
174517.0
174563.0
174576.0
174622.0
174623.0
174636.0
174683.0
174696.0
174697.0
174700.0
174701.0
174702.0
174743.0
174756.0
174757.0
174786.0
174795.0
174803.0
174816.0
174820.0
174821.0
174825.0
174846.0
174876.0
174877.0
174880.0
174881.0
174906.0
174914.0
174915.0
174936.0
174940.0
174964.0
174965.0
174966.0
174974.0
174996.0
175000.0
175001.0
175025.0
175026.0
175035.0
175060.0
175061.0
175086.0
175105.0
175107.0
175116.0
175120.0
175121.0
175137.0
175139.0
175145.0
175146.0
175155.0
175164.0
175180.0
175181.0
175185.0
175204.0
175206.0
175215.0
175234.0
175236.0
175240.0
175274.0
175300.0
175301.0
175305.0
175325.0
175354.0
175355.0
175357.0
175360.0
175361.0
175385.0
175415.0
175420.0
175421.0
175445.0
175475.0
175480.0
175481.0
175526.0
175527.0
175535.0
175540.0
175541.0
175595.0
175596.0
175600.0
175601.0
175602.0
175625.0
175626.0
175656.0
175660.0
175661.0
175685.0
175720.0
175721.0
175780.0
175781.0
175840.0
175841.0
175900.0
175901.0
175960.0
175961.0
176020.0
176021.0
176039.0
176080.0
176081.0
176096.0
176120.0
176121.0
176122.0
176123.0
176125.0
176136.0
176137.0
176140.0
176141.0
176181.0
176183.0
176185.0
176196.0
176197.0
176200.0
176201.0
176241.0
176243.0
176245.0
176256.0
176260.0
176261.0
176301.0
176303.0
176305.0
176316.0
176317.0
176320.0
176321.0
176346.0
176347.0
176348.0
176350.0
176351.0
176361.0
176363.0
176365.0
176376.0
176377.0
176380.0
176381.0
176420.0
176421.0
176423.0
176425.0
176426.0
176436.0
176437.0
176440.0
176441.0
176481.0
176483.0
176485.0
176497.0
176499.0
176500.0
176501.0
176541.0
176543.0
176545.0
176556.0
176557.0
176560.0
176561.0
176562.0
176601.0
176603.0
176605.0
176617.0
176620.0
176621.0
176661.0
176663.0
176665.0
176676.0
176677.0
176680.0
176681.0
176721.0
176723.0
176725.0
176736.0
176740.0
176741.0
176781.0
176783.0
176785.0
176796.0
176800.0
176841.0
176843.0
176846.0
176856.0
176860.0
176861.0
176862.0
176902.0
176903.0
176906.0
176916.0
176917.0
176920.0
176921.0
176937.0
176961.0
176962.0
176963.0
176966.0
176976.0
176977.0
176981.0
177021.0
177022.0
177023.0
177026.0
177036.0
177037.0
177040.0
177041.0
177071.0
177081.0
177082.0
177083.0
177086.0
177096.0
177097.0
177100.0
177101.0
177141.0
177142.0
177143.0
177146.0
177156.0
177157.0
177160.0
177202.0
177203.0
177216.0
177217.0
177220.0
177221.0
177262.0
177263.0
177277.0
177280.0
177281.0
177323.0
177337.0
177340.0
177341.0
177383.0
177396.0
177397.0
177398.0
177400.0
177401.0
177443.0
177456.0
177457.0
177460.0
177461.0
177503.0
177517.0
177520.0
177521.0
177531.0
177563.0
177576.0
177577.0
177580.0
177581.0
177623.0
177636.0
177637.0
177640.0
177641.0
177683.0
177696.0
177697.0
177700.0
177701.0
177743.0
177756.0
177760.0
177761.0
177803.0
177816.0
177817.0
177820.0
177821.0
177834.0
177863.0
177876.0
177880.0
177881.0
177923.0
177937.0
177940.0
177941.0
177983.0
177996.0
177997.0
178043.0
178057.0
178103.0
178116.0
178117.0
178176.0
178177.0
178223.0
178283.0
178296.0
178297.0
178343.0
178403.0
178417.0
178430.0
178463.0
178476.0
178477.0
178524.0
178583.0
178596.0
178597.0
178643.0
178657.0
178658.0
178688.0
178690.0
178703.0
178716.0
178763.0
178776.0
178777.0
178823.0
178824.0
178825.0
178836.0
178837.0
178866.0
178883.0
178896.0
178897.0
178926.0
178956.0
178957.0
178961.0
178985.0
178986.0
179016.0
179017.0
179020.0
179045.0
179046.0
179080.0
179081.0
179106.0
179126.0
179127.0
179128.0
179129.0
179140.0
179141.0
179145.0
179164.0
179166.0
179200.0
179224.0
179226.0
179227.0
179260.0
179261.0
179285.0
179286.0
179314.0
179316.0
179320.0
179321.0
179344.0
179345.0
179376.0
179380.0
179381.0
179405.0
179435.0
179436.0
179440.0
179441.0
179466.0
179496.0
179500.0
179501.0
179526.0
179554.0
179555.0
179560.0
179561.0
179586.0
179600.0
179614.0
179615.0
179616.0
179622.0
179658.0
179662.0
179675.0
179680.0
179735.0
179740.0
179767.0
179794.0
179795.0
179800.0
179860.0
179861.0
179920.0
179921.0
179980.0
180040.0
180041.0
180100.0
180101.0
180160.0
180161.0
180201.0
180202.0
180203.0
180205.0
180216.0
180217.0
180220.0
180221.0
180227.0
180228.0
180262.0
180263.0
180265.0
180277.0
180280.0
180310.0
180322.0
180323.0
180325.0
180336.0
180337.0
180340.0
180341.0
180382.0
180383.0
180385.0
180396.0
180397.0
180400.0
180401.0
180443.0
180445.0
180447.0
180455.0
180456.0
180457.0
180460.0
180461.0
180500.0
180501.0
180503.0
180505.0
180516.0
180517.0
180520.0
180521.0
180561.0
180562.0
180563.0
180565.0
180576.0
180577.0
180580.0
180581.0
180620.0
180621.0
180623.0
180625.0
180636.0
180640.0
180641.0
180681.0
180682.0
180683.0
180685.0
180696.0
180697.0
180700.0
180701.0
180741.0
180743.0
180756.0
180760.0
180761.0
180802.0
180803.0
180805.0
180816.0
180820.0
180821.0
180861.0
180863.0
180865.0
180876.0
180880.0
180881.0
180921.0
180923.0
180936.0
180940.0
180981.0
180983.0
180985.0
180994.0
180996.0
180997.0
181000.0
181001.0
181041.0
181043.0
181044.0
181045.0
181056.0
181060.0
181100.0
181101.0
181103.0
181105.0
181116.0
181120.0
181127.0
181161.0
181163.0
181165.0
181176.0
181180.0
181221.0
181223.0
181225.0
181236.0
181240.0
181281.0
181283.0
181296.0
181297.0
181300.0
181341.0
181343.0
181356.0
181360.0
181401.0
181403.0
181416.0
181420.0
181430.0
181431.0
181463.0
181476.0
181480.0
181523.0
181536.0
181540.0
181560.0
181563.0
181564.0
181568.0
181583.0
181596.0
181600.0
181601.0
181643.0
181656.0
181657.0
181660.0
181661.0
181693.0
181696.0
181697.0
181701.0
181703.0
181708.0
181716.0
181720.0
181763.0
181776.0
181777.0
181780.0
181823.0
181836.0
181840.0
181883.0
181884.0
181893.0
181896.0
181900.0
181908.0
181943.0
181956.0
181960.0
181961.0
181997.0
182000.0
182001.0
182003.0
182005.0
182012.0
182016.0
182017.0
182020.0
182026.0
182063.0
182076.0
182123.0
182136.0
182137.0
182183.0
182196.0
182197.0
182243.0
182256.0
182257.0
182289.0
182303.0
182317.0
182363.0
182364.0
182376.0
182377.0
182422.0
182423.0
182436.0
182483.0
182497.0
182498.0
182543.0
182556.0
182557.0
182603.0
182616.0
182617.0
182647.0
182663.0
182672.0
182676.0
182723.0
182732.0
182736.0
182762.0
182763.0
182766.0
182781.0
182783.0
182791.0
182796.0
182797.0
182805.0
182806.0
182835.0
182836.0
182843.0
182856.0
182865.0
182895.0
182896.0
182899.0
182903.0
182912.0
182916.0
182925.0
182934.0
182938.0
182943.0
182945.0
182946.0
182947.0
182963.0
182965.0
182975.0
182976.0
182977.0
183005.0
183006.0
183023.0
183036.0
183037.0
183040.0
183045.0
183065.0
183066.0
183068.0
183072.0
183076.0
183084.0
183096.0
183100.0
183108.0
183109.0
183110.0
183111.0
183120.0
183125.0
183126.0
183127.0
183130.0
183132.0
183139.0
183156.0
183157.0
183160.0
183169.0
183185.0
183187.0
183190.0
183195.0
183199.0
183203.0
183217.0
183220.0
183221.0
183229.0
183245.0
183246.0
183250.0
183276.0
183280.0
183305.0
183336.0
183340.0
183341.0
183349.0
183365.0
183366.0
183372.0
183375.0
183376.0
183379.0
183397.0
183400.0
183402.0
183412.0
183415.0
183425.0
183426.0
183432.0
183460.0
183461.0
183485.0
183489.0
183490.0
183499.0
183505.0
183507.0
183510.0
183516.0
183517.0
183520.0
183521.0
183525.0
183529.0
183535.0
183547.0
183558.0
183577.0
183580.0
183581.0
183605.0
183606.0
183607.0
183632.0
183633.0
183635.0
183640.0
183650.0
183651.0
183665.0
183668.0
183669.0
183670.0
183699.0
183700.0
183701.0
183727.0
183731.0
183760.0
183761.0
183786.0
183790.0
183799.0
183816.0
183820.0
183821.0
183829.0
183839.0
183840.0
183844.0
183870.0
183880.0
183889.0
183890.0
183899.0
183910.0
183940.0
183979.0
184000.0
184001.0
184009.0
184010.0
184060.0
184061.0
184120.0
184121.0
184180.0
184181.0
184240.0
184286.0
184287.0
184289.0
184290.0
184298.0
184300.0
184310.0
184315.0
184326.0
184327.0
184330.0
184331.0
184339.0
184341.0
184343.0
184345.0
184349.0
184355.0
184356.0
184357.0
184360.0
184361.0
184401.0
184403.0
184405.0
184417.0
184420.0
184421.0
184460.0
184461.0
184463.0
184465.0
184477.0
184480.0
184481.0
184521.0
184523.0
184525.0
184536.0
184540.0
184541.0
184570.0
184581.0
184583.0
184585.0
184590.0
184596.0
184597.0
184600.0
184601.0
184620.0
184621.0
184641.0
184643.0
184645.0
184650.0
184651.0
184656.0
184657.0
184660.0
184661.0
184703.0
184704.0
184705.0
184710.0
184711.0
184713.0
184715.0
184716.0
184717.0
184720.0
184721.0
184723.0
184761.0
184764.0
184765.0
184777.0
184780.0
184781.0
184791.0
184800.0
184801.0
184821.0
184822.0
184823.0
184825.0
184826.0
184830.0
184831.0
184836.0
184840.0
184841.0
184881.0
184883.0
184885.0
184896.0
184898.0
184900.0
184901.0
184941.0
184943.0
184945.0
184950.0
184951.0
184956.0
184957.0
184960.0
184961.0
185000.0
185001.0
185004.0
185005.0
185016.0
185017.0
185020.0
185021.0
185027.0
185056.0
185061.0
185063.0
185065.0
185077.0
185080.0
185081.0
185109.0
185112.0
185119.0
185121.0
185123.0
185125.0
185131.0
185137.0
185140.0
185141.0
185160.0
185161.0
185171.0
185181.0
185183.0
185184.0
185185.0
185197.0
185200.0
185201.0
185202.0
185242.0
185243.0
185246.0
185256.0
185257.0
185260.0
185261.0
185302.0
185303.0
185304.0
185306.0
185317.0
185318.0
185320.0
185321.0
185362.0
185363.0
185366.0
185376.0
185377.0
185380.0
185381.0
185422.0
185423.0
185426.0
185437.0
185441.0
185482.0
185483.0
185488.0
185489.0
185496.0
185497.0
185500.0
185501.0
185542.0
185543.0
185556.0
185557.0
185560.0
185561.0
185603.0
185616.0
185617.0
185621.0
185622.0
185663.0
185676.0
185677.0
185680.0
185681.0
185723.0
185724.0
185736.0
185737.0
185740.0
185741.0
185783.0
185796.0
185797.0
185800.0
185801.0
185843.0
185857.0
185860.0
185861.0
185888.0
185889.0
185903.0
185916.0
185917.0
185920.0
185921.0
185926.0
185952.0
185955.0
185964.0
185976.0
185977.0
185980.0
185981.0
186022.0
186023.0
186037.0
186040.0
186041.0
186083.0
186096.0
186097.0
186100.0
186101.0
186143.0
186156.0
186157.0
186160.0
186161.0
186203.0
186204.0
186216.0
186217.0
186263.0
186276.0
186277.0
186323.0
186337.0
186384.0
186385.0
186387.0
186396.0
186397.0
186443.0
186444.0
186457.0
186503.0
186518.0
186521.0
186563.0
186576.0
186577.0
186623.0
186624.0
186625.0
186636.0
186637.0
186683.0
186684.0
186690.0
186696.0
186697.0
186743.0
186756.0
186757.0
186759.0
186803.0
186817.0
186863.0
186876.0
186877.0
186923.0
186937.0
186983.0
186997.0
187022.0
187025.0
187026.0
187035.0
187036.0
187043.0
187057.0
187086.0
187087.0
187103.0
187116.0
187117.0
187120.0
187121.0
187122.0
187128.0
187145.0
187146.0
187156.0
187159.0
187169.0
187176.0
187177.0
187181.0
187187.0
187205.0
187206.0
187207.0
187232.0
187234.0
187236.0
187237.0
187240.0
187241.0
187243.0
187251.0
187262.0
187265.0
187266.0
187270.0
187296.0
187300.0
187301.0
187325.0
187326.0
187356.0
187360.0
187361.0
187385.0
187386.0
187416.0
187420.0
187421.0
187445.0
187446.0
187462.0
187463.0
187464.0
187473.0
187480.0
187481.0
187505.0
187506.0
187507.0
187511.0
187537.0
187540.0
187541.0
187565.0
187566.0
187596.0
187600.0
187601.0
187625.0
187626.0
187631.0
187661.0
187684.0
187685.0
187689.0
187691.0
187721.0
187746.0
187747.0
187750.0
187780.0
187781.0
187806.0
187835.0
187836.0
187841.0
187865.0
187866.0
187897.0
187900.0
187901.0
187925.0
187926.0
187947.0
187960.0
187961.0
187985.0
188020.0
188021.0
188081.0
188141.0
188171.0
188200.0
188201.0
188231.0
188260.0
188261.0
188320.0
188321.0
188380.0
188381.0
188422.0
188423.0
188424.0
188425.0
188436.0
188437.0
188440.0
188441.0
188482.0
188483.0
188485.0
188497.0
188500.0
188501.0
188542.0
188543.0
188545.0
188547.0
188558.0
188561.0
188591.0
188602.0
188603.0
188604.0
188605.0
188617.0
188621.0
188623.0
188624.0
188662.0
188663.0
188665.0
188677.0
188681.0
188722.0
188723.0
188725.0
188737.0
188741.0
188782.0
188783.0
188784.0
188785.0
188797.0
188801.0
188842.0
188843.0
188844.0
188845.0
188857.0
188860.0
188861.0
188862.0
188902.0
188903.0
188905.0
188917.0
188950.0
188962.0
188963.0
188965.0
188977.0
188980.0
188981.0
189022.0
189023.0
189025.0
189037.0
189040.0
189041.0
189082.0
189083.0
189085.0
189096.0
189097.0
189100.0
189101.0
189142.0
189143.0
189145.0
189157.0
189161.0
189202.0
189203.0
189205.0
189217.0
189218.0
189220.0
189221.0
189262.0
189263.0
189265.0
189277.0
189280.0
189281.0
189322.0
189323.0
189325.0
189336.0
189337.0
189340.0
189341.0
189382.0
189383.0
189385.0
189397.0
189401.0
189442.0
189443.0
189445.0
189447.0
189456.0
189457.0
189460.0
189461.0
189489.0
189490.0
189501.0
189503.0
189504.0
189505.0
189507.0
189517.0
189521.0
189522.0
189551.0
189562.0
189563.0
189567.0
189577.0
189581.0
189622.0
189623.0
189624.0
189625.0
189637.0
189683.0
189684.0
189697.0
189701.0
189743.0
189744.0
189757.0
189761.0
189803.0
189817.0
189821.0
189863.0
189877.0
189881.0
189923.0
189926.0
189927.0
189928.0
189937.0
189941.0
189946.0
189983.0
189984.0
189997.0
190001.0
190031.0
190043.0
190057.0
190061.0
190103.0
190117.0
190151.0
190163.0
190177.0
190181.0
190223.0
190237.0
190241.0
190283.0
190297.0
190343.0
190357.0
190403.0
190404.0
190417.0
190463.0
190477.0
190523.0
190537.0
190583.0
190597.0
190643.0
190656.0
190657.0
190703.0
190716.0
190763.0
190777.0
190823.0
190824.0
190836.0
190837.0
190883.0
190884.0
190896.0
190897.0
190943.0
190956.0
190957.0
191003.0
191016.0
191017.0
191063.0
191076.0
191077.0
191123.0
191136.0
191137.0
191162.0
191163.0
191183.0
191196.0
191197.0
191201.0
191221.0
191227.0
191256.0
191257.0
191261.0
191286.0
191287.0
191316.0
191317.0
191320.0
191321.0
191322.0
191346.0
191347.0
191376.0
191377.0
191381.0
191406.0
191407.0
191437.0
191441.0
191465.0
191466.0
191467.0
191497.0
191501.0
191526.0
191527.0
191586.0
191591.0
191616.0
191621.0
191646.0
191647.0
191650.0
191681.0
191682.0
191705.0
191711.0
191741.0
191767.0
191793.0
191795.0
191797.0
191801.0
191826.0
191861.0
191885.0
191886.0
191915.0
191916.0
191921.0
191945.0
191946.0
191977.0
191981.0
192005.0
192006.0
192007.0
192037.0
192041.0
192066.0
192101.0
192191.0
192219.0
192221.0
192281.0
192341.0
192401.0
192461.0
192495.0
192501.0
192505.0
192506.0
192512.0
192517.0
192542.0
192551.0
192555.0
192556.0
192561.0
192564.0
192565.0
192577.0
192581.0
192599.0
192602.0
192611.0
192620.0
192621.0
192623.0
192624.0
192625.0
192626.0
192627.0
192637.0
192638.0
192639.0
192641.0
192644.0
192645.0
192646.0
192653.0
192654.0
192656.0
192669.0
192680.0
192681.0
192683.0
192685.0
192697.0
192701.0
192741.0
192743.0
192744.0
192745.0
192757.0
192791.0
192800.0
192801.0
192804.0
192805.0
192814.0
192817.0
192821.0
192830.0
192860.0
192861.0
192864.0
192865.0
192877.0
192881.0
192882.0
192903.0
192904.0
192908.0
192915.0
192921.0
192924.0
192925.0
192937.0
192941.0
192942.0
192943.0
192944.0
192950.0
192981.0
192985.0
192992.0
192997.0
193001.0
193002.0
193040.0
193041.0
193043.0
193044.0
193045.0
193058.0
193061.0
193062.0
193083.0
193088.0
193089.0
193090.0
193101.0
193103.0
193104.0
193105.0
193117.0
193118.0
193121.0
193158.0
193161.0
193163.0
193164.0
193165.0
193177.0
193178.0
193181.0
193182.0
193216.0
193217.0
193221.0
193222.0
193223.0
193225.0
193226.0
193241.0
193242.0
193281.0
193285.0
193293.0
193296.0
193297.0
193298.0
193299.0
193301.0
193302.0
193341.0
193345.0
193358.0
193363.0
193401.0
193405.0
193418.0
193419.0
193421.0
193422.0
193430.0
193451.0
193461.0
193462.0
193464.0
193465.0
193466.0
193467.0
193475.0
193476.0
193478.0
193479.0
193480.0
193481.0
193482.0
193490.0
193491.0
193521.0
193525.0
193526.0
193527.0
193528.0
193538.0
193541.0
193542.0
193580.0
193581.0
193585.0
193599.0
193600.0
193601.0
193603.0
193621.0
193643.0
193645.0
193651.0
193658.0
193662.0
193663.0
193698.0
193702.0
193705.0
193706.0
193713.0
193714.0
193718.0
193723.0
193726.0
193765.0
193778.0
193783.0
193825.0
193838.0
193842.0
193843.0
193885.0
193898.0
193904.0
193945.0
193958.0
193992.0
194005.0
194017.0
194018.0
194022.0
194023.0
194065.0
194078.0
194079.0
194082.0
194083.0
194125.0
194138.0
194139.0
194142.0
194143.0
194185.0
194198.0
194203.0
194245.0
194246.0
194258.0
194262.0
194263.0
194305.0
194318.0
194319.0
194322.0
194323.0
194365.0
194379.0
194425.0
194439.0
194485.0
194499.0
194545.0
194559.0
194605.0
194606.0
194612.0
194619.0
194665.0
194678.0
194679.0
194725.0
194726.0
194739.0
194785.0
194859.0
194905.0
194918.0
194919.0
194965.0
194979.0
195025.0
195026.0
195038.0
195039.0
195085.0
195086.0
195099.0
195145.0
195146.0
195159.0
195205.0
195219.0
195248.0
195249.0
195265.0
195266.0
195279.0
195307.0
195309.0
195339.0
195343.0
195368.0
195398.0
195399.0
195403.0
195404.0
195427.0
195428.0
195459.0
195463.0
195487.0
195488.0
195519.0
195523.0
195547.0
195549.0
195550.0
195579.0
195580.0
195583.0
195607.0
195609.0
195610.0
195639.0
195643.0
195669.0
195698.0
195703.0
195704.0
195728.0
195758.0
195763.0
195782.0
195789.0
195816.0
195819.0
195823.0
195841.0
195848.0
195849.0
195877.0
195878.0
195879.0
195883.0
195907.0
195909.0
195943.0
195944.0
195969.0
195998.0
195999.0
196003.0
196029.0
196058.0
196059.0
196063.0
196087.0
196088.0
196123.0
196124.0
196131.0
196178.0
196179.0
196183.0
196243.0
196303.0
196363.0
196543.0
196585.0
196587.0
196590.0
196598.0
196599.0
196603.0
196632.0
196635.0
196645.0
196647.0
196658.0
196660.0
196662.0
196679.0
196688.0
196689.0
196705.0
196707.0
196714.0
196715.0
196719.0
196723.0
196765.0
196767.0
196778.0
196779.0
196783.0
196784.0
196821.0
196822.0
196825.0
196826.0
196827.0
196839.0
196843.0
196844.0
196845.0
196848.0
196850.0
196851.0
196876.0
196885.0
196887.0
196888.0
196898.0
196899.0
196903.0
196918.0
196919.0
196936.0
196944.0
196945.0
196947.0
196952.0
196954.0
196955.0
196963.0
196964.0
196980.0
196981.0
196984.0
197017.0
197021.0
197023.0
197027.0
197051.0
197052.0
197054.0
197066.0
197067.0
197083.0
197125.0
197126.0
197127.0
197138.0
197143.0
197175.0
197185.0
197203.0
197288.0
197305.0
197309.0
197321.0
197325.0
197326.0
197353.0
197356.0
197357.0
197358.0
197359.0
197365.0
197366.0
197379.0
197426.0
197427.0
197443.0
197444.0
197485.0
197498.0
197499.0
197500.0
197535.0
197537.0
197545.0
197546.0
197547.0
197558.0
197559.0
197563.0
197605.0
197607.0
197613.0
197619.0
197623.0
197665.0
197666.0
197667.0
197668.0
197669.0
197670.0
197671.0
197672.0
197673.0
197678.0
197679.0
197683.0
197697.0
197700.0
197725.0
197726.0
197727.0
197738.0
197739.0
197762.0
197785.0
197789.0
197799.0
197802.0
197803.0
197804.0
197845.0
197859.0
197863.0
197905.0
197919.0
197923.0
197928.0
197966.0
197978.0
197979.0
197983.0
197984.0
197987.0
198025.0
198038.0
198039.0
198043.0
198074.0
198075.0
198085.0
198099.0
198103.0
198145.0
198146.0
198158.0
198159.0
198163.0
198205.0
198208.0
198218.0
198219.0
198223.0
198266.0
198267.0
198278.0
198279.0
198283.0
198325.0
198326.0
198338.0
198339.0
198343.0
198385.0
198386.0
198399.0
198400.0
198403.0
198404.0
198445.0
198446.0
198459.0
198506.0
198519.0
198566.0
198579.0
198625.0
198626.0
198639.0
198685.0
198686.0
198699.0
198745.0
198759.0
198805.0
198806.0
198819.0
198865.0
198866.0
198878.0
198879.0
198925.0
198926.0
198938.0
198939.0
198986.0
198999.0
199045.0
199046.0
199059.0
199105.0
199106.0
199107.0
199119.0
199120.0
199179.0
199226.0
199239.0
199286.0
199287.0
199298.0
199299.0
199326.0
199327.0
199328.0
199345.0
199355.0
199359.0
199378.0
199386.0
199388.0
199390.0
199401.0
199406.0
199411.0
199418.0
199419.0
199420.0
199423.0
199424.0
199437.0
199442.0
199449.0
199473.0
199479.0
199483.0
199497.0
199498.0
199501.0
199528.0
199531.0
199533.0
199539.0
199543.0
199557.0
199562.0
199563.0
199603.0
199620.0
199621.0
199622.0
199663.0
199679.0
199707.0
199709.0
199717.0
199719.0
199723.0
199724.0
199749.0
199776.0
199777.0
199783.0
199807.0
199808.0
199826.0
199837.0
199843.0
199844.0
199846.0
199848.0
199849.0
199884.0
199903.0
199904.0
199928.0
199943.0
199959.0
199963.0
199973.0
199974.0
200019.0
200023.0
200024.0
200048.0
200077.0
200083.0
200084.0
200107.0
200110.0
200111.0
200112.0
200141.0
200143.0
200165.0
200166.0
200203.0
200225.0
200226.0
200256.0
200263.0
200310.0
200311.0
200323.0
200383.0
200443.0
200503.0
200563.0
200623.0
200683.0
200684.0
200709.0
200725.0
200726.0
200727.0
200738.0
200739.0
200743.0
200744.0
200771.0
200772.0
200785.0
200786.0
200799.0
200803.0
200804.0
200845.0
200846.0
200859.0
200863.0
200905.0
200906.0
200919.0
200923.0
200924.0
200965.0
200966.0
200979.0
200983.0
201025.0
201026.0
201039.0
201043.0
201044.0
201085.0
201086.0
201099.0
201103.0
201131.0
201135.0
201145.0
201146.0
201159.0
201163.0
201164.0
201205.0
201206.0
201209.0
201219.0
201220.0
201223.0
201224.0
201265.0
201266.0
201278.0
201279.0
201283.0
201284.0
201325.0
201326.0
201339.0
201343.0
201344.0
201385.0
201386.0
201399.0
201403.0
201445.0
201459.0
201463.0
201505.0
201506.0
201519.0
201523.0
201524.0
201547.0
201548.0
201550.0
201551.0
201565.0
201566.0
201583.0
201625.0
201626.0
201639.0
201643.0
201644.0
201671.0
201685.0
201686.0
201703.0
201745.0
201746.0
201759.0
201763.0
201804.0
201805.0
201806.0
201823.0
201865.0
201866.0
201943.0
201985.0
202003.0
202046.0
202063.0
202106.0
202109.0
202119.0
202165.0
202179.0
202183.0
202225.0
202226.0
202239.0
202285.0
202299.0
202303.0
202345.0
202359.0
202405.0
202419.0
202423.0
202465.0
202479.0
202483.0
202484.0
202525.0
202539.0
202543.0
202569.0
202570.0
202585.0
202599.0
202645.0
202659.0
202703.0
202705.0
202719.0
202765.0
202779.0
202825.0
202839.0
202885.0
202899.0
202945.0
202959.0
203006.0
203019.0
203065.0
203079.0
203125.0
203126.0
203139.0
203185.0
203199.0
203245.0
203259.0
203305.0
203319.0
203365.0
203379.0
203425.0
203439.0
203469.0
203475.0
203485.0
203493.0
203499.0
203503.0
203523.0
203532.0
203533.0
203535.0
203552.0
203559.0
203563.0
203582.0
203583.0
203591.0
203592.0
203602.0
203614.0
203619.0
203623.0
203642.0
203651.0
203652.0
203682.0
203683.0
203710.0
203718.0
203743.0
203749.0
203777.0
203778.0
203779.0
203803.0
203809.0
203836.0
203837.0
203838.0
203863.0
203867.0
203877.0
203894.0
203896.0
203907.0
203923.0
203924.0
203936.0
203947.0
203953.0
203977.0
203983.0
204005.0
204006.0
204035.0
204043.0
204062.0
204064.0
204092.0
204103.0
204115.0
204121.0
204145.0
204163.0
204164.0
204174.0
204194.0
204216.0
204223.0
204246.0
204275.0
204283.0
204289.0
204318.0
204327.0
204328.0
204343.0
204374.0
204375.0
204403.0
204463.0
204523.0
204583.0
204643.0
204703.0
204763.0
204805.0
204806.0
204807.0
204808.0
204809.0
204819.0
204823.0
204865.0
204866.0
204867.0
204879.0
204883.0
204925.0
204927.0
204939.0
204940.0
204941.0
204942.0
204943.0
204985.0
204986.0
204987.0
204999.0
205003.0
205045.0
205047.0
205059.0
205063.0
205105.0
205106.0
205107.0
205109.0
205119.0
205123.0
205149.0
205150.0
205152.0
205153.0
205154.0
205165.0
205167.0
205179.0
205183.0
205225.0
205226.0
205227.0
205239.0
205242.0
205243.0
205245.0
205246.0
205247.0
205267.0
205285.0
205286.0
205287.0
205300.0
205303.0
205345.0
205346.0
205347.0
205359.0
205363.0
205405.0
205407.0
205419.0
205423.0
205465.0
205466.0
205467.0
205479.0
205483.0
205525.0
205527.0
205539.0
205543.0
205546.0
205585.0
205586.0
205587.0
205599.0
205603.0
205604.0
205627.0
205631.0
205645.0
205647.0
205659.0
205663.0
205704.0
205705.0
205706.0
205707.0
205719.0
205723.0
205764.0
205765.0
205766.0
205767.0
205779.0
205783.0
205825.0
205826.0
205827.0
205839.0
205843.0
205885.0
205886.0
205887.0
205899.0
205903.0
205945.0
205946.0
205947.0
205959.0
205963.0
206006.0
206007.0
206023.0
206065.0
206066.0
206079.0
206083.0
206125.0
206126.0
206139.0
206143.0
206186.0
206199.0
206203.0
206204.0
206246.0
206259.0
206260.0
206263.0
206264.0
206299.0
206306.0
206319.0
206323.0
206324.0
206365.0
206379.0
206383.0
206384.0
206425.0
206439.0
206443.0
206444.0
206485.0
206486.0
206499.0
206503.0
206504.0
206545.0
206546.0
206559.0
206563.0
206564.0
206603.0
206605.0
206619.0
206623.0
206624.0
206665.0
206679.0
206684.0
206725.0
206726.0
206739.0
206785.0
206786.0
206799.0
206845.0
206846.0
206859.0
206905.0
206906.0
206919.0
206965.0
206966.0
206979.0
207025.0
207039.0
207065.0
207086.0
207099.0
207146.0
207159.0
207198.0
207199.0
207206.0
207219.0
207220.0
207266.0
207279.0
207326.0
207386.0
207399.0
207400.0
207446.0
207459.0
207489.0
207519.0
207566.0
207579.0
207580.0
207583.0
207584.0
207613.0
207622.0
207623.0
207624.0
207639.0
207640.0
207644.0
207681.0
207699.0
207704.0
207708.0
207710.0
207711.0
207738.0
207739.0
207764.0
207797.0
207800.0
207824.0
207831.0
207855.0
207858.0
207860.0
207884.0
207885.0
207914.0
207915.0
207926.0
207927.0
207944.0
207950.0
207969.0
207970.0
207979.0
207994.0
208003.0
208004.0
208022.0
208023.0
208064.0
208065.0
208094.0
208114.0
208124.0
208143.0
208178.0
208183.0
208184.0
208207.0
208238.0
208244.0
208268.0
208297.0
208304.0
208327.0
208363.0
208364.0
208368.0
208376.0
208401.0
208402.0
208423.0
208424.0
208428.0
208483.0
208484.0
208544.0
208603.0
208604.0
208663.0
208664.0
208723.0
208724.0
208783.0
208784.0
208843.0
208844.0
208885.0
208886.0
208899.0
208900.0
208903.0
208904.0
208945.0
208946.0
208959.0
208960.0
208963.0
208964.0
208996.0
208997.0
209005.0
209006.0
209019.0
209020.0
209023.0
209024.0
209065.0
209066.0
209079.0
209080.0
209083.0
209084.0
209125.0
209126.0
209139.0
209140.0
209143.0
209144.0
209185.0
209186.0
209203.0
209204.0
209225.0
209226.0
209245.0
209246.0
209260.0
209263.0
209264.0
209300.0
209301.0
209305.0
209306.0
209319.0
209320.0
209323.0
209324.0
209366.0
209379.0
209380.0
209383.0
209384.0
209425.0
209426.0
209444.0
209485.0
209486.0
209499.0
209500.0
209504.0
209545.0
209546.0
209559.0
209563.0
209564.0
209605.0
209606.0
209619.0
209620.0
209623.0
209624.0
209665.0
209666.0
209679.0
209680.0
209684.0
209725.0
209726.0
209740.0
209744.0
209785.0
209786.0
209799.0
209800.0
209804.0
209845.0
209846.0
209859.0
209860.0
209863.0
209864.0
209895.0
209905.0
209906.0
209919.0
209920.0
209923.0
209924.0
209966.0
209979.0
209980.0
209984.0
210026.0
210039.0
210040.0
210043.0
210044.0
210086.0
210099.0
210100.0
210103.0
210104.0
210145.0
210146.0
210159.0
210160.0
210163.0
210164.0
210199.0
210200.0
210206.0
210219.0
210220.0
210224.0
210266.0
210279.0
210280.0
210284.0
210326.0
210339.0
210340.0
210344.0
210386.0
210399.0
210400.0
210404.0
210446.0
210459.0
210460.0
210463.0
210464.0
210506.0
210520.0
210523.0
210524.0
210566.0
210579.0
210580.0
210583.0
210584.0
210625.0
210626.0
210640.0
210644.0
210660.0
210661.0
210686.0
210699.0
210700.0
210704.0
210746.0
210759.0
210760.0
210764.0
210819.0
210820.0
210866.0
210880.0
210939.0
210986.0
210999.0
211046.0
211060.0
211089.0
211106.0
211120.0
211179.0
211222.0
211223.0
211226.0
211239.0
211240.0
211286.0
211300.0
211346.0
211359.0
211406.0
211419.0
211420.0
211466.0
211526.0
211540.0
211560.0
211586.0
211599.0
211600.0
211646.0
211660.0
211671.0
211706.0
211719.0
211720.0
211723.0
211724.0
211730.0
211748.0
211778.0
211779.0
211780.0
211784.0
211795.0
211840.0
211843.0
211844.0
211855.0
211856.0
211887.0
211904.0
211915.0
211917.0
211947.0
211956.0
211964.0
211982.0
211983.0
211987.0
211997.0
211998.0
212015.0
212018.0
212024.0
212048.0
212078.0
212084.0
212117.0
212143.0
212144.0
212165.0
212166.0
212198.0
212204.0
212227.0
212228.0
212254.0
212256.0
212258.0
212263.0
212264.0
212284.0
212323.0
212324.0
212371.0
212383.0
212384.0
212401.0
212410.0
212431.0
212432.0
212439.0
212440.0
212443.0
212444.0
212450.0
212489.0
212503.0
212504.0
212519.0
212548.0
212563.0
212564.0
212578.0
212623.0
212624.0
212683.0
212684.0
212743.0
212744.0
212803.0
212804.0
212863.0
212864.0
212896.0
212897.0
212923.0
212924.0
212979.0
212983.0
212984.0
212995.0
213025.0
213026.0
213027.0
213039.0
213043.0
213044.0
213086.0
213087.0
213099.0
213104.0
213146.0
213147.0
213159.0
213163.0
213164.0
213205.0
213206.0
213207.0
213219.0
213223.0
213224.0
213265.0
213266.0
213267.0
213279.0
213283.0
213284.0
213325.0
213326.0
213327.0
213339.0
213344.0
213357.0
213358.0
213385.0
213386.0
213387.0
213399.0
213403.0
213404.0
213445.0
213446.0
213447.0
213459.0
213463.0
213464.0
213491.0
213505.0
213507.0
213519.0
213523.0
213524.0
213565.0
213566.0
213567.0
213579.0
213584.0
213625.0
213626.0
213627.0
213644.0
213685.0
213686.0
213687.0
213699.0
213700.0
213704.0
213720.0
213722.0
213745.0
213746.0
213747.0
213759.0
213760.0
213764.0
213796.0
213805.0
213806.0
213807.0
213819.0
213824.0
213865.0
213866.0
213867.0
213880.0
213883.0
213884.0
213925.0
213926.0
213927.0
213939.0
213940.0
213944.0
213985.0
213986.0
213987.0
214000.0
214004.0
214046.0
214047.0
214059.0
214064.0
214106.0
214107.0
214119.0
214120.0
214124.0
214167.0
214179.0
214180.0
214184.0
214226.0
214227.0
214239.0
214244.0
214256.0
214286.0
214299.0
214300.0
214304.0
214345.0
214346.0
214359.0
214360.0
214364.0
214390.0
214391.0
214405.0
214406.0
214419.0
214424.0
214466.0
214480.0
214484.0
214525.0
214526.0
214539.0
214540.0
214544.0
214586.0
214599.0
214600.0
214604.0
214646.0
214660.0
214664.0
214665.0
214688.0
214689.0
214690.0
214695.0
214706.0
214719.0
214720.0
214724.0
214766.0
214779.0
214780.0
214784.0
214822.0
214823.0
214826.0
214840.0
214844.0
214886.0
214899.0
214900.0
214946.0
214959.0
214960.0
215006.0
215019.0
215020.0
215066.0
215079.0
215080.0
215126.0
215139.0
215155.0
215186.0
215199.0
215200.0
215246.0
215259.0
215260.0
215289.0
215306.0
215319.0
215320.0
215366.0
215379.0
215380.0
215426.0
215439.0
215485.0
215486.0
215499.0
215500.0
215546.0
215559.0
215560.0
215606.0
215619.0
215679.0
215680.0
215726.0
215740.0
215769.0
215786.0
215799.0
215800.0
215804.0
215825.0
215826.0
215856.0
215859.0
215860.0
215864.0
215880.0
215881.0
215911.0
215919.0
215924.0
215940.0
215970.0
215984.0
215994.0
215995.0
216017.0
216018.0
216020.0
216021.0
216024.0
216037.0
216038.0
216044.0
216048.0
216049.0
216102.0
216103.0
216104.0
216159.0
216161.0
216164.0
216189.0
216224.0
216231.0
216261.0
216276.0
216284.0
216285.0
216306.0
216335.0
216365.0
216396.0
216397.0
216404.0
216405.0
216422.0
216427.0
216452.0
216456.0
216464.0
216465.0
216481.0
216486.0
216492.0
216493.0
216518.0
216524.0
216525.0
216548.0
216573.0
216584.0
216585.0
216644.0
216645.0
216704.0
216764.0
216824.0
216825.0
216884.0
216885.0
216944.0
217004.0
217005.0
217064.0
217087.0
217105.0
217107.0
217110.0
217119.0
217124.0
217166.0
217179.0
217184.0
217225.0
217226.0
217285.0
217286.0
217290.0
217299.0
217303.0
217304.0
217315.0
217316.0
217345.0
217346.0
217350.0
217364.0
217392.0
217405.0
217406.0
217419.0
217465.0
217466.0
217479.0
217480.0
217484.0
217525.0
217526.0
217539.0
217540.0
217586.0
217599.0
217604.0
217645.0
217646.0
217650.0
217659.0
217705.0
217706.0
217710.0
217719.0
217720.0
217724.0
217765.0
217766.0
217770.0
217779.0
217784.0
217785.0
217825.0
217826.0
217830.0
217839.0
217844.0
217845.0
217853.0
217885.0
217886.0
217899.0
217904.0
217945.0
217946.0
217959.0
217964.0
217987.0
218005.0
218006.0
218019.0
218020.0
218024.0
218066.0
218080.0
218084.0
218125.0
218126.0
218139.0
218140.0
218144.0
218186.0
218200.0
218204.0
218246.0
218259.0
218264.0
218288.0
218289.0
218290.0
218291.0
218306.0
218319.0
218324.0
218366.0
218379.0
218384.0
218385.0
218422.0
218423.0
218426.0
218439.0
218444.0
218445.0
218486.0
218499.0
218504.0
218546.0
218559.0
218564.0
218606.0
218619.0
218620.0
218624.0
218666.0
218679.0
218684.0
218726.0
218727.0
218739.0
218744.0
218752.0
218786.0
218799.0
218804.0
218846.0
218859.0
218860.0
218864.0
218885.0
218906.0
218919.0
218924.0
218966.0
218979.0
218984.0
219026.0
219039.0
219086.0
219099.0
219146.0
219159.0
219206.0
219219.0
219266.0
219279.0
219280.0
219326.0
219339.0
219386.0
219399.0
219446.0
219459.0
219506.0
219519.0
219566.0
219579.0
219580.0
219626.0
219639.0
219650.0
219651.0
219686.0
219699.0
219746.0
219759.0
219784.0
219806.0
219819.0
219856.0
219866.0
219868.0
219869.0
219879.0
219880.0
219884.0
219899.0
219926.0
219927.0
219937.0
219939.0
219944.0
219967.0
219996.0
219999.0
220000.0
220003.0
220004.0
220032.0
220035.0
220063.0
220064.0
220074.0
220075.0
220089.0
220091.0
220105.0
220119.0
220124.0
220134.0
220148.0
220149.0
220184.0
220192.0
220208.0
220244.0
220251.0
220270.0
220281.0
220297.0
220300.0
220301.0
220304.0
220327.0
220330.0
220364.0
220386.0
220395.0
220408.0
220409.0
220412.0
220413.0
220424.0
220425.0
220439.0
220442.0
220469.0
220484.0
220498.0
220499.0
220528.0
220529.0
220544.0
220545.0
220558.0
220585.0
220604.0
220605.0
220614.0
220615.0
220623.0
220653.0
220664.0
220665.0
220673.0
220682.0
220718.0
220724.0
220725.0
220733.0
220748.0
220762.0
220784.0
220785.0
220844.0
220845.0
220904.0
220905.0
220934.0
220964.0
220988.0
221024.0
221025.0
221047.0
221084.0
221085.0
221144.0
221145.0
221186.0
221187.0
221199.0
221200.0
221204.0
221205.0
221246.0
221247.0
221260.0
221264.0
221265.0
221306.0
221307.0
221319.0
221320.0
221324.0
221366.0
221367.0
221371.0
221379.0
221380.0
221384.0
221426.0
221427.0
221431.0
221440.0
221444.0
221445.0
221449.0
221486.0
221487.0
221500.0
221504.0
221546.0
221547.0
221551.0
221560.0
221564.0
221582.0
221583.0
221606.0
221607.0
221620.0
221624.0
221666.0
221667.0
221670.0
221671.0
221680.0
221684.0
221726.0
221727.0
221729.0
221731.0
221740.0
221744.0
221786.0
221787.0
221799.0
221800.0
221804.0
221810.0
221812.0
221846.0
221847.0
221851.0
221860.0
221864.0
221887.0
221888.0
221889.0
221906.0
221907.0
221911.0
221919.0
221920.0
221924.0
221925.0
221926.0
221966.0
221967.0
221971.0
221980.0
221984.0
222022.0
222023.0
222026.0
222027.0
222030.0
222031.0
222039.0
222040.0
222044.0
222086.0
222087.0
222090.0
222091.0
222099.0
222100.0
222104.0
222105.0
222146.0
222147.0
222150.0
222159.0
222164.0
222206.0
222207.0
222219.0
222220.0
222224.0
222266.0
222267.0
222279.0
222280.0
222284.0
222326.0
222327.0
222339.0
222340.0
222344.0
222345.0
222347.0
222348.0
222386.0
222399.0
222400.0
222404.0
222446.0
222460.0
222464.0
222481.0
222506.0
222520.0
222524.0
222566.0
222579.0
222580.0
222584.0
222626.0
222639.0
222640.0
222644.0
222686.0
222699.0
222700.0
222704.0
222746.0
222759.0
222760.0
222765.0
222786.0
222806.0
222819.0
222820.0
222824.0
222866.0
222879.0
222880.0
222884.0
222926.0
222939.0
222940.0
222944.0
222986.0
222999.0
223000.0
223004.0
223046.0
223060.0
223106.0
223119.0
223120.0
223166.0
223179.0
223180.0
223226.0
223239.0
223240.0
223247.0
223286.0
223299.0
223300.0
223346.0
223360.0
223380.0
223406.0
223419.0
223420.0
223466.0
223479.0
223480.0
223526.0
223540.0
223586.0
223599.0
223600.0
223646.0
223660.0
223706.0
223720.0
223766.0
223780.0
223826.0
223840.0
223886.0
223899.0
223900.0
223928.0
223929.0
223930.0
223946.0
223953.0
223959.0
223960.0
223964.0
223983.0
223988.0
224012.0
224019.0
224024.0
224038.0
224042.0
224067.0
224068.0
224080.0
224084.0
224093.0
224097.0
224123.0
224144.0
224152.0
224176.0
224177.0
224181.0
224200.0
224204.0
224206.0
224229.0
224230.0
224236.0
224249.0
224250.0
224259.0
224264.0
224309.0
224324.0
224327.0
224331.0
224360.0
224381.0
224384.0
224385.0
224387.0
224409.0
224410.0
224440.0
224441.0
224445.0
224470.0
224498.0
224500.0
224504.0
224505.0
224525.0
224528.0
224529.0
224552.0
224559.0
224560.0
224564.0
224565.0
224583.0
224584.0
224589.0
224607.0
224609.0
224611.0
224612.0
224624.0
224639.0
224667.0
224668.0
224673.0
224684.0
224685.0
224702.0
224703.0
224732.0
224744.0
224760.0
224762.0
224790.0
224791.0
224804.0
224805.0
