0.0
1.0
43.0
60.0
61.0
73.0
120.0
121.0
133.0
180.0
181.0
193.0
194.0
240.0
241.0
253.0
254.0
255.0
301.0
303.0
312.0
313.0
314.0
315.0
361.0
362.0
373.0
374.0
375.0
404.0
420.0
421.0
422.0
432.0
433.0
434.0
435.0
436.0
480.0
481.0
493.0
494.0
495.0
525.0
540.0
541.0
553.0
554.0
585.0
600.0
601.0
609.0
613.0
614.0
660.0
661.0
673.0
674.0
720.0
721.0
732.0
733.0
734.0
735.0
737.0
739.0
741.0
764.0
780.0
781.0
793.0
794.0
795.0
796.0
840.0
841.0
852.0
853.0
854.0
855.0
901.0
912.0
913.0
914.0
960.0
961.0
972.0
973.0
974.0
1020.0
1021.0
1032.0
1033.0
1034.0
1035.0
1042.0
1080.0
1093.0
1094.0
1102.0
1140.0
1141.0
1153.0
1154.0
1155.0
1164.0
1195.0
1200.0
1201.0
1213.0
1214.0
1244.0
1260.0
1261.0
1272.0
1273.0
1274.0
1320.0
1321.0
1333.0
1334.0
1335.0
1364.0
1380.0
1381.0
1392.0
1393.0
1394.0
1440.0
1441.0
1453.0
1454.0
1500.0
1501.0
1508.0
1513.0
1514.0
1560.0
1562.0
1573.0
1574.0
1620.0
1621.0
1633.0
1634.0
1640.0
1680.0
1681.0
1694.0
1695.0
1724.0
1740.0
1741.0
1753.0
1754.0
1755.0
1800.0
1801.0
1813.0
1814.0
1861.0
1873.0
1920.0
1921.0
1933.0
1980.0
1981.0
1994.0
2000.0
2040.0
2041.0
2042.0
2053.0
2100.0
2101.0
2113.0
2131.0
2132.0
2160.0
2161.0
2173.0
2174.0
2220.0
2221.0
2233.0
2280.0
2281.0
2293.0
2340.0
2341.0
2353.0
2400.0
2401.0
2407.0
2412.0
2413.0
2460.0
2461.0
2473.0
2520.0
2521.0
2533.0
2539.0
2580.0
2581.0
2593.0
2640.0
2652.0
2653.0
2700.0
2713.0
2737.0
2738.0
2760.0
2761.0
2768.0
2773.0
2796.0
2797.0
2798.0
2804.0
2828.0
2833.0
2834.0
2841.0
2856.0
2857.0
2861.0
2863.0
2891.0
2893.0
2894.0
2916.0
2917.0
2918.0
2947.0
2952.0
2953.0
2954.0
2976.0
2977.0
3014.0
3038.0
3044.0
3067.0
3068.0
3074.0
3096.0
3097.0
3104.0
3126.0
3127.0
3134.0
3141.0
3156.0
3164.0
3171.0
3194.0
3195.0
3201.0
3230.0
3246.0
3247.0
3254.0
3276.0
3277.0
3306.0
3307.0
3337.0
3338.0
3344.0
3362.0
3367.0
3368.0
3374.0
3377.0
3396.0
3397.0
3426.0
3427.0
3434.0
3456.0
3457.0
3484.0
3487.0
3496.0
3515.0
3516.0
3517.0
3547.0
3554.0
3576.0
3579.0
3586.0
3609.0
3614.0
3615.0
3636.0
3637.0
3638.0
3668.0
3674.0
3696.0
3697.0
3734.0
3739.0
3740.0
3794.0
3854.0
3914.0
3974.0
4035.0
4075.0
4094.0
4096.0
4097.0
4124.0
4133.0
4135.0
4140.0
4154.0
4155.0
4193.0
4195.0
4200.0
4212.0
4214.0
4244.0
4253.0
4255.0
4272.0
4274.0
4275.0
4315.0
4318.0
4332.0
4337.0
4373.0
4375.0
4398.0
4433.0
4435.0
4484.0
4493.0
4495.0
4500.0
4501.0
4512.0
4514.0
4553.0
4555.0
4560.0
4561.0
4572.0
4574.0
4613.0
4615.0
4620.0
4622.0
4624.0
4633.0
4634.0
4638.0
4639.0
4673.0
4675.0
4680.0
4681.0
4692.0
4693.0
4694.0
4733.0
4735.0
4740.0
4741.0
4754.0
4755.0
4757.0
4793.0
4795.0
4800.0
4802.0
4803.0
4804.0
4812.0
4813.0
4853.0
4855.0
4862.0
4863.0
4873.0
4874.0
4913.0
4915.0
4920.0
4921.0
4922.0
4933.0
4934.0
4936.0
4964.0
4973.0
4975.0
4980.0
4993.0
4994.0
4995.0
5033.0
5035.0
5040.0
5041.0
5053.0
5054.0
5084.0
5093.0
5095.0
5100.0
5104.0
5113.0
5114.0
5165.0
5166.0
5173.0
5174.0
5204.0
5220.0
5226.0
5232.0
5233.0
5234.0
5236.0
5237.0
5280.0
5292.0
5294.0
5295.0
5296.0
5297.0
5298.0
5300.0
5324.0
5340.0
5341.0
5354.0
5355.0
5356.0
5359.0
5361.0
5363.0
5370.0
5373.0
5401.0
5402.0
5414.0
5460.0
5461.0
5473.0
5474.0
5475.0
5520.0
5521.0
5533.0
5534.0
5535.0
5537.0
5538.0
5581.0
5593.0
5594.0
5598.0
5599.0
5601.0
5602.0
5640.0
5641.0
5653.0
5654.0
5660.0
5674.0
5700.0
5701.0
5713.0
5714.0
5734.0
5773.0
5774.0
5791.0
5793.0
5794.0
5804.0
5833.0
5834.0
5835.0
5836.0
5923.0
5924.0
5926.0
5928.0
6004.0
6006.0
6007.0
6062.0
6120.0
6132.0
6135.0
6138.0
6139.0
6180.0
6181.0
6192.0
6193.0
6194.0
6252.0
6253.0
6298.0
6312.0
6313.0
6344.0
6376.0
6399.0
6409.0
6410.0
6477.0
6480.0
6484.0
6508.0
6515.0
6523.0
6673.0
6802.0
6817.0
6840.0
6847.0
6876.0
6877.0
6884.0
6889.0
6902.0
6903.0
6907.0
6918.0
6919.0
6936.0
6937.0
6942.0
6948.0
6958.0
6967.0
6974.0
6975.0
6996.0
6998.0
7027.0
7034.0
7039.0
7042.0
7064.0
7068.0
7087.0
7088.0
7090.0
7116.0
7130.0
7145.0
7146.0
7148.0
7178.0
7206.0
7219.0
7274.0
7299.0
7306.0
7309.0
7323.0
7334.0
7335.0
7336.0
7339.0
7355.0
7365.0
7367.0
7394.0
7395.0
7417.0
7447.0
7476.0
7484.0
7514.0
7518.0
7535.0
7566.0
7584.0
7596.0
7672.0
7694.0
7695.0
7725.0
7727.0
7738.0
7754.0
7844.0
7874.0
7879.0
7880.0
7934.0
7964.0
7994.0
7996.0
7998.0
8054.0
8114.0
8172.0
8173.0
8175.0
8176.0
8190.0
8220.0
8233.0
8234.0
8236.0
8237.0
8239.0
8240.0
8241.0
8273.0
8280.0
8292.0
8293.0
8295.0
8324.0
8335.0
8339.0
8340.0
8352.0
8353.0
8354.0
8400.0
8401.0
8402.0
8404.0
8412.0
8413.0
8414.0
8460.0
8472.0
8473.0
8474.0
8475.0
8512.0
8513.0
8514.0
8520.0
8533.0
8534.0
8573.0
8574.0
8580.0
8592.0
8593.0
8594.0
8633.0
8634.0
8640.0
8653.0
8654.0
8693.0
8694.0
8698.0
8699.0
8700.0
8701.0
8712.0
8713.0
8714.0
8753.0
8754.0
8760.0
8761.0
8772.0
8773.0
8774.0
8814.0
8816.0
8817.0
8818.0
8819.0
8820.0
8832.0
8833.0
8834.0
8835.0
8873.0
8874.0
8880.0
8893.0
8894.0
8933.0
8934.0
8940.0
8941.0
8952.0
8953.0
8954.0
8992.0
8993.0
8994.0
8998.0
9000.0
9012.0
9013.0
9044.0
9052.0
9057.0
9058.0
9059.0
9061.0
9062.0
9063.0
9072.0
9073.0
9074.0
9113.0
9114.0
9120.0
9132.0
9133.0
9134.0
9135.0
9173.0
9174.0
9180.0
9194.0
9203.0
9233.0
9234.0
9240.0
9242.0
9252.0
9253.0
9254.0
9294.0
9300.0
9301.0
9312.0
9313.0
9314.0
9334.0
9335.0
9354.0
9360.0
9361.0
9373.0
9374.0
9414.0
9420.0
9432.0
9433.0
9434.0
9480.0
9481.0
9492.0
9493.0
9496.0
9524.0
9540.0
9541.0
9552.0
9553.0
9554.0
9598.0
9600.0
9601.0
9613.0
9614.0
9633.0
9636.0
9644.0
9652.0
9660.0
9661.0
9672.0
9673.0
9674.0
9675.0
9676.0
9717.0
9720.0
9721.0
9724.0
9726.0
9729.0
9731.0
9732.0
9733.0
9735.0
9764.0
9780.0
9793.0
9794.0
9840.0
9841.0
9849.0
9853.0
9854.0
9856.0
9858.0
9859.0
9861.0
9862.0
9867.0
9868.0
9900.0
9913.0
9914.0
9960.0
9961.0
9962.0
9973.0
9974.0
9975.0
10020.0
10021.0
10032.0
10033.0
10034.0
10080.0
10093.0
10094.0
10140.0
10152.0
10153.0
10200.0
10201.0
10212.0
10213.0
10260.0
10261.0
10272.0
10273.0
10320.0
10321.0
10332.0
10333.0
10380.0
10393.0
10394.0
10440.0
10452.0
10453.0
10500.0
10512.0
10513.0
10560.0
10572.0
10573.0
10620.0
10621.0
10630.0
10632.0
10633.0
10680.0
10681.0
10692.0
10693.0
10740.0
10752.0
10753.0
10800.0
10812.0
10813.0
10860.0
10872.0
10873.0
10915.0
10920.0
10933.0
10956.0
10958.0
10982.0
10983.0
10984.0
10992.0
10993.0
10994.0
11010.0
11016.0
11017.0
11018.0
11023.0
11024.0
11029.0
11030.0
11035.0
11036.0
11040.0
11046.0
11047.0
11052.0
11053.0
11054.0
11055.0
11070.0
11075.0
11076.0
11077.0
11078.0
11079.0
11080.0
11084.0
11085.0
11091.0
11097.0
11106.0
11108.0
11114.0
11115.0
11137.0
11138.0
11168.0
11197.0
11198.0
11203.0
11204.0
11232.0
11233.0
11234.0
11256.0
11259.0
11260.0
11261.0
11262.0
11287.0
11289.0
11292.0
11294.0
11301.0
11317.0
11318.0
11324.0
11354.0
11407.0
11416.0
11436.0
11447.0
11448.0
11474.0
11478.0
11496.0
11498.0
11507.0
11528.0
11534.0
11557.0
11558.0
11594.0
11595.0
11617.0
11618.0
11646.0
11647.0
11648.0
11654.0
11676.0
11677.0
11706.0
11707.0
11714.0
11716.0
11736.0
11766.0
11767.0
11795.0
11796.0
11798.0
11828.0
11829.0
11830.0
11834.0
11854.0
11857.0
11894.0
11954.0
12014.0
12015.0
12074.0
12134.0
12194.0
12254.0
12270.0
12282.0
12292.0
12293.0
12294.0
12295.0
12300.0
12301.0
12312.0
12314.0
12352.0
12353.0
12354.0
12360.0
12372.0
12373.0
12374.0
12375.0
12404.0
12412.0
12413.0
12415.0
12418.0
12420.0
12428.0
12433.0
12434.0
12435.0
12473.0
12475.0
12480.0
12481.0
12492.0
12493.0
12494.0
12533.0
12534.0
12535.0
12537.0
12540.0
12541.0
12552.0
12553.0
12554.0
12594.0
12595.0
12600.0
12612.0
12613.0
12644.0
12648.0
12653.0
12655.0
12660.0
12672.0
12673.0
12674.0
12713.0
12715.0
12721.0
12733.0
12764.0
12773.0
12775.0
12780.0
12781.0
12789.0
12792.0
12793.0
12794.0
12800.0
12801.0
12802.0
12833.0
12835.0
12840.0
12853.0
12854.0
12893.0
12895.0
12900.0
12912.0
12913.0
12914.0
12933.0
12934.0
12954.0
12955.0
12960.0
12972.0
12973.0
12974.0
13013.0
13015.0
13020.0
13032.0
13033.0
13034.0
13073.0
13075.0
13080.0
13081.0
13092.0
13093.0
13094.0
13133.0
13135.0
13140.0
13141.0
13152.0
13153.0
13154.0
13155.0
13193.0
13194.0
13195.0
13198.0
13200.0
13213.0
13214.0
13233.0
13235.0
13244.0
13253.0
13254.0
13255.0
13260.0
13272.0
13273.0
13274.0
13313.0
13315.0
13320.0
13321.0
13327.0
13332.0
13333.0
13334.0
13373.0
13375.0
13380.0
13381.0
13392.0
13393.0
13394.0
13434.0
13435.0
13440.0
13453.0
13485.0
13495.0
13500.0
13512.0
13513.0
13514.0
13560.0
13561.0
13572.0
13574.0
13575.0
13620.0
13628.0
13632.0
13633.0
13634.0
13680.0
13692.0
13693.0
13694.0
13725.0
13740.0
13741.0
13753.0
13754.0
13755.0
13782.0
13783.0
13785.0
13810.0
13811.0
13812.0
13813.0
13814.0
13870.0
13871.0
13873.0
13874.0
13930.0
13931.0
13934.0
13943.0
13990.0
13991.0
13994.0
13995.0
14002.0
14003.0
14050.0
14051.0
14054.0
14063.0
14085.0
14093.0
14094.0
14110.0
14111.0
14114.0
14123.0
14170.0
14183.0
14226.0
14230.0
14243.0
14290.0
14291.0
14302.0
14303.0
14350.0
14351.0
14363.0
14410.0
14411.0
14423.0
14470.0
14471.0
14483.0
14484.0
14530.0
14543.0
14590.0
14602.0
14603.0
14650.0
14651.0
14663.0
14710.0
14722.0
14723.0
14770.0
14771.0
14783.0
14830.0
14843.0
14891.0
14903.0
14950.0
14963.0
14992.0
15010.0
15011.0
15023.0
15024.0
15070.0
15071.0
15078.0
15083.0
15084.0
15107.0
15110.0
15125.0
15134.0
15135.0
15136.0
15143.0
15144.0
15166.0
15203.0
15204.0
15226.0
15227.0
15233.0
15242.0
15257.0
15264.0
15266.0
15285.0
15286.0
15287.0
15288.0
15324.0
15325.0
15347.0
15378.0
15384.0
15388.0
15406.0
15407.0
15408.0
15421.0
15426.0
15438.0
15444.0
15449.0
15466.0
15467.0
15497.0
15504.0
15505.0
15526.0
15527.0
15564.0
15567.0
15568.0
15586.0
15588.0
15589.0
15619.0
15624.0
15625.0
15626.0
15646.0
15647.0
15653.0
15669.0
15683.0
15684.0
15686.0
15706.0
15728.0
15736.0
15744.0
15764.0
15765.0
15794.0
15804.0
15823.0
15827.0
15857.0
15864.0
15865.0
15886.0
15904.0
15924.0
15928.0
15931.0
15934.0
15945.0
15984.0
15985.0
16044.0
16104.0
16164.0
16165.0
16224.0
16225.0
16284.0
16325.0
16345.0
16372.0
16386.0
16388.0
16389.0
16390.0
16398.0
16399.0
16400.0
16401.0
16402.0
16403.0
16404.0
16443.0
16444.0
16448.0
16450.0
16451.0
16463.0
16464.0
16503.0
16504.0
16507.0
16508.0
16510.0
16511.0
16523.0
16524.0
16525.0
16532.0
16533.0
16535.0
16563.0
16564.0
16570.0
16582.0
16583.0
16584.0
16623.0
16624.0
16630.0
16631.0
16643.0
16644.0
16683.0
16684.0
16688.0
16691.0
16693.0
16703.0
16704.0
16745.0
16747.0
16748.0
16749.0
16750.0
16751.0
16752.0
16753.0
16762.0
16763.0
16764.0
16790.0
16803.0
16804.0
16810.0
16811.0
16822.0
16824.0
16825.0
16833.0
16834.0
16835.0
16837.0
16863.0
16864.0
16871.0
16882.0
16883.0
16884.0
16923.0
16924.0
16930.0
16943.0
16944.0
16945.0
16983.0
16984.0
16990.0
16991.0
17003.0
17004.0
17043.0
17044.0
17050.0
17051.0
17063.0
17064.0
17103.0
17104.0
17110.0
17123.0
17124.0
17125.0
17126.0
17127.0
17143.0
17144.0
17163.0
17164.0
17170.0
17171.0
17183.0
17184.0
17185.0
17223.0
17224.0
17230.0
17243.0
17244.0
17283.0
17284.0
17290.0
17291.0
17303.0
17304.0
17305.0
17343.0
17344.0
17350.0
17362.0
17363.0
17364.0
17403.0
17404.0
17410.0
17411.0
17422.0
17423.0
17424.0
17463.0
17464.0
17470.0
17483.0
17484.0
17485.0
17524.0
17532.0
17534.0
17543.0
17544.0
17584.0
17590.0
17591.0
17603.0
17604.0
17650.0
17662.0
17663.0
17664.0
17665.0
17666.0
17689.0
17710.0
17711.0
17712.0
17723.0
17724.0
17725.0
17770.0
17771.0
17783.0
17784.0
17830.0
17844.0
17845.0
17890.0
17891.0
17902.0
17903.0
17904.0
17950.0
17951.0
17962.0
17963.0
17966.0
17967.0
18011.0
18012.0
18013.0
18022.0
18023.0
18024.0
18025.0
18070.0
18071.0
18072.0
18082.0
18083.0
18084.0
18123.0
18130.0
18144.0
18145.0
18146.0
18190.0
18192.0
18202.0
18203.0
18204.0
18205.0
18250.0
18262.0
18263.0
18310.0
18311.0
18322.0
18323.0
18324.0
18371.0
18372.0
18382.0
18383.0
18430.0
18442.0
18443.0
18490.0
18491.0
18502.0
18503.0
18504.0
18550.0
18551.0
18562.0
18563.0
18588.0
18610.0
18611.0
18622.0
18623.0
18670.0
18671.0
18682.0
18683.0
18730.0
18742.0
18743.0
18790.0
18802.0
18803.0
18850.0
18862.0
18863.0
18910.0
18923.0
18970.0
18971.0
18972.0
18973.0
18974.0
18982.0
18983.0
19031.0
19043.0
19090.0
19103.0
19104.0
19105.0
19106.0
19127.0
19150.0
19157.0
19163.0
19164.0
19186.0
19190.0
19216.0
19220.0
19222.0
19224.0
19247.0
19248.0
19250.0
19252.0
19282.0
19284.0
19307.0
19310.0
19314.0
19344.0
19366.0
19367.0
19368.0
19375.0
19389.0
19404.0
19405.0
19406.0
19407.0
19408.0
19428.0
19431.0
19432.0
19447.0
19458.0
19465.0
19483.0
19484.0
19485.0
19487.0
19517.0
19524.0
19543.0
19548.0
19577.0
19578.0
19584.0
19607.0
19608.0
19615.0
19639.0
19644.0
19645.0
19666.0
19667.0
19668.0
19669.0
19670.0
19704.0
19726.0
19727.0
19728.0
19758.0
19764.0
19786.0
19787.0
19788.0
19794.0
19818.0
19824.0
19846.0
19847.0
19854.0
19877.0
19879.0
19884.0
19886.0
19907.0
19908.0
19921.0
19936.0
19937.0
19938.0
19941.0
19967.0
19971.0
19974.0
20001.0
20004.0
20029.0
20030.0
20064.0
20124.0
20125.0
20184.0
20244.0
20305.0
20364.0
20424.0
20452.0
20462.0
20463.0
20464.0
20468.0
20470.0
20482.0
20483.0
20484.0
20523.0
20524.0
20530.0
20542.0
20544.0
20545.0
20583.0
20584.0
20591.0
20602.0
20603.0
20604.0
20605.0
20642.0
20644.0
20650.0
20662.0
20663.0
20664.0
20665.0
20694.0
20702.0
20710.0
20723.0
20724.0
20725.0
20739.0
20743.0
20762.0
20770.0
20782.0
20783.0
20784.0
20820.0
20822.0
20824.0
20830.0
20832.0
20842.0
20844.0
20880.0
20883.0
20884.0
20890.0
20902.0
20904.0
20942.0
20944.0
20950.0
20962.0
20964.0
20965.0
21002.0
21004.0
21010.0
21022.0
21023.0
21024.0
21025.0
21062.0
21064.0
21070.0
21071.0
21082.0
21084.0
21122.0
21125.0
21130.0
21131.0
21142.0
21143.0
21144.0
21183.0
21185.0
21190.0
21202.0
21203.0
21204.0
21243.0
21245.0
21250.0
21252.0
21253.0
21255.0
21262.0
21263.0
21264.0
21266.0
21285.0
21303.0
21305.0
21310.0
21322.0
21324.0
21363.0
21365.0
21370.0
21382.0
21384.0
21417.0
21423.0
21425.0
21430.0
21434.0
21442.0
21443.0
21444.0
21483.0
21485.0
21490.0
21491.0
21503.0
21504.0
21505.0
21543.0
21545.0
21550.0
21564.0
21565.0
21567.0
21605.0
21610.0
21622.0
21623.0
21624.0
21640.0
21670.0
21683.0
21684.0
21719.0
21730.0
21731.0
21742.0
21744.0
21774.0
21790.0
21802.0
21804.0
21850.0
21863.0
21864.0
21868.0
21910.0
21922.0
21923.0
21924.0
21970.0
21982.0
21983.0
21984.0
22030.0
22042.0
22043.0
22044.0
22090.0
22102.0
22103.0
22104.0
22150.0
22162.0
22164.0
22165.0
22184.0
22210.0
22222.0
22223.0
22224.0
22225.0
22270.0
22282.0
22284.0
22316.0
22331.0
22342.0
22390.0
22402.0
22403.0
22450.0
22451.0
22463.0
22464.0
22510.0
22522.0
22570.0
22571.0
22582.0
22583.0
22630.0
22631.0
22642.0
22643.0
22690.0
22691.0
22702.0
22703.0
22750.0
22762.0
22763.0
22811.0
22812.0
22823.0
22870.0
22882.0
22930.0
22943.0
22944.0
22990.0
23002.0
23003.0
23050.0
23062.0
23063.0
23083.0
23110.0
23122.0
23123.0
23170.0
23171.0
23178.0
23182.0
23183.0
23208.0
23215.0
23230.0
23237.0
23238.0
23242.0
23267.0
23268.0
23290.0
23297.0
23298.0
23302.0
23303.0
23304.0
23326.0
23327.0
23356.0
23357.0
23358.0
23362.0
23363.0
23364.0
23386.0
23388.0
23417.0
23418.0
23421.0
23422.0
23424.0
23446.0
23477.0
23479.0
23481.0
23484.0
23510.0
23517.0
23537.0
23538.0
23543.0
23544.0
23567.0
23577.0
23578.0
23598.0
23604.0
23605.0
23609.0
23628.0
23629.0
23638.0
23659.0
23664.0
23687.0
23715.0
23717.0
23724.0
23747.0
23776.0
23777.0
23784.0
23806.0
23836.0
23838.0
23844.0
23866.0
23874.0
23895.0
23896.0
23897.0
23898.0
23904.0
23926.0
23927.0
23928.0
23964.0
23986.0
23987.0
23988.0
24018.0
24019.0
24025.0
24034.0
24035.0
24047.0
24052.0
24078.0
24079.0
24084.0
24085.0
24107.0
24108.0
24110.0
24140.0
24144.0
24145.0
24167.0
24204.0
24205.0
24264.0
24265.0
24324.0
24325.0
24384.0
24416.0
24444.0
24504.0
24505.0
24562.0
24564.0
24603.0
24604.0
24610.0
24623.0
24624.0
24663.0
24664.0
24670.0
24682.0
24684.0
24723.0
24724.0
24730.0
24743.0
24744.0
24745.0
24783.0
24784.0
24790.0
24802.0
24804.0
24805.0
24843.0
24844.0
24850.0
24853.0
24854.0
24862.0
24863.0
24864.0
24881.0
24903.0
24904.0
24910.0
24923.0
24924.0
24925.0
24963.0
24964.0
24971.0
24983.0
24984.0
25013.0
25014.0
25023.0
25024.0
25030.0
25042.0
25043.0
25044.0
25045.0
25083.0
25085.0
25090.0
25102.0
25103.0
25104.0
25143.0
25145.0
25150.0
25162.0
25164.0
25203.0
25204.0
25210.0
25222.0
25223.0
25224.0
25225.0
25235.0
25238.0
25263.0
25264.0
25270.0
25271.0
25282.0
25284.0
25285.0
25315.0
25323.0
25324.0
25330.0
25342.0
25344.0
25383.0
25384.0
25391.0
25402.0
25403.0
25404.0
25406.0
25443.0
25444.0
25450.0
25463.0
25464.0
25503.0
25504.0
25510.0
25522.0
25523.0
25524.0
25554.0
25563.0
25564.0
25570.0
25582.0
25584.0
25623.0
25624.0
25630.0
25642.0
25644.0
25684.0
25690.0
25702.0
25703.0
25705.0
25744.0
25750.0
25762.0
25764.0
25765.0
25780.0
25810.0
25822.0
25825.0
25826.0
25870.0
25882.0
25884.0
25912.0
25930.0
25942.0
25944.0
25990.0
26002.0
26004.0
26050.0
26062.0
26064.0
26110.0
26122.0
26124.0
26170.0
26182.0
26184.0
26214.0
26230.0
26242.0
26243.0
26244.0
26290.0
26302.0
26303.0
26304.0
26350.0
26362.0
26364.0
26410.0
26422.0
26424.0
26470.0
26482.0
26530.0
26542.0
26591.0
26602.0
26650.0
26662.0
26679.0
26710.0
26723.0
26770.0
26782.0
26811.0
26830.0
26842.0
26843.0
26890.0
26902.0
26950.0
26962.0
27010.0
27022.0
27070.0
27082.0
27130.0
27142.0
27190.0
27198.0
27199.0
27202.0
27250.0
27262.0
27311.0
27322.0
27330.0
27331.0
27332.0
27346.0
27370.0
27376.0
27382.0
27384.0
27405.0
27406.0
27408.0
27439.0
27443.0
27444.0
27465.0
27466.0
27495.0
27496.0
27502.0
27504.0
27525.0
27527.0
27557.0
27564.0
27586.0
27587.0
27624.0
27632.0
27633.0
27646.0
27647.0
27651.0
27681.0
27684.0
27708.0
27710.0
27738.0
27744.0
27745.0
27762.0
27763.0
27767.0
27793.0
27804.0
27821.0
27822.0
27823.0
27854.0
27856.0
27864.0
27882.0
27886.0
27887.0
27916.0
27924.0
27945.0
27974.0
27976.0
27984.0
28004.0
28006.0
28011.0
28012.0
28035.0
28036.0
28044.0
28065.0
28066.0
28096.0
28104.0
28125.0
28126.0
28127.0
28157.0
28164.0
28185.0
28187.0
28217.0
28224.0
28246.0
28284.0
28344.0
28404.0
28464.0
28524.0
28584.0
28644.0
28660.0
28672.0
28683.0
28684.0
28690.0
28702.0
28704.0
28743.0
28744.0
28750.0
28762.0
28764.0
28803.0
28804.0
28810.0
28822.0
28824.0
28825.0
28829.0
28833.0
28863.0
28865.0
28870.0
28882.0
28884.0
28910.0
28911.0
28923.0
28924.0
28930.0
28942.0
28944.0
28983.0
28984.0
28990.0
29002.0
29004.0
29043.0
29044.0
29050.0
29062.0
29064.0
29103.0
29104.0
29110.0
29122.0
29124.0
29163.0
29164.0
29170.0
29182.0
29184.0
29223.0
29224.0
29230.0
29242.0
29244.0
29283.0
29284.0
29290.0
29302.0
29304.0
29343.0
29344.0
29350.0
29362.0
29364.0
29375.0
29403.0
29404.0
29410.0
29422.0
29424.0
29463.0
29464.0
29470.0
29482.0
29484.0
29508.0
29523.0
29524.0
29530.0
29542.0
29544.0
29583.0
29584.0
29590.0
29602.0
29604.0
29642.0
29644.0
29648.0
29650.0
29662.0
29664.0
29703.0
29704.0
29710.0
29722.0
29724.0
29729.0
29733.0
29764.0
29770.0
29782.0
29784.0
29809.0
29810.0
29824.0
29830.0
29842.0
29844.0
29884.0
29890.0
29902.0
29904.0
29950.0
29962.0
29964.0
30010.0
30022.0
30023.0
30024.0
30070.0
30082.0
30084.0
30130.0
30142.0
30144.0
30190.0
30202.0
30204.0
30250.0
30262.0
30264.0
30274.0
30310.0
30322.0
30324.0
30370.0
30382.0
30384.0
30407.0
30430.0
30442.0
30444.0
30490.0
30502.0
30504.0
30550.0
30562.0
30610.0
30622.0
30670.0
30682.0
30730.0
30742.0
30790.0
30798.0
30802.0
30850.0
30862.0
30910.0
30922.0
30930.0
30931.0
30970.0
30982.0
31030.0
31042.0
31090.0
31102.0
31150.0
31162.0
31173.0
31210.0
31222.0
31270.0
31282.0
31306.0
31330.0
31342.0
31390.0
31402.0
31418.0
31420.0
31429.0
31450.0
31458.0
31459.0
31462.0
31464.0
31488.0
31518.0
31522.0
31524.0
31547.0
31571.0
31577.0
31582.0
31584.0
31605.0
31607.0
31608.0
31630.0
31635.0
31636.0
31644.0
31665.0
31668.0
31696.0
31697.0
31698.0
31704.0
31726.0
31727.0
31756.0
31757.0
31764.0
31786.0
31817.0
31818.0
31824.0
31846.0
31847.0
31877.0
31878.0
31884.0
31906.0
31909.0
31937.0
31938.0
31939.0
31944.0
31967.0
32004.0
32010.0
32011.0
32027.0
32040.0
32057.0
32064.0
32078.0
32079.0
32086.0
32109.0
32124.0
32127.0
32128.0
32133.0
32138.0
32142.0
32146.0
32184.0
32192.0
32198.0
32199.0
32229.0
32244.0
32256.0
32257.0
32258.0
32286.0
32304.0
32315.0
32364.0
32424.0
32484.0
32506.0
32507.0
32544.0
32604.0
32664.0
32724.0
32763.0
32765.0
32770.0
32782.0
32784.0
32823.0
32824.0
32830.0
32842.0
32844.0
32845.0
32883.0
32884.0
32890.0
32902.0
32904.0
32943.0
32945.0
32950.0
32962.0
32963.0
32964.0
32971.0
33003.0
33005.0
33009.0
33010.0
33022.0
33024.0
33063.0
33064.0
33070.0
33082.0
33083.0
33084.0
33104.0
33123.0
33125.0
33129.0
33130.0
33142.0
33144.0
33183.0
33184.0
33189.0
33190.0
33202.0
33204.0
33243.0
33244.0
33250.0
33262.0
33264.0
33303.0
33304.0
33310.0
33322.0
33324.0
33328.0
33363.0
33364.0
33370.0
33382.0
33384.0
33405.0
33406.0
33423.0
33424.0
33429.0
33430.0
33442.0
33444.0
33483.0
33484.0
33490.0
33502.0
33504.0
33543.0
33544.0
33550.0
33562.0
33564.0
33604.0
33610.0
33622.0
33624.0
33663.0
33664.0
33669.0
33670.0
33682.0
33684.0
33723.0
33724.0
33730.0
33742.0
33744.0
33783.0
33784.0
33790.0
33802.0
33804.0
33843.0
33844.0
33850.0
33862.0
33864.0
33870.0
33904.0
33910.0
33922.0
33924.0
33964.0
33970.0
33982.0
33983.0
33984.0
34003.0
34030.0
34042.0
34044.0
34090.0
34102.0
34104.0
34150.0
34162.0
34164.0
34209.0
34210.0
34222.0
34224.0
34270.0
34282.0
34284.0
34304.0
34330.0
34342.0
34344.0
34390.0
34399.0
34402.0
34403.0
34404.0
34449.0
34450.0
34462.0
34464.0
34509.0
34510.0
34522.0
34523.0
34524.0
34530.0
34531.0
34570.0
34582.0
34584.0
34630.0
34642.0
34644.0
34690.0
34702.0
34750.0
34762.0
34769.0
34810.0
34822.0
34869.0
34870.0
34882.0
34902.0
34930.0
34942.0
34990.0
35002.0
35003.0
35049.0
35050.0
35062.0
35110.0
35122.0
35169.0
35170.0
35182.0
35230.0
35242.0
35290.0
35302.0
35350.0
35362.0
35410.0
35422.0
35470.0
35482.0
35530.0
35542.0
35543.0
35564.0
35565.0
35566.0
35602.0
35603.0
35604.0
35624.0
35625.0
35626.0
35632.0
35634.0
35658.0
35662.0
35663.0
35664.0
35666.0
35688.0
35693.0
35706.0
35722.0
35723.0
35724.0
35748.0
35749.0
35752.0
35779.0
35780.0
35784.0
35809.0
35810.0
35839.0
35840.0
35841.0
35844.0
35869.0
35870.0
35904.0
35908.0
35928.0
35937.0
35964.0
35975.0
35980.0
35993.0
36009.0
36022.0
36023.0
36024.0
36041.0
36047.0
36048.0
36052.0
36065.0
36075.0
36078.0
36080.0
36081.0
36084.0
36102.0
36108.0
36110.0
36131.0
36141.0
36144.0
36185.0
36199.0
36204.0
36227.0
36228.0
36229.0
36262.0
36264.0
36287.0
36290.0
36292.0
36324.0
36327.0
36353.0
36356.0
36367.0
36384.0
36397.0
36426.0
36432.0
36433.0
36444.0
36504.0
36564.0
36624.0
36684.0
36744.0
36804.0
36843.0
36844.0
36849.0
36850.0
36862.0
36864.0
36903.0
36904.0
36909.0
36910.0
36922.0
36923.0
36924.0
36963.0
36964.0
36970.0
36982.0
36984.0
37001.0
37023.0
37024.0
37030.0
37042.0
37043.0
37044.0
37083.0
37084.0
37090.0
37102.0
37104.0
37143.0
37144.0
37149.0
37150.0
37162.0
37164.0
37203.0
37204.0
37210.0
37222.0
37224.0
37225.0
37263.0
37264.0
37269.0
37270.0
37282.0
37284.0
37323.0
37324.0
37329.0
37330.0
37342.0
37344.0
37383.0
37384.0
37390.0
37402.0
37404.0
37443.0
37444.0
37450.0
37462.0
37464.0
37466.0
37503.0
37504.0
37510.0
37522.0
37523.0
37524.0
37563.0
37564.0
37570.0
37582.0
37584.0
37623.0
37624.0
37629.0
37630.0
37642.0
37644.0
37683.0
37684.0
37690.0
37702.0
37703.0
37704.0
37743.0
37744.0
37749.0
37750.0
37762.0
37764.0
37803.0
37804.0
37810.0
37819.0
37822.0
37823.0
37824.0
37825.0
37862.0
37864.0
37869.0
37870.0
37882.0
37884.0
37900.0
37923.0
37924.0
37929.0
37930.0
37942.0
37944.0
37984.0
37989.0
37990.0
37997.0
37998.0
38002.0
38004.0
38044.0
38050.0
38062.0
38064.0
38110.0
38122.0
38124.0
38130.0
38169.0
38170.0
38182.0
38184.0
38230.0
38242.0
38243.0
38244.0
38289.0
38290.0
38302.0
38304.0
38349.0
38350.0
38362.0
38364.0
38365.0
38409.0
38410.0
38422.0
38424.0
38431.0
38432.0
38469.0
38470.0
38482.0
38484.0
38497.0
38498.0
38530.0
38542.0
38544.0
38589.0
38602.0
38604.0
38650.0
38662.0
38664.0
38709.0
38722.0
38724.0
38769.0
38770.0
38782.0
38829.0
38830.0
38889.0
38890.0
38902.0
38949.0
38950.0
38962.0
39010.0
39022.0
39069.0
39070.0
39082.0
39083.0
39129.0
39130.0
39142.0
39189.0
39190.0
39202.0
39250.0
39262.0
39264.0
39309.0
39322.0
39369.0
39382.0
39397.0
39429.0
39442.0
39489.0
39502.0
39549.0
39562.0
39609.0
39610.0
39618.0
39622.0
39632.0
39647.0
39648.0
39662.0
39669.0
39673.0
39677.0
39682.0
39684.0
39691.0
39698.0
39702.0
39703.0
39730.0
39732.0
39742.0
39744.0
39760.0
39789.0
39802.0
39804.0
39809.0
39810.0
39811.0
39839.0
39859.0
39860.0
39861.0
39864.0
39889.0
39891.0
39918.0
39924.0
39947.0
39948.0
39950.0
39976.0
39977.0
39978.0
39984.0
40005.0
40006.0
40007.0
40033.0
40034.0
40038.0
40044.0
40067.0
40102.0
40103.0
40104.0
40132.0
40138.0
40163.0
40164.0
40192.0
40193.0
40224.0
40231.0
40232.0
40253.0
40260.0
40284.0
40299.0
40328.0
40329.0
40337.0
40338.0
40342.0
40344.0
40368.0
40397.0
40398.0
40404.0
40411.0
40441.0
40457.0
40459.0
40464.0
40470.0
40489.0
40518.0
40524.0
40584.0
40597.0
40644.0
40704.0
40764.0
40824.0
40884.0
40942.0
40944.0
40959.0
40983.0
40985.0
40989.0
41002.0
41004.0
41043.0
41045.0
41049.0
41050.0
41062.0
41064.0
41103.0
41105.0
41109.0
41110.0
41122.0
41124.0
41163.0
41165.0
41169.0
41170.0
41182.0
41184.0
41194.0
41223.0
41225.0
41229.0
41242.0
41244.0
41283.0
41285.0
41289.0
41302.0
41304.0
41343.0
41345.0
41349.0
41350.0
41362.0
41364.0
41403.0
41404.0
41409.0
41410.0
41418.0
41419.0
41422.0
41424.0
41463.0
41465.0
41469.0
41470.0
41482.0
41484.0
41496.0
41523.0
41524.0
41529.0
41542.0
41544.0
41583.0
41584.0
41585.0
41589.0
41596.0
41597.0
41598.0
41602.0
41603.0
41604.0
41643.0
41645.0
41649.0
41662.0
41664.0
41703.0
41704.0
41709.0
41722.0
41724.0
41729.0
41730.0
41763.0
41764.0
41769.0
41782.0
41784.0
41823.0
41824.0
41830.0
41842.0
41844.0
41883.0
41884.0
41889.0
41902.0
41904.0
41905.0
41943.0
41944.0
41949.0
41960.0
41961.0
41962.0
41963.0
41964.0
42003.0
42004.0
42009.0
42022.0
42024.0
42031.0
42032.0
42064.0
42069.0
42082.0
42084.0
42124.0
42129.0
42142.0
42144.0
42184.0
42189.0
42202.0
42204.0
42249.0
42262.0
42264.0
42265.0
42309.0
42322.0
42324.0
42369.0
42382.0
42384.0
42395.0
42429.0
42442.0
42444.0
42489.0
42502.0
42504.0
42549.0
42562.0
42564.0
42609.0
42622.0
42624.0
42669.0
42682.0
42684.0
42729.0
42742.0
42744.0
42789.0
42790.0
42802.0
42804.0
42849.0
42850.0
42859.0
42862.0
42909.0
42922.0
42969.0
42982.0
42992.0
43029.0
43042.0
43089.0
43090.0
43102.0
43150.0
43162.0
43209.0
43222.0
43269.0
43283.0
43329.0
43342.0
43389.0
43390.0
43402.0
43449.0
43462.0
43509.0
43522.0
43569.0
43582.0
43629.0
43642.0
43689.0
43702.0
43728.0
43729.0
43749.0
43759.0
43762.0
43764.0
43784.0
43787.0
43814.0
43822.0
43824.0
43841.0
43842.0
43843.0
43872.0
43882.0
43884.0
43891.0
43898.0
43900.0
43901.0
43928.0
43944.0
43957.0
43962.0
43992.0
44004.0
44005.0
44006.0
44021.0
44036.0
44057.0
44058.0
44064.0
44065.0
44088.0
44108.0
44116.0
44117.0
44124.0
44138.0
44167.0
44176.0
44181.0
44184.0
44193.0
44210.0
44244.0
44245.0
44259.0
44270.0
44290.0
44304.0
44318.0
44319.0
44350.0
44364.0
44378.0
44379.0
44418.0
44424.0
44447.0
44475.0
44484.0
44492.0
44522.0
44536.0
44544.0
44566.0
44604.0
44664.0
44724.0
44784.0
44844.0
44904.0
44964.0
45024.0
45039.0
45052.0
45063.0
45064.0
45069.0
45082.0
45083.0
45084.0
45092.0
45123.0
45124.0
45129.0
45130.0
45142.0
45144.0
45183.0
45184.0
45189.0
45196.0
45197.0
45202.0
45204.0
45243.0
45244.0
45249.0
45262.0
45264.0
45303.0
45304.0
45309.0
45322.0
45324.0
45328.0
45329.0
45363.0
45364.0
45369.0
45382.0
45384.0
45385.0
45423.0
45424.0
45429.0
45442.0
45444.0
45483.0
45484.0
45489.0
45502.0
45504.0
45543.0
45544.0
45549.0
45556.0
45562.0
45564.0
45603.0
45604.0
45609.0
45622.0
45624.0
45631.0
45632.0
45663.0
45664.0
45669.0
45682.0
45684.0
45689.0
45723.0
45724.0
45729.0
45742.0
45744.0
45783.0
45784.0
45789.0
45802.0
45804.0
45843.0
45844.0
45849.0
45862.0
45864.0
45903.0
45904.0
45909.0
45913.0
45914.0
45922.0
45924.0
45963.0
45964.0
45969.0
45982.0
45984.0
45991.0
46023.0
46024.0
46029.0
46042.0
46044.0
46083.0
46084.0
46089.0
46102.0
46104.0
46143.0
46144.0
46149.0
46162.0
46164.0
46204.0
46209.0
46222.0
46224.0
46264.0
46269.0
46282.0
46284.0
46329.0
46342.0
46344.0
46389.0
46402.0
46404.0
46450.0
46455.0
46462.0
46464.0
46509.0
46522.0
46524.0
46569.0
46583.0
46584.0
46629.0
46642.0
46644.0
46689.0
46702.0
46704.0
46750.0
46762.0
46764.0
46810.0
46822.0
46824.0
46869.0
46883.0
46885.0
46890.0
46929.0
46942.0
46944.0
46989.0
47002.0
47051.0
47062.0
47109.0
47122.0
47169.0
47183.0
47184.0
47229.0
47242.0
47289.0
47302.0
47350.0
47354.0
47362.0
47409.0
47422.0
47469.0
47482.0
47483.0
47487.0
47529.0
47542.0
47589.0
47602.0
47650.0
47662.0
47709.0
47722.0
47769.0
47783.0
47829.0
47842.0
47844.0
47845.0
47846.0
47875.0
47876.0
47901.0
47902.0
47904.0
47911.0
47935.0
47947.0
47962.0
47964.0
47976.0
48002.0
48016.0
48024.0
48044.0
48045.0
48080.0
48081.0
48082.0
48084.0
48085.0
48110.0
48144.0
48145.0
48146.0
48147.0
48175.0
48177.0
48203.0
48204.0
48217.0
48218.0
48248.0
48256.0
48263.0
48264.0
48288.0
48317.0
48321.0
48323.0
48324.0
48351.0
48352.0
48380.0
48383.0
48384.0
48408.0
48412.0
48435.0
48438.0
48439.0
48443.0
48444.0
48465.0
48494.0
48499.0
48500.0
48503.0
48504.0
48530.0
48558.0
48559.0
48563.0
48564.0
48589.0
48617.0
48618.0
48621.0
48624.0
48647.0
48676.0
48680.0
48683.0
48684.0
48688.0
48743.0
48744.0
48803.0
48804.0
48866.0
48925.0
48983.0
48984.0
49043.0
49044.0
49103.0
49104.0
49132.0
49143.0
49145.0
49149.0
49152.0
49162.0
49163.0
49164.0
49203.0
49205.0
49209.0
49222.0
49223.0
49224.0
49231.0
49263.0
49265.0
49269.0
49270.0
49282.0
49283.0
49284.0
49285.0
49323.0
49325.0
49329.0
49342.0
49343.0
49344.0
49383.0
49385.0
49389.0
49402.0
49403.0
49404.0
49443.0
49445.0
49449.0
49462.0
49463.0
49464.0
49503.0
49505.0
49508.0
49509.0
49522.0
49523.0
49524.0
49563.0
49565.0
49569.0
49582.0
49583.0
49584.0
49587.0
49623.0
49625.0
49629.0
49641.0
49642.0
49643.0
49644.0
49688.0
49689.0
49690.0
49701.0
49702.0
49703.0
49704.0
49705.0
49743.0
49745.0
49749.0
49762.0
49763.0
49764.0
49803.0
49805.0
49809.0
49822.0
49824.0
49863.0
49865.0
49869.0
49882.0
49883.0
49884.0
49923.0
49925.0
49929.0
49942.0
49943.0
49944.0
49983.0
49985.0
49989.0
50002.0
50003.0
50004.0
50043.0
50045.0
50049.0
50050.0
50051.0
50052.0
50053.0
50054.0
50055.0
50061.0
50062.0
50063.0
50064.0
50103.0
50104.0
50109.0
50121.0
50122.0
50123.0
50124.0
50163.0
50165.0
50169.0
50182.0
50183.0
50184.0
50223.0
50225.0
50229.0
50242.0
50243.0
50244.0
50285.0
50289.0
50302.0
50303.0
50304.0
50345.0
50349.0
50361.0
50362.0
50364.0
50409.0
50421.0
50422.0
50423.0
50424.0
50469.0
50482.0
50483.0
50484.0
50486.0
50529.0
50542.0
50544.0
50589.0
50602.0
50604.0
50649.0
50662.0
50663.0
50664.0
50709.0
50722.0
50723.0
50724.0
50769.0
50782.0
50783.0
50784.0
50830.0
50841.0
50842.0
50843.0
50844.0
50890.0
50891.0
50902.0
50903.0
50904.0
50950.0
50951.0
50962.0
50963.0
50964.0
51010.0
51023.0
51069.0
51071.0
51083.0
51084.0
51131.0
51142.0
51143.0
51190.0
51203.0
51204.0
51249.0
51250.0
51263.0
51309.0
51322.0
51369.0
51382.0
51383.0
51429.0
51441.0
51442.0
51489.0
51501.0
51502.0
51549.0
51562.0
51609.0
51622.0
51669.0
51682.0
51696.0
51697.0
51729.0
51742.0
51789.0
51802.0
51829.0
51830.0
51849.0
51862.0
51879.0
51909.0
51922.0
51935.0
51938.0
51953.0
51965.0
51967.0
51982.0
51983.0
51984.0
51995.0
51996.0
51997.0
52027.0
52042.0
52043.0
52044.0
52056.0
52063.0
52064.0
52093.0
52101.0
52102.0
52103.0
52104.0
52123.0
52127.0
52128.0
52131.0
52132.0
52158.0
52163.0
52164.0
52187.0
52189.0
52190.0
52215.0
52216.0
52220.0
52223.0
52224.0
52245.0
52246.0
52249.0
52261.0
52283.0
52284.0
52291.0
52320.0
52337.0
52343.0
52344.0
52364.0
52365.0
52367.0
52395.0
52403.0
52404.0
52423.0
52424.0
52426.0
52427.0
52456.0
52457.0
52463.0
52464.0
52486.0
52511.0
52523.0
52524.0
52542.0
52569.0
52570.0
52583.0
52584.0
52600.0
52629.0
52643.0
52644.0
52659.0
52660.0
52691.0
52692.0
52704.0
52722.0
52727.0
52757.0
52763.0
52764.0
52785.0
52786.0
52815.0
52823.0
52824.0
52832.0
52833.0
52844.0
52884.0
52944.0
53004.0
53063.0
53064.0
53123.0
53124.0
53183.0
53184.0
53224.0
53229.0
53241.0
53242.0
53244.0
53283.0
53284.0
53289.0
53302.0
53303.0
53304.0
53343.0
53344.0
53349.0
53362.0
53363.0
53364.0
53403.0
53404.0
53409.0
53422.0
53423.0
53424.0
53463.0
53464.0
53469.0
53481.0
53482.0
53483.0
53484.0
53523.0
53524.0
53529.0
53542.0
53543.0
53544.0
53583.0
53584.0
53589.0
53601.0
53602.0
53603.0
53604.0
53643.0
53644.0
53647.0
53649.0
53650.0
53651.0
53652.0
53653.0
53662.0
53663.0
53664.0
53703.0
53704.0
53721.0
53722.0
53723.0
53724.0
53763.0
53764.0
53767.0
53768.0
53769.0
53780.0
53781.0
53782.0
53783.0
53784.0
53823.0
53824.0
53829.0
53844.0
53883.0
53884.0
53900.0
53901.0
53903.0
53904.0
53943.0
53944.0
53963.0
53964.0
54003.0
54004.0
54009.0
54021.0
54023.0
54024.0
54063.0
54064.0
54081.0
54082.0
54083.0
54084.0
54123.0
54124.0
54129.0
54183.0
54184.0
54202.0
54243.0
54244.0
54249.0
54263.0
54304.0
54309.0
54323.0
54364.0
54369.0
54382.0
54383.0
54424.0
54429.0
54441.0
54442.0
54443.0
54489.0
54501.0
54502.0
54546.0
54549.0
54562.0
54563.0
54609.0
54621.0
54622.0
54623.0
54669.0
54679.0
54682.0
54683.0
54684.0
54729.0
54742.0
54743.0
54744.0
54789.0
54801.0
54802.0
54803.0
54804.0
54849.0
54861.0
54862.0
54863.0
54864.0
54909.0
54922.0
54924.0
54969.0
54981.0
54982.0
54983.0
54984.0
55029.0
55041.0
55042.0
55043.0
55044.0
55089.0
55102.0
55103.0
55104.0
55149.0
55161.0
55162.0
55209.0
55222.0
55269.0
55282.0
55329.0
55330.0
55342.0
55389.0
55402.0
55445.0
55449.0
55462.0
55509.0
55521.0
55522.0
55569.0
55578.0
55581.0
55582.0
55629.0
55642.0
55689.0
55702.0
55749.0
55762.0
55809.0
55821.0
55822.0
55869.0
55882.0
55929.0
55942.0
55989.0
55996.0
55997.0
56001.0
56002.0
56027.0
56049.0
56056.0
56060.0
56062.0
56063.0
56064.0
56090.0
56119.0
56121.0
56122.0
56124.0
56127.0
56128.0
56129.0
56130.0
56158.0
56181.0
56182.0
56184.0
56187.0
56192.0
56222.0
56238.0
56243.0
56244.0
56251.0
56267.0
56268.0
56298.0
56303.0
56304.0
56321.0
56322.0
56323.0
56327.0
56353.0
56363.0
56364.0
56381.0
56386.0
56416.0
56423.0
56424.0
56431.0
56432.0
56441.0
56442.0
56445.0
56472.0
56483.0
56484.0
56501.0
56502.0
56503.0
56504.0
56533.0
56534.0
56543.0
56544.0
56559.0
56561.0
56562.0
56591.0
56603.0
56604.0
56619.0
56620.0
56622.0
56623.0
56653.0
56664.0
56681.0
56682.0
56712.0
56723.0
56724.0
56738.0
56741.0
56768.0
56771.0
56779.0
56783.0
56784.0
56797.0
56800.0
56801.0
56831.0
56844.0
56859.0
56860.0
56889.0
56903.0
56904.0
56918.0
56963.0
56964.0
57023.0
57024.0
57083.0
57084.0
57143.0
57144.0
57204.0
57263.0
57264.0
57323.0
57324.0
57339.0
57363.0
57365.0
57369.0
57376.0
57381.0
57382.0
57383.0
57384.0
57423.0
57425.0
57429.0
57441.0
57443.0
57444.0
57483.0
57485.0
57489.0
57501.0
57502.0
57504.0
57543.0
57545.0
57549.0
57562.0
57563.0
57564.0
57598.0
57600.0
57603.0
57605.0
57609.0
57622.0
57623.0
57624.0
57663.0
57665.0
57669.0
57678.0
57682.0
57683.0
57684.0
57723.0
57725.0
57729.0
57741.0
57742.0
57743.0
57744.0
57783.0
57785.0
57789.0
57801.0
57802.0
57803.0
57804.0
57843.0
57845.0
57849.0
57862.0
57863.0
57864.0
57903.0
57905.0
57909.0
57922.0
57923.0
57924.0
57963.0
57965.0
57969.0
57982.0
57983.0
57984.0
58023.0
58025.0
58029.0
58041.0
58042.0
58044.0
58083.0
58085.0
58089.0
58101.0
58102.0
58103.0
58104.0
58142.0
58143.0
58145.0
58149.0
58161.0
58162.0
58164.0
58203.0
58205.0
58209.0
58221.0
58222.0
58224.0
58263.0
58265.0
58269.0
58275.0
58281.0
58282.0
58284.0
58323.0
58324.0
58329.0
58341.0
58342.0
58344.0
58383.0
58384.0
58389.0
58402.0
58403.0
58404.0
58443.0
58445.0
58449.0
58462.0
58464.0
58500.0
58504.0
58509.0
58521.0
58522.0
58523.0
58524.0
58569.0
58577.0
58581.0
58582.0
58583.0
58584.0
58629.0
58641.0
58642.0
58643.0
58644.0
58689.0
58702.0
58703.0
58704.0
58749.0
58761.0
58762.0
58763.0
58764.0
58809.0
58821.0
58822.0
58824.0
58869.0
58881.0
58882.0
58883.0
58884.0
58929.0
58942.0
58943.0
58944.0
58989.0
59001.0
59002.0
59003.0
59004.0
59041.0
59049.0
59061.0
59062.0
59063.0
59064.0
59109.0
59121.0
59122.0
59123.0
59124.0
59169.0
59174.0
59182.0
59184.0
59229.0
59230.0
59241.0
59242.0
59244.0
59289.0
59301.0
59302.0
59349.0
59350.0
59361.0
59362.0
59363.0
59409.0
59421.0
59422.0
59469.0
59482.0
59529.0
59541.0
59542.0
59589.0
59596.0
59601.0
59602.0
59649.0
59661.0
59662.0
59709.0
59721.0
59722.0
59728.0
59729.0
59769.0
59781.0
59782.0
59829.0
59841.0
59842.0
59889.0
59902.0
59940.0
59949.0
59961.0
59962.0
60009.0
60021.0
60022.0
60069.0
60081.0
60082.0
60129.0
60132.0
60134.0
60141.0
60142.0
60144.0
60162.0
60163.0
60166.0
60197.0
60201.0
60202.0
60203.0
60204.0
60226.0
60258.0
60259.0
60261.0
60262.0
60263.0
60264.0
60288.0
60322.0
60323.0
60324.0
60345.0
60348.0
60352.0
60375.0
60377.0
60381.0
60382.0
60384.0
60402.0
60407.0
60411.0
60414.0
60437.0
60438.0
60444.0
60467.0
60468.0
60503.0
60504.0
60513.0
60525.0
60542.0
60559.0
60563.0
60564.0
60571.0
60576.0
60589.0
60602.0
60606.0
60623.0
60624.0
60626.0
60654.0
60684.0
60685.0
60709.0
60710.0
60713.0
60742.0
60744.0
60768.0
60770.0
60771.0
60803.0
60804.0
60811.0
60828.0
60829.0
60839.0
60840.0
60864.0
60865.0
60883.0
60884.0
60885.0
60886.0
60892.0
60893.0
60904.0
60908.0
60920.0
60923.0
60924.0
60949.0
60952.0
60983.0
60984.0
61006.0
61007.0
61043.0
61044.0
61104.0
61163.0
61164.0
61223.0
61224.0
61274.0
61283.0
61284.0
61343.0
61344.0
61403.0
61404.0
61419.0
61431.0
61443.0
61444.0
61449.0
61461.0
61464.0
61503.0
61504.0
61509.0
61521.0
61524.0
61563.0
61564.0
61569.0
61581.0
61584.0
61623.0
61624.0
61628.0
61629.0
61641.0
61644.0
61683.0
61684.0
61688.0
61689.0
61701.0
61703.0
61704.0
61738.0
61743.0
61744.0
61749.0
61761.0
61763.0
61764.0
61803.0
61804.0
61810.0
61821.0
61822.0
61824.0
61863.0
61864.0
61869.0
61870.0
61881.0
61882.0
61883.0
61884.0
61923.0
61924.0
61929.0
61942.0
61943.0
61944.0
61983.0
61984.0
61989.0
62001.0
62002.0
62003.0
62004.0
62043.0
62044.0
62049.0
62061.0
62063.0
62064.0
62093.0
62094.0
62103.0
62104.0
62108.0
62109.0
62121.0
62123.0
62124.0
62163.0
62164.0
62168.0
62169.0
62173.0
62181.0
62184.0
62223.0
62224.0
62228.0
62229.0
62241.0
62245.0
62283.0
62284.0
62288.0
62289.0
62301.0
62303.0
62304.0
62343.0
62344.0
62349.0
62361.0
62363.0
62364.0
62403.0
62408.0
62409.0
62421.0
62423.0
62424.0
62463.0
62464.0
62468.0
62469.0
62481.0
62483.0
62484.0
62523.0
62524.0
62528.0
62529.0
62541.0
62542.0
62543.0
62544.0
62584.0
62588.0
62589.0
62601.0
62603.0
62604.0
62649.0
62661.0
62663.0
62664.0
62709.0
62721.0
62723.0
62724.0
62769.0
62781.0
62783.0
62784.0
62828.0
62829.0
62841.0
62842.0
62844.0
62888.0
62901.0
62903.0
62904.0
62949.0
62961.0
62963.0
62964.0
63008.0
63009.0
63021.0
63023.0
63024.0
63068.0
63069.0
63072.0
63081.0
63084.0
63128.0
63129.0
63141.0
63143.0
63144.0
63188.0
63189.0
63196.0
63201.0
63204.0
63248.0
63249.0
63261.0
63263.0
63264.0
63308.0
63309.0
63321.0
63324.0
63328.0
63329.0
63368.0
63369.0
63381.0
63429.0
63430.0
63441.0
63488.0
63489.0
63501.0
63548.0
63549.0
63562.0
63609.0
63621.0
63668.0
63669.0
63681.0
63728.0
63729.0
63741.0
63788.0
63789.0
63801.0
63848.0
63849.0
63861.0
63908.0
63909.0
63921.0
63968.0
63969.0
63981.0
64028.0
64029.0
64041.0
64088.0
64089.0
64101.0
64148.0
64149.0
64161.0
64209.0
64221.0
64223.0
64224.0
64239.0
64268.0
64281.0
64283.0
64284.0
64287.0
64316.0
64341.0
64343.0
64344.0
64370.0
64372.0
64402.0
64403.0
64404.0
64427.0
64429.0
64430.0
64431.0
64463.0
64464.0
64473.0
64485.0
64486.0
64488.0
64489.0
64491.0
64517.0
64523.0
64524.0
64546.0
64576.0
64577.0
64583.0
64584.0
64605.0
64639.0
64643.0
64644.0
64668.0
64697.0
64698.0
64703.0
64704.0
64726.0
64727.0
64729.0
64754.0
64763.0
64764.0
64784.0
64804.0
64816.0
64823.0
64824.0
64832.0
64833.0
64846.0
64869.0
64870.0
64876.0
64883.0
64884.0
64906.0
64935.0
64943.0
64944.0
64965.0
64997.0
65003.0
65004.0
65026.0
65063.0
65064.0
65124.0
65183.0
65184.0
65243.0
65244.0
65303.0
65304.0
65363.0
65364.0
65423.0
65424.0
65483.0
65484.0
65523.0
65525.0
65528.0
65529.0
65541.0
65543.0
65544.0
65583.0
65585.0
65588.0
65589.0
65601.0
65603.0
65604.0
65643.0
65645.0
65649.0
65650.0
65661.0
65662.0
65663.0
65664.0
65688.0
65690.0
65703.0
65705.0
65709.0
65721.0
65724.0
65763.0
65765.0
65768.0
65769.0
65782.0
65783.0
65784.0
65823.0
65825.0
65828.0
65829.0
65841.0
65842.0
65843.0
65844.0
65883.0
65885.0
65888.0
65901.0
65903.0
65904.0
65943.0
65945.0
65948.0
65949.0
65961.0
65963.0
65964.0
66003.0
66005.0
66008.0
66009.0
66021.0
66023.0
66024.0
66063.0
66065.0
66068.0
66081.0
66084.0
66085.0
66123.0
66125.0
66128.0
66129.0
66141.0
66144.0
66183.0
66185.0
66188.0
66189.0
66201.0
66203.0
66204.0
66243.0
66245.0
66248.0
66249.0
66261.0
66263.0
66264.0
66303.0
66305.0
66308.0
66309.0
66321.0
66323.0
66324.0
66363.0
66365.0
66368.0
66369.0
66381.0
66383.0
66384.0
66423.0
66425.0
66428.0
66429.0
66441.0
66442.0
66443.0
66444.0
66483.0
66485.0
66488.0
66489.0
66501.0
66503.0
66504.0
66543.0
66545.0
66548.0
66549.0
66561.0
66563.0
66564.0
66588.0
66590.0
66603.0
66605.0
66608.0
66609.0
66621.0
66623.0
66624.0
66665.0
66667.0
66668.0
66669.0
66681.0
66683.0
66684.0
66725.0
66728.0
66729.0
66741.0
66744.0
66788.0
66789.0
66794.0
66795.0
66796.0
66801.0
66802.0
66803.0
66804.0
66848.0
66849.0
66861.0
66863.0
66864.0
66908.0
66909.0
66921.0
66923.0
66924.0
66928.0
66968.0
66981.0
66983.0
66984.0
67029.0
67041.0
67043.0
67044.0
67088.0
67089.0
67101.0
67104.0
67132.0
67148.0
67149.0
67161.0
67163.0
67164.0
67208.0
67209.0
67221.0
67223.0
67224.0
67230.0
67231.0
67264.0
67281.0
67283.0
67284.0
67329.0
67341.0
67343.0
67344.0
67388.0
67404.0
67448.0
67461.0
67462.0
67568.0
67628.0
67641.0
67748.0
67868.0
67869.0
67928.0
67929.0
67989.0
68001.0
68030.0
68048.0
68049.0
68061.0
68108.0
68109.0
68121.0
68163.0
68168.0
68169.0
68181.0
68228.0
68229.0
68241.0
68288.0
68289.0
68301.0
68302.0
68311.0
68331.0
68340.0
68348.0
68349.0
68358.0
68359.0
68361.0
68363.0
68364.0
68388.0
68400.0
68401.0
68416.0
68421.0
68423.0
68424.0
68428.0
68429.0
68445.0
68448.0
68465.0
68466.0
68476.0
68477.0
68481.0
68484.0
68506.0
68543.0
68544.0
68599.0
68603.0
68604.0
68628.0
68657.0
68663.0
68664.0
68671.0
68687.0
68724.0
68732.0
68784.0
68786.0
68844.0
68847.0
68895.0
68903.0
68904.0
68963.0
68964.0
69024.0
69028.0
69084.0
69143.0
69144.0
69150.0
69180.0
69203.0
69204.0
69209.0
69264.0
69323.0
69324.0
69364.0
69383.0
69384.0
69444.0
69505.0
69564.0
69608.0
69621.0
69623.0
69624.0
69663.0
69664.0
69668.0
69669.0
69681.0
69683.0
69684.0
69723.0
69724.0
69728.0
69729.0
69741.0
69743.0
69744.0
69783.0
69784.0
69788.0
69789.0
69801.0
69803.0
69828.0
69843.0
69844.0
69848.0
69849.0
69861.0
69863.0
69903.0
69904.0
69908.0
69921.0
69923.0
69963.0
69964.0
69968.0
69981.0
69983.0
70023.0
70024.0
70028.0
70029.0
70041.0
70043.0
70044.0
70083.0
70084.0
70088.0
70089.0
70101.0
70103.0
70104.0
70143.0
70144.0
70148.0
70149.0
70161.0
70163.0
70183.0
70184.0
70203.0
70204.0
70208.0
70221.0
70223.0
70224.0
70263.0
70264.0
70268.0
70269.0
70281.0
70283.0
70284.0
70323.0
70324.0
70328.0
70329.0
70341.0
70343.0
70344.0
70383.0
70384.0
70388.0
70389.0
70395.0
70396.0
70401.0
70403.0
70443.0
70444.0
70448.0
70449.0
70461.0
70463.0
70464.0
70503.0
70504.0
70508.0
70521.0
70523.0
70524.0
70528.0
70563.0
70564.0
70568.0
70569.0
70581.0
70582.0
70583.0
70584.0
70623.0
70624.0
70628.0
70629.0
70641.0
70643.0
70683.0
70684.0
70688.0
70701.0
70703.0
70704.0
70727.0
70744.0
70748.0
70761.0
70763.0
70804.0
70808.0
70809.0
70821.0
70823.0
70824.0
70829.0
70830.0
70831.0
70860.0
70868.0
70869.0
70881.0
70883.0
70884.0
70928.0
70929.0
70941.0
70943.0
70988.0
70989.0
71001.0
71003.0
71004.0
71048.0
71049.0
71061.0
71062.0
71063.0
71064.0
71108.0
71109.0
71121.0
71123.0
71162.0
71168.0
71169.0
71181.0
71183.0
71184.0
71228.0
71229.0
71241.0
71243.0
71244.0
71288.0
71289.0
71301.0
71303.0
71304.0
71348.0
71349.0
71361.0
71363.0
71364.0
71408.0
71409.0
71421.0
71423.0
71424.0
71468.0
71469.0
71481.0
71483.0
71484.0
71528.0
71541.0
71588.0
71589.0
71601.0
71648.0
71649.0
71661.0
71708.0
71709.0
71721.0
71759.0
71768.0
71781.0
71828.0
71841.0
71888.0
71889.0
71901.0
71948.0
71961.0
72008.0
72009.0
72021.0
72068.0
72081.0
72128.0
72129.0
72141.0
72188.0
72189.0
72201.0
72248.0
72261.0
72308.0
72309.0
72321.0
72368.0
72369.0
72381.0
72383.0
72411.0
72412.0
72413.0
72428.0
72441.0
72442.0
72443.0
72444.0
72471.0
72484.0
72501.0
72503.0
72506.0
72507.0
72514.0
72537.0
72561.0
72563.0
72564.0
72566.0
72567.0
72596.0
72597.0
72623.0
72624.0
72625.0
72632.0
72643.0
72683.0
72702.0
72706.0
72736.0
72743.0
72744.0
72765.0
72767.0
72797.0
72803.0
72804.0
72826.0
72827.0
72857.0
72863.0
72881.0
72882.0
72886.0
72888.0
72912.0
72920.0
72923.0
72924.0
72938.0
72940.0
72950.0
72960.0
72968.0
72979.0
72983.0
72984.0
72997.0
73004.0
73009.0
73034.0
73043.0
73044.0
73059.0
73063.0
73089.0
73102.0
73103.0
73104.0
73118.0
73132.0
73133.0
73163.0
73164.0
73193.0
73221.0
73222.0
73223.0
73231.0
73261.0
73283.0
73284.0
73290.0
73343.0
73403.0
73463.0
73523.0
73524.0
73583.0
73584.0
73643.0
73644.0
73703.0
73704.0
73719.0
73731.0
73743.0
73745.0
73748.0
73749.0
73761.0
73763.0
73764.0
73780.0
73783.0
73803.0
73805.0
73808.0
73809.0
73821.0
73823.0
73859.0
73863.0
73865.0
73868.0
73869.0
73881.0
73883.0
73884.0
73923.0
73925.0
73928.0
73929.0
73941.0
73943.0
73944.0
73983.0
73985.0
73988.0
73995.0
73996.0
74001.0
74003.0
74004.0
74043.0
74045.0
74048.0
74049.0
74061.0
74062.0
74063.0
74064.0
74103.0
74105.0
74108.0
74109.0
74121.0
74123.0
74124.0
74128.0
74164.0
74165.0
74168.0
74181.0
74183.0
74184.0
74223.0
74225.0
74228.0
74241.0
74243.0
74244.0
74283.0
74285.0
74288.0
74289.0
74301.0
74303.0
74304.0
74343.0
74345.0
74348.0
74361.0
74363.0
74364.0
74403.0
74405.0
74408.0
74421.0
74423.0
74429.0
74430.0
74456.0
74463.0
74465.0
74468.0
74469.0
74481.0
74483.0
74484.0
74523.0
74525.0
74528.0
74541.0
74543.0
74544.0
74583.0
74585.0
74588.0
74589.0
74601.0
74603.0
74643.0
74645.0
74648.0
74649.0
74661.0
74663.0
74678.0
74680.0
74703.0
74705.0
74708.0
74721.0
74723.0
74724.0
74758.0
74763.0
74765.0
74768.0
74769.0
74781.0
74783.0
74823.0
74825.0
74828.0
74829.0
74841.0
74843.0
74844.0
74885.0
74888.0
74901.0
74903.0
74904.0
74945.0
74948.0
74949.0
74961.0
74963.0
74964.0
75008.0
75021.0
75023.0
75024.0
75068.0
75081.0
75082.0
75083.0
75084.0
75128.0
75141.0
75143.0
75188.0
75201.0
75203.0
75204.0
75222.0
75248.0
75261.0
75263.0
75264.0
75308.0
75309.0
75321.0
75323.0
75355.0
75368.0
75381.0
75383.0
75384.0
75428.0
75441.0
75443.0
75488.0
75489.0
75501.0
75503.0
75548.0
75561.0
75563.0
75608.0
75621.0
75668.0
75681.0
75728.0
75741.0
75788.0
75801.0
75802.0
75848.0
75861.0
75908.0
75921.0
75968.0
75981.0
76028.0
76041.0
76088.0
76101.0
76121.0
76148.0
76149.0
76161.0
76208.0
76221.0
76254.0
76268.0
76281.0
76282.0
76328.0
76341.0
76388.0
76389.0
76401.0
76448.0
76461.0
76483.0
76508.0
76513.0
76518.0
76521.0
76523.0
76549.0
76556.0
76577.0
76579.0
76581.0
76583.0
76584.0
76605.0
76606.0
76636.0
76641.0
76643.0
76644.0
76660.0
76662.0
76665.0
76692.0
76703.0
76704.0
76720.0
76721.0
76727.0
76756.0
76757.0
76763.0
76786.0
76795.0
76823.0
76824.0
76825.0
76829.0
76854.0
76883.0
76884.0
76913.0
76942.0
76943.0
76944.0
76972.0
76973.0
77000.0
77001.0
77002.0
77003.0
77030.0
77063.0
77082.0
77112.0
77123.0
77124.0
77141.0
77143.0
77172.0
77173.0
77183.0
77184.0
77202.0
77203.0
77233.0
77238.0
77243.0
77262.0
77268.0
77297.0
77298.0
77303.0
77326.0
77327.0
77328.0
77358.0
77363.0
77364.0
77387.0
77423.0
77424.0
77455.0
77483.0
77484.0
77543.0
77544.0
77603.0
77604.0
77663.0
77664.0
77723.0
77783.0
77811.0
77823.0
77824.0
77828.0
77841.0
77843.0
77873.0
77883.0
77884.0
77888.0
77901.0
77904.0
77905.0
77919.0
77943.0
77944.0
77948.0
77949.0
77961.0
77963.0
78003.0
78004.0
78008.0
78021.0
78023.0
78024.0
78029.0
78030.0
78031.0
78032.0
78063.0
78064.0
78068.0
78069.0
78081.0
78082.0
78083.0
78123.0
78124.0
78128.0
78141.0
78143.0
78144.0
78183.0
78184.0
78188.0
78201.0
78243.0
78244.0
78248.0
78261.0
78263.0
78264.0
78274.0
78303.0
78304.0
78308.0
78321.0
78323.0
78354.0
78363.0
78364.0
78368.0
78381.0
78383.0
78384.0
78423.0
78424.0
78428.0
78441.0
78443.0
78444.0
78483.0
78484.0
78488.0
78489.0
78501.0
78503.0
78504.0
78543.0
78544.0
78548.0
78561.0
78563.0
78603.0
78604.0
78608.0
78621.0
78623.0
78624.0
78663.0
78664.0
78668.0
78669.0
78681.0
78683.0
78723.0
78724.0
78728.0
78741.0
78743.0
78783.0
78784.0
78788.0
78801.0
78802.0
78818.0
78833.0
78843.0
78844.0
78848.0
78849.0
78850.0
78851.0
78853.0
78854.0
78861.0
78863.0
78903.0
78904.0
78908.0
78921.0
78923.0
78924.0
78950.0
78964.0
78968.0
78969.0
78981.0
78983.0
79024.0
79028.0
79029.0
79041.0
79043.0
79088.0
79101.0
79102.0
79103.0
79104.0
79148.0
79161.0
79163.0
79208.0
79221.0
79223.0
79224.0
79253.0
79268.0
79281.0
79283.0
79313.0
79328.0
79341.0
79343.0
79344.0
79388.0
79401.0
79403.0
79404.0
79448.0
79461.0
79463.0
79464.0
79508.0
79521.0
79523.0
79524.0
79568.0
79581.0
79583.0
79584.0
79628.0
79629.0
79641.0
79643.0
79644.0
79688.0
79701.0
79717.0
79748.0
79761.0
79808.0
79821.0
79850.0
79868.0
79881.0
79929.0
79941.0
79988.0
79989.0
80001.0
80048.0
80049.0
80062.0
80108.0
80121.0
80168.0
80181.0
80228.0
80229.0
80241.0
80288.0
80301.0
80348.0
80361.0
80362.0
80408.0
80421.0
80468.0
80481.0
80528.0
80541.0
80542.0
80563.0
80575.0
80588.0
80593.0
80601.0
80603.0
80605.0
80616.0
80622.0
80625.0
80634.0
80656.0
80657.0
80661.0
80663.0
80664.0
80684.0
80687.0
80694.0
80715.0
80716.0
80717.0
80721.0
80723.0
80724.0
80745.0
80748.0
80754.0
80762.0
80783.0
80792.0
80806.0
80807.0
80814.0
80821.0
80836.0
80837.0
80843.0
80859.0
80866.0
80874.0
80875.0
80878.0
80879.0
80880.0
80889.0
80903.0
80904.0
80926.0
80928.0
80940.0
80958.0
80980.0
80994.0
80999.0
81017.0
81018.0
81020.0
81023.0
81024.0
81039.0
81047.0
81048.0
81051.0
81063.0
81076.0
81077.0
81083.0
81084.0
81106.0
81143.0
81144.0
81166.0
81195.0
81197.0
81198.0
81203.0
81204.0
81226.0
81228.0
81256.0
81258.0
81263.0
81264.0
81287.0
81317.0
81323.0
81324.0
81347.0
81383.0
81384.0
81389.0
81390.0
81419.0
81420.0
81435.0
81436.0
81443.0
81444.0
81465.0
81466.0
81497.0
81503.0
81593.0
81623.0
81624.0
81630.0
81683.0
81684.0
81743.0
81744.0
81803.0
81833.0
81864.0
81903.0
81904.0
81908.0
81909.0
81911.0
81921.0
81923.0
81924.0
81950.0
81953.0
81963.0
81964.0
81968.0
81969.0
81979.0
81981.0
81983.0
82013.0
82019.0
82023.0
82024.0
82029.0
82041.0
82042.0
82043.0
82044.0
82083.0
82084.0
82088.0
82101.0
82103.0
82104.0
82142.0
82143.0
82144.0
82148.0
82149.0
82162.0
82193.0
82204.0
82205.0
82208.0
82221.0
82223.0
82224.0
82263.0
82264.0
82265.0
82266.0
82267.0
82268.0
82275.0
82276.0
82281.0
82282.0
82283.0
82284.0
82316.0
82321.0
82322.0
82323.0
82325.0
82328.0
82341.0
82343.0
82344.0
82346.0
82384.0
82385.0
82388.0
82401.0
82403.0
82404.0
82414.0
82443.0
82445.0
82448.0
82449.0
82450.0
82453.0
82461.0
82464.0
82504.0
82505.0
82508.0
82521.0
82523.0
82546.0
82563.0
82565.0
82568.0
82581.0
82583.0
82584.0
82623.0
82625.0
82628.0
82641.0
82643.0
82684.0
82685.0
82688.0
82701.0
82703.0
82704.0
82743.0
82745.0
82748.0
82761.0
82770.0
82773.0
82793.0
82804.0
82805.0
82808.0
82821.0
82823.0
82849.0
82853.0
82864.0
82865.0
82868.0
82881.0
82883.0
82884.0
82909.0
82923.0
82925.0
82928.0
82941.0
82943.0
82944.0
82970.0
82971.0
82972.0
82973.0
82983.0
82985.0
82988.0
83001.0
83003.0
83004.0
83033.0
83045.0
83048.0
83061.0
83063.0
83064.0
83090.0
83095.0
83099.0
83103.0
83104.0
83105.0
83106.0
83108.0
83120.0
83121.0
83123.0
83124.0
83141.0
83168.0
83181.0
83184.0
83213.0
83228.0
83241.0
83243.0
83244.0
83288.0
83301.0
83303.0
83312.0
83348.0
83361.0
83363.0
83364.0
83406.0
83407.0
83408.0
83409.0
83421.0
83423.0
83424.0
83437.0
83445.0
83453.0
83468.0
83481.0
83513.0
83528.0
83541.0
83543.0
83573.0
83588.0
83601.0
83603.0
83604.0
83648.0
83661.0
83664.0
83693.0
83708.0
83709.0
83720.0
83721.0
83723.0
83724.0
83748.0
83768.0
83769.0
83781.0
83828.0
83829.0
83841.0
83842.0
83888.0
83901.0
83902.0
83948.0
83961.0
83962.0
84008.0
84020.0
84021.0
84022.0
84068.0
84081.0
84128.0
84141.0
84189.0
84190.0
84201.0
84248.0
84261.0
84308.0
84322.0
84323.0
84344.0
84368.0
84381.0
84428.0
84440.0
84441.0
84488.0
84501.0
84528.0
84548.0
84549.0
84561.0
84608.0
84621.0
84641.0
84668.0
84670.0
84671.0
84681.0
84700.0
84707.0
84714.0
84726.0
84728.0
84741.0
84743.0
84744.0
84768.0
84796.0
84798.0
84801.0
84807.0
84826.0
84827.0
84829.0
84833.0
84858.0
84859.0
84861.0
84863.0
84864.0
84888.0
84889.0
84892.0
84918.0
84919.0
84923.0
84924.0
84947.0
84951.0
84952.0
84953.0
84981.0
84982.0
84983.0
84984.0
85006.0
85010.0
85038.0
85043.0
85067.0
85103.0
85104.0
85127.0
85128.0
85133.0
85157.0
85158.0
85163.0
85164.0
85167.0
85186.0
85188.0
85216.0
85218.0
85223.0
85224.0
85229.0
85230.0
85246.0
85247.0
85249.0
85277.0
85278.0
85279.0
85283.0
85284.0
85307.0
85308.0
85337.0
85338.0
85343.0
85344.0
85367.0
85396.0
85397.0
85425.0
85426.0
85427.0
85433.0
85456.0
85458.0
85461.0
85463.0
85464.0
85466.0
85486.0
85487.0
85491.0
85514.0
85521.0
85546.0
85547.0
85549.0
85553.0
85573.0
85581.0
85582.0
85583.0
85584.0
85611.0
85612.0
85643.0
85644.0
85703.0
85704.0
85763.0
85764.0
85823.0
85824.0
85883.0
85884.0
85943.0
85944.0
86000.0
86001.0
86003.0
86004.0
86009.0
86043.0
86044.0
86048.0
86049.0
86050.0
86060.0
86061.0
86063.0
86064.0
86103.0
86104.0
86108.0
86121.0
86123.0
86124.0
86142.0
86163.0
86165.0
86168.0
86181.0
86183.0
86184.0
86223.0
86224.0
86228.0
86241.0
86243.0
86244.0
86284.0
86286.0
86287.0
86288.0
86301.0
86303.0
86304.0
86343.0
86345.0
86348.0
86360.0
86361.0
86363.0
86364.0
86368.0
86403.0
86404.0
86408.0
86409.0
86421.0
86423.0
86424.0
86445.0
86463.0
86464.0
86468.0
86481.0
86483.0
86513.0
86523.0
86524.0
86528.0
86542.0
86543.0
86544.0
86583.0
86584.0
86588.0
86601.0
86603.0
86604.0
86643.0
86644.0
86648.0
86661.0
86663.0
86664.0
86703.0
86704.0
86708.0
86721.0
86723.0
86724.0
86763.0
86764.0
86768.0
86781.0
86783.0
86784.0
86823.0
86824.0
86828.0
86841.0
86843.0
86844.0
86845.0
86883.0
86884.0
86888.0
86900.0
86901.0
86903.0
86904.0
86908.0
86943.0
86944.0
86948.0
86949.0
86961.0
86963.0
86964.0
87003.0
87004.0
87008.0
87021.0
87022.0
87023.0
87024.0
87063.0
87064.0
87068.0
87080.0
87081.0
87083.0
87124.0
87128.0
87140.0
87141.0
87143.0
87144.0
87184.0
87189.0
87201.0
87203.0
87204.0
87248.0
87261.0
87263.0
87308.0
87322.0
87323.0
87324.0
87344.0
87368.0
87369.0
87380.0
87381.0
87383.0
87384.0
87414.0
87428.0
87441.0
87443.0
87444.0
87474.0
87488.0
87501.0
87502.0
87503.0
87504.0
87548.0
87549.0
87560.0
87561.0
87563.0
87564.0
87608.0
87621.0
87624.0
87654.0
87668.0
87669.0
87681.0
87682.0
87683.0
87684.0
87714.0
87728.0
87741.0
87743.0
87744.0
87789.0
87801.0
87802.0
87803.0
87805.0
87807.0
87848.0
87861.0
87908.0
87921.0
87922.0
87940.0
87968.0
87981.0
88028.0
88041.0
88088.0
88101.0
88148.0
88160.0
88161.0
88208.0
88221.0
88268.0
88281.0
88328.0
88341.0
88388.0
88394.0
88400.0
88401.0
88449.0
88461.0
88508.0
88521.0
88528.0
88568.0
88581.0
88582.0
88628.0
88641.0
88688.0
88700.0
88701.0
88706.0
88735.0
88748.0
88760.0
88761.0
88765.0
88784.0
88793.0
88794.0
88808.0
88814.0
88815.0
88820.0
88821.0
88823.0
88824.0
88829.0
88830.0
88838.0
88839.0
88841.0
88843.0
88852.0
88854.0
88855.0
88871.0
88880.0
88881.0
88883.0
88884.0
88885.0
88906.0
88911.0
88936.0
88941.0
88943.0
88944.0
88965.0
88972.0
88974.0
89003.0
89004.0
89027.0
89028.0
89030.0
89031.0
89059.0
89063.0
89064.0
89082.0
89083.0
89087.0
89088.0
89105.0
89113.0
89123.0
89124.0
89135.0
89141.0
89142.0
89153.0
89164.0
89179.0
89183.0
89184.0
89207.0
89208.0
89209.0
89238.0
89243.0
89244.0
89263.0
89264.0
89266.0
89267.0
89294.0
89303.0
89304.0
89323.0
89327.0
89357.0
89363.0
89385.0
89386.0
89387.0
89393.0
89417.0
89423.0
89424.0
89446.0
89447.0
89448.0
89477.0
89483.0
89484.0
89506.0
89507.0
89537.0
89543.0
89566.0
89597.0
89603.0
89626.0
89627.0
89657.0
89663.0
89664.0
89686.0
89723.0
89724.0
89783.0
89784.0
89843.0
89903.0
89904.0
89963.0
89964.0
90023.0
90024.0
90083.0
90084.0
90099.0
90101.0
90111.0
90113.0
90123.0
90124.0
90128.0
90141.0
90142.0
90143.0
90183.0
90184.0
90188.0
90201.0
90203.0
90204.0
90243.0
90244.0
90248.0
90261.0
90263.0
90264.0
90303.0
90304.0
90309.0
90321.0
90323.0
90324.0
90363.0
90364.0
90368.0
90380.0
90381.0
90383.0
90384.0
90423.0
90424.0
90428.0
90441.0
90442.0
90444.0
90483.0
90484.0
90488.0
90501.0
90503.0
90504.0
90543.0
90544.0
90548.0
90560.0
90561.0
90563.0
90564.0
90603.0
90604.0
90609.0
90620.0
90621.0
90623.0
90624.0
90637.0
90663.0
90664.0
90668.0
90681.0
90683.0
90684.0
90723.0
90724.0
90728.0
90742.0
90743.0
90744.0
90745.0
90783.0
90784.0
90788.0
90801.0
90803.0
90843.0
90844.0
90848.0
90859.0
90860.0
90861.0
90863.0
90864.0
90903.0
90904.0
90909.0
90920.0
90921.0
90923.0
90924.0
90940.0
90963.0
90964.0
90968.0
90980.0
90981.0
90984.0
91023.0
91024.0
91028.0
91041.0
91042.0
91044.0
91045.0
91083.0
91084.0
91088.0
91101.0
91103.0
91104.0
91134.0
91143.0
91144.0
91148.0
91160.0
91161.0
91163.0
91164.0
91204.0
91208.0
91220.0
91221.0
91223.0
91224.0
91254.0
91265.0
91268.0
91280.0
91281.0
91283.0
91314.0
91325.0
91328.0
91341.0
91343.0
91344.0
91388.0
91401.0
91403.0
91404.0
91448.0
91460.0
91461.0
91463.0
91464.0
91508.0
91509.0
91521.0
91523.0
91524.0
91536.0
91568.0
91569.0
91581.0
91583.0
91628.0
91629.0
91640.0
91642.0
91643.0
91688.0
91689.0
91700.0
91701.0
91702.0
91703.0
91704.0
91748.0
91761.0
91762.0
91763.0
91808.0
91821.0
91822.0
91823.0
91824.0
91868.0
91881.0
91883.0
91928.0
91940.0
91941.0
91944.0
91988.0
91994.0
91995.0
92001.0
92048.0
92049.0
92060.0
92061.0
92108.0
92121.0
92127.0
92168.0
92181.0
92182.0
92228.0
92240.0
92241.0
92288.0
92300.0
92301.0
92302.0
92348.0
92360.0
92361.0
92408.0
92420.0
92421.0
92468.0
92481.0
92528.0
92540.0
92541.0
92588.0
92601.0
92648.0
92660.0
92661.0
92708.0
92721.0
92768.0
92780.0
92781.0
92828.0
92829.0
92840.0
92841.0
92868.0
92869.0
92888.0
92899.0
92900.0
92901.0
92903.0
92926.0
92927.0
92928.0
92930.0
92933.0
92960.0
92961.0
92962.0
92963.0
92988.0
92989.0
92990.0
93020.0
93021.0
93023.0
93047.0
93048.0
93053.0
93055.0
93059.0
93083.0
93089.0
93113.0
93118.0
93139.0
93143.0
93144.0
93167.0
93169.0
93172.0
93199.0
93203.0
93224.0
93227.0
93228.0
93254.0
93263.0
93264.0
93265.0
93283.0
93286.0
93287.0
93317.0
93323.0
93324.0
93337.0
93339.0
93346.0
93352.0
93354.0
93355.0
93356.0
93380.0
93383.0
93384.0
93409.0
93411.0
93435.0
93439.0
93443.0
93464.0
93465.0
93468.0
93495.0
93503.0
93504.0
93524.0
93528.0
93558.0
93563.0
93584.0
93587.0
93593.0
93599.0
93614.0
93623.0
93636.0
93643.0
93647.0
93648.0
93653.0
93678.0
93683.0
93696.0
93706.0
93711.0
93741.0
93743.0
93770.0
93803.0
93863.0
93923.0
93983.0
94013.0
94043.0
94103.0
94104.0
94163.0
94203.0
94205.0
94208.0
94222.0
94223.0
94233.0
94263.0
94265.0
94268.0
94283.0
94323.0
94325.0
94328.0
94343.0
94383.0
94385.0
94388.0
94400.0
94401.0
94443.0
94445.0
94448.0
94458.0
94460.0
94461.0
94503.0
94505.0
94508.0
94521.0
94535.0
94563.0
94564.0
94568.0
94580.0
94581.0
94623.0
94624.0
94628.0
94640.0
94641.0
94643.0
94683.0
94684.0
94688.0
94689.0
94700.0
94701.0
94703.0
94743.0
94744.0
94748.0
94761.0
94763.0
94803.0
94805.0
94808.0
94820.0
94821.0
94822.0
94823.0
94863.0
94864.0
94868.0
94881.0
94883.0
94923.0
94925.0
94928.0
94940.0
94941.0
94943.0
94988.0
95001.0
95043.0
95044.0
95048.0
95060.0
95061.0
95063.0
95093.0
95103.0
95104.0
95107.0
95108.0
95120.0
95121.0
95123.0
95124.0
95132.0
95164.0
95168.0
95181.0
95183.0
95228.0
95241.0
95243.0
95284.0
95288.0
95300.0
95301.0
95303.0
95344.0
95347.0
95348.0
95354.0
95361.0
95408.0
95420.0
95421.0
95423.0
95434.0
95468.0
95481.0
95513.0
95528.0
95541.0
95543.0
95544.0
95588.0
95593.0
95594.0
95600.0
95601.0
95603.0
95604.0
95648.0
95660.0
95661.0
95663.0
95693.0
95708.0
95720.0
95721.0
95723.0
95726.0
95727.0
95768.0
95780.0
95781.0
95783.0
95827.0
95828.0
95840.0
95841.0
95843.0
95887.0
95888.0
95900.0
95901.0
95903.0
95948.0
95960.0
95961.0
95963.0
95964.0
96008.0
96020.0
96021.0
96023.0
96028.0
96029.0
96031.0
96068.0
96080.0
96081.0
96128.0
96140.0
96141.0
96188.0
96200.0
96201.0
96247.0
96248.0
96260.0
96261.0
96308.0
96320.0
96321.0
96368.0
96380.0
96381.0
96427.0
96428.0
96440.0
96441.0
96488.0
96500.0
96501.0
96547.0
96548.0
96561.0
96608.0
96620.0
96621.0
96668.0
96680.0
96681.0
96727.0
96728.0
96741.0
96788.0
96790.0
96797.0
96800.0
96801.0
96848.0
96860.0
96861.0
96908.0
96921.0
96923.0
96929.0
96930.0
96948.0
96968.0
96978.0
96980.0
96981.0
97007.0
97038.0
97040.0
97041.0
97043.0
97067.0
97083.0
97098.0
97100.0
97101.0
97103.0
97104.0
97113.0
97128.0
97142.0
97158.0
97163.0
97164.0
97187.0
97196.0
97197.0
97214.0
97217.0
97223.0
97225.0
97226.0
97227.0
97232.0
97244.0
97247.0
97255.0
97256.0
97277.0
97283.0
97306.0
97336.0
97338.0
97343.0
97344.0
97366.0
97368.0
97396.0
97398.0
97403.0
97426.0
97427.0
97456.0
97457.0
97463.0
97464.0
97484.0
97485.0
97513.0
97514.0
97523.0
97543.0
97546.0
97548.0
97553.0
97577.0
97578.0
97583.0
97584.0
97606.0
97607.0
97613.0
97637.0
97643.0
97666.0
97667.0
97673.0
97697.0
97703.0
97757.0
97763.0
97786.0
97793.0
97816.0
97819.0
97821.0
97824.0
97825.0
97849.0
97850.0
97879.0
97884.0
97908.0
97914.0
97943.0
98003.0
98004.0
98063.0
98123.0
98131.0
98183.0
98213.0
98243.0
98283.0
98284.0
98287.0
98288.0
98300.0
98301.0
98343.0
98344.0
98348.0
98360.0
98361.0
98363.0
98403.0
98404.0
98408.0
98420.0
98421.0
98423.0
98463.0
98464.0
98469.0
98480.0
98481.0
98483.0
98523.0
98524.0
98528.0
98540.0
98541.0
98543.0
98583.0
98584.0
98587.0
98588.0
98595.0
98600.0
98601.0
98603.0
98643.0
98644.0
98648.0
98660.0
98661.0
98663.0
98703.0
98704.0
98707.0
98708.0
98720.0
98721.0
98723.0
98727.0
98728.0
98763.0
98764.0
98768.0
98780.0
98781.0
98783.0
98813.0
98823.0
98824.0
98827.0
98828.0
98841.0
98843.0
98883.0
98884.0
98887.0
98888.0
98900.0
98901.0
98903.0
98904.0
98943.0
98944.0
98948.0
98953.0
98954.0
98961.0
98963.0
98964.0
99003.0
99004.0
99007.0
99008.0
99020.0
99021.0
99023.0
99030.0
99054.0
99063.0
99064.0
99067.0
99068.0
99080.0
99081.0
99083.0
99090.0
99123.0
99124.0
99129.0
99141.0
99143.0
99174.0
99183.0
99184.0
99187.0
99188.0
99193.0
99194.0
99195.0
99201.0
99203.0
99243.0
99244.0
99248.0
99260.0
99262.0
99263.0
99303.0
99304.0
99307.0
99308.0
99309.0
99320.0
99321.0
99323.0
99328.0
99354.0
99363.0
99364.0
99368.0
99380.0
99381.0
99383.0
99384.0
99424.0
99428.0
99441.0
99443.0
99474.0
99484.0
99487.0
99488.0
99494.0
99500.0
99501.0
99503.0
99534.0
99548.0
99549.0
99560.0
99561.0
99564.0
99607.0
99608.0
99620.0
99621.0
99623.0
99624.0
99626.0
99630.0
99648.0
99668.0
99680.0
99681.0
99682.0
99683.0
99728.0
99740.0
99741.0
99743.0
99744.0
99788.0
99800.0
99801.0
99803.0
99804.0
99848.0
99860.0
99861.0
99863.0
99893.0
99908.0
99920.0
99921.0
99923.0
99929.0
99967.0
99968.0
99981.0
99983.0
99984.0
100027.0
100028.0
100040.0
100041.0
100043.0
100087.0
100088.0
100100.0
100101.0
100103.0
100133.0
100147.0
100148.0
100160.0
100208.0
100220.0
100221.0
100267.0
100268.0
100280.0
100281.0
100327.0
100328.0
100340.0
100341.0
100388.0
100392.0
100401.0
100447.0
100448.0
100460.0
100461.0
100508.0
100520.0
100521.0
100525.0
100567.0
100568.0
100580.0
100581.0
100627.0
100628.0
100640.0
100641.0
100688.0
100700.0
100701.0
100747.0
100748.0
100760.0
100761.0
100808.0
100820.0
100821.0
100868.0
100880.0
100928.0
100929.0
100940.0
100941.0
100987.0
100988.0
101000.0
101001.0
101048.0
101060.0
101061.0
101062.0
101086.0
101087.0
101090.0
101107.0
101108.0
101116.0
101117.0
101120.0
101122.0
101123.0
101124.0
101146.0
101176.0
101180.0
101181.0
101183.0
101205.0
101208.0
101237.0
101238.0
101240.0
101241.0
101267.0
101273.0
101298.0
101303.0
101327.0
101358.0
101363.0
101364.0
101365.0
101388.0
101416.0
101417.0
101423.0
101424.0
101425.0
101446.0
101447.0
101476.0
101477.0
101483.0
101507.0
101513.0
101536.0
101537.0
101543.0
101567.0
101595.0
101596.0
101603.0
101626.0
101656.0
101657.0
101663.0
101687.0
101688.0
101689.0
101692.0
101718.0
101719.0
101723.0
101727.0
101746.0
101747.0
101751.0
101777.0
101805.0
101807.0
101808.0
101813.0
101838.0
101843.0
101866.0
101868.0
101869.0
101903.0
101927.0
101928.0
101933.0
101958.0
101963.0
101969.0
101987.0
102023.0
102083.0
102143.0
102203.0
102204.0
102263.0
102323.0
102380.0
102381.0
102383.0
102398.0
102423.0
102425.0
102427.0
102428.0
102440.0
102441.0
102443.0
102473.0
102483.0
102485.0
102488.0
102500.0
102501.0
102502.0
102503.0
102543.0
102545.0
102547.0
102548.0
102550.0
102560.0
102561.0
102563.0
102603.0
102605.0
102607.0
102608.0
102621.0
102623.0
102626.0
102663.0
102665.0
102668.0
102680.0
102683.0
102723.0
102725.0
102728.0
102729.0
102740.0
102741.0
102743.0
102783.0
102785.0
102788.0
102793.0
102794.0
102800.0
102801.0
102803.0
102804.0
102805.0
102843.0
102845.0
102847.0
102848.0
102861.0
102862.0
102863.0
102903.0
102905.0
102907.0
102908.0
102920.0
102921.0
102923.0
102926.0
102927.0
102963.0
102965.0
102968.0
102980.0
102981.0
102983.0
103013.0
103023.0
103025.0
103027.0
103028.0
103040.0
103041.0
103043.0
103083.0
103085.0
103087.0
103088.0
103089.0
103090.0
103101.0
103103.0
103143.0
103145.0
103148.0
103161.0
103164.0
103165.0
103203.0
103205.0
103207.0
103208.0
103220.0
103221.0
103222.0
103223.0
103229.0
103263.0
103265.0
103267.0
103268.0
103280.0
103281.0
103283.0
103314.0
103323.0
103324.0
103325.0
103327.0
103328.0
103340.0
103341.0
103343.0
103373.0
103383.0
103385.0
103387.0
103388.0
103400.0
103401.0
103403.0
103404.0
103443.0
103445.0
103447.0
103448.0
103450.0
103460.0
103461.0
103463.0
103505.0
103507.0
103508.0
103520.0
103521.0
103523.0
103525.0
103565.0
103567.0
103568.0
103580.0
103581.0
103583.0
103585.0
103625.0
103627.0
103628.0
103640.0
103641.0
103643.0
103687.0
103688.0
103700.0
103701.0
103703.0
103747.0
103748.0
103760.0
103761.0
103763.0
103807.0
103808.0
103820.0
103821.0
103823.0
103867.0
103868.0
103880.0
103883.0
103884.0
103928.0
103940.0
103941.0
103943.0
103987.0
103988.0
104000.0
104001.0
104003.0
104048.0
104060.0
104063.0
104107.0
104120.0
104121.0
104123.0
104124.0
104153.0
104167.0
104180.0
104181.0
104183.0
104227.0
104240.0
104241.0
104243.0
104287.0
104300.0
104347.0
104348.0
104360.0
104407.0
104420.0
104467.0
104480.0
104527.0
104540.0
104587.0
104600.0
104647.0
104660.0
104707.0
104708.0
104720.0
104767.0
104780.0
104827.0
104840.0
104841.0
104887.0
104888.0
104900.0
104947.0
104948.0
104960.0
105007.0
105020.0
105021.0
105067.0
105068.0
105080.0
105106.0
105127.0
105140.0
105166.0
105167.0
105187.0
105197.0
105200.0
105201.0
105203.0
105225.0
105227.0
105257.0
105260.0
105263.0
105287.0
105288.0
105320.0
105323.0
105324.0
105346.0
105347.0
105353.0
105377.0
105383.0
105384.0
105406.0
105407.0
105408.0
105438.0
105443.0
105466.0
105467.0
105468.0
105473.0
105497.0
105498.0
105503.0
105527.0
105528.0
105558.0
105563.0
105587.0
105588.0
105618.0
105623.0
105646.0
105647.0
105676.0
105677.0
105683.0
105705.0
105706.0
105707.0
105743.0
105765.0
105767.0
105797.0
105798.0
105803.0
105826.0
105828.0
105858.0
105863.0
105864.0
105887.0
105888.0
105893.0
105916.0
105917.0
105918.0
105923.0
105946.0
105947.0
105977.0
105983.0
106006.0
106007.0
106008.0
106038.0
106043.0
106066.0
106103.0
106133.0
106163.0
106222.0
106223.0
106283.0
106343.0
106403.0
106463.0
106477.0
106490.0
106503.0
106504.0
106507.0
106520.0
106523.0
106524.0
106526.0
106553.0
106563.0
106564.0
106567.0
106580.0
106581.0
106613.0
106623.0
106624.0
106627.0
106640.0
106644.0
106645.0
106683.0
106684.0
106685.0
106687.0
106688.0
106700.0
106703.0
106743.0
106744.0
106747.0
106760.0
106763.0
106803.0
106804.0
106807.0
106818.0
106820.0
106823.0
106829.0
106830.0
106863.0
106864.0
106867.0
106880.0
106883.0
106884.0
106923.0
106924.0
106927.0
106940.0
106943.0
106983.0
106984.0
106987.0
107000.0
107003.0
107033.0
107043.0
107044.0
107048.0
107060.0
107063.0
107103.0
107104.0
107108.0
107120.0
107121.0
107123.0
107163.0
107164.0
107168.0
107180.0
107181.0
107183.0
107223.0
107224.0
107227.0
107240.0
107241.0
107243.0
107283.0
107284.0
107287.0
107301.0
107303.0
107333.0
107343.0
107344.0
107347.0
107360.0
107363.0
107403.0
107404.0
107407.0
107420.0
107423.0
107464.0
107467.0
107468.0
107480.0
107484.0
107523.0
107524.0
107527.0
107528.0
107540.0
107543.0
107544.0
107583.0
107584.0
107587.0
107600.0
107603.0
107604.0
107644.0
107647.0
107648.0
107649.0
107660.0
107663.0
107704.0
107707.0
107708.0
107717.0
107720.0
107723.0
107767.0
107780.0
107783.0
107813.0
107827.0
107840.0
107841.0
107843.0
107887.0
107900.0
107903.0
107947.0
107948.0
107960.0
107963.0
107964.0
108007.0
108020.0
108023.0
108053.0
108067.0
108080.0
108081.0
108083.0
108127.0
108140.0
108143.0
108144.0
108187.0
108188.0
108200.0
108203.0
108247.0
108248.0
108260.0
108263.0
108307.0
108320.0
108321.0
108323.0
108367.0
108380.0
108381.0
108427.0
108428.0
108440.0
108483.0
108484.0
108487.0
108500.0
108547.0
108560.0
108607.0
108617.0
108620.0
108667.0
108680.0
108727.0
108731.0
108740.0
108787.0
108788.0
108800.0
108847.0
108864.0
108907.0
108920.0
108921.0
108967.0
108980.0
108981.0
109027.0
109040.0
109087.0
109100.0
109147.0
109160.0
109207.0
109220.0
109247.0
109248.0
109249.0
109267.0
109277.0
109279.0
109280.0
109283.0
109284.0
109306.0
109308.0
109313.0
109337.0
109338.0
109340.0
109343.0
109367.0
109373.0
109380.0
109400.0
109403.0
109404.0
109410.0
109428.0
109439.0
109457.0
109458.0
109463.0
109487.0
109489.0
109519.0
109523.0
109548.0
109549.0
109550.0
109578.0
109580.0
109583.0
109607.0
109620.0
109643.0
109650.0
109666.0
109668.0
109673.0
109679.0
109698.0
109703.0
109727.0
109728.0
109757.0
109758.0
109763.0
109784.0
109786.0
109787.0
109788.0
109816.0
109818.0
109823.0
109843.0
109848.0
109877.0
109878.0
109883.0
109907.0
109908.0
109913.0
109943.0
109964.0
109967.0
109968.0
110003.0
110050.0
110057.0
110063.0
110071.0
110080.0
110084.0
110087.0
110089.0
110101.0
110119.0
110123.0
110153.0
110160.0
110183.0
110184.0
110213.0
110243.0
110303.0
110363.0
110364.0
110393.0
110423.0
110424.0
110428.0
110429.0
110430.0
110447.0
110453.0
110483.0
110543.0
110573.0
110583.0
110585.0
110587.0
110600.0
110601.0
110603.0
110638.0
110640.0
110643.0
110645.0
110647.0
110660.0
110663.0
110703.0
110705.0
110707.0
110717.0
110720.0
110723.0
110764.0
110765.0
110767.0
110768.0
110780.0
110783.0
110784.0
110823.0
110825.0
110827.0
110840.0
110843.0
110884.0
110885.0
110887.0
110900.0
110901.0
110903.0
110904.0
110905.0
110943.0
110945.0
110948.0
110960.0
110963.0
111003.0
111005.0
111007.0
111020.0
111023.0
111064.0
111065.0
111067.0
111081.0
111083.0
111123.0
111125.0
111127.0
111140.0
111143.0
111180.0
111183.0
111185.0
111187.0
111200.0
111203.0
111204.0
111243.0
111245.0
111250.0
111251.0
111253.0
111260.0
111263.0
111303.0
111305.0
111309.0
111313.0
111320.0
111323.0
111363.0
111365.0
111384.0
111423.0
111425.0
111442.0
111443.0
111483.0
111485.0
111500.0
111503.0
111540.0
111543.0
111545.0
111547.0
111563.0
111603.0
111604.0
111605.0
111607.0
111616.0
111620.0
111623.0
111663.0
111666.0
111667.0
111680.0
111724.0
111725.0
111745.0
111780.0
111785.0
111803.0
111847.0
111848.0
111907.0
111908.0
111913.0
111920.0
111923.0
111967.0
111980.0
111983.0
112027.0
112040.0
112041.0
112043.0
112079.0
112087.0
112088.0
112100.0
112103.0
112148.0
112149.0
112160.0
112207.0
112213.0
112214.0
112216.0
112220.0
112223.0
112267.0
112268.0
112281.0
112283.0
112284.0
112327.0
112328.0
112340.0
112343.0
112344.0
112387.0
112400.0
112401.0
112403.0
112404.0
112447.0
112448.0
112460.0
112461.0
112507.0
112508.0
112520.0
112521.0
112567.0
112568.0
112580.0
112581.0
112627.0
112640.0
112641.0
112687.0
112700.0
112701.0
112747.0
112748.0
112760.0
112761.0
112807.0
112820.0
112867.0
112881.0
112927.0
112928.0
112940.0
112978.0
112987.0
113000.0
113047.0
113048.0
113060.0
113061.0
113107.0
113111.0
113120.0
113168.0
113180.0
113227.0
113228.0
113240.0
113287.0
113288.0
113300.0
113301.0
113327.0
113347.0
113357.0
113360.0
113361.0
113382.0
113386.0
113387.0
113388.0
113412.0
113414.0
113416.0
113418.0
113421.0
113423.0
113440.0
113447.0
113480.0
113483.0
113505.0
113506.0
113537.0
113538.0
113540.0
113541.0
113543.0
113564.0
113565.0
113566.0
113567.0
113596.0
113603.0
113604.0
113624.0
113627.0
113657.0
113663.0
113686.0
113687.0
113688.0
113717.0
113718.0
113723.0
113724.0
113746.0
113748.0
113778.0
113783.0
113807.0
113808.0
113809.0
113838.0
113839.0
113843.0
113844.0
113867.0
113868.0
113869.0
113899.0
113903.0
113927.0
113928.0
113958.0
113963.0
113964.0
113987.0
113989.0
114014.0
114016.0
114017.0
114023.0
114028.0
114029.0
114030.0
114044.0
114046.0
114076.0
114077.0
114083.0
114103.0
114137.0
114143.0
114144.0
114166.0
114193.0
114203.0
114222.0
114223.0
114224.0
114253.0
114254.0
114263.0
114264.0
114282.0
114313.0
114323.0
114324.0
114383.0
114444.0
114503.0
114504.0
114563.0
114564.0
114623.0
114664.0
114667.0
114680.0
114683.0
114723.0
114724.0
114727.0
114740.0
114743.0
114744.0
114776.0
114783.0
114784.0
114787.0
114800.0
114803.0
114843.0
114844.0
114847.0
114849.0
114850.0
114851.0
114853.0
114860.0
114863.0
114903.0
114904.0
114907.0
114908.0
114909.0
114920.0
114923.0
114963.0
114964.0
114967.0
114968.0
114980.0
114983.0
115023.0
115024.0
115027.0
115040.0
115041.0
115043.0
115083.0
115084.0
115087.0
115100.0
115103.0
115133.0
115134.0
115143.0
115144.0
115147.0
115148.0
115160.0
115163.0
115203.0
115204.0
115207.0
115212.0
115220.0
115223.0
115264.0
115267.0
115268.0
115280.0
115281.0
115283.0
115323.0
115324.0
115327.0
115328.0
115340.0
115343.0
115344.0
115383.0
115384.0
115387.0
115388.0
115400.0
115403.0
115443.0
115444.0
115447.0
115460.0
115461.0
115463.0
115503.0
115504.0
115507.0
115508.0
115520.0
115523.0
115563.0
115564.0
115567.0
115568.0
115580.0
115583.0
115623.0
115624.0
115627.0
115628.0
115640.0
115641.0
115643.0
115675.0
115683.0
115684.0
115687.0
115700.0
115703.0
115743.0
115744.0
115747.0
115760.0
115763.0
115804.0
115807.0
115808.0
115820.0
115823.0
115864.0
115867.0
115880.0
115883.0
115928.0
115940.0
115943.0
115944.0
115987.0
116000.0
116003.0
116047.0
116060.0
116061.0
116063.0
116064.0
116107.0
116108.0
116111.0
116120.0
116123.0
116167.0
116180.0
116183.0
116240.0
116241.0
116243.0
116286.0
116287.0
116300.0
116303.0
116347.0
116363.0
116364.0
116419.0
116420.0
116423.0
116483.0
116527.0
116540.0
116543.0
116574.0
116600.0
116603.0
116647.0
116707.0
116720.0
116767.0
116827.0
116887.0
116888.0
116900.0
116947.0
116960.0
117007.0
117008.0
117020.0
117021.0
117067.0
117080.0
117127.0
117140.0
117141.0
117187.0
117192.0
117193.0
117200.0
117247.0
117260.0
117308.0
117320.0
117325.0
117326.0
117367.0
117380.0
117408.0
117427.0
117440.0
117441.0
117487.0
117500.0
117503.0
117553.0
117554.0
117560.0
117563.0
117584.0
117606.0
117616.0
117620.0
117623.0
117628.0
117629.0
117671.0
117683.0
117743.0
117744.0
117755.0
117784.0
117803.0
117833.0
117847.0
117862.0
117863.0
117909.0
117923.0
117931.0
117983.0
117984.0
117986.0
118043.0
118044.0
118045.0
118103.0
118107.0
118134.0
118163.0
118171.0
118197.0
118211.0
118223.0
118240.0
118262.0
118281.0
118283.0
118310.0
118314.0
118343.0
118374.0
118403.0
118463.0
118523.0
118583.0
118643.0
118644.0
118703.0
118763.0
118777.0
118790.0
118803.0
118805.0
118807.0
118808.0
118809.0
118820.0
118823.0
118863.0
118865.0
118867.0
118868.0
118880.0
118883.0
118923.0
118925.0
118927.0
118940.0
118943.0
118983.0
118985.0
118987.0
119000.0
119003.0
119043.0
119045.0
119047.0
119060.0
119063.0
119104.0
119105.0
119107.0
119120.0
119123.0
119163.0
119165.0
119167.0
119180.0
119183.0
119223.0
119225.0
119227.0
119240.0
119243.0
119271.0
119283.0
119285.0
119287.0
119288.0
119300.0
119303.0
119343.0
119345.0
119347.0
119360.0
119363.0
119404.0
119407.0
119420.0
119421.0
119423.0
119463.0
119465.0
119467.0
119480.0
119483.0
119523.0
119525.0
119527.0
119540.0
119543.0
119583.0
119585.0
119587.0
119600.0
119603.0
119629.0
119630.0
119643.0
119645.0
119647.0
119660.0
119663.0
119703.0
119705.0
119707.0
119720.0
119723.0
119763.0
119765.0
119767.0
119780.0
119783.0
119823.0
119825.0
119827.0
119828.0
119840.0
119843.0
119883.0
119885.0
119887.0
119900.0
119903.0
119945.0
119947.0
119960.0
119961.0
119963.0
120005.0
120007.0
120020.0
120023.0
120067.0
120080.0
120083.0
120127.0
120140.0
120143.0
120170.0
120187.0
120200.0
120203.0
120247.0
120248.0
120260.0
120263.0
120264.0
120303.0
120307.0
120320.0
120323.0
120367.0
120380.0
120381.0
120383.0
120427.0
120440.0
120443.0
120487.0
120500.0
120503.0
120547.0
120560.0
120563.0
120606.0
120607.0
120620.0
120623.0
120667.0
120680.0
120683.0
120684.0
120727.0
120740.0
120787.0
120791.0
120792.0
120800.0
120847.0
120860.0
120907.0
120920.0
120925.0
120967.0
120980.0
121027.0
121040.0
121069.0
121087.0
121100.0
121147.0
121160.0
121202.0
121207.0
121210.0
121220.0
121267.0
121280.0
121327.0
121340.0
121387.0
121400.0
121447.0
121460.0
121507.0
121520.0
121545.0
121565.0
121567.0
121569.0
121570.0
121580.0
121583.0
121598.0
121599.0
121605.0
121640.0
121643.0
121646.0
121700.0
121703.0
121704.0
121705.0
121744.0
121763.0
121770.0
121771.0
121805.0
121807.0
121823.0
121831.0
121867.0
121868.0
121870.0
121883.0
121897.0
121932.0
121933.0
121936.0
121937.0
121943.0
121966.0
121997.0
121998.0
122003.0
122027.0
122052.0
122053.0
122063.0
122068.0
122082.0
122086.0
122108.0
122109.0
122123.0
122138.0
122166.0
122167.0
122183.0
122196.0
122243.0
122248.0
122249.0
122303.0
122310.0
122348.0
122352.0
122354.0
122363.0
122383.0
122404.0
122407.0
122408.0
122423.0
122451.0
122470.0
122471.0
122483.0
122543.0
122603.0
122663.0
122723.0
122783.0
122843.0
122857.0
122870.0
122883.0
122884.0
122887.0
122888.0
122900.0
122903.0
122943.0
122944.0
122947.0
122960.0
122963.0
123000.0
123003.0
123004.0
123007.0
123020.0
123023.0
123063.0
123064.0
123067.0
123080.0
123083.0
123123.0
123124.0
123127.0
123140.0
123143.0
123183.0
123184.0
123187.0
123200.0
123203.0
123224.0
123228.0
123243.0
123244.0
123247.0
123260.0
123263.0
123303.0
123304.0
123308.0
123320.0
123323.0
123363.0
123364.0
123367.0
123380.0
123383.0
123423.0
123424.0
123427.0
123440.0
123441.0
123443.0
123483.0
123484.0
123487.0
123500.0
123503.0
123543.0
123544.0
123547.0
123560.0
123563.0
123603.0
123604.0
123607.0
123620.0
123623.0
123663.0
123664.0
123667.0
123680.0
123683.0
123723.0
123724.0
123727.0
123740.0
123743.0
123744.0
123766.0
123783.0
123784.0
123787.0
123800.0
123803.0
123843.0
123844.0
123847.0
123860.0
123863.0
123899.0
123903.0
123904.0
123907.0
123920.0
123923.0
123963.0
123964.0
123967.0
123980.0
123983.0
124024.0
124027.0
124040.0
124043.0
124084.0
124087.0
124100.0
124103.0
124147.0
124160.0
124163.0
124202.0
124207.0
124220.0
124223.0
124267.0
124280.0
124283.0
124327.0
124340.0
124343.0
124387.0
124391.0
124392.0
124400.0
124403.0
124447.0
124460.0
124463.0
124507.0
124520.0
124523.0
124525.0
124567.0
124580.0
124583.0
124627.0
124640.0
124643.0
124665.0
124687.0
124700.0
124703.0
124747.0
124760.0
124763.0
124798.0
124807.0
124820.0
124867.0
124880.0
124927.0
124940.0
124987.0
125000.0
125047.0
125048.0
125060.0
125108.0
125109.0
125120.0
125168.0
125169.0
125180.0
125181.0
125227.0
125241.0
125242.0
125287.0
125302.0
125347.0
125360.0
125407.0
125420.0
125421.0
125467.0
125468.0
125480.0
125527.0
125540.0
125564.0
125587.0
125600.0
125601.0
125604.0
125647.0
125659.0
125660.0
125661.0
125663.0
125664.0
125689.0
125690.0
125691.0
125692.0
125697.0
125709.0
125710.0
125716.0
125717.0
125720.0
125723.0
125724.0
125746.0
125757.0
125780.0
125783.0
125784.0
125813.0
125837.0
125838.0
125843.0
125867.0
125893.0
125894.0
125901.0
125903.0
125904.0
125923.0
125955.0
125956.0
125957.0
125963.0
125966.0
125985.0
125986.0
126013.0
126014.0
126023.0
126026.0
126043.0
126067.0
126083.0
126084.0
126097.0
126143.0
126150.0
126203.0
126206.0
126236.0
126237.0
126263.0
126267.0
126294.0
126323.0
126329.0
126330.0
126358.0
126359.0
126383.0
126393.0
126406.0
126421.0
126422.0
126430.0
126443.0
126503.0
126563.0
126623.0
126683.0
126743.0
126803.0
126863.0
126899.0
126923.0
126963.0
126965.0
126967.0
126980.0
126983.0
127024.0
127025.0
127027.0
127040.0
127043.0
127084.0
127085.0
127087.0
127100.0
127103.0
127144.0
127145.0
127147.0
127160.0
127163.0
127204.0
127205.0
127207.0
127220.0
127223.0
127263.0
127265.0
127267.0
127280.0
127283.0
127323.0
127325.0
127327.0
127340.0
127343.0
127361.0
127384.0
127385.0
127387.0
127400.0
127403.0
127443.0
127445.0
127447.0
127460.0
127463.0
127494.0
127495.0
127503.0
127505.0
127507.0
127520.0
127523.0
127563.0
127565.0
127567.0
127580.0
127583.0
127584.0
127623.0
127625.0
127627.0
127640.0
127643.0
127684.0
127685.0
127687.0
127700.0
127703.0
127718.0
127723.0
127743.0
127745.0
127747.0
127760.0
127763.0
127798.0
127803.0
127805.0
127807.0
127820.0
127823.0
127863.0
127865.0
127867.0
127880.0
127883.0
127924.0
127925.0
127927.0
127940.0
127943.0
127983.0
127985.0
127987.0
127993.0
128000.0
128003.0
128043.0
128045.0
128047.0
128060.0
128063.0
128105.0
128107.0
128120.0
128123.0
128126.0
128165.0
128167.0
128180.0
128183.0
128228.0
128240.0
128243.0
128260.0
128287.0
128300.0
128303.0
128347.0
128361.0
128363.0
128393.0
128394.0
128407.0
128420.0
128423.0
128428.0
128429.0
128430.0
128467.0
128480.0
128483.0
128527.0
128540.0
128543.0
128587.0
128600.0
128603.0
128604.0
128647.0
128660.0
128664.0
128697.0
128707.0
128720.0
128723.0
128767.0
128780.0
128783.0
128827.0
128840.0
128843.0
128887.0
128900.0
128947.0
128960.0
129007.0
129020.0
129067.0
129080.0
129127.0
129140.0
129159.0
129187.0
129200.0
129247.0
129260.0
129292.0
129307.0
129320.0
129367.0
129380.0
129381.0
129427.0
129440.0
129487.0
129500.0
129547.0
129560.0
129607.0
129620.0
129667.0
129668.0
129680.0
129727.0
129735.0
129736.0
129740.0
129741.0
129766.0
129787.0
129793.0
129795.0
129800.0
129803.0
129825.0
129855.0
129856.0
129860.0
129863.0
129885.0
129886.0
129917.0
129920.0
129923.0
129947.0
129948.0
129978.0
129983.0
130008.0
130036.0
130043.0
130044.0
130066.0
130067.0
130103.0
130104.0
130105.0
130106.0
130122.0
130123.0
130152.0
130153.0
130163.0
130164.0
130192.0
130193.0
130223.0
130224.0
130252.0
130253.0
130256.0
130272.0
130283.0
130284.0
130313.0
130315.0
130316.0
130317.0
130337.0
130343.0
130365.0
130366.0
130368.0
130392.0
130403.0
130421.0
130450.0
130451.0
130463.0
130479.0
130480.0
130490.0
130495.0
130508.0
130510.0
130523.0
130537.0
130538.0
130574.0
130583.0
130603.0
130643.0
130703.0
130763.0
130823.0
130883.0
130944.0
131003.0
131048.0
131060.0
131063.0
131078.0
131090.0
131103.0
131104.0
131107.0
131121.0
131123.0
131163.0
131164.0
131167.0
131180.0
131183.0
131223.0
131224.0
131227.0
131240.0
131243.0
131283.0
131284.0
131287.0
131300.0
131303.0
131314.0
131318.0
131343.0
131344.0
131347.0
131360.0
131363.0
131394.0
131403.0
131404.0
131407.0
131420.0
131424.0
131463.0
131464.0
131467.0
131480.0
131483.0
131523.0
131524.0
131527.0
131540.0
131543.0
131544.0
131583.0
131584.0
131587.0
131591.0
131592.0
131600.0
131603.0
131643.0
131644.0
131647.0
131660.0
131663.0
131664.0
131703.0
131704.0
131707.0
131720.0
131723.0
131764.0
131767.0
131768.0
131780.0
131783.0
131823.0
131824.0
131827.0
131828.0
131840.0
131843.0
131856.0
131883.0
131884.0
131887.0
131888.0
131900.0
131903.0
131943.0
131944.0
131947.0
131948.0
131960.0
131963.0
131989.0
132003.0
132004.0
132007.0
132008.0
132020.0
132023.0
132027.0
132028.0
132063.0
132064.0
132067.0
132080.0
132083.0
132123.0
132124.0
132127.0
132140.0
132143.0
132184.0
132187.0
132200.0
132203.0
132214.0
132244.0
132247.0
132260.0
132263.0
132293.0
132304.0
132307.0
132320.0
132323.0
132367.0
132380.0
132383.0
132427.0
132440.0
132443.0
132487.0
132500.0
132503.0
132547.0
132560.0
132563.0
132564.0
132607.0
132620.0
132623.0
132667.0
132680.0
132683.0
132684.0
132726.0
132727.0
132740.0
132743.0
132755.0
132787.0
132800.0
132803.0
132847.0
132860.0
132863.0
132888.0
132907.0
132920.0
132923.0
132967.0
132980.0
133027.0
133040.0
133087.0
133100.0
133147.0
133160.0
133207.0
133220.0
133267.0
133280.0
133327.0
133340.0
133387.0
133400.0
133446.0
133447.0
133460.0
133507.0
133520.0
133567.0
133580.0
133627.0
133640.0
133654.0
133686.0
133687.0
133700.0
133747.0
133760.0
133807.0
133809.0
133815.0
133820.0
133839.0
133867.0
133869.0
133880.0
133883.0
133898.0
133899.0
133928.0
133929.0
133940.0
133943.0
133958.0
133987.0
134000.0
134003.0
134023.0
134024.0
134050.0
134053.0
134054.0
134063.0
134080.0
134081.0
134082.0
134091.0
134109.0
134111.0
134123.0
134137.0
134138.0
134140.0
134168.0
134183.0
134196.0
134198.0
134228.0
134243.0
134257.0
134258.0
134270.0
134300.0
134303.0
134317.0
134329.0
134359.0
134363.0
134385.0
134388.0
134415.0
134424.0
134425.0
134444.0
134449.0
134479.0
134483.0
134508.0
134509.0
134538.0
134539.0
134543.0
134567.0
134569.0
134599.0
134603.0
134628.0
134658.0
134663.0
134664.0
134687.0
134694.0
134723.0
134725.0
134753.0
134783.0
134843.0
134903.0
134963.0
134989.0
135023.0
135083.0
135143.0
135157.0
135170.0
135183.0
135185.0
135187.0
135191.0
135192.0
135200.0
135203.0
135245.0
135247.0
135249.0
135260.0
135263.0
135304.0
135305.0
135307.0
135309.0
135320.0
135323.0
135324.0
135325.0
135363.0
135365.0
135367.0
135368.0
135380.0
135383.0
135424.0
135425.0
135427.0
135440.0
135443.0
135452.0
135484.0
135485.0
135487.0
135488.0
135489.0
135500.0
135501.0
135503.0
135544.0
135545.0
135546.0
135547.0
135560.0
135563.0
135585.0
135604.0
135605.0
135606.0
135607.0
135620.0
135623.0
135627.0
135628.0
135664.0
135665.0
135666.0
135667.0
135680.0
135683.0
135723.0
135725.0
135727.0
135740.0
135743.0
135744.0
135783.0
135785.0
135787.0
135800.0
135803.0
135804.0
135810.0
135813.0
135843.0
135845.0
135846.0
135847.0
135860.0
135863.0
135888.0
135903.0
135905.0
135906.0
135907.0
135920.0
135923.0
135963.0
135965.0
135966.0
135967.0
135980.0
135983.0
136024.0
136025.0
136027.0
136040.0
136043.0
136083.0
136085.0
136088.0
136100.0
136103.0
136143.0
136145.0
136147.0
136160.0
136163.0
136204.0
136205.0
136206.0
136207.0
136221.0
136223.0
136265.0
136266.0
136267.0
136280.0
136283.0
136325.0
136327.0
136340.0
136343.0
136351.0
136385.0
136387.0
136400.0
136403.0
136447.0
136460.0
136463.0
136506.0
136507.0
136520.0
136524.0
136567.0
136580.0
136583.0
136627.0
136640.0
136643.0
136686.0
136687.0
136700.0
136703.0
136747.0
136760.0
136763.0
136787.0
136807.0
136820.0
136823.0
136867.0
136880.0
136883.0
136927.0
136940.0
136943.0
136987.0
137000.0
137003.0
137046.0
137047.0
137060.0
137106.0
137107.0
137120.0
137167.0
137180.0
137227.0
137228.0
137240.0
137250.0
137251.0
137287.0
137300.0
137349.0
137360.0
137361.0
137384.0
137408.0
137420.0
137468.0
137481.0
137482.0
137528.0
137529.0
137541.0
137588.0
137593.0
137600.0
137601.0
137648.0
137651.0
137652.0
137662.0
137663.0
137706.0
137707.0
137721.0
137726.0
137766.0
137767.0
137785.0
137827.0
137840.0
137887.0
137900.0
137908.0
137938.0
137939.0
137947.0
137960.0
137963.0
137965.0
137966.0
137967.0
137972.0
137973.0
138003.0
138020.0
138024.0
138029.0
138032.0
138047.0
138048.0
138078.0
138080.0
138084.0
138088.0
138106.0
138107.0
138109.0
138110.0
138140.0
138143.0
138167.0
138168.0
138169.0
138172.0
138197.0
138203.0
138226.0
138227.0
138257.0
138263.0
138283.0
138284.0
138286.0
138314.0
138323.0
138339.0
138340.0
138343.0
138370.0
138383.0
138398.0
138399.0
138401.0
138431.0
138443.0
138460.0
138461.0
138491.0
138503.0
138520.0
138529.0
138530.0
138531.0
138552.0
138553.0
138560.0
138563.0
138584.0
138585.0
138589.0
138612.0
138613.0
138615.0
138623.0
138643.0
138648.0
138649.0
138652.0
138669.0
138681.0
138682.0
138683.0
138708.0
138711.0
138741.0
138743.0
138770.0
138794.0
138795.0
138803.0
138824.0
138863.0
138923.0
138983.0
139043.0
139103.0
139163.0
139223.0
139229.0
139230.0
139231.0
139250.0
139263.0
139264.0
139266.0
139267.0
139280.0
139283.0
139323.0
139324.0
139326.0
139327.0
139341.0
139343.0
139350.0
139352.0
139353.0
139354.0
139383.0
139384.0
139386.0
139387.0
139388.0
139400.0
139403.0
139408.0
139443.0
139444.0
139446.0
139447.0
139460.0
139463.0
139464.0
139484.0
139503.0
139505.0
139506.0
139507.0
139520.0
139521.0
139523.0
139563.0
139564.0
139567.0
139580.0
139583.0
139623.0
139624.0
139626.0
139627.0
139639.0
139640.0
139644.0
139683.0
139684.0
139686.0
139687.0
139700.0
139703.0
139743.0
139744.0
139747.0
139760.0
139763.0
139803.0
139804.0
139806.0
139807.0
139820.0
139823.0
139824.0
139825.0
139863.0
139864.0
139866.0
139867.0
139880.0
139883.0
139923.0
139924.0
139926.0
139927.0
139940.0
139943.0
139947.0
139983.0
139984.0
139986.0
139987.0
140000.0
140003.0
140043.0
140044.0
140046.0
140047.0
140051.0
140052.0
140053.0
140054.0
140060.0
140063.0
140080.0
140103.0
140104.0
140106.0
140107.0
140120.0
140123.0
140163.0
140164.0
140166.0
140167.0
140180.0
140183.0
140223.0
140224.0
140226.0
140227.0
140240.0
140243.0
140283.0
140284.0
140286.0
140287.0
140300.0
140303.0
140304.0
140308.0
140343.0
140344.0
140347.0
140360.0
140363.0
140383.0
140404.0
140406.0
140407.0
140420.0
140423.0
140464.0
140466.0
140467.0
140480.0
140483.0
140526.0
140527.0
140539.0
140540.0
140543.0
140586.0
140600.0
140603.0
140646.0
140647.0
140660.0
140663.0
140707.0
140720.0
140723.0
140766.0
140767.0
140780.0
140783.0
140826.0
140827.0
140839.0
140840.0
140843.0
140846.0
140886.0
140900.0
140903.0
140946.0
140960.0
140963.0
140979.0
141007.0
141020.0
141023.0
141066.0
141067.0
141080.0
141083.0
141126.0
141127.0
141139.0
141140.0
141143.0
141186.0
141187.0
141200.0
141246.0
141247.0
141260.0
141306.0
141307.0
141320.0
141366.0
141367.0
141379.0
141380.0
141426.0
141427.0
141440.0
141487.0
141488.0
141500.0
141546.0
141547.0
141560.0
141606.0
141607.0
141620.0
141621.0
141667.0
141680.0
141727.0
141739.0
141740.0
141745.0
141786.0
141787.0
141800.0
141846.0
141847.0
141860.0
141878.0
141906.0
141907.0
141919.0
141920.0
141967.0
141979.0
141980.0
142020.0
142022.0
142026.0
142027.0
142040.0
142043.0
142076.0
142077.0
142100.0
142101.0
142103.0
142118.0
142129.0
142159.0
142160.0
142163.0
142181.0
142205.0
142210.0
142223.0
142224.0
142254.0
142280.0
142283.0
142314.0
142337.0
142343.0
142371.0
142394.0
142395.0
142403.0
142456.0
142457.0
142463.0
142520.0
142523.0
142583.0
142585.0
142612.0
142643.0
142648.0
142659.0
142676.0
142686.0
142703.0
142715.0
142726.0
142739.0
142740.0
142763.0
142792.0
142815.0
142823.0
142827.0
142845.0
142883.0
142943.0
143003.0
143063.0
143080.0
143123.0
143124.0
143183.0
143243.0
143303.0
143343.0
143344.0
143346.0
143347.0
143360.0
143363.0
143403.0
143404.0
143406.0
143407.0
143420.0
143423.0
143464.0
143465.0
143466.0
143467.0
143480.0
143483.0
143484.0
143524.0
143525.0
143526.0
143527.0
143540.0
143543.0
143584.0
143585.0
143587.0
143600.0
143603.0
143644.0
143645.0
143646.0
143647.0
143649.0
143650.0
143659.0
143660.0
143663.0
143676.0
143704.0
143705.0
143706.0
143707.0
143720.0
143723.0
143763.0
143764.0
143765.0
143766.0
143767.0
143780.0
143783.0
143824.0
143825.0
143826.0
143827.0
143840.0
143843.0
143884.0
143885.0
143886.0
143887.0
143899.0
143900.0
143903.0
143905.0
143944.0
143945.0
143946.0
143947.0
143949.0
143960.0
143963.0
143979.0
144004.0
144005.0
144020.0
144023.0
144063.0
144065.0
144069.0
144080.0
144083.0
144123.0
144125.0
144126.0
144143.0
144183.0
144185.0
144186.0
144202.0
144203.0
144243.0
144245.0
144263.0
144305.0
144308.0
144323.0
144363.0
144365.0
144366.0
144383.0
144423.0
144425.0
144442.0
144485.0
144486.0
144499.0
144506.0
144545.0
144559.0
144563.0
144575.0
144606.0
144607.0
144619.0
144623.0
144666.0
144667.0
144683.0
144727.0
144739.0
144740.0
144786.0
144787.0
144799.0
144800.0
144803.0
144846.0
144847.0
144859.0
144860.0
144861.0
144878.0
144906.0
144907.0
144920.0
144966.0
144967.0
144980.0
145026.0
145027.0
145040.0
145043.0
145086.0
145087.0
145100.0
145103.0
145146.0
145147.0
145160.0
145163.0
145164.0
145206.0
145207.0
145220.0
145223.0
145266.0
145267.0
145280.0
145326.0
145327.0
145340.0
145341.0
145386.0
145387.0
145400.0
145446.0
145447.0
145460.0
145474.0
145506.0
145520.0
145566.0
145567.0
145580.0
145626.0
145627.0
145640.0
145686.0
145687.0
145699.0
145700.0
145746.0
145759.0
145760.0
145806.0
145807.0
145820.0
145866.0
145867.0
145880.0
145926.0
145927.0
145940.0
145969.0
145986.0
145987.0
145989.0
145990.0
145991.0
146000.0
146046.0
146047.0
146059.0
146060.0
146106.0
146107.0
146120.0
146123.0
146124.0
146149.0
146167.0
146179.0
146180.0
146181.0
146183.0
146207.0
146208.0
146209.0
146238.0
146240.0
146243.0
146267.0
146268.0
146300.0
146303.0
146304.0
146326.0
146332.0
146363.0
146390.0
146391.0
146392.0
146419.0
146423.0
146427.0
146448.0
146452.0
146483.0
146488.0
146507.0
146517.0
146526.0
146543.0
146555.0
146584.0
146603.0
146612.0
146613.0
146636.0
146663.0
146666.0
146676.0
146723.0
146724.0
146758.0
146783.0
146814.0
146843.0
146874.0
146903.0
146935.0
146963.0
146994.0
147023.0
147055.0
147083.0
147143.0
147203.0
147263.0
147323.0
147383.0
147439.0
147440.0
147443.0
147456.0
147483.0
147485.0
147486.0
147498.0
147499.0
147500.0
147503.0
147543.0
147544.0
147546.0
147559.0
147563.0
147575.0
147603.0
147604.0
147606.0
147619.0
147623.0
147663.0
147664.0
147666.0
147679.0
147683.0
147723.0
147725.0
147727.0
147739.0
147740.0
147743.0
147783.0
147784.0
147786.0
147787.0
147799.0
147803.0
147843.0
147846.0
147847.0
147860.0
147863.0
147903.0
147905.0
147906.0
147919.0
147920.0
147923.0
147963.0
147965.0
147966.0
147980.0
147983.0
148023.0
148025.0
148026.0
148027.0
148037.0
148039.0
148043.0
148083.0
148084.0
148086.0
148099.0
148100.0
148103.0
148143.0
148144.0
148146.0
148159.0
148160.0
148163.0
148164.0
148170.0
148171.0
148203.0
148204.0
148206.0
148219.0
148223.0
148263.0
148265.0
148266.0
148268.0
148279.0
148280.0
148283.0
148323.0
148324.0
148326.0
148339.0
148343.0
148383.0
148384.0
148386.0
148394.0
148398.0
148399.0
148400.0
148403.0
148443.0
148445.0
148446.0
148459.0
148460.0
148463.0
148474.0
148503.0
148504.0
148506.0
148519.0
148523.0
148564.0
148566.0
148579.0
148580.0
148583.0
148624.0
148626.0
148639.0
148643.0
148684.0
148686.0
148687.0
148699.0
148700.0
148703.0
148746.0
148759.0
148763.0
148806.0
148807.0
148819.0
148823.0
148866.0
148879.0
148883.0
148926.0
148936.0
148939.0
148940.0
148943.0
148986.0
148999.0
149003.0
149046.0
149059.0
149063.0
149069.0
149106.0
149119.0
149123.0
149124.0
149166.0
149179.0
149183.0
149226.0
149239.0
149240.0
149243.0
149244.0
149286.0
149299.0
149300.0
149303.0
149346.0
149359.0
149360.0
149363.0
149406.0
149419.0
149466.0
149479.0
149526.0
149539.0
149540.0
149586.0
149590.0
149599.0
149600.0
149646.0
149659.0
149706.0
149719.0
149722.0
149723.0
149766.0
149779.0
149780.0
149826.0
149827.0
149835.0
149839.0
149840.0
149886.0
149899.0
149946.0
149959.0
149960.0
149968.0
150006.0
150019.0
150066.0
150079.0
150080.0
150126.0
150139.0
150186.0
150199.0
150203.0
150228.0
150229.0
150240.0
150246.0
150259.0
150260.0
150263.0
150264.0
150272.0
150285.0
150289.0
150299.0
150319.0
150323.0
150334.0
150346.0
150362.0
150375.0
150379.0
150383.0
150404.0
150411.0
150429.0
150443.0
150458.0
150492.0
150503.0
150520.0
150521.0
150554.0
150563.0
150583.0
150622.0
150623.0
150650.0
150681.0
150683.0
150710.0
150713.0
150742.0
150743.0
150770.0
150774.0
150775.0
150803.0
150808.0
150834.0
150837.0
150863.0
150864.0
150875.0
150876.0
150892.0
150893.0
150894.0
150916.0
150924.0
150945.0
150949.0
150967.0
150983.0
150996.0
151043.0
151103.0
151141.0
151163.0
151171.0
151223.0
151283.0
151344.0
151403.0
151463.0
151523.0
151549.0
151563.0
151564.0
151565.0
151579.0
151583.0
151624.0
151625.0
151626.0
151633.0
151643.0
151684.0
151685.0
151686.0
151696.0
151703.0
151745.0
151748.0
151749.0
151759.0
151763.0
151766.0
151804.0
151805.0
151808.0
151823.0
151863.0
151865.0
151866.0
151869.0
151879.0
151883.0
151924.0
151925.0
151926.0
151929.0
151983.0
151985.0
151986.0
151995.0
152000.0
152043.0
152045.0
152046.0
152047.0
152048.0
152059.0
152063.0
152070.0
152103.0
152105.0
152106.0
152108.0
152123.0
152165.0
152166.0
152169.0
152179.0
152180.0
152183.0
152223.0
152225.0
152226.0
152228.0
152239.0
152240.0
152283.0
152285.0
152286.0
152299.0
152303.0
152343.0
152345.0
152346.0
152359.0
152363.0
152403.0
152405.0
152406.0
152419.0
152423.0
152463.0
152464.0
152465.0
152466.0
152479.0
152483.0
152484.0
152523.0
152525.0
152526.0
152532.0
152539.0
152543.0
152583.0
152585.0
152586.0
152599.0
152600.0
152603.0
152643.0
152645.0
152646.0
152659.0
152660.0
152663.0
152665.0
152705.0
152706.0
152719.0
152723.0
152766.0
152779.0
152783.0
152826.0
152839.0
152843.0
152886.0
152899.0
152900.0
152903.0
152946.0
152947.0
152959.0
152963.0
152969.0
153006.0
153019.0
153023.0
153066.0
153079.0
153080.0
153083.0
153126.0
153139.0
153143.0
153186.0
153190.0
153199.0
153200.0
153203.0
153246.0
153259.0
153260.0
153263.0
153306.0
153319.0
153323.0
153366.0
153379.0
153383.0
153384.0
153426.0
153431.0
153439.0
153486.0
153499.0
153546.0
153559.0
153560.0
153606.0
153619.0
153666.0
153679.0
153726.0
153739.0
153786.0
153799.0
153846.0
153847.0
153859.0
153906.0
153919.0
153920.0
153966.0
153979.0
153980.0
154026.0
154039.0
154040.0
154086.0
154099.0
154100.0
154146.0
154159.0
154206.0
154219.0
154266.0
154279.0
154286.0
154316.0
154326.0
154330.0
154339.0
154343.0
154345.0
154346.0
154347.0
154377.0
154399.0
154403.0
154405.0
154408.0
154409.0
154439.0
154459.0
154463.0
154464.0
154467.0
154468.0
154494.0
154506.0
154507.0
154508.0
154509.0
154520.0
154523.0
154525.0
154526.0
154550.0
154553.0
154571.0
154579.0
154583.0
154600.0
154601.0
154629.0
154630.0
154643.0
154651.0
154680.0
154703.0
154705.0
154708.0
154733.0
154738.0
154739.0
154757.0
154758.0
154763.0
154767.0
154787.0
154793.0
154796.0
154801.0
154813.0
154814.0
154823.0
154843.0
154848.0
154869.0
154882.0
154883.0
154899.0
154911.0
154937.0
154938.0
154943.0
154967.0
154994.0
154996.0
155003.0
155024.0
155025.0
155054.0
155056.0
155063.0
155084.0
155085.0
155118.0
155123.0
155146.0
155183.0
155243.0
155303.0
155305.0
155363.0
155423.0
155483.0
155543.0
155603.0
155629.0
155643.0
155644.0
155646.0
155659.0
155663.0
155666.0
155703.0
155704.0
155706.0
155719.0
155723.0
155725.0
155763.0
155764.0
155766.0
155779.0
155783.0
155823.0
155824.0
155826.0
155839.0
155843.0
155883.0
155884.0
155886.0
155899.0
155903.0
155943.0
155944.0
155946.0
155959.0
155963.0
156003.0
156004.0
156006.0
156019.0
156023.0
156063.0
156064.0
156066.0
156079.0
156080.0
156083.0
156123.0
156124.0
156126.0
156127.0
156128.0
156139.0
156143.0
156183.0
156184.0
156186.0
156187.0
156199.0
156203.0
156243.0
156244.0
156246.0
156247.0
156259.0
156261.0
156263.0
156303.0
156304.0
156306.0
156319.0
156323.0
156363.0
156364.0
156366.0
156379.0
156383.0
156423.0
156424.0
156426.0
156439.0
156443.0
156483.0
156484.0
156486.0
156488.0
156499.0
156503.0
156543.0
156544.0
156546.0
156547.0
156548.0
156549.0
156559.0
156563.0
156565.0
156603.0
156604.0
156606.0
156619.0
156623.0
156663.0
156664.0
156666.0
156679.0
156683.0
156723.0
156724.0
156726.0
156739.0
156743.0
156784.0
156786.0
156789.0
156790.0
156799.0
156803.0
156844.0
156846.0
156859.0
156863.0
156906.0
156919.0
156922.0
156923.0
156966.0
156979.0
156983.0
157026.0
157027.0
157039.0
157043.0
157086.0
157099.0
157103.0
157146.0
157160.0
157163.0
157206.0
157219.0
157223.0
157226.0
157227.0
157266.0
157279.0
157280.0
157283.0
157326.0
157339.0
157343.0
157386.0
157399.0
157403.0
157446.0
157459.0
157463.0
157464.0
157506.0
157519.0
157523.0
157566.0
157579.0
157626.0
157639.0
157686.0
157699.0
157746.0
157759.0
157806.0
157819.0
157866.0
157879.0
157926.0
157939.0
157986.0
157999.0
158046.0
158059.0
158119.0
158167.0
158179.0
158226.0
158286.0
158300.0
158329.0
158389.0
158431.0
158455.0
158460.0
158479.0
158481.0
158482.0
158483.0
158511.0
158512.0
158514.0
158539.0
158540.0
158543.0
158544.0
158574.0
158603.0
158622.0
158652.0
158660.0
158663.0
158681.0
158688.0
158718.0
158723.0
158747.0
158748.0
158749.0
158778.0
158779.0
158783.0
158806.0
158807.0
158835.0
158836.0
158843.0
158865.0
158868.0
158897.0
158898.0
158900.0
158903.0
158927.0
158929.0
158930.0
158959.0
158960.0
158984.0
158989.0
159013.0
159014.0
159023.0
159041.0
159043.0
159070.0
159071.0
159083.0
159100.0
159128.0
159129.0
159143.0
159153.0
159154.0
159158.0
159182.0
159184.0
159203.0
159206.0
159207.0
159212.0
159237.0
159242.0
159261.0
159262.0
159263.0
159265.0
159266.0
159279.0
159308.0
159309.0
159323.0
159338.0
159383.0
159443.0
159503.0
159563.0
159623.0
159683.0
159684.0
159724.0
159725.0
159726.0
159739.0
159743.0
159786.0
159799.0
159803.0
159844.0
159846.0
159857.0
159859.0
159863.0
159904.0
159906.0
159919.0
159923.0
159924.0
159964.0
159965.0
159966.0
159979.0
159983.0
160024.0
160025.0
160026.0
160039.0
160043.0
160084.0
160085.0
160086.0
160089.0
160099.0
160103.0
160143.0
160144.0
160145.0
160146.0
160159.0
160160.0
160161.0
160163.0
160204.0
160205.0
160206.0
160219.0
160223.0
160264.0
160265.0
160266.0
160279.0
160283.0
160324.0
160325.0
160326.0
160339.0
160343.0
160383.0
160385.0
160386.0
160389.0
160390.0
160399.0
160403.0
160444.0
160445.0
160446.0
160447.0
160459.0
160463.0
160503.0
160505.0
160506.0
160509.0
160523.0
160564.0
160565.0
160566.0
160580.0
160583.0
160623.0
160625.0
160626.0
160639.0
160643.0
160683.0
160685.0
160686.0
160699.0
160703.0
160743.0
160745.0
160746.0
160748.0
160756.0
160759.0
160763.0
160803.0
160805.0
160806.0
160807.0
160819.0
160823.0
160825.0
160826.0
160827.0
160865.0
160866.0
160879.0
160883.0
160925.0
160926.0
160939.0
160940.0
160943.0
160986.0
160999.0
161003.0
161046.0
161059.0
161060.0
161063.0
161106.0
161119.0
161123.0
161166.0
161179.0
161183.0
161226.0
161239.0
161243.0
161286.0
161299.0
161303.0
161346.0
161359.0
161363.0
161406.0
161419.0
161423.0
161466.0
161479.0
161483.0
161522.0
161526.0
161539.0
161543.0
161586.0
161599.0
161603.0
161647.0
161655.0
161659.0
161706.0
161719.0
161766.0
161780.0
161826.0
161839.0
161840.0
161886.0
161899.0
161946.0
161959.0
162006.0
162019.0
162066.0
162079.0
162126.0
162139.0
162186.0
162199.0
162246.0
162259.0
162306.0
162319.0
162366.0
162379.0
162421.0
162426.0
162439.0
162486.0
162499.0
162506.0
162507.0
162536.0
162547.0
162554.0
162559.0
162563.0
162567.0
162573.0
162574.0
162603.0
162607.0
162609.0
162610.0
162619.0
162623.0
162640.0
162668.0
162669.0
162680.0
162683.0
162708.0
162709.0
162710.0
162738.0
162743.0
162746.0
162747.0
162777.0
162798.0
162803.0
162805.0
162806.0
162834.0
162835.0
162857.0
162858.0
162863.0
162864.0
162896.0
162897.0
162898.0
162923.0
162926.0
162927.0
162940.0
162970.0
162984.0
162999.0
163016.0
163028.0
163038.0
163039.0
163040.0
163043.0
163046.0
163069.0
163070.0
163098.0
163099.0
163103.0
163129.0
163158.0
163163.0
163164.0
163188.0
163217.0
163223.0
163253.0
163282.0
163283.0
163313.0
163342.0
163343.0
163346.0
163376.0
163403.0
163405.0
163463.0
163523.0
163583.0
163643.0
163703.0
163756.0
163757.0
163763.0
163819.0
163836.0
163863.0
163864.0
163866.0
163868.0
163879.0
163883.0
163884.0
163923.0
163924.0
163926.0
163939.0
163940.0
163943.0
163985.0
163986.0
163988.0
163989.0
163999.0
164003.0
164043.0
164044.0
164046.0
164048.0
164059.0
164063.0
164103.0
164104.0
164106.0
164108.0
164119.0
164122.0
164123.0
164163.0
164164.0
164166.0
164179.0
164183.0
164219.0
164223.0
164224.0
164226.0
164239.0
164243.0
164283.0
164284.0
164286.0
164287.0
164299.0
164303.0
164343.0
164344.0
164346.0
164352.0
164359.0
164363.0
164403.0
164404.0
164406.0
164419.0
164420.0
164421.0
164423.0
164426.0
164463.0
164464.0
164466.0
164479.0
164483.0
164523.0
164525.0
164526.0
164539.0
164573.0
164578.0
164579.0
164583.0
164584.0
164586.0
164599.0
164603.0
164643.0
164644.0
164646.0
164648.0
164655.0
164656.0
164659.0
164703.0
164704.0
164706.0
164707.0
164708.0
164719.0
164723.0
164724.0
164763.0
164764.0
164766.0
164779.0
164783.0
164823.0
164824.0
164826.0
164839.0
164843.0
164883.0
164884.0
164887.0
164899.0
164903.0
164944.0
164946.0
164959.0
164963.0
165004.0
165006.0
165020.0
165023.0
165064.0
165066.0
165079.0
165083.0
165118.0
165126.0
165127.0
165139.0
165143.0
165186.0
165199.0
165203.0
165246.0
165251.0
165259.0
165260.0
165293.0
165306.0
165319.0
165323.0
165324.0
165366.0
165379.0
165383.0
165426.0
165439.0
165440.0
165443.0
165486.0
165499.0
165503.0
165546.0
165554.0
165555.0
165559.0
165563.0
165564.0
165606.0
165619.0
165623.0
165666.0
165679.0
165683.0
165726.0
165739.0
165786.0
165799.0
165846.0
165859.0
165906.0
165919.0
165966.0
165979.0
166017.0
166026.0
166039.0
166086.0
166099.0
166146.0
166150.0
166159.0
166160.0
166206.0
166219.0
166266.0
166267.0
166279.0
166326.0
166339.0
166386.0
166400.0
166446.0
166459.0
166506.0
166519.0
166566.0
166579.0
166608.0
166609.0
166626.0
166637.0
166639.0
166643.0
166667.0
166695.0
166696.0
166697.0
166699.0
166703.0
166704.0
166725.0
166727.0
166755.0
166757.0
166759.0
166763.0
166785.0
166788.0
166816.0
166817.0
166818.0
166823.0
166846.0
166848.0
166877.0
166878.0
166883.0
166907.0
166936.0
166937.0
166943.0
166966.0
166967.0
166968.0
166996.0
166998.0
167003.0
167026.0
167028.0
167057.0
167058.0
167063.0
167087.0
167088.0
167118.0
167123.0
167147.0
167148.0
167176.0
167177.0
167178.0
167183.0
167206.0
167207.0
167236.0
167237.0
167243.0
167266.0
167277.0
167278.0
167303.0
167307.0
167308.0
167320.0
167329.0
167337.0
167352.0
167353.0
167357.0
167359.0
167363.0
167379.0
167387.0
167415.0
167417.0
167423.0
167447.0
167475.0
167477.0
167483.0
167505.0
167543.0
167603.0
167663.0
167664.0
167723.0
167783.0
167843.0
167844.0
167903.0
167929.0
167943.0
167944.0
167946.0
167948.0
167959.0
167963.0
168003.0
168004.0
168006.0
168019.0
168023.0
168026.0
168063.0
168064.0
168067.0
168079.0
168083.0
168123.0
168124.0
168126.0
168139.0
168143.0
168173.0
168174.0
168183.0
168184.0
168186.0
168201.0
168203.0
168243.0
168244.0
168246.0
168251.0
168259.0
168263.0
168304.0
168305.0
168306.0
168319.0
168323.0
168364.0
168365.0
168366.0
168369.0
168379.0
168383.0
168424.0
168425.0
168426.0
168439.0
168443.0
168484.0
168485.0
168486.0
168489.0
168499.0
168503.0
168504.0
168544.0
168545.0
168546.0
168559.0
168560.0
168563.0
168604.0
168605.0
168606.0
168619.0
168623.0
168665.0
168666.0
168668.0
168669.0
168679.0
168680.0
168683.0
168713.0
168724.0
168725.0
168726.0
168739.0
168743.0
168784.0
168785.0
168786.0
168799.0
168803.0
168833.0
168844.0
168845.0
168846.0
168847.0
168848.0
168849.0
168850.0
168859.0
168863.0
168903.0
168905.0
168906.0
168919.0
168923.0
168953.0
168963.0
168964.0
168965.0
168966.0
168979.0
168980.0
168983.0
169025.0
169026.0
169039.0
169043.0
169075.0
169085.0
169086.0
169099.0
169103.0
169145.0
169146.0
169159.0
169163.0
169205.0
169206.0
169219.0
169223.0
169265.0
169279.0
169283.0
169325.0
169326.0
169339.0
169343.0
169365.0
169366.0
169367.0
169383.0
169384.0
169385.0
169386.0
169399.0
169403.0
169445.0
169446.0
169459.0
169463.0
169499.0
169500.0
169505.0
169506.0
169516.0
169517.0
169519.0
169523.0
169566.0
169567.0
169579.0
169583.0
169625.0
169626.0
169639.0
169643.0
169685.0
169686.0
169700.0
169703.0
169745.0
169746.0
169759.0
169763.0
169806.0
169819.0
169865.0
169866.0
169879.0
169925.0
169926.0
169939.0
169985.0
169986.0
169999.0
170045.0
170046.0
170059.0
170105.0
170106.0
170119.0
170165.0
170166.0
170167.0
170179.0
170225.0
170226.0
170239.0
170285.0
170286.0
170300.0
170345.0
170359.0
170405.0
170406.0
170419.0
170465.0
170466.0
170479.0
170511.0
170525.0
170526.0
170539.0
170585.0
170599.0
170659.0
170677.0
170678.0
170679.0
170680.0
170681.0
170701.0
170705.0
170718.0
170719.0
170723.0
170727.0
170728.0
170731.0
170732.0
170733.0
170734.0
170744.0
170745.0
170747.0
170749.0
170778.0
170779.0
170783.0
170790.0
170807.0
170808.0
170834.0
170835.0
170837.0
170838.0
170839.0
170843.0
170867.0
170869.0
170899.0
170903.0
170915.0
170928.0
170948.0
170957.0
170963.0
170974.0
170987.0
171017.0
171023.0
171046.0
171047.0
171048.0
171106.0
171107.0
171108.0
171138.0
171139.0
171143.0
171167.0
171168.0
171198.0
171203.0
171226.0
171227.0
171228.0
171258.0
171287.0
171288.0
171293.0
171318.0
171323.0
171347.0
171348.0
171349.0
171379.0
171407.0
171437.0
171443.0
171466.0
171470.0
171500.0
171503.0
171526.0
171528.0
171558.0
171563.0
171587.0
171623.0
171625.0
171626.0
171627.0
171683.0
171743.0
171803.0
171847.0
171863.0
171923.0
171983.0
172025.0
172026.0
172039.0
172043.0
172084.0
172085.0
172086.0
172099.0
172103.0
172133.0
172145.0
172146.0
172159.0
172163.0
172205.0
172206.0
172219.0
172223.0
172263.0
172264.0
172265.0
172266.0
172279.0
172283.0
172309.0
172325.0
172326.0
172339.0
172343.0
172384.0
172386.0
172399.0
172403.0
172443.0
172444.0
172445.0
172446.0
172448.0
172450.0
172451.0
172459.0
172463.0
172503.0
172504.0
172505.0
172506.0
172519.0
172523.0
172563.0
172564.0
172565.0
172566.0
172579.0
172580.0
172583.0
172623.0
172624.0
172625.0
172626.0
172639.0
172643.0
172668.0
172669.0
172683.0
172684.0
172685.0
172686.0
172699.0
172703.0
172743.0
172744.0
172745.0
172746.0
172759.0
172763.0
172803.0
172804.0
172805.0
172806.0
172819.0
172823.0
172863.0
172864.0
172865.0
172866.0
172879.0
172883.0
172884.0
172923.0
172924.0
172925.0
172926.0
172939.0
172943.0
172973.0
172983.0
172984.0
172985.0
172986.0
172999.0
173003.0
173043.0
173044.0
173046.0
173059.0
173063.0
173103.0
173104.0
173105.0
173106.0
173119.0
173123.0
173164.0
173165.0
173166.0
173179.0
173183.0
173208.0
173224.0
173225.0
173226.0
173239.0
173243.0
173285.0
173299.0
173303.0
173341.0
173345.0
173359.0
173360.0
173363.0
173406.0
173419.0
173423.0
173465.0
173466.0
173479.0
173483.0
173499.0
173525.0
173526.0
173539.0
173543.0
173585.0
173586.0
173599.0
173603.0
173630.0
173645.0
173646.0
173659.0
173663.0
173664.0
173705.0
173706.0
173719.0
173720.0
173723.0
173762.0
173766.0
173779.0
173783.0
173803.0
173825.0
173826.0
173839.0
173843.0
173885.0
173886.0
173899.0
173903.0
173945.0
173946.0
173959.0
174006.0
174019.0
174066.0
174079.0
174107.0
174125.0
174126.0
174139.0
174186.0
174199.0
174240.0
174246.0
174259.0
174305.0
174306.0
174319.0
174365.0
174366.0
174379.0
174426.0
174439.0
174485.0
174499.0
174545.0
174546.0
174559.0
174605.0
174606.0
174619.0
174665.0
174666.0
174679.0
174726.0
174739.0
174785.0
174786.0
174788.0
174789.0
174790.0
174798.0
174799.0
174827.0
174828.0
174834.0
174839.0
174858.0
174859.0
174863.0
174887.0
174889.0
174919.0
174922.0
174923.0
174933.0
174947.0
174948.0
174979.0
174983.0
174991.0
175007.0
175008.0
175013.0
175037.0
175038.0
175043.0
175067.0
175098.0
175099.0
175103.0
175128.0
175158.0
175159.0
175163.0
175188.0
175217.0
175218.0
175223.0
175226.0
175227.0
175229.0
175247.0
175278.0
175283.0
175285.0
175308.0
175337.0
175338.0
175339.0
175343.0
175367.0
175368.0
175397.0
175398.0
175399.0
175403.0
175410.0
175427.0
175428.0
175429.0
175443.0
175458.0
175459.0
175463.0
175469.0
175488.0
175489.0
175519.0
175523.0
175548.0
175577.0
175578.0
175579.0
175583.0
175609.0
175639.0
175643.0
175668.0
175669.0
175698.0
175699.0
175703.0
175728.0
175763.0
175764.0
175823.0
175883.0
175943.0
176003.0
176063.0
176104.0
176105.0
176106.0
176107.0
176108.0
176109.0
176119.0
176123.0
176153.0
176163.0
176164.0
176165.0
176166.0
176179.0
176183.0
176223.0
176224.0
176225.0
176226.0
176239.0
176243.0
176264.0
176268.0
176283.0
176284.0
176285.0
176286.0
176299.0
176303.0
176342.0
176343.0
176344.0
176345.0
176346.0
176359.0
176363.0
176403.0
176404.0
176405.0
176420.0
176423.0
176463.0
176464.0
176465.0
176466.0
176479.0
176483.0
176523.0
176524.0
176525.0
176526.0
176539.0
176543.0
176573.0
176584.0
176585.0
176586.0
176588.0
176599.0
176603.0
176643.0
176644.0
176645.0
176659.0
176663.0
176703.0
176704.0
176705.0
176706.0
176719.0
176723.0
176724.0
176763.0
176764.0
176765.0
176766.0
176779.0
176783.0
176804.0
176823.0
176824.0
176825.0
176826.0
176839.0
176840.0
176843.0
176884.0
176885.0
176886.0
176899.0
176903.0
176937.0
176944.0
176945.0
176946.0
176959.0
176963.0
177004.0
177005.0
177006.0
177019.0
177023.0
177064.0
177065.0
177066.0
177069.0
177079.0
177083.0
177124.0
177125.0
177139.0
177143.0
177144.0
177164.0
177165.0
177184.0
177185.0
177186.0
177199.0
177203.0
177213.0
177214.0
177241.0
177245.0
177259.0
177263.0
177274.0
177305.0
177319.0
177323.0
177334.0
177347.0
177383.0
177394.0
177407.0
177443.0
177454.0
177467.0
177514.0
177527.0
177528.0
177533.0
177563.0
177573.0
177574.0
177587.0
177623.0
177634.0
177647.0
177651.0
177682.0
177694.0
177703.0
177707.0
177711.0
177754.0
177767.0
177771.0
177814.0
177827.0
177831.0
177832.0
177836.0
177874.0
177887.0
177891.0
177934.0
177947.0
177948.0
177951.0
177994.0
178007.0
178054.0
178067.0
178114.0
178127.0
178174.0
178175.0
178187.0
178234.0
178247.0
178294.0
178307.0
178308.0
178354.0
178367.0
178389.0
178390.0
178414.0
178427.0
178474.0
178487.0
178522.0
178523.0
178534.0
178547.0
178548.0
178594.0
178595.0
178602.0
178607.0
178654.0
178667.0
178714.0
178728.0
178735.0
178774.0
178787.0
178834.0
178847.0
178877.0
178897.0
178898.0
178907.0
178911.0
178936.0
178937.0
178965.0
178967.0
178968.0
178971.0
178995.0
178996.0
179002.0
179026.0
179031.0
179032.0
179039.0
179054.0
179055.0
179056.0
179061.0
179086.0
179089.0
179091.0
179115.0
179119.0
179120.0
179121.0
179123.0
179150.0
179151.0
179177.0
179178.0
179207.0
179211.0
179236.0
179241.0
179271.0
179272.0
179298.0
179300.0
179326.0
179328.0
179335.0
179357.0
179383.0
179391.0
179412.0
179416.0
179445.0
179446.0
179451.0
179452.0
179475.0
179477.0
179479.0
179509.0
179511.0
179536.0
179537.0
179566.0
179567.0
179571.0
179596.0
179625.0
179626.0
179631.0
179654.0
179655.0
179685.0
179686.0
179687.0
179691.0
179715.0
179717.0
179718.0
179721.0
179727.0
179731.0
179732.0
179734.0
179745.0
179750.0
179751.0
179776.0
179786.0
179807.0
179811.0
179812.0
179813.0
179822.0
179823.0
179826.0
179827.0
179829.0
179830.0
179831.0
179834.0
179886.0
179887.0
179938.0
179946.0
180006.0
180067.0
180126.0
180127.0
180186.0
180187.0
180199.0
180213.0
180214.0
180215.0
180217.0
180229.0
180242.0
180243.0
180246.0
180247.0
180273.0
180275.0
180289.0
180302.0
180303.0
180306.0
180307.0
180333.0
180334.0
180349.0
180362.0
180363.0
180366.0
180367.0
180393.0
180395.0
180400.0
180401.0
180409.0
180422.0
180423.0
180426.0
180453.0
180455.0
180469.0
180482.0
180487.0
180513.0
180514.0
180515.0
180529.0
180542.0
180546.0
180547.0
180548.0
180550.0
180576.0
180589.0
180590.0
180602.0
180603.0
180606.0
180607.0
180629.0
180630.0
180633.0
180634.0
180636.0
180643.0
180645.0
180646.0
180648.0
180649.0
180650.0
180653.0
180655.0
180662.0
180663.0
180666.0
180708.0
180709.0
180710.0
180722.0
180723.0
180726.0
180727.0
180759.0
180763.0
180768.0
180769.0
180770.0
180782.0
180783.0
180786.0
180828.0
180829.0
180830.0
180838.0
180842.0
180846.0
180876.0
180888.0
180889.0
180902.0
180903.0
180906.0
180907.0
180922.0
180936.0
180948.0
180949.0
180950.0
180962.0
180963.0
180966.0
180967.0
181008.0
181009.0
181022.0
181023.0
181026.0
181027.0
181055.0
181068.0
181069.0
181070.0
181082.0
181083.0
181086.0
181087.0
181128.0
181129.0
181142.0
181146.0
181188.0
181189.0
181202.0
181206.0
181248.0
181249.0
181262.0
181263.0
181266.0
181267.0
181299.0
181309.0
181322.0
181326.0
181359.0
181369.0
181370.0
181382.0
181383.0
181387.0
181416.0
181429.0
181432.0
181442.0
181446.0
181489.0
181490.0
181502.0
181506.0
181507.0
181549.0
181550.0
181562.0
181563.0
181566.0
181609.0
181623.0
181626.0
181669.0
181682.0
181683.0
181686.0
181687.0
181729.0
181736.0
181742.0
181746.0
181789.0
181796.0
181802.0
181806.0
181849.0
181862.0
181866.0
181867.0
181909.0
181922.0
181926.0
181956.0
181969.0
181982.0
181983.0
181986.0
181987.0
181989.0
182042.0
182046.0
182089.0
182102.0
182122.0
182123.0
182149.0
182163.0
182198.0
182209.0
182210.0
182222.0
182223.0
182269.0
182270.0
182282.0
182329.0
182331.0
182343.0
182344.0
182389.0
182403.0
182449.0
182462.0
182463.0
182509.0
182510.0
182522.0
182523.0
182569.0
182582.0
182630.0
182642.0
182643.0
182689.0
182702.0
182749.0
182763.0
182764.0
182809.0
182822.0
182823.0
182869.0
182870.0
182882.0
182929.0
182942.0
182943.0
182973.0
182989.0
183002.0
183003.0
183006.0
183036.0
183062.0
183067.0
183090.0
183091.0
183121.0
183122.0
183123.0
183126.0
183150.0
183151.0
183152.0
183181.0
183186.0
183211.0
183212.0
183216.0
183242.0
183246.0
183271.0
183303.0
183306.0
183307.0
183331.0
183332.0
183333.0
183334.0
183351.0
183363.0
183366.0
183391.0
183392.0
183393.0
183422.0
183426.0
183452.0
183482.0
183486.0
183498.0
183511.0
183512.0
183513.0
183527.0
183529.0
183534.0
183542.0
183546.0
183547.0
183557.0
183571.0
183574.0
183585.0
183604.0
183606.0
183607.0
183624.0
183632.0
183633.0
183637.0
183660.0
183661.0
183664.0
183667.0
183690.0
183691.0
183724.0
183725.0
183726.0
183727.0
183753.0
183754.0
183755.0
183784.0
183785.0
183786.0
183795.0
183809.0
183810.0
183814.0
183838.0
183839.0
183846.0
183868.0
183906.0
183966.0
183967.0
184026.0
184086.0
184087.0
184146.0
184147.0
184149.0
184207.0
184208.0
184211.0
184267.0
184308.0
184309.0
184322.0
184323.0
184326.0
184328.0
184354.0
184358.0
184368.0
184369.0
184383.0
184384.0
184386.0
184428.0
184429.0
184443.0
184446.0
184488.0
184489.0
184502.0
184506.0
184507.0
184548.0
184549.0
184562.0
184566.0
184567.0
184597.0
184608.0
184609.0
184622.0
184623.0
184626.0
184627.0
184668.0
184669.0
184682.0
184683.0
184686.0
184687.0
184688.0
184728.0
184729.0
184742.0
184743.0
184746.0
184788.0
184789.0
184802.0
184806.0
184836.0
184848.0
184849.0
184862.0
184863.0
184866.0
184895.0
184908.0
184909.0
184922.0
184923.0
184926.0
184927.0
184967.0
184968.0
184969.0
184971.0
184972.0
184973.0
184982.0
184983.0
184986.0
184987.0
185028.0
185029.0
185030.0
185031.0
185032.0
185033.0
185034.0
185042.0
185046.0
185047.0
185088.0
185089.0
185090.0
185091.0
185102.0
185106.0
185147.0
185148.0
185149.0
185153.0
185162.0
185164.0
185166.0
185196.0
185208.0
185209.0
185222.0
185223.0
185224.0
185226.0
185254.0
185255.0
185259.0
185269.0
185270.0
185282.0
185283.0
185286.0
185287.0
185329.0
185330.0
185333.0
185342.0
185346.0
185389.0
185390.0
185392.0
185402.0
185406.0
185449.0
185450.0
185462.0
185463.0
185466.0
185468.0
185509.0
185510.0
185522.0
185526.0
185527.0
185528.0
185569.0
185582.0
185583.0
185586.0
185587.0
185588.0
185589.0
185629.0
185642.0
185646.0
185689.0
185702.0
185706.0
185722.0
185723.0
185749.0
185762.0
185763.0
185766.0
185793.0
185809.0
185822.0
185826.0
185869.0
185870.0
185882.0
185886.0
185929.0
185930.0
185942.0
185946.0
185976.0
185989.0
185990.0
186002.0
186003.0
186006.0
186026.0
186027.0
186036.0
186045.0
186049.0
186062.0
186063.0
186067.0
186109.0
186123.0
186126.0
186169.0
186182.0
186229.0
186230.0
186243.0
186289.0
186302.0
186349.0
186362.0
186409.0
186422.0
186469.0
186482.0
186528.0
186529.0
186542.0
186543.0
186589.0
186602.0
186603.0
186648.0
186649.0
186662.0
186692.0
186708.0
186709.0
186722.0
186723.0
186769.0
186782.0
186826.0
186829.0
186842.0
186889.0
186902.0
186903.0
186949.0
186950.0
186962.0
187009.0
187022.0
187023.0
187052.0
187069.0
187082.0
187083.0
187096.0
187097.0
187111.0
187113.0
187130.0
187142.0
187146.0
187171.0
187173.0
187190.0
187202.0
187203.0
187206.0
187207.0
187232.0
187244.0
187245.0
187261.0
187262.0
187266.0
187274.0
187275.0
187292.0
187293.0
187294.0
187296.0
187303.0
187323.0
187326.0
187327.0
187351.0
187382.0
187386.0
187387.0
187412.0
187446.0
187447.0
187471.0
187476.0
187501.0
187502.0
187506.0
187507.0
187513.0
187532.0
187533.0
187543.0
187561.0
187566.0
187590.0
187591.0
187596.0
187621.0
187626.0
187651.0
187682.0
187686.0
187712.0
187746.0
187747.0
187753.0
187771.0
187772.0
187783.0
187802.0
187806.0
187807.0
187830.0
187831.0
187842.0
187866.0
187867.0
187895.0
187901.0
187925.0
187926.0
187952.0
187954.0
187956.0
187982.0
187986.0
187987.0
188010.0
188029.0
188046.0
188106.0
188107.0
188167.0
188169.0
188226.0
188227.0
188286.0
188287.0
188346.0
188347.0
188390.0
188402.0
188406.0
188407.0
188408.0
188419.0
188448.0
188449.0
188450.0
188462.0
188463.0
188466.0
188467.0
188491.0
188508.0
188509.0
188510.0
188522.0
188523.0
188526.0
188527.0
188568.0
188569.0
188570.0
188582.0
188586.0
188587.0
188624.0
188628.0
188629.0
188630.0
188642.0
188643.0
188646.0
188688.0
188689.0
188690.0
188702.0
188703.0
188706.0
188748.0
188749.0
188750.0
188762.0
188766.0
188767.0
188808.0
188809.0
188810.0
188822.0
188823.0
188826.0
188827.0
188853.0
188868.0
188869.0
188870.0
188882.0
188886.0
188928.0
188929.0
188930.0
188942.0
188943.0
188946.0
188947.0
188987.0
188988.0
188989.0
188990.0
188992.0
188993.0
188995.0
189002.0
189006.0
189007.0
189048.0
189049.0
189050.0
189062.0
189063.0
189066.0
189108.0
189110.0
189122.0
189126.0
189127.0
189168.0
189169.0
189170.0
189182.0
189183.0
189186.0
189187.0
189189.0
189227.0
189228.0
189229.0
189230.0
189242.0
189243.0
189244.0
189246.0
189247.0
189288.0
189289.0
189290.0
189302.0
189306.0
189322.0
189323.0
189348.0
189349.0
189350.0
189362.0
189363.0
189366.0
189367.0
189390.0
189396.0
189408.0
189409.0
189410.0
189422.0
189426.0
189468.0
189469.0
189470.0
189482.0
189486.0
189487.0
189523.0
189529.0
189542.0
189543.0
189546.0
189547.0
189548.0
189589.0
189602.0
189606.0
189607.0
189626.0
189627.0
189649.0
189650.0
189662.0
189663.0
189667.0
189709.0
189710.0
189722.0
189726.0
189769.0
189782.0
189783.0
189786.0
189829.0
189842.0
189843.0
189846.0
189847.0
189889.0
189902.0
189903.0
189906.0
189949.0
189962.0
189966.0
189967.0
190009.0
190022.0
190023.0
190026.0
190069.0
190082.0
190083.0
190086.0
190087.0
190128.0
190129.0
190142.0
190143.0
190146.0
190147.0
190189.0
190202.0
190206.0
190207.0
190249.0
190262.0
190266.0
190288.0
190308.0
190309.0
190322.0
190323.0
190369.0
190382.0
190422.0
190429.0
190442.0
190489.0
190490.0
190502.0
190548.0
190549.0
190562.0
190563.0
190609.0
190623.0
190624.0
190668.0
190669.0
190682.0
190683.0
190728.0
190729.0
190742.0
190788.0
190789.0
190802.0
190849.0
190862.0
190863.0
190909.0
190910.0
190922.0
190968.0
190969.0
190982.0
191028.0
191029.0
191043.0
191044.0
191088.0
191089.0
191102.0
191148.0
191149.0
191162.0
191189.0
191190.0
191200.0
191210.0
191220.0
191222.0
191226.0
191227.0
191249.0
191252.0
191253.0
191260.0
191282.0
191283.0
191286.0
191287.0
191311.0
191312.0
191313.0
191320.0
191321.0
191342.0
191343.0
191344.0
191345.0
191347.0
191348.0
191371.0
191372.0
191402.0
191406.0
191431.0
191432.0
191461.0
191466.0
191490.0
191491.0
191493.0
191526.0
191551.0
191552.0
191555.0
191581.0
191582.0
191586.0
191597.0
191611.0
191613.0
191614.0
191615.0
191625.0
191641.0
191645.0
191647.0
191648.0
191656.0
191671.0
191672.0
191673.0
191676.0
191703.0
191706.0
191707.0
191731.0
191732.0
191761.0
191764.0
191766.0
191790.0
191794.0
191795.0
191822.0
191826.0
191827.0
191852.0
191853.0
191854.0
191856.0
191881.0
191886.0
191887.0
191911.0
191912.0
191942.0
191946.0
191947.0
191971.0
191972.0
192000.0
192001.0
192006.0
192031.0
192032.0
192033.0
192034.0
192064.0
192066.0
192091.0
192092.0
192126.0
192127.0
192186.0
192217.0
192246.0
192306.0
192366.0
192397.0
192426.0
192486.0
192513.0
192524.0
192528.0
192529.0
192542.0
192546.0
192547.0
192588.0
192589.0
192602.0
192603.0
192606.0
192607.0
192648.0
192649.0
192662.0
192663.0
192666.0
192667.0
192707.0
192708.0
192709.0
192722.0
192726.0
192757.0
192768.0
192769.0
192782.0
192786.0
192787.0
192788.0
192828.0
192829.0
192842.0
192846.0
192847.0
192888.0
192889.0
192902.0
192906.0
192907.0
192921.0
192922.0
192948.0
192949.0
192962.0
192966.0
192967.0
192985.0
193008.0
193009.0
193022.0
193026.0
193068.0
193069.0
193070.0
193082.0
193086.0
193118.0
193119.0
193128.0
193129.0
193142.0
193143.0
193146.0
193188.0
193189.0
193203.0
193206.0
193224.0
193225.0
193226.0
193248.0
193249.0
193250.0
193262.0
193266.0
193267.0
193308.0
193309.0
193322.0
193326.0
193327.0
193344.0
193348.0
193368.0
193369.0
193382.0
193383.0
193386.0
193423.0
193428.0
193429.0
193442.0
193446.0
193447.0
193488.0
193489.0
193502.0
193503.0
193507.0
193548.0
193549.0
193550.0
193562.0
193566.0
193567.0
193608.0
193609.0
193622.0
193626.0
193668.0
193669.0
193682.0
193683.0
193686.0
193687.0
193728.0
193729.0
193742.0
193746.0
193788.0
193789.0
193802.0
193806.0
193807.0
193837.0
193848.0
193862.0
193866.0
193884.0
193908.0
193909.0
193922.0
193926.0
193927.0
193957.0
193968.0
193982.0
193986.0
193987.0
194017.0
194028.0
194029.0
194042.0
194046.0
194088.0
194102.0
194106.0
194148.0
194162.0
194163.0
194166.0
194167.0
194197.0
194208.0
194209.0
194222.0
194226.0
194239.0
194240.0
194282.0
194286.0
194322.0
194343.0
194346.0
194373.0
194388.0
194448.0
194449.0
194462.0
194508.0
194522.0
194524.0
194568.0
194569.0
194582.0
194628.0
194642.0
194688.0
194702.0
194762.0
194783.0
194812.0
194822.0
194945.0
194988.0
195228.0
195272.0
195301.0
195306.0
195331.0
195333.0
195362.0
195363.0
195391.0
195393.0
195422.0
195423.0
195426.0
195451.0
195452.0
195481.0
195483.0
195510.0
195514.0
195544.0
195571.0
195574.0
195661.0
195666.0
195696.0
195697.0
195705.0
195726.0
195727.0
195751.0
195752.0
195753.0
195763.0
195782.0
195787.0
195811.0
195846.0
195872.0
195882.0
195901.0
195902.0
195906.0
195914.0
195931.0
195944.0
195966.0
195991.0
196003.0
196021.0
196026.0
196027.0
196086.0
196116.0
196119.0
196120.0
196145.0
196146.0
196155.0
196156.0
196175.0
196194.0
196195.0
196198.0
196206.0
196207.0
196231.0
196235.0
196236.0
196237.0
196238.0
196266.0
196326.0
196386.0
196446.0
196484.0
196506.0
196566.0
196567.0
196568.0
196608.0
196609.0
196610.0
196622.0
196623.0
196626.0
196641.0
196668.0
196669.0
196670.0
196682.0
196686.0
196687.0
196714.0
196715.0
196728.0
196729.0
196730.0
196742.0
196746.0
196748.0
196749.0
196756.0
196788.0
196790.0
196802.0
196806.0
196807.0
196824.0
196825.0
196836.0
196848.0
196850.0
196862.0
196867.0
196868.0
196887.0
196890.0
196896.0
196897.0
196908.0
196910.0
196926.0
196927.0
196943.0
196956.0
196957.0
196968.0
196969.0
196970.0
196971.0
196978.0
196980.0
196986.0
196987.0
197015.0
197016.0
197017.0
197018.0
197019.0
197020.0
197023.0
197025.0
197028.0
197029.0
197030.0
197031.0
197032.0
197046.0
197053.0
197055.0
197058.0
197060.0
197076.0
197088.0
197089.0
197090.0
197106.0
197107.0
197136.0
197148.0
197149.0
197150.0
197166.0
197167.0
197186.0
197191.0
197194.0
197196.0
197208.0
197209.0
197210.0
197256.0
197257.0
197268.0
197269.0
197270.0
197274.0
197308.0
197316.0
197328.0
197330.0
197334.0
197364.0
197376.0
197377.0
197388.0
197390.0
197394.0
197436.0
197448.0
197449.0
197450.0
197454.0
197480.0
197484.0
197496.0
197508.0
197509.0
197510.0
197511.0
197514.0
197556.0
197557.0
197568.0
197569.0
197570.0
197604.0
197613.0
197614.0
197616.0
197617.0
197628.0
197629.0
197630.0
197634.0
197647.0
197648.0
197650.0
197664.0
197676.0
197679.0
197689.0
197690.0
197724.0
197736.0
197737.0
197748.0
197750.0
197754.0
197797.0
197810.0
197813.0
197814.0
197815.0
197840.0
197844.0
197857.0
197870.0
197874.0
197916.0
197917.0
197918.0
197930.0
197931.0
197934.0
197977.0
197990.0
197991.0
197994.0
198036.0
198037.0
198050.0
198054.0
198055.0
198096.0
198097.0
198098.0
198110.0
198111.0
198114.0
198117.0
198156.0
198157.0
198170.0
198174.0
198175.0
198204.0
198217.0
198219.0
198231.0
198232.0
198234.0
198235.0
198278.0
198279.0
198290.0
198291.0
198295.0
198296.0
198337.0
198338.0
198350.0
198351.0
198354.0
198385.0
198397.0
198398.0
198411.0
198412.0
198414.0
198415.0
198444.0
198458.0
198460.0
198471.0
198513.0
198517.0
198518.0
198530.0
198531.0
198577.0
198578.0
198593.0
198638.0
198639.0
198650.0
198651.0
198701.0
198703.0
198711.0
198758.0
198771.0
198772.0
198818.0
198819.0
198834.0
198835.0
198837.0
198878.0
198881.0
198891.0
198892.0
198938.0
198939.0
198943.0
198951.0
199003.0
199008.0
199011.0
199015.0
199072.0
199076.0
199136.0
199142.0
199178.0
199179.0
199239.0
199241.0
199252.0
199279.0
199299.0
199300.0
199301.0
199312.0
199336.0
199340.0
199341.0
199372.0
199373.0
199374.0
199375.0
199379.0
199398.0
199399.0
199421.0
199422.0
199433.0
199435.0
199440.0
199446.0
199451.0
199452.0
199458.0
199482.0
199483.0
199509.0
199511.0
199513.0
199541.0
199542.0
199544.0
199556.0
199557.0
199568.0
199569.0
199572.0
199573.0
199603.0
199616.0
199618.0
199631.0
199660.0
199662.0
199667.0
199674.0
199677.0
199678.0
199690.0
199697.0
199717.0
199727.0
199737.0
199738.0
199739.0
199757.0
199763.0
199767.0
199797.0
199809.0
199812.0
199813.0
199817.0
199823.0
199850.0
199870.0
199871.0
199880.0
199881.0
199885.0
199886.0
199887.0
199913.0
199918.0
199929.0
199930.0
199931.0
199943.0
199944.0
199945.0
199947.0
199955.0
199956.0
199957.0
199980.0
199989.0
199990.0
200010.0
200014.0
200015.0
200067.0
200094.0
200098.0
200113.0
200114.0
200119.0
200124.0
200138.0
200146.0
200148.0
200172.0
200177.0
200182.0
200206.0
200209.0
200213.0
200237.0
200268.0
200270.0
200289.0
200299.0
200300.0
200429.0
200430.0
200431.0
200469.0
200529.0
200615.0
200616.0
200649.0
200650.0
200691.0
200692.0
200693.0
200694.0
200705.0
200709.0
200710.0
200751.0
200752.0
200753.0
200754.0
200765.0
200769.0
200812.0
200813.0
200814.0
200825.0
200829.0
200872.0
200885.0
200889.0
200932.0
200934.0
200938.0
200945.0
200949.0
200950.0
200991.0
201003.0
201004.0
201005.0
201009.0
201049.0
201051.0
201052.0
201053.0
201065.0
201066.0
201069.0
201077.0
201111.0
201112.0
201113.0
201125.0
201129.0
201169.0
201171.0
201172.0
201173.0
201185.0
201189.0
201210.0
201231.0
201245.0
201249.0
201250.0
201252.0
201253.0
201254.0
201255.0
201256.0
201289.0
201291.0
201292.0
201305.0
201309.0
201310.0
201351.0
201352.0
201353.0
201365.0
201369.0
201370.0
201411.0
201425.0
201429.0
201438.0
201439.0
201471.0
201472.0
201473.0
201474.0
201485.0
201489.0
201514.0
201515.0
201529.0
201531.0
201532.0
201533.0
201534.0
201545.0
201549.0
201589.0
201591.0
201592.0
201593.0
201594.0
201605.0
201609.0
201649.0
201651.0
201652.0
201653.0
201654.0
201665.0
201669.0
201709.0
201711.0
201713.0
201714.0
201725.0
201729.0
201769.0
201771.0
201773.0
201774.0
201785.0
201789.0
201829.0
201831.0
201832.0
201834.0
201845.0
201849.0
201891.0
201892.0
201894.0
201905.0
201909.0
201951.0
201952.0
201965.0
201969.0
201976.0
202012.0
202025.0
202029.0
202071.0
202072.0
202085.0
202086.0
202089.0
202109.0
202131.0
202132.0
202145.0
202149.0
202191.0
202205.0
202209.0
202251.0
202265.0
202269.0
202311.0
202325.0
202329.0
202371.0
202385.0
202389.0
202390.0
202413.0
202414.0
202432.0
202445.0
202449.0
202491.0
202492.0
202505.0
202509.0
202510.0
202551.0
202565.0
202611.0
202625.0
202626.0
202671.0
202685.0
202745.0
202791.0
202805.0
202851.0
202865.0
202875.0
202911.0
202912.0
202925.0
202971.0
202985.0
203008.0
203031.0
203032.0
203045.0
203091.0
203092.0
203105.0
203151.0
203165.0
203212.0
203225.0
203271.0
203285.0
203331.0
203345.0
203391.0
203405.0
203443.0
203451.0
203465.0
203472.0
203473.0
203482.0
203502.0
203511.0
203525.0
203527.0
203529.0
203531.0
203532.0
203557.0
203561.0
203585.0
203586.0
203587.0
203589.0
203616.0
203617.0
203645.0
203646.0
203649.0
203650.0
203676.0
203682.0
203709.0
203710.0
203740.0
203745.0
203769.0
203775.0
203782.0
203804.0
203806.0
203807.0
203808.0
203829.0
203835.0
203862.0
203865.0
203889.0
203891.0
203892.0
203921.0
203949.0
203950.0
203974.0
203975.0
203979.0
204003.0
204004.0
204005.0
204009.0
204024.0
204025.0
204034.0
204064.0
204069.0
204117.0
204118.0
204129.0
204147.0
204155.0
204160.0
204161.0
204182.0
204183.0
204185.0
204189.0
204190.0
204211.0
204212.0
204213.0
204214.0
204232.0
204242.0
204249.0
204262.0
204292.0
204310.0
204311.0
204315.0
204344.0
204367.0
204369.0
204398.0
204399.0
204429.0
204430.0
204489.0
204549.0
204609.0
204669.0
204670.0
204729.0
204775.0
204785.0
204789.0
204801.0
204806.0
204831.0
204832.0
204833.0
204835.0
204845.0
204846.0
204847.0
204848.0
204849.0
204850.0
204890.0
204891.0
204892.0
204893.0
204895.0
204905.0
204906.0
204907.0
204909.0
204950.0
204951.0
204953.0
204965.0
204966.0
204969.0
205010.0
205011.0
205013.0
205025.0
205029.0
205033.0
205035.0
205070.0
205071.0
205073.0
205085.0
205089.0
205110.0
205132.0
205133.0
205135.0
205145.0
205149.0
205190.0
205192.0
205193.0
205195.0
205205.0
205209.0
205210.0
205211.0
205251.0
205253.0
205255.0
205265.0
205269.0
205270.0
205310.0
205311.0
205313.0
205315.0
205325.0
205326.0
205329.0
205370.0
205371.0
205373.0
205375.0
205385.0
205389.0
205431.0
205433.0
205435.0
205445.0
205449.0
205491.0
205493.0
205495.0
205505.0
205509.0
205550.0
205551.0
205552.0
205553.0
205555.0
205565.0
205569.0
205572.0
205611.0
205613.0
205615.0
205625.0
205629.0
205630.0
205671.0
205673.0
205675.0
205685.0
205689.0
205705.0
205731.0
205733.0
205735.0
205745.0
205749.0
205790.0
205791.0
205793.0
205795.0
205805.0
205809.0
205851.0
205853.0
205855.0
205865.0
205869.0
205910.0
205911.0
205915.0
205925.0
205929.0
205935.0
205970.0
205972.0
205975.0
205985.0
205989.0
205990.0
206009.0
206031.0
206032.0
206035.0
206045.0
206049.0
206091.0
206105.0
206109.0
206151.0
206165.0
206169.0
206211.0
206212.0
206225.0
206229.0
206271.0
206272.0
206285.0
206289.0
206332.0
206345.0
206349.0
206391.0
206392.0
206405.0
206409.0
206451.0
206465.0
206469.0
206470.0
206471.0
206511.0
206512.0
206525.0
206529.0
206571.0
206585.0
206589.0
206604.0
206631.0
206632.0
206645.0
206691.0
206705.0
206751.0
206752.0
206765.0
206811.0
206825.0
206872.0
206885.0
206931.0
206945.0
206991.0
206992.0
207005.0
207006.0
207051.0
207065.0
207111.0
207112.0
207125.0
207171.0
207185.0
207186.0
207231.0
207232.0
207245.0
207291.0
207305.0
207319.0
207320.0
207352.0
207365.0
207369.0
207370.0
207411.0
207425.0
207471.0
207472.0
207485.0
207486.0
207503.0
207531.0
207545.0
207577.0
207578.0
207591.0
207592.0
207605.0
207609.0
207615.0
207616.0
207618.0
207624.0
207649.0
207650.0
207665.0
207669.0
207670.0
207680.0
207708.0
207709.0
207725.0
207729.0
207736.0
207737.0
207738.0
207766.0
207770.0
207783.0
207789.0
207790.0
207801.0
207807.0
207829.0
207843.0
207844.0
207849.0
207857.0
207886.0
207887.0
207909.0
207924.0
207938.0
207941.0
207962.0
207963.0
207969.0
207991.0
207992.0
207996.0
208021.0
208029.0
208030.0
208050.0
208082.0
208111.0
208147.0
208150.0
208151.0
208159.0
208175.0
208206.0
208209.0
208235.0
208249.0
208265.0
208269.0
208294.0
208296.0
208326.0
208329.0
208355.0
208389.0
208390.0
208413.0
208418.0
208478.0
208509.0
208569.0
208629.0
208689.0
208706.0
208749.0
208809.0
208869.0
208895.0
208911.0
208925.0
208929.0
208973.0
208974.0
208985.0
208989.0
209031.0
209033.0
209049.0
209089.0
209091.0
209108.0
209109.0
209149.0
209151.0
209153.0
209169.0
209213.0
209225.0
209229.0
209271.0
209285.0
209289.0
209301.0
209329.0
209334.0
209391.0
209405.0
209412.0
209451.0
209453.0
209511.0
209513.0
209514.0
209525.0
209529.0
209571.0
209573.0
209574.0
209585.0
209589.0
209605.0
209633.0
209634.0
209645.0
209649.0
209689.0
209693.0
209694.0
209695.0
209705.0
209709.0
209749.0
209753.0
209754.0
209769.0
209813.0
209814.0
209829.0
209869.0
209871.0
209873.0
209874.0
209886.0
209889.0
209929.0
209933.0
209949.0
209989.0
209993.0
209994.0
210009.0
210049.0
210051.0
210054.0
210065.0
210066.0
210133.0
210171.0
210190.0
210200.0
210231.0
210232.0
210245.0
210291.0
210309.0
210351.0
210365.0
210369.0
210411.0
210425.0
210471.0
210485.0
210489.0
210504.0
210531.0
210545.0
210549.0
210591.0
210605.0
210609.0
210651.0
210665.0
210669.0
210711.0
210725.0
210729.0
210771.0
210785.0
210786.0
210831.0
210832.0
210845.0
210891.0
210905.0
210919.0
210920.0
210951.0
210965.0
210966.0
211011.0
211012.0
211025.0
211071.0
211085.0
211099.0
211131.0
211145.0
211191.0
211205.0
211251.0
211265.0
211311.0
211325.0
211371.0
211385.0
211431.0
211445.0
211491.0
211505.0
211551.0
211565.0
211611.0
211625.0
211627.0
211628.0
211658.0
211671.0
211672.0
211685.0
211687.0
211689.0
211695.0
211724.0
211725.0
211726.0
211745.0
211749.0
211754.0
211757.0
211758.0
211788.0
211805.0
211806.0
211809.0
211817.0
211819.0
211849.0
211869.0
211877.0
211880.0
211909.0
211910.0
211921.0
211922.0
211929.0
211939.0
211943.0
211944.0
211959.0
211973.0
211989.0
212003.0
212014.0
212043.0
212044.0
212049.0
212073.0
212102.0
212103.0
212109.0
212110.0
212125.0
212126.0
212127.0
212132.0
212140.0
212144.0
212162.0
212169.0
212191.0
212193.0
212222.0
212223.0
212229.0
212252.0
212253.0
212255.0
212266.0
212283.0
212285.0
212289.0
212302.0
212320.0
212322.0
212325.0
212349.0
212350.0
212375.0
212378.0
212379.0
212404.0
212405.0
212409.0
212434.0
212446.0
212469.0
212475.0
212476.0
212505.0
212512.0
212513.0
212514.0
212529.0
212542.0
212589.0
212650.0
212651.0
212710.0
212769.0
212829.0
212889.0
212949.0
212950.0
212975.0
212990.0
212991.0
212994.0
212995.0
213004.0
213005.0
213009.0
213051.0
213054.0
213055.0
213064.0
213065.0
213069.0
213110.0
213111.0
213114.0
213115.0
213123.0
213124.0
213125.0
213129.0
213171.0
213173.0
213174.0
213175.0
213184.0
213185.0
213189.0
213201.0
213231.0
213234.0
213235.0
213245.0
213249.0
213291.0
213293.0
213295.0
213304.0
213305.0
213309.0
213351.0
213353.0
213355.0
213364.0
213365.0
213369.0
213410.0
213411.0
213414.0
213415.0
213425.0
213429.0
213471.0
213473.0
213475.0
213484.0
213485.0
213489.0
213531.0
213533.0
213535.0
213545.0
213549.0
213590.0
213591.0
213593.0
213595.0
213604.0
213605.0
213609.0
213610.0
213651.0
213653.0
213655.0
213662.0
213664.0
213665.0
213669.0
213711.0
213713.0
213715.0
213724.0
213725.0
213729.0
213771.0
213773.0
213775.0
213784.0
213785.0
213789.0
213796.0
213831.0
213833.0
213835.0
213845.0
213849.0
213850.0
213890.0
213891.0
213893.0
213895.0
213904.0
213905.0
213909.0
213951.0
213953.0
213955.0
213964.0
213965.0
213969.0
213970.0
214010.0
214011.0
214013.0
214015.0
214023.0
214025.0
214029.0
214071.0
214075.0
214084.0
214085.0
214089.0
214100.0
214131.0
214135.0
214144.0
214145.0
214149.0
214150.0
214191.0
214195.0
214204.0
214205.0
214209.0
214251.0
214264.0
214265.0
214269.0
214299.0
214311.0
214324.0
214325.0
214329.0
214371.0
214385.0
214386.0
214389.0
214431.0
214444.0
214445.0
214449.0
214491.0
214505.0
214509.0
214519.0
214520.0
214551.0
214561.0
214564.0
214569.0
214611.0
214624.0
214629.0
214630.0
214671.0
214685.0
214689.0
214694.0
214731.0
214744.0
214745.0
214749.0
214791.0
214805.0
214809.0
214810.0
214824.0
214825.0
214851.0
214864.0
214865.0
214911.0
214924.0
214925.0
214971.0
214984.0
214985.0
215031.0
215044.0
215045.0
215091.0
215105.0
215151.0
215164.0
215165.0
215211.0
215224.0
215225.0
215271.0
215284.0
215331.0
215345.0
215391.0
215404.0
215405.0
215451.0
215460.0
215464.0
215465.0
215511.0
215524.0
215525.0
215571.0
215584.0
215585.0
215593.0
215594.0
215631.0
215644.0
215677.0
215691.0
215704.0
215705.0
215752.0
215764.0
215765.0
215769.0
215794.0
215823.0
215824.0
215825.0
215829.0
215851.0
215869.0
215881.0
215884.0
215885.0
215889.0
215898.0
215906.0
215910.0
215928.0
215936.0
215949.0
215960.0
215961.0
215965.0
215991.0
216009.0
216019.0
216031.0
216061.0
216066.0
216067.0
216069.0
216090.0
216097.0
216121.0
216122.0
216125.0
216126.0
216129.0
216152.0
216181.0
216189.0
216190.0
216239.0
216240.0
216249.0
216269.0
216296.0
216298.0
216307.0
216309.0
216326.0
216355.0
216367.0
216369.0
216384.0
216385.0
216414.0
216427.0
216428.0
216429.0
216448.0
216458.0
216481.0
216487.0
216489.0
216490.0
216511.0
216536.0
216540.0
216549.0
216550.0
216566.0
216595.0
216609.0
216669.0
216729.0
216789.0
216797.0
216849.0
216909.0
216969.0
216971.0
217030.0
217038.0
217069.0
217071.0
217073.0
217074.0
217084.0
217085.0
217089.0
217090.0
217131.0
217133.0
217134.0
217144.0
217145.0
217149.0
217191.0
217192.0
217193.0
217194.0
217204.0
217205.0
217209.0
217251.0
217253.0
217254.0
217258.0
217264.0
217265.0
217269.0
217311.0
217312.0
217313.0
217314.0
217325.0
217326.0
217329.0
217371.0
217373.0
217374.0
217385.0
217389.0
217431.0
217433.0
217434.0
217444.0
217445.0
217449.0
217491.0
217493.0
217494.0
217504.0
217505.0
217509.0
217549.0
217551.0
217553.0
217554.0
217564.0
217565.0
217569.0
217611.0
217613.0
217614.0
217618.0
217624.0
217625.0
217629.0
217630.0
217671.0
217672.0
217673.0
217674.0
217684.0
217685.0
217689.0
217696.0
217729.0
217731.0
217733.0
217734.0
217744.0
217745.0
217749.0
217750.0
217791.0
217792.0
217793.0
217794.0
217804.0
217809.0
217851.0
217853.0
217854.0
217855.0
217859.0
217863.0
217864.0
217865.0
217869.0
217911.0
217913.0
217914.0
217924.0
217925.0
217929.0
217971.0
217973.0
217974.0
217984.0
217985.0
217986.0
217989.0
218029.0
218031.0
218033.0
218034.0
218045.0
218049.0
218091.0
218093.0
218094.0
218105.0
218109.0
218110.0
218119.0
218120.0
218149.0
218151.0
218153.0
218154.0
218157.0
218164.0
218165.0
218169.0
218211.0
218212.0
218214.0
218224.0
218225.0
218229.0
218269.0
218271.0
218274.0
218284.0
218285.0
218289.0
218290.0
218331.0
218344.0
218345.0
218346.0
218349.0
218350.0
218391.0
218404.0
218409.0
218423.0
218424.0
218451.0
218464.0
218465.0
218469.0
218511.0
218524.0
218525.0
218529.0
218530.0
218571.0
218584.0
218585.0
218589.0
218595.0
218631.0
218645.0
218649.0
218650.0
218691.0
218704.0
218709.0
218751.0
218764.0
218769.0
218811.0
218824.0
218829.0
218871.0
218885.0
218889.0
218931.0
218944.0
218945.0
218949.0
218950.0
218991.0
219004.0
219005.0
219051.0
219064.0
219111.0
219124.0
219125.0
219171.0
219172.0
219184.0
219189.0
219231.0
219244.0
219245.0
219291.0
219305.0
219351.0
219364.0
219411.0
219424.0
219425.0
219471.0
219484.0
219485.0
219531.0
219544.0
219545.0
219591.0
219604.0
219651.0
219665.0
219711.0
219724.0
219771.0
219784.0
219785.0
219796.0
219797.0
219823.0
219824.0
219831.0
219844.0
219845.0
219859.0
219887.0
219888.0
219891.0
219896.0
219904.0
219909.0
219925.0
219926.0
219951.0
219955.0
219960.0
219961.0
219964.0
219965.0
219969.0
219970.0
219991.0
220020.0
220025.0
220029.0
220032.0
220060.0
220062.0
220089.0
220090.0
220091.0
220111.0
220112.0
220142.0
220149.0
220150.0
220171.0
220176.0
220206.0
220209.0
220235.0
220263.0
220264.0
220265.0
220269.0
220293.0
220324.0
220325.0
220329.0
220353.0
220354.0
220368.0
220382.0
220383.0
220389.0
220393.0
220405.0
220412.0
220427.0
220435.0
220436.0
220449.0
220464.0
220466.0
220467.0
220496.0
220497.0
220509.0
220525.0
220551.0
220569.0
220570.0
220580.0
220608.0
220609.0
220629.0
220630.0
220638.0
220669.0
220681.0
220689.0
220692.0
220722.0
220744.0
220745.0
220749.0
220774.0
220809.0
220869.0
220929.0
220930.0
220989.0
221049.0
221050.0
221109.0
221164.0
221169.0
221181.0
221210.0
221211.0
221214.0
221215.0
221219.0
221224.0
221229.0
221270.0
221271.0
221274.0
221275.0
221284.0
221285.0
221289.0
221292.0
221330.0
221331.0
221334.0
221335.0
221344.0
221345.0
221349.0
221391.0
221394.0
221395.0
221404.0
221405.0
221409.0
221450.0
221451.0
221454.0
221455.0
221464.0
221469.0
221510.0
221511.0
221514.0
221515.0
221524.0
221525.0
221529.0
221571.0
221574.0
221575.0
221584.0
221585.0
221589.0
221630.0
221631.0
221634.0
221635.0
221645.0
221649.0
221650.0
221691.0
221694.0
221695.0
221704.0
221705.0
221709.0
221718.0
221719.0
221751.0
221753.0
221754.0
221755.0
221765.0
221769.0
221810.0
221812.0
221814.0
221815.0
221824.0
221825.0
221829.0
221870.0
221871.0
221874.0
221875.0
221884.0
221885.0
221886.0
221889.0
221930.0
221931.0
221934.0
221945.0
221946.0
221949.0
221950.0
221990.0
221991.0
221992.0
221994.0
221995.0
222004.0
222009.0
222022.0
222023.0
222050.0
222051.0
222054.0
222055.0
222065.0
222069.0
222110.0
222111.0
222113.0
222114.0
222115.0
222124.0
222125.0
222129.0
222130.0
222170.0
222171.0
222173.0
222174.0
222185.0
222189.0
222191.0
222233.0
222235.0
222244.0
222250.0
222291.0
222295.0
222305.0
222309.0
222355.0
222369.0
222415.0
222425.0
222429.0
222430.0
222471.0
222489.0
222490.0
222544.0
222549.0
222609.0
222651.0
222652.0
222711.0
222724.0
222729.0
222785.0
222789.0
222831.0
222849.0
222891.0
222909.0
222951.0
222964.0
222965.0
223011.0
223024.0
223025.0
223029.0
223071.0
223084.0
223085.0
223131.0
223144.0
223190.0
223191.0
223204.0
223205.0
223250.0
223251.0
223264.0
223265.0
223311.0
223324.0
223325.0
223371.0
223384.0
223430.0
223431.0
223444.0
223491.0
223504.0
223505.0
223550.0
223551.0
223564.0
223611.0
223614.0
223624.0
223672.0
223684.0
223732.0
223733.0
223744.0
223748.0
223792.0
223793.0
223806.0
223851.0
223852.0
223866.0
223911.0
223926.0
223955.0
223956.0
223971.0
223985.0
223989.0
224005.0
224015.0
224045.0
224049.0
224052.0
224105.0
224110.0
224111.0
224112.0
224113.0
224143.0
224167.0
224169.0
224171.0
224172.0
224197.0
224216.0
224226.0
224230.0
224231.0
224246.0
224272.0
224275.0
224289.0
224290.0
224302.0
224331.0
224349.0
224350.0
224352.0
224380.0
224381.0
224406.0
224409.0
224435.0
224440.0
224466.0
224470.0
224475.0
224476.0
224494.0
224495.0
224526.0
224529.0
224555.0
224589.0
224591.0
224620.0
224632.0
224634.0
224649.0
224664.0
224680.0
224681.0
224693.0
224696.0
224709.0
224725.0
224726.0
224753.0
224755.0
224769.0
224783.0
224812.0
224829.0
