0.0
1.0
2.0
43.0
60.0
61.0
73.0
74.0
121.0
122.0
133.0
175.0
181.0
182.0
193.0
194.0
240.0
241.0
253.0
254.0
255.0
300.0
301.0
308.0
313.0
314.0
315.0
360.0
361.0
373.0
374.0
375.0
421.0
422.0
433.0
434.0
435.0
493.0
494.0
541.0
542.0
553.0
554.0
555.0
601.0
613.0
614.0
638.0
661.0
668.0
674.0
721.0
733.0
734.0
735.0
741.0
781.0
793.0
794.0
795.0
840.0
853.0
854.0
855.0
901.0
913.0
914.0
915.0
916.0
961.0
973.0
975.0
1022.0
1033.0
1034.0
1035.0
1074.0
1081.0
1093.0
1094.0
1095.0
1141.0
1153.0
1154.0
1155.0
1192.0
1201.0
1206.0
1214.0
1215.0
1261.0
1262.0
1273.0
1274.0
1275.0
1321.0
1322.0
1333.0
1334.0
1335.0
1381.0
1393.0
1394.0
1395.0
1454.0
1455.0
1502.0
1507.0
1508.0
1513.0
1514.0
1561.0
1573.0
1574.0
1575.0
1621.0
1633.0
1635.0
1665.0
1681.0
1693.0
1694.0
1695.0
1741.0
1754.0
1755.0
1756.0
1800.0
1801.0
1813.0
1814.0
1815.0
1921.0
1933.0
1934.0
1973.0
1980.0
1981.0
1993.0
2040.0
2041.0
2053.0
2100.0
2101.0
2113.0
2114.0
2161.0
2162.0
2174.0
2221.0
2233.0
2281.0
2282.0
2293.0
2341.0
2353.0
2401.0
2402.0
2413.0
2414.0
2461.0
2473.0
2484.0
2485.0
2486.0
2521.0
2533.0
2581.0
2584.0
2586.0
2593.0
2617.0
2618.0
2641.0
2701.0
2713.0
2718.0
2739.0
2740.0
2761.0
2762.0
2767.0
2768.0
2769.0
2773.0
2774.0
2775.0
2798.0
2827.0
2833.0
2834.0
2835.0
2859.0
2887.0
2893.0
2894.0
2895.0
2917.0
2918.0
2919.0
2920.0
2937.0
2949.0
2954.0
2955.0
2977.0
2980.0
3007.0
3014.0
3015.0
3019.0
3067.0
3068.0
3074.0
3075.0
3076.0
3097.0
3127.0
3128.0
3135.0
3157.0
3187.0
3194.0
3195.0
3206.0
3218.0
3248.0
3254.0
3255.0
3256.0
3275.0
3277.0
3285.0
3286.0
3287.0
3305.0
3306.0
3315.0
3317.0
3335.0
3337.0
3338.0
3339.0
3344.0
3345.0
3375.0
3393.0
3394.0
3396.0
3435.0
3458.0
3459.0
3460.0
3489.0
3495.0
3517.0
3519.0
3555.0
3556.0
3575.0
3577.0
3578.0
3615.0
3674.0
3675.0
3735.0
3795.0
3855.0
3914.0
3915.0
3975.0
4035.0
4036.0
4073.0
4075.0
4076.0
4081.0
4093.0
4094.0
4095.0
4126.0
4128.0
4133.0
4136.0
4138.0
4140.0
4153.0
4155.0
4196.0
4198.0
4201.0
4204.0
4205.0
4213.0
4214.0
4245.0
4253.0
4256.0
4260.0
4261.0
4273.0
4274.0
4275.0
4313.0
4316.0
4317.0
4318.0
4321.0
4333.0
4334.0
4335.0
4365.0
4373.0
4377.0
4381.0
4393.0
4395.0
4396.0
4397.0
4433.0
4435.0
4436.0
4438.0
4441.0
4453.0
4454.0
4455.0
4485.0
4493.0
4495.0
4496.0
4513.0
4514.0
4515.0
4516.0
4556.0
4557.0
4558.0
4561.0
4564.0
4565.0
4573.0
4574.0
4575.0
4613.0
4616.0
4618.0
4621.0
4633.0
4634.0
4635.0
4671.0
4673.0
4676.0
4678.0
4681.0
4693.0
4694.0
4695.0
4697.0
4733.0
4736.0
4738.0
4741.0
4753.0
4754.0
4755.0
4756.0
4793.0
4797.0
4798.0
4801.0
4803.0
4813.0
4814.0
4815.0
4816.0
4855.0
4856.0
4857.0
4858.0
4862.0
4863.0
4873.0
4874.0
4875.0
4913.0
4916.0
4918.0
4921.0
4922.0
4933.0
4934.0
4935.0
4973.0
4976.0
4978.0
4981.0
4994.0
4995.0
4996.0
4999.0
5023.0
5026.0
5033.0
5036.0
5037.0
5038.0
5040.0
5041.0
5042.0
5053.0
5054.0
5055.0
5056.0
5093.0
5096.0
5098.0
5101.0
5102.0
5103.0
5104.0
5113.0
5114.0
5115.0
5116.0
5153.0
5157.0
5162.0
5163.0
5173.0
5174.0
5175.0
5213.0
5218.0
5221.0
5223.0
5225.0
5234.0
5235.0
5236.0
5273.0
5280.0
5281.0
5293.0
5294.0
5295.0
5296.0
5341.0
5354.0
5355.0
5356.0
5364.0
5365.0
5401.0
5402.0
5414.0
5415.0
5416.0
5461.0
5473.0
5474.0
5475.0
5521.0
5533.0
5535.0
5536.0
5569.0
5581.0
5593.0
5594.0
5595.0
5599.0
5600.0
5641.0
5642.0
5653.0
5654.0
5659.0
5665.0
5666.0
5705.0
5706.0
5707.0
5713.0
5714.0
5773.0
5774.0
5775.0
5776.0
5778.0
5780.0
5834.0
5835.0
5838.0
5881.0
5894.0
5895.0
5910.0
5912.0
5913.0
5941.0
5942.0
5953.0
6001.0
6013.0
6015.0
6061.0
6073.0
6074.0
6075.0
6082.0
6083.0
6084.0
6118.0
6119.0
6121.0
6129.0
6133.0
6134.0
6181.0
6193.0
6216.0
6217.0
6241.0
6250.0
6251.0
6253.0
6261.0
6262.0
6313.0
6332.0
6333.0
6373.0
6439.0
6465.0
6473.0
6540.0
6605.0
6607.0
6781.0
6793.0
6817.0
6818.0
6841.0
6843.0
6845.0
6877.0
6878.0
6895.0
6901.0
6905.0
6907.0
6908.0
6913.0
6938.0
6939.0
6953.0
6969.0
6973.0
6975.0
6977.0
6992.0
6993.0
6997.0
7007.0
7008.0
7033.0
7060.0
7063.0
7091.0
7094.0
7096.0
7097.0
7116.0
7126.0
7134.0
7175.0
7178.0
7193.0
7214.0
7236.0
7238.0
7244.0
7260.0
7274.0
7275.0
7277.0
7296.0
7299.0
7302.0
7303.0
7315.0
7318.0
7334.0
7335.0
7354.0
7355.0
7394.0
7395.0
7396.0
7413.0
7419.0
7420.0
7437.0
7438.0
7439.0
7444.0
7454.0
7455.0
7456.0
7457.0
7458.0
7459.0
7466.0
7469.0
7474.0
7475.0
7477.0
7483.0
7484.0
7504.0
7514.0
7515.0
7527.0
7532.0
7533.0
7536.0
7538.0
7596.0
7631.0
7632.0
7634.0
7638.0
7639.0
7640.0
7662.0
7694.0
7695.0
7734.0
7754.0
7755.0
7756.0
7814.0
7815.0
7832.0
7874.0
7875.0
7876.0
7934.0
7935.0
8001.0
8003.0
8054.0
8055.0
8114.0
8115.0
8157.0
8161.0
8173.0
8174.0
8175.0
8212.0
8215.0
8216.0
8233.0
8234.0
8235.0
8266.0
8267.0
8273.0
8276.0
8277.0
8278.0
8281.0
8293.0
8294.0
8295.0
8332.0
8335.0
8341.0
8342.0
8343.0
8347.0
8353.0
8354.0
8355.0
8401.0
8413.0
8414.0
8415.0
8416.0
8456.0
8457.0
8458.0
8461.0
8473.0
8474.0
8475.0
8512.0
8516.0
8521.0
8533.0
8534.0
8535.0
8572.0
8576.0
8577.0
8581.0
8593.0
8594.0
8595.0
8621.0
8622.0
8633.0
8635.0
8636.0
8637.0
8641.0
8642.0
8653.0
8655.0
8695.0
8696.0
8697.0
8700.0
8701.0
8713.0
8714.0
8715.0
8716.0
8756.0
8757.0
8761.0
8773.0
8775.0
8776.0
8816.0
8817.0
8818.0
8821.0
8822.0
8833.0
8834.0
8835.0
8872.0
8876.0
8881.0
8893.0
8894.0
8895.0
8896.0
8932.0
8935.0
8936.0
8937.0
8941.0
8953.0
8954.0
8955.0
8993.0
8996.0
8997.0
9001.0
9013.0
9014.0
9015.0
9018.0
9052.0
9055.0
9056.0
9057.0
9061.0
9073.0
9074.0
9075.0
9076.0
9112.0
9115.0
9116.0
9117.0
9121.0
9133.0
9134.0
9135.0
9164.0
9165.0
9172.0
9176.0
9177.0
9181.0
9193.0
9194.0
9195.0
9236.0
9237.0
9241.0
9253.0
9254.0
9255.0
9292.0
9298.0
9301.0
9302.0
9313.0
9314.0
9315.0
9320.0
9356.0
9361.0
9373.0
9374.0
9375.0
9421.0
9433.0
9434.0
9435.0
9481.0
9493.0
9494.0
9495.0
9541.0
9553.0
9554.0
9555.0
9599.0
9601.0
9613.0
9614.0
9615.0
9616.0
9629.0
9659.0
9661.0
9673.0
9674.0
9675.0
9682.0
9683.0
9684.0
9721.0
9733.0
9734.0
9735.0
9736.0
9781.0
9793.0
9794.0
9795.0
9815.0
9816.0
9841.0
9853.0
9854.0
9855.0
9901.0
9902.0
9913.0
9914.0
9915.0
9961.0
9974.0
9975.0
10021.0
10033.0
10034.0
10064.0
10081.0
10082.0
10093.0
10094.0
10141.0
10153.0
10154.0
10197.0
10201.0
10213.0
10214.0
10261.0
10273.0
10274.0
10321.0
10333.0
10334.0
10381.0
10393.0
10441.0
10453.0
10501.0
10502.0
10513.0
10514.0
10561.0
10562.0
10573.0
10621.0
10633.0
10634.0
10681.0
10693.0
10694.0
10741.0
10753.0
10754.0
10801.0
10813.0
10814.0
10837.0
10861.0
10862.0
10868.0
10873.0
10874.0
10898.0
10899.0
10921.0
10933.0
10934.0
10957.0
10958.0
10964.0
10981.0
10988.0
10993.0
10994.0
10995.0
11017.0
11018.0
11019.0
11020.0
11022.0
11023.0
11039.0
11040.0
11047.0
11048.0
11053.0
11054.0
11055.0
11077.0
11078.0
11079.0
11084.0
11096.0
11109.0
11113.0
11114.0
11115.0
11137.0
11138.0
11139.0
11174.0
11175.0
11197.0
11198.0
11202.0
11234.0
11235.0
11236.0
11258.0
11289.0
11291.0
11294.0
11295.0
11315.0
11316.0
11317.0
11349.0
11354.0
11355.0
11364.0
11373.0
11374.0
11375.0
11379.0
11394.0
11397.0
11405.0
11414.0
11415.0
11432.0
11437.0
11438.0
11439.0
11440.0
11467.0
11468.0
11470.0
11474.0
11475.0
11497.0
11498.0
11500.0
11528.0
11530.0
11534.0
11535.0
11556.0
11557.0
11587.0
11588.0
11595.0
11596.0
11616.0
11617.0
11618.0
11647.0
11654.0
11655.0
11676.0
11677.0
11678.0
11679.0
11715.0
11716.0
11737.0
11738.0
11739.0
11767.0
11768.0
11769.0
11770.0
11774.0
11775.0
11776.0
11797.0
11828.0
11832.0
11834.0
11835.0
11836.0
11856.0
11894.0
11896.0
11911.0
11913.0
11917.0
11922.0
11926.0
11928.0
11941.0
11942.0
11945.0
11946.0
11948.0
11950.0
11954.0
11955.0
11956.0
11972.0
11973.0
11974.0
11978.0
11981.0
11985.0
11986.0
11988.0
12014.0
12015.0
12016.0
12030.0
12036.0
12045.0
12074.0
12075.0
12098.0
12102.0
12103.0
12104.0
12134.0
12135.0
12194.0
12195.0
12233.0
12238.0
12239.0
12241.0
12242.0
12243.0
12244.0
12245.0
12246.0
12254.0
12255.0
12262.0
12271.0
12278.0
12283.0
12292.0
12295.0
12296.0
12297.0
12301.0
12313.0
12314.0
12315.0
12316.0
12352.0
12355.0
12356.0
12357.0
12361.0
12373.0
12374.0
12375.0
12405.0
12413.0
12416.0
12418.0
12421.0
12433.0
12434.0
12435.0
12473.0
12476.0
12478.0
12481.0
12482.0
12493.0
12494.0
12495.0
12527.0
12528.0
12533.0
12535.0
12536.0
12538.0
12541.0
12553.0
12554.0
12555.0
12556.0
12593.0
12597.0
12598.0
12601.0
12613.0
12614.0
12615.0
12655.0
12656.0
12658.0
12659.0
12661.0
12667.0
12668.0
12673.0
12675.0
12713.0
12716.0
12717.0
12718.0
12721.0
12731.0
12732.0
12733.0
12734.0
12735.0
12736.0
12737.0
12738.0
12742.0
12743.0
12746.0
12748.0
12755.0
12757.0
12758.0
12759.0
12761.0
12763.0
12766.0
12767.0
12768.0
12771.0
12773.0
12776.0
12777.0
12778.0
12781.0
12791.0
12793.0
12794.0
12795.0
12796.0
12798.0
12802.0
12803.0
12806.0
12808.0
12809.0
12811.0
12813.0
12833.0
12836.0
12838.0
12841.0
12842.0
12851.0
12853.0
12854.0
12855.0
12858.0
12893.0
12894.0
12896.0
12898.0
12901.0
12913.0
12914.0
12915.0
12916.0
12921.0
12922.0
12923.0
12953.0
12956.0
12958.0
12961.0
12962.0
12968.0
12969.0
12973.0
12974.0
12975.0
13013.0
13016.0
13018.0
13021.0
13023.0
13033.0
13034.0
13035.0
13037.0
13051.0
13053.0
13056.0
13057.0
13058.0
13061.0
13063.0
13065.0
13066.0
13067.0
13068.0
13073.0
13077.0
13078.0
13081.0
13093.0
13094.0
13095.0
13096.0
13097.0
13098.0
13117.0
13118.0
13136.0
13137.0
13138.0
13141.0
13153.0
13154.0
13155.0
13156.0
13193.0
13195.0
13196.0
13198.0
13201.0
13202.0
13213.0
13214.0
13215.0
13253.0
13256.0
13261.0
13273.0
13274.0
13275.0
13276.0
13283.0
13313.0
13316.0
13317.0
13318.0
13321.0
13322.0
13333.0
13334.0
13335.0
13365.0
13373.0
13376.0
13378.0
13381.0
13393.0
13394.0
13395.0
13414.0
13415.0
13416.0
13433.0
13438.0
13441.0
13442.0
13453.0
13454.0
13455.0
13457.0
13493.0
13498.0
13501.0
13502.0
13513.0
13514.0
13515.0
13545.0
13561.0
13562.0
13573.0
13574.0
13575.0
13621.0
13633.0
13634.0
13635.0
13636.0
13660.0
13661.0
13681.0
13682.0
13693.0
13694.0
13695.0
13696.0
13716.0
13717.0
13725.0
13741.0
13742.0
13753.0
13754.0
13755.0
13793.0
13801.0
13813.0
13814.0
13815.0
13861.0
13862.0
13874.0
13875.0
13905.0
13921.0
13922.0
13933.0
13934.0
13935.0
13965.0
13981.0
13994.0
13995.0
14025.0
14041.0
14042.0
14043.0
14053.0
14054.0
14055.0
14085.0
14094.0
14101.0
14113.0
14114.0
14115.0
14161.0
14162.0
14163.0
14174.0
14175.0
14221.0
14222.0
14233.0
14234.0
14283.0
14293.0
14294.0
14295.0
14341.0
14353.0
14354.0
14401.0
14402.0
14413.0
14415.0
14417.0
14422.0
14461.0
14474.0
14521.0
14522.0
14534.0
14535.0
14559.0
14560.0
14581.0
14593.0
14594.0
14641.0
14642.0
14654.0
14692.0
14701.0
14714.0
14761.0
14773.0
14774.0
14821.0
14823.0
14834.0
14881.0
14893.0
14894.0
14941.0
14954.0
14955.0
14979.0
15001.0
15005.0
15013.0
15014.0
15025.0
15055.0
15061.0
15073.0
15074.0
15075.0
15076.0
15095.0
15114.0
15127.0
15128.0
15134.0
15135.0
15157.0
15159.0
15188.0
15194.0
15195.0
15216.0
15217.0
15218.0
15219.0
15255.0
15256.0
15257.0
15277.0
15278.0
15279.0
15307.0
15309.0
15315.0
15336.0
15337.0
15338.0
15339.0
15340.0
15341.0
15345.0
15371.0
15375.0
15398.0
15399.0
15427.0
15430.0
15435.0
15457.0
15487.0
15492.0
15495.0
15516.0
15517.0
15518.0
15519.0
15547.0
15548.0
15577.0
15580.0
15581.0
15615.0
15616.0
15628.0
15630.0
15637.0
15638.0
15644.0
15646.0
15649.0
15669.0
15675.0
15701.0
15704.0
15731.0
15735.0
15743.0
15757.0
15785.0
15787.0
15832.0
15846.0
15848.0
15855.0
15857.0
15876.0
15878.0
15892.0
15908.0
15916.0
15937.0
15952.0
15975.0
16095.0
16155.0
16156.0
16216.0
16217.0
16275.0
16276.0
16335.0
16357.0
16381.0
16382.0
16393.0
16394.0
16395.0
16396.0
16397.0
16436.0
16437.0
16441.0
16454.0
16455.0
16456.0
16490.0
16502.0
16514.0
16515.0
16516.0
16552.0
16556.0
16561.0
16562.0
16573.0
16574.0
16575.0
16576.0
16622.0
16634.0
16635.0
16636.0
16676.0
16677.0
16681.0
16694.0
16695.0
16696.0
16711.0
16714.0
16742.0
16743.0
16754.0
16755.0
16756.0
16791.0
16792.0
16802.0
16803.0
16814.0
16815.0
16861.0
16862.0
16874.0
16875.0
16876.0
16877.0
16882.0
16912.0
16917.0
16921.0
16922.0
16934.0
16935.0
16936.0
16976.0
16977.0
16981.0
16994.0
16995.0
16996.0
17015.0
17016.0
17036.0
17037.0
17041.0
17042.0
17054.0
17055.0
17056.0
17095.0
17096.0
17097.0
17101.0
17102.0
17114.0
17115.0
17116.0
17156.0
17157.0
17161.0
17162.0
17173.0
17174.0
17176.0
17216.0
17217.0
17221.0
17233.0
17234.0
17235.0
17257.0
17276.0
17277.0
17281.0
17294.0
17295.0
17316.0
17317.0
17336.0
17337.0
17341.0
17353.0
17354.0
17355.0
17356.0
17389.0
17396.0
17397.0
17401.0
17402.0
17413.0
17414.0
17415.0
17457.0
17461.0
17462.0
17473.0
17475.0
17476.0
17517.0
17521.0
17523.0
17534.0
17535.0
17536.0
17577.0
17581.0
17583.0
17586.0
17593.0
17594.0
17595.0
17596.0
17641.0
17642.0
17653.0
17654.0
17655.0
17656.0
17690.0
17691.0
17701.0
17702.0
17713.0
17714.0
17715.0
17761.0
17773.0
17774.0
17775.0
17821.0
17834.0
17835.0
17881.0
17893.0
17894.0
17895.0
17896.0
17941.0
17942.0
17953.0
17954.0
17955.0
17956.0
17957.0
18001.0
18002.0
18004.0
18005.0
18013.0
18015.0
18016.0
18017.0
18019.0
18061.0
18062.0
18074.0
18075.0
18121.0
18122.0
18123.0
18133.0
18134.0
18135.0
18136.0
18155.0
18181.0
18182.0
18193.0
18194.0
18195.0
18225.0
18241.0
18254.0
18255.0
18288.0
18301.0
18313.0
18314.0
18315.0
18363.0
18364.0
18373.0
18421.0
18433.0
18434.0
18481.0
18482.0
18495.0
18541.0
18553.0
18601.0
18602.0
18614.0
18661.0
18662.0
18673.0
18674.0
18721.0
18733.0
18734.0
18781.0
18782.0
18793.0
18794.0
18841.0
18853.0
18854.0
18901.0
18913.0
18914.0
18961.0
18972.0
18973.0
18974.0
18975.0
18979.0
18980.0
18981.0
18982.0
18983.0
19081.0
19110.0
19112.0
19113.0
19114.0
19116.0
19117.0
19141.0
19142.0
19147.0
19153.0
19155.0
19176.0
19178.0
19179.0
19186.0
19187.0
19209.0
19213.0
19214.0
19215.0
19216.0
19237.0
19238.0
19239.0
19242.0
19272.0
19273.0
19274.0
19275.0
19276.0
19298.0
19299.0
19303.0
19335.0
19358.0
19359.0
19362.0
19363.0
19365.0
19367.0
19395.0
19406.0
19409.0
19411.0
19414.0
19415.0
19416.0
19417.0
19419.0
19420.0
19421.0
19422.0
19424.0
19425.0
19453.0
19463.0
19477.0
19478.0
19479.0
19485.0
19488.0
19492.0
19493.0
19512.0
19515.0
19516.0
19535.0
19536.0
19537.0
19538.0
19552.0
19567.0
19568.0
19575.0
19597.0
19598.0
19599.0
19628.0
19636.0
19637.0
19657.0
19658.0
19661.0
19662.0
19695.0
19712.0
19717.0
19718.0
19719.0
19721.0
19751.0
19755.0
19778.0
19779.0
19781.0
19815.0
19837.0
19838.0
19839.0
19869.0
19875.0
19897.0
19898.0
19901.0
19931.0
19935.0
19936.0
19957.0
19958.0
19965.0
19966.0
19967.0
19995.0
20024.0
20025.0
20055.0
20056.0
20115.0
20116.0
20175.0
20235.0
20295.0
20296.0
20355.0
20356.0
20387.0
20415.0
20456.0
20457.0
20461.0
20473.0
20474.0
20475.0
20476.0
20482.0
20483.0
20485.0
20516.0
20517.0
20521.0
20534.0
20535.0
20536.0
20575.0
20576.0
20577.0
20581.0
20594.0
20595.0
20596.0
20615.0
20617.0
20636.0
20637.0
20641.0
20654.0
20655.0
20656.0
20694.0
20695.0
20696.0
20697.0
20701.0
20713.0
20715.0
20716.0
20755.0
20757.0
20761.0
20762.0
20774.0
20775.0
20776.0
20816.0
20817.0
20821.0
20822.0
20833.0
20834.0
20835.0
20836.0
20852.0
20875.0
20876.0
20877.0
20894.0
20895.0
20916.0
20917.0
20919.0
20936.0
20937.0
20941.0
20953.0
20955.0
20956.0
20985.0
20995.0
20997.0
21001.0
21014.0
21015.0
21016.0
21055.0
21057.0
21061.0
21073.0
21074.0
21075.0
21116.0
21118.0
21121.0
21134.0
21136.0
21176.0
21178.0
21181.0
21194.0
21195.0
21196.0
21206.0
21208.0
21236.0
21238.0
21242.0
21254.0
21255.0
21256.0
21286.0
21296.0
21298.0
21301.0
21313.0
21314.0
21315.0
21316.0
21355.0
21356.0
21357.0
21358.0
21361.0
21374.0
21375.0
21376.0
21416.0
21418.0
21421.0
21434.0
21435.0
21436.0
21475.0
21476.0
21478.0
21481.0
21482.0
21494.0
21495.0
21496.0
21541.0
21544.0
21554.0
21555.0
21556.0
21598.0
21601.0
21614.0
21615.0
21616.0
21658.0
21662.0
21674.0
21676.0
21721.0
21722.0
21723.0
21734.0
21735.0
21736.0
21751.0
21781.0
21794.0
21795.0
21796.0
21841.0
21854.0
21855.0
21856.0
21884.0
21901.0
21913.0
21915.0
21916.0
21917.0
21961.0
21973.0
21974.0
21975.0
21976.0
21977.0
21978.0
22021.0
22022.0
22034.0
22035.0
22036.0
22081.0
22094.0
22095.0
22096.0
22141.0
22155.0
22156.0
22157.0
22185.0
22201.0
22214.0
22215.0
22216.0
22261.0
22274.0
22275.0
22276.0
22306.0
22322.0
22333.0
22334.0
22381.0
22393.0
22394.0
22441.0
22442.0
22453.0
22454.0
22502.0
22513.0
22514.0
22515.0
22561.0
22562.0
22622.0
22623.0
22634.0
22650.0
22681.0
22694.0
22741.0
22742.0
22754.0
22755.0
22783.0
22801.0
22814.0
22861.0
22862.0
22863.0
22873.0
22874.0
22921.0
22922.0
22933.0
22934.0
22981.0
22994.0
23041.0
23053.0
23054.0
23055.0
23101.0
23102.0
23113.0
23114.0
23161.0
23173.0
23174.0
23175.0
23186.0
23199.0
23200.0
23221.0
23222.0
23228.0
23234.0
23235.0
23281.0
23287.0
23293.0
23294.0
23295.0
23296.0
23305.0
23319.0
23348.0
23349.0
23355.0
23356.0
23408.0
23414.0
23415.0
23416.0
23425.0
23472.0
23473.0
23475.0
23476.0
23477.0
23499.0
23527.0
23528.0
23535.0
23536.0
23554.0
23555.0
23584.0
23595.0
23596.0
23620.0
23646.0
23648.0
23650.0
23651.0
23655.0
23656.0
23666.0
23679.0
23696.0
23708.0
23709.0
23715.0
23716.0
23724.0
23737.0
23738.0
23739.0
23767.0
23769.0
23775.0
23776.0
23827.0
23835.0
23836.0
23857.0
23859.0
23887.0
23889.0
23896.0
23916.0
23947.0
23948.0
23955.0
23956.0
23977.0
23978.0
23983.0
24007.0
24008.0
24015.0
24029.0
24039.0
24042.0
24069.0
24075.0
24076.0
24099.0
24101.0
24117.0
24135.0
24136.0
24147.0
24195.0
24196.0
24255.0
24256.0
24315.0
24316.0
24317.0
24375.0
24376.0
24435.0
24436.0
24496.0
24501.0
24516.0
24517.0
24535.0
24541.0
24553.0
24554.0
24555.0
24556.0
24581.0
24596.0
24597.0
24602.0
24614.0
24615.0
24616.0
24656.0
24657.0
24661.0
24662.0
24673.0
24674.0
24675.0
24676.0
24716.0
24717.0
24721.0
24734.0
24736.0
24776.0
24777.0
24781.0
24782.0
24794.0
24796.0
24801.0
24836.0
24837.0
24841.0
24854.0
24855.0
24856.0
24882.0
24883.0
24895.0
24896.0
24897.0
24901.0
24902.0
24914.0
24915.0
24916.0
24956.0
24957.0
24962.0
24973.0
24974.0
24975.0
24976.0
25016.0
25017.0
25021.0
25034.0
25035.0
25036.0
25076.0
25077.0
25081.0
25094.0
25095.0
25096.0
25135.0
25136.0
25137.0
25154.0
25156.0
25196.0
25197.0
25201.0
25214.0
25215.0
25216.0
25256.0
25257.0
25261.0
25262.0
25274.0
25275.0
25314.0
25315.0
25316.0
25317.0
25319.0
25321.0
25322.0
25334.0
25335.0
25336.0
25337.0
25347.0
25376.0
25377.0
25381.0
25395.0
25396.0
25436.0
25437.0
25454.0
25455.0
25456.0
25480.0
25496.0
25497.0
25502.0
25503.0
25513.0
25514.0
25516.0
25556.0
25557.0
25562.0
25574.0
25575.0
25617.0
25622.0
25635.0
25636.0
25666.0
25677.0
25694.0
25695.0
25696.0
25703.0
25741.0
25754.0
25756.0
25781.0
25801.0
25802.0
25814.0
25815.0
25816.0
25861.0
25862.0
25874.0
25876.0
25921.0
25934.0
25936.0
25937.0
25981.0
25993.0
25994.0
25995.0
25996.0
26041.0
26054.0
26055.0
26056.0
26057.0
26101.0
26102.0
26113.0
26114.0
26115.0
26116.0
26161.0
26162.0
26174.0
26175.0
26176.0
26221.0
26234.0
26235.0
26236.0
26281.0
26293.0
26294.0
26295.0
26296.0
26341.0
26342.0
26353.0
26354.0
26355.0
26356.0
26357.0
26379.0
26399.0
26401.0
26402.0
26403.0
26405.0
26406.0
26414.0
26415.0
26416.0
26462.0
26474.0
26513.0
26522.0
26523.0
26531.0
26533.0
26534.0
26539.0
26541.0
26546.0
26581.0
26582.0
26593.0
26594.0
26595.0
26642.0
26653.0
26654.0
26655.0
26701.0
26713.0
26761.0
26774.0
26821.0
26833.0
26834.0
26881.0
26894.0
26941.0
26942.0
26954.0
27001.0
27002.0
27014.0
27015.0
27061.0
27062.0
27073.0
27074.0
27122.0
27134.0
27145.0
27146.0
27182.0
27241.0
27254.0
27255.0
27278.0
27301.0
27303.0
27314.0
27337.0
27361.0
27373.0
27374.0
27375.0
27376.0
27395.0
27398.0
27399.0
27433.0
27434.0
27435.0
27436.0
27457.0
27458.0
27459.0
27487.0
27494.0
27495.0
27496.0
27516.0
27517.0
27518.0
27543.0
27555.0
27556.0
27574.0
27576.0
27578.0
27579.0
27596.0
27616.0
27655.0
27666.0
27670.0
27675.0
27676.0
27685.0
27696.0
27698.0
27699.0
27704.0
27708.0
27714.0
27722.0
27724.0
27728.0
27729.0
27735.0
27736.0
27737.0
27755.0
27756.0
27757.0
27758.0
27760.0
27761.0
27762.0
27765.0
27786.0
27795.0
27796.0
27799.0
27801.0
27813.0
27817.0
27818.0
27849.0
27855.0
27856.0
27875.0
27876.0
27879.0
27915.0
27917.0
27936.0
27937.0
27967.0
27975.0
27976.0
27996.0
27998.0
28000.0
28035.0
28036.0
28056.0
28057.0
28087.0
28095.0
28096.0
28116.0
28117.0
28118.0
28148.0
28155.0
28176.0
28179.0
28215.0
28216.0
28238.0
28275.0
28276.0
28335.0
28336.0
28395.0
28396.0
28455.0
28456.0
28478.0
28479.0
28515.0
28516.0
28575.0
28576.0
28676.0
28677.0
28681.0
28693.0
28696.0
28697.0
28736.0
28737.0
28754.0
28755.0
28796.0
28797.0
28801.0
28802.0
28815.0
28856.0
28857.0
28861.0
28916.0
28917.0
28921.0
28922.0
28934.0
28935.0
28936.0
28937.0
28943.0
28976.0
28977.0
28981.0
28994.0
29036.0
29037.0
29041.0
29054.0
29055.0
29076.0
29096.0
29097.0
29101.0
29102.0
29113.0
29114.0
29155.0
29156.0
29157.0
29161.0
29162.0
29173.0
29174.0
29216.0
29217.0
29221.0
29234.0
29235.0
29236.0
29276.0
29277.0
29281.0
29282.0
29294.0
29295.0
29296.0
29297.0
29301.0
29337.0
29341.0
29353.0
29354.0
29355.0
29356.0
29377.0
29396.0
29397.0
29401.0
29413.0
29414.0
29415.0
29461.0
29473.0
29474.0
29475.0
29516.0
29517.0
29521.0
29522.0
29534.0
29535.0
29536.0
29576.0
29581.0
29582.0
29593.0
29594.0
29595.0
29596.0
29637.0
29642.0
29653.0
29654.0
29655.0
29714.0
29715.0
29716.0
29757.0
29760.0
29761.0
29774.0
29775.0
29776.0
29835.0
29893.0
29894.0
29895.0
29896.0
29941.0
29955.0
29956.0
29974.0
29975.0
30015.0
30016.0
30075.0
30076.0
30121.0
30194.0
30195.0
30241.0
30255.0
30276.0
30301.0
30302.0
30361.0
30373.0
30374.0
30375.0
30421.0
30434.0
30481.0
30494.0
30541.0
30542.0
30553.0
30554.0
30601.0
30602.0
30613.0
30614.0
30674.0
30724.0
30725.0
30734.0
30741.0
30781.0
30857.0
30873.0
30874.0
30901.0
30913.0
31034.0
31141.0
31154.0
31261.0
31263.0
31282.0
31283.0
31321.0
31322.0
31381.0
31382.0
31383.0
31391.0
31394.0
31415.0
31421.0
31441.0
31442.0
31454.0
31455.0
31514.0
31515.0
31574.0
31575.0
31598.0
31628.0
31657.0
31659.0
31661.0
31695.0
31696.0
31715.0
31716.0
31717.0
31718.0
31720.0
31748.0
31755.0
31756.0
31757.0
31777.0
31779.0
31781.0
31815.0
31816.0
31837.0
31838.0
31868.0
31875.0
31876.0
31897.0
31901.0
31902.0
31935.0
31936.0
31937.0
31960.0
31993.0
31995.0
31996.0
32023.0
32024.0
32038.0
32054.0
32056.0
32068.0
32074.0
32075.0
32080.0
32097.0
32115.0
32116.0
32134.0
32175.0
32176.0
32191.0
32235.0
32236.0
32295.0
32299.0
32300.0
32355.0
32415.0
32416.0
32475.0
32476.0
32535.0
32536.0
32595.0
32596.0
32655.0
32656.0
32715.0
32716.0
32744.0
32756.0
32757.0
32761.0
32774.0
32775.0
32776.0
32816.0
32817.0
32818.0
32821.0
32822.0
32834.0
32835.0
32837.0
32876.0
32877.0
32878.0
32882.0
32892.0
32894.0
32895.0
32896.0
32936.0
32937.0
32942.0
32954.0
32955.0
32973.0
32996.0
32997.0
33001.0
33002.0
33003.0
33014.0
33015.0
33016.0
33056.0
33057.0
33062.0
33074.0
33076.0
33117.0
33121.0
33122.0
33134.0
33135.0
33176.0
33177.0
33182.0
33194.0
33195.0
33196.0
33236.0
33237.0
33241.0
33242.0
33254.0
33255.0
33256.0
33296.0
33297.0
33301.0
33314.0
33316.0
33356.0
33357.0
33361.0
33374.0
33375.0
33376.0
33377.0
33416.0
33417.0
33421.0
33434.0
33436.0
33437.0
33439.0
33476.0
33477.0
33481.0
33482.0
33494.0
33496.0
33536.0
33537.0
33541.0
33542.0
33554.0
33555.0
33556.0
33570.0
33571.0
33596.0
33598.0
33601.0
33602.0
33614.0
33615.0
33616.0
33655.0
33656.0
33657.0
33662.0
33663.0
33674.0
33676.0
33716.0
33717.0
33722.0
33734.0
33735.0
33776.0
33777.0
33781.0
33782.0
33792.0
33796.0
33836.0
33837.0
33841.0
33842.0
33854.0
33856.0
33872.0
33873.0
33897.0
33901.0
33916.0
33957.0
33962.0
33975.0
33976.0
34022.0
34034.0
34035.0
34036.0
34082.0
34096.0
34097.0
34141.0
34142.0
34154.0
34156.0
34202.0
34214.0
34215.0
34216.0
34261.0
34262.0
34274.0
34276.0
34277.0
34334.0
34335.0
34337.0
34381.0
34382.0
34394.0
34396.0
34441.0
34442.0
34454.0
34456.0
34470.0
34501.0
34502.0
34514.0
34516.0
34561.0
34562.0
34563.0
34574.0
34576.0
34622.0
34634.0
34635.0
34681.0
34682.0
34694.0
34742.0
34754.0
34755.0
34801.0
34802.0
34814.0
34815.0
34862.0
34863.0
34874.0
34881.0
34882.0
34883.0
34922.0
34935.0
34982.0
34994.0
34995.0
35014.0
35015.0
35016.0
35041.0
35054.0
35055.0
35102.0
35114.0
35161.0
35162.0
35174.0
35222.0
35234.0
35235.0
35236.0
35281.0
35282.0
35294.0
35295.0
35341.0
35342.0
35354.0
35368.0
35414.0
35462.0
35474.0
35528.0
35536.0
35558.0
35594.0
35596.0
35616.0
35617.0
35643.0
35651.0
35654.0
35655.0
35656.0
35658.0
35659.0
35660.0
35670.0
35679.0
35700.0
35712.0
35715.0
35716.0
35717.0
35718.0
35739.0
35772.0
35775.0
35776.0
35801.0
35819.0
35830.0
35831.0
35832.0
35833.0
35837.0
35842.0
35861.0
35862.0
35863.0
35896.0
35933.0
35955.0
35956.0
35957.0
35958.0
35986.0
35988.0
36011.0
36017.0
36018.0
36069.0
36071.0
36076.0
36101.0
36127.0
36131.0
36164.0
36165.0
36166.0
36183.0
36184.0
36190.0
36191.0
36195.0
36219.0
36220.0
36253.0
36254.0
36255.0
36278.0
36285.0
36315.0
36316.0
36320.0
36321.0
36322.0
36323.0
36436.0
36496.0
36556.0
36569.0
36615.0
36616.0
36676.0
36735.0
36736.0
36796.0
36841.0
36854.0
36856.0
36896.0
36897.0
36901.0
36902.0
36914.0
36916.0
36962.0
36974.0
36976.0
37016.0
37017.0
37022.0
37034.0
37035.0
37036.0
37037.0
37082.0
37094.0
37096.0
37156.0
37157.0
37167.0
37202.0
37214.0
37215.0
37216.0
37217.0
37256.0
37257.0
37262.0
37274.0
37276.0
37277.0
37316.0
37317.0
37321.0
37334.0
37335.0
37336.0
37376.0
37377.0
37382.0
37387.0
37391.0
37392.0
37394.0
37396.0
37436.0
37437.0
37442.0
37454.0
37456.0
37468.0
37469.0
37495.0
37496.0
37497.0
37502.0
37514.0
37516.0
37556.0
37557.0
37562.0
37574.0
37576.0
37577.0
37616.0
37617.0
37621.0
37622.0
37634.0
37636.0
37637.0
37676.0
37677.0
37682.0
37694.0
37696.0
37736.0
37737.0
37741.0
37742.0
37754.0
37755.0
37756.0
37757.0
37796.0
37797.0
37802.0
37814.0
37816.0
37856.0
37857.0
37862.0
37874.0
37876.0
37916.0
37917.0
37922.0
37934.0
37935.0
37936.0
37976.0
37981.0
37982.0
37994.0
37996.0
38042.0
38054.0
38056.0
38057.0
38066.0
38102.0
38114.0
38116.0
38117.0
38162.0
38174.0
38176.0
38177.0
38222.0
38235.0
38236.0
38237.0
38281.0
38282.0
38283.0
38294.0
38296.0
38342.0
38354.0
38356.0
38367.0
38402.0
38403.0
38415.0
38416.0
38417.0
38462.0
38476.0
38477.0
38482.0
38483.0
38484.0
38522.0
38534.0
38536.0
38537.0
38582.0
38595.0
38596.0
38597.0
38614.0
38615.0
38616.0
38641.0
38642.0
38654.0
38656.0
38702.0
38714.0
38716.0
38717.0
38761.0
38762.0
38774.0
38822.0
38832.0
38834.0
38882.0
38894.0
38895.0
38941.0
38943.0
38954.0
38964.0
39002.0
39061.0
39062.0
39075.0
39076.0
39121.0
39134.0
39181.0
39182.0
39183.0
39194.0
39195.0
39242.0
39254.0
39255.0
39301.0
39314.0
39361.0
39362.0
39374.0
39421.0
39422.0
39434.0
39481.0
39482.0
39494.0
39541.0
39542.0
39554.0
39601.0
39602.0
39614.0
39665.0
39674.0
39675.0
39676.0
39694.0
39720.0
39721.0
39722.0
39723.0
39734.0
39736.0
39750.0
39752.0
39776.0
39780.0
39781.0
39782.0
39790.0
39796.0
39798.0
39799.0
39803.0
39804.0
39809.0
39851.0
39856.0
39869.0
39884.0
39898.0
39910.0
39916.0
39941.0
39969.0
39970.0
39976.0
39977.0
39978.0
40000.0
40029.0
40036.0
40060.0
40088.0
40098.0
40099.0
40117.0
40140.0
40154.0
40156.0
40157.0
40158.0
40160.0
40165.0
40196.0
40198.0
40199.0
40201.0
40216.0
40260.0
40261.0
40274.0
40276.0
40329.0
40330.0
40332.0
40361.0
40388.0
40389.0
40390.0
40391.0
40396.0
40450.0
40453.0
40510.0
40516.0
40636.0
40696.0
40756.0
40816.0
40876.0
40934.0
40936.0
40976.0
40978.0
40981.0
40986.0
40988.0
40994.0
40995.0
40996.0
41036.0
41041.0
41054.0
41056.0
41064.0
41096.0
41101.0
41102.0
41114.0
41116.0
41117.0
41161.0
41162.0
41174.0
41176.0
41177.0
41216.0
41221.0
41234.0
41236.0
41281.0
41282.0
41294.0
41296.0
41336.0
41341.0
41342.0
41354.0
41356.0
41401.0
41414.0
41416.0
41456.0
41461.0
41462.0
41474.0
41475.0
41476.0
41516.0
41517.0
41518.0
41521.0
41529.0
41534.0
41536.0
41575.0
41576.0
41577.0
41581.0
41594.0
41596.0
41636.0
41638.0
41641.0
41654.0
41656.0
41661.0
41696.0
41698.0
41701.0
41714.0
41716.0
41756.0
41757.0
41761.0
41762.0
41774.0
41776.0
41816.0
41817.0
41821.0
41834.0
41836.0
41876.0
41878.0
41881.0
41882.0
41886.0
41894.0
41896.0
41936.0
41937.0
41938.0
41941.0
41954.0
41955.0
41956.0
41963.0
41996.0
41997.0
42001.0
42014.0
42016.0
42023.0
42057.0
42061.0
42062.0
42074.0
42076.0
42082.0
42083.0
42117.0
42118.0
42121.0
42122.0
42134.0
42135.0
42136.0
42177.0
42181.0
42182.0
42194.0
42196.0
42214.0
42215.0
42241.0
42242.0
42254.0
42255.0
42256.0
42301.0
42302.0
42314.0
42316.0
42361.0
42374.0
42375.0
42376.0
42421.0
42428.0
42434.0
42436.0
42437.0
42481.0
42482.0
42494.0
42496.0
42497.0
42516.0
42517.0
42541.0
42554.0
42556.0
42557.0
42560.0
42601.0
42602.0
42614.0
42616.0
42617.0
42661.0
42662.0
42674.0
42676.0
42677.0
42721.0
42734.0
42736.0
42781.0
42782.0
42794.0
42796.0
42841.0
42842.0
42854.0
42901.0
42902.0
42914.0
42961.0
42962.0
42974.0
43021.0
43022.0
43034.0
43081.0
43094.0
43141.0
43154.0
43202.0
43214.0
43262.0
43274.0
43322.0
43328.0
43334.0
43381.0
43382.0
43394.0
43442.0
43454.0
43459.0
43460.0
43501.0
43502.0
43514.0
43562.0
43574.0
43621.0
43622.0
43634.0
43682.0
43694.0
43720.0
43722.0
43730.0
43731.0
43742.0
43749.0
43750.0
43754.0
43756.0
43761.0
43762.0
43777.0
43779.0
43789.0
43805.0
43814.0
43815.0
43816.0
43834.0
43835.0
43836.0
43863.0
43864.0
43874.0
43875.0
43876.0
43888.0
43889.0
43893.0
43918.0
43919.0
43936.0
43941.0
43948.0
43971.0
43996.0
43997.0
44000.0
44026.0
44027.0
44049.0
44056.0
44061.0
44078.0
44079.0
44091.0
44099.0
44108.0
44116.0
44117.0
44128.0
44157.0
44158.0
44170.0
44171.0
44176.0
44177.0
44200.0
44201.0
44226.0
44236.0
44237.0
44250.0
44255.0
44261.0
44263.0
44281.0
44296.0
44297.0
44310.0
44324.0
44341.0
44342.0
44356.0
44357.0
44370.0
44371.0
44408.0
44416.0
44437.0
44438.0
44476.0
44477.0
44534.0
44536.0
44563.0
44564.0
44596.0
44656.0
44660.0
44716.0
44776.0
44836.0
44837.0
44896.0
44956.0
45016.0
45044.0
45056.0
45061.0
45062.0
45074.0
45075.0
45076.0
45077.0
45116.0
45117.0
45121.0
45122.0
45134.0
45136.0
45177.0
45182.0
45194.0
45196.0
45197.0
45235.0
45236.0
45237.0
45242.0
45254.0
45256.0
45257.0
45258.0
45296.0
45297.0
45302.0
45303.0
45315.0
45316.0
45317.0
45356.0
45357.0
45361.0
45362.0
45374.0
45375.0
45376.0
45377.0
45415.0
45416.0
45417.0
45423.0
45434.0
45435.0
45436.0
45475.0
45476.0
45477.0
45481.0
45482.0
45494.0
45495.0
45496.0
45536.0
45537.0
45541.0
45542.0
45554.0
45556.0
45557.0
45559.0
45596.0
45597.0
45602.0
45614.0
45616.0
45617.0
45656.0
45657.0
45661.0
45662.0
45663.0
45674.0
45676.0
45677.0
45682.0
45716.0
45717.0
45721.0
45722.0
45734.0
45736.0
45737.0
45775.0
45776.0
45777.0
45781.0
45782.0
45794.0
45795.0
45796.0
45797.0
45815.0
45836.0
45837.0
45841.0
45842.0
45854.0
45856.0
45857.0
45895.0
45896.0
45897.0
45902.0
45914.0
45916.0
45955.0
45956.0
45961.0
45962.0
45974.0
45976.0
45977.0
46016.0
46017.0
46021.0
46022.0
46024.0
46034.0
46035.0
46036.0
46075.0
46076.0
46077.0
46081.0
46082.0
46094.0
46096.0
46097.0
46116.0
46117.0
46136.0
46137.0
46142.0
46154.0
46156.0
46157.0
46197.0
46202.0
46214.0
46216.0
46262.0
46274.0
46276.0
46277.0
46322.0
46334.0
46336.0
46337.0
46338.0
46394.0
46396.0
46442.0
46454.0
46456.0
46458.0
46459.0
46502.0
46514.0
46515.0
46516.0
46517.0
46561.0
46562.0
46574.0
46576.0
46577.0
46622.0
46635.0
46636.0
46637.0
46682.0
46694.0
46695.0
46696.0
46742.0
46754.0
46756.0
46757.0
46801.0
46802.0
46815.0
46816.0
46817.0
46862.0
46877.0
46922.0
46934.0
46935.0
46936.0
46982.0
46994.0
47041.0
47042.0
47054.0
47055.0
47056.0
47102.0
47114.0
47161.0
47162.0
47174.0
47221.0
47222.0
47234.0
47281.0
47282.0
47283.0
47294.0
47295.0
47342.0
47354.0
47403.0
47414.0
47462.0
47475.0
47522.0
47536.0
47582.0
47594.0
47595.0
47642.0
47654.0
47655.0
47702.0
47714.0
47762.0
47821.0
47822.0
47834.0
47835.0
47837.0
47838.0
47869.0
47894.0
47896.0
47897.0
47904.0
47925.0
47927.0
47955.0
47956.0
47957.0
47968.0
47969.0
47992.0
48007.0
48008.0
48016.0
48037.0
48073.0
48074.0
48076.0
48077.0
48102.0
48103.0
48130.0
48136.0
48137.0
48144.0
48145.0
48162.0
48163.0
48174.0
48180.0
48181.0
48182.0
48195.0
48196.0
48250.0
48253.0
48256.0
48257.0
48280.0
48311.0
48312.0
48317.0
48370.0
48371.0
48376.0
48377.0
48401.0
48426.0
48427.0
48430.0
48436.0
48440.0
48486.0
48490.0
48491.0
48496.0
48499.0
48521.0
48548.0
48551.0
48556.0
48557.0
48608.0
48609.0
48616.0
48617.0
48639.0
48676.0
48677.0
48736.0
48737.0
48796.0
48797.0
48856.0
48916.0
48917.0
48976.0
48977.0
49036.0
49037.0
49096.0
49097.0
49125.0
49136.0
49138.0
49141.0
49142.0
49154.0
49155.0
49156.0
49196.0
49198.0
49201.0
49202.0
49214.0
49215.0
49216.0
49217.0
49258.0
49262.0
49274.0
49275.0
49276.0
49283.0
49316.0
49318.0
49322.0
49334.0
49336.0
49376.0
49378.0
49381.0
49382.0
49383.0
49394.0
49395.0
49396.0
49397.0
49414.0
49415.0
49416.0
49436.0
49438.0
49442.0
49454.0
49455.0
49456.0
49498.0
49501.0
49502.0
49514.0
49516.0
49517.0
49556.0
49561.0
49562.0
49563.0
49574.0
49576.0
49616.0
49618.0
49620.0
49622.0
49634.0
49635.0
49636.0
49676.0
49678.0
49681.0
49682.0
49694.0
49695.0
49696.0
49697.0
49715.0
49716.0
49717.0
49718.0
49735.0
49736.0
49738.0
49741.0
49742.0
49752.0
49754.0
49755.0
49756.0
49757.0
49758.0
49796.0
49801.0
49802.0
49814.0
49816.0
49856.0
49860.0
49862.0
49874.0
49875.0
49876.0
49916.0
49918.0
49922.0
49934.0
49936.0
49976.0
49978.0
49982.0
49994.0
49996.0
49997.0
49998.0
50036.0
50042.0
50043.0
50054.0
50055.0
50056.0
50095.0
50097.0
50102.0
50114.0
50115.0
50116.0
50156.0
50158.0
50162.0
50174.0
50176.0
50177.0
50216.0
50218.0
50221.0
50222.0
50234.0
50236.0
50282.0
50294.0
50296.0
50338.0
50342.0
50354.0
50356.0
50402.0
50403.0
50415.0
50416.0
50417.0
50462.0
50463.0
50474.0
50475.0
50476.0
50519.0
50522.0
50534.0
50536.0
50537.0
50582.0
50594.0
50595.0
50596.0
50597.0
50642.0
50652.0
50654.0
50656.0
50701.0
50702.0
50714.0
50715.0
50716.0
50717.0
50761.0
50762.0
50774.0
50776.0
50777.0
50822.0
50834.0
50835.0
50836.0
50837.0
50882.0
50894.0
50895.0
50896.0
50897.0
50942.0
50953.0
50954.0
50956.0
51002.0
51014.0
51015.0
51074.0
51075.0
51122.0
51123.0
51134.0
51181.0
51254.0
51255.0
51418.0
51421.0
51434.0
51550.0
51551.0
51674.0
51687.0
51688.0
51722.0
51723.0
51782.0
51794.0
51795.0
51820.0
51842.0
51854.0
51855.0
51881.0
51890.0
51891.0
51902.0
51914.0
51915.0
51919.0
51945.0
51946.0
51948.0
51958.0
51959.0
51960.0
51974.0
51975.0
51976.0
51989.0
51990.0
52034.0
52049.0
52056.0
52057.0
52096.0
52097.0
52098.0
52115.0
52119.0
52120.0
52121.0
52122.0
52128.0
52156.0
52157.0
52179.0
52181.0
52182.0
52216.0
52238.0
52239.0
52241.0
52276.0
52277.0
52298.0
52299.0
52300.0
52336.0
52397.0
52417.0
52419.0
52444.0
52456.0
52457.0
52476.0
52516.0
52517.0
52564.0
52576.0
52577.0
52594.0
52636.0
52696.0
52697.0
52716.0
52719.0
52746.0
52751.0
52757.0
52775.0
52816.0
52817.0
52876.0
52936.0
52937.0
52996.0
52997.0
53056.0
53116.0
53176.0
53216.0
53217.0
53221.0
53222.0
53234.0
53236.0
53237.0
53275.0
53276.0
53277.0
53281.0
53282.0
53294.0
53295.0
53296.0
53315.0
53316.0
53317.0
53318.0
53335.0
53336.0
53337.0
53342.0
53348.0
53354.0
53355.0
53356.0
53396.0
53397.0
53402.0
53414.0
53415.0
53416.0
53456.0
53457.0
53462.0
53474.0
53476.0
53477.0
53516.0
53517.0
53534.0
53535.0
53536.0
53571.0
53576.0
53577.0
53580.0
53594.0
53595.0
53596.0
53597.0
53636.0
53637.0
53650.0
53656.0
53657.0
53696.0
53697.0
53713.0
53716.0
53756.0
53757.0
53774.0
53776.0
53777.0
53815.0
53816.0
53817.0
53822.0
53836.0
53837.0
53876.0
53877.0
53896.0
53897.0
53936.0
53937.0
53954.0
53996.0
53997.0
54015.0
54016.0
54055.0
54056.0
54057.0
54074.0
54076.0
54115.0
54116.0
54117.0
54122.0
54136.0
54137.0
54176.0
54177.0
54182.0
54194.0
54195.0
54236.0
54237.0
54241.0
54242.0
54247.0
54254.0
54255.0
54256.0
54295.0
54296.0
54297.0
54301.0
54302.0
54314.0
54315.0
54357.0
54361.0
54362.0
54363.0
54374.0
54376.0
54417.0
54421.0
54422.0
54434.0
54482.0
54494.0
54495.0
54496.0
54497.0
54542.0
54549.0
54554.0
54555.0
54556.0
54557.0
54601.0
54602.0
54614.0
54615.0
54616.0
54617.0
54662.0
54674.0
54675.0
54676.0
54721.0
54722.0
54734.0
54735.0
54736.0
54781.0
54782.0
54783.0
54794.0
54796.0
54797.0
54841.0
54842.0
54854.0
54855.0
54856.0
54902.0
54915.0
54916.0
54917.0
54962.0
54974.0
54976.0
54977.0
55022.0
55034.0
55035.0
55036.0
55037.0
55081.0
55082.0
55094.0
55096.0
55142.0
55146.0
55147.0
55154.0
55155.0
55202.0
55214.0
55215.0
55262.0
55274.0
55275.0
55322.0
55323.0
55334.0
55382.0
55383.0
55395.0
55442.0
55455.0
55502.0
55515.0
55562.0
55574.0
55622.0
55635.0
55682.0
55742.0
55754.0
55802.0
55815.0
55862.0
55913.0
55922.0
55934.0
55935.0
55982.0
55989.0
55990.0
55995.0
56020.0
56042.0
56045.0
56048.0
56049.0
56052.0
56053.0
56054.0
56055.0
56056.0
56057.0
56059.0
56112.0
56115.0
56116.0
56117.0
56119.0
56120.0
56121.0
56151.0
56175.0
56176.0
56177.0
56178.0
56179.0
56184.0
56185.0
56211.0
56215.0
56237.0
56243.0
56244.0
56251.0
56275.0
56281.0
56296.0
56297.0
56307.0
56310.0
56316.0
56338.0
56347.0
56356.0
56357.0
56375.0
56379.0
56380.0
56417.0
56435.0
56436.0
56439.0
56465.0
56476.0
56477.0
56494.0
56495.0
56525.0
56536.0
56537.0
56552.0
56553.0
56554.0
56583.0
56597.0
56612.0
56615.0
56616.0
56617.0
56647.0
56657.0
56673.0
56674.0
56675.0
56717.0
56732.0
56733.0
56762.0
56763.0
56776.0
56777.0
56792.0
56793.0
56837.0
56838.0
56850.0
56852.0
56897.0
56898.0
56915.0
56916.0
56917.0
56957.0
57016.0
57017.0
57077.0
57136.0
57137.0
57138.0
57197.0
57246.0
57257.0
57315.0
57317.0
57356.0
57358.0
57362.0
57363.0
57374.0
57375.0
57376.0
57377.0
57416.0
57418.0
57422.0
57434.0
57435.0
57436.0
57437.0
57476.0
57478.0
57482.0
57496.0
57497.0
57536.0
57542.0
57554.0
57555.0
57556.0
57557.0
57596.0
57598.0
57602.0
57614.0
57615.0
57616.0
57617.0
57618.0
57656.0
57658.0
57662.0
57674.0
57675.0
57676.0
57677.0
57711.0
57715.0
57717.0
57721.0
57722.0
57734.0
57735.0
57736.0
57737.0
57738.0
57776.0
57778.0
57780.0
57782.0
57795.0
57797.0
57798.0
57836.0
57838.0
57840.0
57842.0
57843.0
57855.0
57856.0
57857.0
57896.0
57902.0
57915.0
57916.0
57917.0
57956.0
57958.0
57962.0
57963.0
57975.0
57976.0
57977.0
57978.0
58016.0
58018.0
58022.0
58034.0
58035.0
58036.0
58037.0
58068.0
58076.0
58078.0
58082.0
58095.0
58096.0
58097.0
58136.0
58142.0
58145.0
58146.0
58154.0
58155.0
58157.0
58196.0
58198.0
58202.0
58203.0
58214.0
58215.0
58216.0
58217.0
58256.0
58258.0
58262.0
58274.0
58275.0
58277.0
58316.0
58317.0
58335.0
58336.0
58376.0
58377.0
58381.0
58397.0
58398.0
58436.0
58438.0
58456.0
58457.0
58498.0
58514.0
58516.0
58517.0
58574.0
58577.0
58636.0
58637.0
58682.0
58694.0
58696.0
58697.0
58742.0
58802.0
58814.0
58816.0
58862.0
58876.0
58922.0
58934.0
58982.0
58983.0
58995.0
58996.0
59042.0
59043.0
59044.0
59045.0
59055.0
59102.0
59104.0
59115.0
59116.0
59162.0
59174.0
59175.0
59222.0
59234.0
59236.0
59282.0
59283.0
59294.0
59295.0
59342.0
59354.0
59355.0
59402.0
59414.0
59415.0
59462.0
59474.0
59475.0
59509.0
59535.0
59582.0
59595.0
59641.0
59642.0
59655.0
59702.0
59714.0
59774.0
59775.0
59822.0
59882.0
59883.0
59895.0
59943.0
59955.0
59956.0
60002.0
60075.0
60081.0
60082.0
60122.0
60123.0
60126.0
60135.0
60136.0
60137.0
60154.0
60155.0
60190.0
60195.0
60197.0
60214.0
60215.0
60255.0
60257.0
60276.0
60280.0
60281.0
60282.0
60317.0
60343.0
60358.0
60377.0
60398.0
60401.0
60402.0
60403.0
60408.0
60437.0
60438.0
60449.0
60460.0
60462.0
60465.0
60466.0
60478.0
60497.0
60516.0
60517.0
60519.0
60520.0
60557.0
60558.0
60582.0
60617.0
60640.0
60663.0
60677.0
60679.0
60701.0
60702.0
60736.0
60737.0
60781.0
60782.0
60793.0
60796.0
60797.0
60821.0
60822.0
60842.0
60856.0
60858.0
60872.0
60888.0
60889.0
60912.0
60916.0
60917.0
60918.0
60942.0
60944.0
60976.0
60977.0
60999.0
61036.0
61037.0
61038.0
61096.0
61097.0
61156.0
61157.0
61216.0
61217.0
61276.0
61277.0
61337.0
61397.0
61411.0
61436.0
61437.0
61439.0
61440.0
61441.0
61442.0
61443.0
61454.0
61455.0
61457.0
61496.0
61497.0
61501.0
61515.0
61517.0
61556.0
61557.0
61562.0
61575.0
61577.0
61616.0
61617.0
61622.0
61634.0
61635.0
61636.0
61637.0
61661.0
61662.0
61676.0
61677.0
61680.0
61681.0
61682.0
61694.0
61697.0
61698.0
61736.0
61737.0
61741.0
61742.0
61755.0
61756.0
61757.0
61796.0
61797.0
61802.0
61814.0
61817.0
61856.0
61857.0
61860.0
61862.0
61875.0
61876.0
61877.0
61878.0
61916.0
61917.0
61922.0
61934.0
61935.0
61936.0
61937.0
61976.0
61977.0
61982.0
61994.0
61995.0
61997.0
62036.0
62037.0
62042.0
62043.0
62054.0
62055.0
62057.0
62096.0
62097.0
62101.0
62102.0
62114.0
62115.0
62117.0
62156.0
62157.0
62162.0
62174.0
62175.0
62176.0
62177.0
62205.0
62206.0
62216.0
62217.0
62221.0
62222.0
62234.0
62237.0
62276.0
62277.0
62282.0
62295.0
62297.0
62336.0
62337.0
62338.0
62342.0
62343.0
62355.0
62357.0
62396.0
62397.0
62402.0
62415.0
62417.0
62418.0
62456.0
62457.0
62462.0
62475.0
62477.0
62517.0
62521.0
62522.0
62534.0
62535.0
62536.0
62537.0
62562.0
62576.0
62577.0
62582.0
62594.0
62595.0
62597.0
62598.0
62640.0
62641.0
62642.0
62643.0
62655.0
62657.0
62702.0
62715.0
62717.0
62762.0
62775.0
62777.0
62778.0
62822.0
62835.0
62837.0
62895.0
62897.0
62942.0
62955.0
62957.0
63002.0
63014.0
63015.0
63017.0
63062.0
63075.0
63077.0
63078.0
63104.0
63122.0
63135.0
63137.0
63182.0
63183.0
63194.0
63195.0
63197.0
63237.0
63242.0
63254.0
63255.0
63257.0
63301.0
63314.0
63315.0
63317.0
63318.0
63362.0
63363.0
63374.0
63375.0
63422.0
63434.0
63435.0
63482.0
63494.0
63495.0
63496.0
63542.0
63555.0
63615.0
63616.0
63658.0
63661.0
63674.0
63675.0
63681.0
63682.0
63782.0
63791.0
63794.0
63815.0
63901.0
63902.0
64003.0
64004.0
64136.0
64142.0
64154.0
64202.0
64217.0
64231.0
64261.0
64274.0
64275.0
64276.0
64283.0
64284.0
64285.0
64314.0
64334.0
64335.0
64336.0
64337.0
64364.0
64365.0
64379.0
64394.0
64408.0
64421.0
64438.0
64439.0
64457.0
64465.0
64477.0
64478.0
64481.0
64511.0
64538.0
64539.0
64577.0
64598.0
64599.0
64637.0
64697.0
64717.0
64718.0
64721.0
64723.0
64756.0
64757.0
64777.0
64778.0
64817.0
64818.0
64838.0
64856.0
64877.0
64921.0
64922.0
64937.0
64952.0
64954.0
64959.0
64960.0
64961.0
64979.0
64980.0
64997.0
65057.0
65117.0
65177.0
65178.0
65237.0
65337.0
65338.0
65354.0
65355.0
65357.0
65417.0
65516.0
65518.0
65522.0
65534.0
65535.0
65537.0
65576.0
65578.0
65581.0
65582.0
65594.0
65595.0
65636.0
65638.0
65641.0
65642.0
65654.0
65655.0
65657.0
65696.0
65697.0
65698.0
65701.0
65702.0
65715.0
65756.0
65758.0
65760.0
65761.0
65762.0
65763.0
65774.0
65777.0
65801.0
65802.0
65816.0
65818.0
65822.0
65834.0
65835.0
65837.0
65876.0
65878.0
65881.0
65882.0
65894.0
65895.0
65896.0
65897.0
65898.0
65934.0
65936.0
65937.0
65938.0
65940.0
65942.0
65954.0
65955.0
65957.0
65996.0
65998.0
66001.0
66002.0
66014.0
66017.0
66056.0
66058.0
66062.0
66074.0
66075.0
66077.0
66122.0
66134.0
66135.0
66137.0
66156.0
66158.0
66176.0
66177.0
66178.0
66182.0
66194.0
66195.0
66197.0
66236.0
66237.0
66242.0
66254.0
66255.0
66257.0
66302.0
66314.0
66317.0
66356.0
66358.0
66362.0
66374.0
66375.0
66377.0
66378.0
66422.0
66434.0
66435.0
66437.0
66476.0
66478.0
66482.0
66495.0
66497.0
66542.0
66543.0
66554.0
66555.0
66557.0
66598.0
66602.0
66614.0
66615.0
66617.0
66658.0
66662.0
66674.0
66677.0
66700.0
66722.0
66734.0
66735.0
66737.0
66782.0
66794.0
66795.0
66797.0
66833.0
66842.0
66854.0
66857.0
66858.0
66902.0
66903.0
66914.0
66915.0
66917.0
66962.0
66974.0
66975.0
66977.0
66978.0
67022.0
67034.0
67035.0
67037.0
67082.0
67094.0
67095.0
67097.0
67135.0
67136.0
67142.0
67154.0
67155.0
67157.0
67158.0
67202.0
67214.0
67215.0
67217.0
67262.0
67274.0
67275.0
67277.0
67278.0
67281.0
67282.0
67322.0
67334.0
67335.0
67337.0
67338.0
67382.0
67394.0
67397.0
67414.0
67442.0
67454.0
67455.0
67502.0
67503.0
67514.0
67562.0
67574.0
67575.0
67599.0
67622.0
67634.0
67635.0
67682.0
67694.0
67695.0
67732.0
67742.0
67754.0
67755.0
67802.0
67814.0
67815.0
67862.0
67874.0
67875.0
67922.0
67934.0
67935.0
67982.0
67994.0
68042.0
68054.0
68055.0
68102.0
68114.0
68115.0
68162.0
68174.0
68175.0
68222.0
68234.0
68235.0
68282.0
68294.0
68295.0
68325.0
68326.0
68349.0
68351.0
68354.0
68355.0
68357.0
68358.0
68379.0
68380.0
68384.0
68414.0
68415.0
68417.0
68418.0
68440.0
68446.0
68448.0
68470.0
68474.0
68475.0
68477.0
68499.0
68500.0
68529.0
68537.0
68559.0
68560.0
68561.0
68562.0
68579.0
68580.0
68591.0
68597.0
68598.0
68607.0
68608.0
68620.0
68637.0
68638.0
68657.0
68668.0
68680.0
68697.0
68698.0
68717.0
68718.0
68727.0
68729.0
68757.0
68777.0
68788.0
68816.0
68817.0
68837.0
68838.0
68846.0
68847.0
68863.0
68876.0
68886.0
68887.0
68888.0
68893.0
68897.0
68917.0
68922.0
68933.0
68934.0
68946.0
68951.0
68957.0
68979.0
68981.0
69009.0
69010.0
69017.0
69021.0
69022.0
69050.0
69052.0
69077.0
69079.0
69080.0
69085.0
69112.0
69115.0
69137.0
69141.0
69144.0
69170.0
69197.0
69200.0
69257.0
69317.0
69318.0
69377.0
69437.0
69497.0
69557.0
69558.0
69597.0
69602.0
69614.0
69615.0
69617.0
69618.0
69656.0
69657.0
69660.0
69661.0
69662.0
69675.0
69677.0
69716.0
69717.0
69722.0
69735.0
69737.0
69752.0
69776.0
69777.0
69782.0
69783.0
69794.0
69795.0
69797.0
69832.0
69836.0
69837.0
69842.0
69854.0
69855.0
69857.0
69896.0
69897.0
69902.0
69903.0
69915.0
69917.0
69956.0
69957.0
69962.0
69974.0
69975.0
69977.0
69978.0
70016.0
70017.0
70022.0
70023.0
70035.0
70037.0
70038.0
70076.0
70077.0
70082.0
70095.0
70097.0
70098.0
70136.0
70137.0
70142.0
70143.0
70155.0
70157.0
70196.0
70197.0
70201.0
70203.0
70215.0
70217.0
70218.0
70256.0
70257.0
70262.0
70275.0
70277.0
70296.0
70316.0
70317.0
70322.0
70323.0
70335.0
70337.0
70376.0
70377.0
70382.0
70383.0
70395.0
70397.0
70429.0
70436.0
70437.0
70441.0
70442.0
70443.0
70455.0
70457.0
70458.0
70496.0
70497.0
70502.0
70515.0
70517.0
70556.0
70557.0
70562.0
70574.0
70577.0
70578.0
70616.0
70617.0
70623.0
70635.0
70637.0
70652.0
70676.0
70677.0
70682.0
70683.0
70695.0
70697.0
70698.0
70731.0
70732.0
70737.0
70742.0
70755.0
70757.0
70796.0
70802.0
70815.0
70816.0
70817.0
70818.0
70862.0
70875.0
70876.0
70877.0
70881.0
70936.0
70937.0
70938.0
70982.0
70983.0
70995.0
70997.0
71014.0
71015.0
71042.0
71055.0
71056.0
71057.0
71103.0
71115.0
71116.0
71117.0
71118.0
71163.0
71175.0
71177.0
71195.0
71196.0
71222.0
71234.0
71235.0
71236.0
71237.0
71238.0
71282.0
71295.0
71296.0
71297.0
71298.0
71316.0
71317.0
71328.0
71342.0
71355.0
71357.0
71358.0
71402.0
71415.0
71417.0
71418.0
71462.0
71463.0
71475.0
71477.0
71523.0
71536.0
71595.0
71642.0
71702.0
71715.0
71762.0
71774.0
71775.0
71822.0
71834.0
71835.0
71838.0
71882.0
71883.0
71895.0
71942.0
71955.0
72002.0
72015.0
72062.0
72075.0
72076.0
72094.0
72122.0
72135.0
72136.0
72182.0
72195.0
72227.0
72242.0
72243.0
72255.0
72302.0
72315.0
72352.0
72362.0
72374.0
72375.0
72376.0
72404.0
72422.0
72435.0
72436.0
72437.0
72438.0
72475.0
72476.0
72485.0
72495.0
72497.0
72498.0
72501.0
72506.0
72529.0
72530.0
72534.0
72554.0
72555.0
72557.0
72589.0
72597.0
72601.0
72614.0
72617.0
72618.0
72619.0
72620.0
72626.0
72655.0
72656.0
72668.0
72671.0
72677.0
72678.0
72728.0
72737.0
72760.0
72789.0
72797.0
72798.0
72820.0
72821.0
72850.0
72857.0
72858.0
72905.0
72917.0
72918.0
72960.0
72977.0
72978.0
72985.0
72990.0
73015.0
73037.0
73038.0
73039.0
73095.0
73097.0
73153.0
73156.0
73157.0
73158.0
73216.0
73217.0
73218.0
73225.0
73226.0
73277.0
73278.0
73285.0
73307.0
73337.0
73397.0
73398.0
73428.0
73457.0
73517.0
73518.0
73577.0
73578.0
73637.0
73638.0
73695.0
73697.0
73712.0
73737.0
73738.0
73741.0
73742.0
73744.0
73755.0
73757.0
73796.0
73797.0
73798.0
73801.0
73802.0
73804.0
73815.0
73817.0
73856.0
73858.0
73861.0
73862.0
73875.0
73876.0
73877.0
73878.0
73892.0
73916.0
73918.0
73921.0
73922.0
73923.0
73935.0
73937.0
73938.0
73977.0
73978.0
73981.0
73982.0
73983.0
73995.0
73997.0
74025.0
74037.0
74038.0
74042.0
74055.0
74057.0
74097.0
74098.0
74101.0
74102.0
74115.0
74118.0
74156.0
74158.0
74162.0
74175.0
74177.0
74179.0
74216.0
74218.0
74222.0
74223.0
74235.0
74236.0
74237.0
74239.0
74248.0
74251.0
74276.0
74278.0
74281.0
74282.0
74295.0
74297.0
74327.0
74328.0
74336.0
74338.0
74341.0
74342.0
74343.0
74355.0
74358.0
74396.0
74398.0
74401.0
74402.0
74415.0
74417.0
74458.0
74461.0
74462.0
74477.0
74478.0
74481.0
74482.0
74516.0
74518.0
74520.0
74521.0
74522.0
74535.0
74537.0
74578.0
74581.0
74582.0
74583.0
74597.0
74614.0
74637.0
74638.0
74642.0
74643.0
74655.0
74657.0
74658.0
74696.0
74698.0
74701.0
74702.0
74703.0
74715.0
74717.0
74756.0
74758.0
74761.0
74762.0
74763.0
74775.0
74776.0
74777.0
74778.0
74791.0
74818.0
74822.0
74834.0
74835.0
74837.0
74838.0
74877.0
74878.0
74882.0
74895.0
74897.0
74916.0
74917.0
74942.0
74955.0
74956.0
74957.0
75002.0
75015.0
75017.0
75018.0
75062.0
75075.0
75077.0
75078.0
75079.0
75122.0
75135.0
75137.0
75138.0
75183.0
75195.0
75197.0
75198.0
75226.0
75227.0
75242.0
75255.0
75257.0
75258.0
75302.0
75303.0
75316.0
75317.0
75362.0
75377.0
75378.0
75422.0
75435.0
75436.0
75437.0
75438.0
75482.0
75483.0
75495.0
75497.0
75498.0
75542.0
75555.0
75557.0
75615.0
75675.0
75676.0
75691.0
75722.0
75735.0
75782.0
75795.0
75796.0
75823.0
75843.0
75855.0
75902.0
75903.0
75915.0
75962.0
75963.0
75975.0
76022.0
76035.0
76082.0
76083.0
76095.0
76096.0
76142.0
76155.0
76156.0
76202.0
76203.0
76215.0
76262.0
76263.0
76275.0
76276.0
76322.0
76323.0
76335.0
76442.0
76443.0
76476.0
76477.0
76502.0
76504.0
76515.0
76517.0
76540.0
76542.0
76558.0
76569.0
76575.0
76576.0
76577.0
76578.0
76599.0
76626.0
76635.0
76637.0
76656.0
76657.0
76658.0
76684.0
76697.0
76720.0
76750.0
76757.0
76763.0
76792.0
76793.0
76817.0
76820.0
76848.0
76850.0
76877.0
76878.0
76906.0
76930.0
76932.0
76937.0
76939.0
76951.0
76963.0
76981.0
76991.0
76997.0
76998.0
77016.0
77017.0
77018.0
77024.0
77025.0
77050.0
77058.0
77076.0
77106.0
77107.0
77117.0
77118.0
77137.0
77177.0
77225.0
77227.0
77231.0
77237.0
77255.0
77261.0
77292.0
77297.0
77350.0
77351.0
77357.0
77358.0
77417.0
77418.0
77477.0
77478.0
77537.0
77538.0
77597.0
77598.0
77657.0
77658.0
77717.0
77718.0
77777.0
77805.0
77817.0
77821.0
77822.0
77823.0
77835.0
77837.0
77838.0
77846.0
77847.0
77848.0
77877.0
77880.0
77881.0
77882.0
77895.0
77896.0
77897.0
77937.0
77941.0
77942.0
77955.0
77957.0
77983.0
77997.0
78001.0
78002.0
78015.0
78016.0
78017.0
78056.0
78057.0
78060.0
78061.0
78062.0
78075.0
78077.0
78078.0
78080.0
78081.0
78116.0
78117.0
78120.0
78121.0
78122.0
78135.0
78137.0
78176.0
78177.0
78181.0
78182.0
78183.0
78195.0
78197.0
78198.0
78214.0
78236.0
78237.0
78241.0
78242.0
78255.0
78257.0
78258.0
78296.0
78297.0
78300.0
78301.0
78302.0
78303.0
78315.0
78317.0
78318.0
78319.0
78357.0
78358.0
78361.0
78362.0
78363.0
78375.0
78377.0
78387.0
78388.0
78417.0
78421.0
78422.0
78435.0
78437.0
78476.0
78477.0
78481.0
78482.0
78483.0
78495.0
78496.0
78497.0
78498.0
78516.0
78517.0
78520.0
78535.0
78536.0
78537.0
78541.0
78542.0
78555.0
78557.0
78596.0
78597.0
78601.0
78602.0
78615.0
78617.0
78656.0
78657.0
78660.0
78661.0
78662.0
78663.0
78675.0
78677.0
78678.0
78716.0
78717.0
78722.0
78723.0
78735.0
78737.0
78738.0
78742.0
78746.0
78767.0
78776.0
78777.0
78782.0
78795.0
78797.0
78798.0
78822.0
78823.0
78827.0
78836.0
78837.0
78842.0
78855.0
78857.0
78897.0
78901.0
78902.0
78915.0
78917.0
78957.0
78962.0
78963.0
78975.0
78977.0
79017.0
79022.0
79035.0
79037.0
79082.0
79083.0
79095.0
79097.0
79098.0
79142.0
79155.0
79157.0
79158.0
79202.0
79215.0
79217.0
79262.0
79263.0
79275.0
79277.0
79278.0
79286.0
79322.0
79335.0
79336.0
79337.0
79382.0
79383.0
79395.0
79396.0
79397.0
79398.0
79419.0
79427.0
79442.0
79455.0
79457.0
79502.0
79503.0
79515.0
79518.0
79547.0
79562.0
79563.0
79575.0
79577.0
79622.0
79623.0
79635.0
79637.0
79638.0
79682.0
79683.0
79695.0
79742.0
79755.0
79802.0
79803.0
79815.0
79816.0
79862.0
79875.0
79922.0
79923.0
79935.0
79936.0
79937.0
79982.0
79995.0
80042.0
80055.0
80056.0
80102.0
80115.0
80162.0
80163.0
80175.0
80186.0
80222.0
80223.0
80235.0
80236.0
80282.0
80283.0
80295.0
80318.0
80319.0
80342.0
80343.0
80355.0
80356.0
80402.0
80415.0
80416.0
80462.0
80475.0
80476.0
80522.0
80527.0
80535.0
80556.0
80558.0
80583.0
80586.0
80587.0
80595.0
80597.0
80598.0
80613.0
80616.0
80617.0
80618.0
80620.0
80621.0
80648.0
80649.0
80650.0
80655.0
80656.0
80657.0
80658.0
80678.0
80679.0
80681.0
80687.0
80709.0
80710.0
80715.0
80716.0
80717.0
80718.0
80738.0
80739.0
80740.0
80742.0
80772.0
80777.0
80778.0
80801.0
80802.0
80831.0
80837.0
80838.0
80860.0
80861.0
80865.0
80894.0
80897.0
80898.0
80921.0
80923.0
80924.0
80948.0
80951.0
80958.0
80978.0
80980.0
81011.0
81017.0
81018.0
81036.0
81037.0
81038.0
81040.0
81070.0
81077.0
81100.0
81102.0
81128.0
81137.0
81138.0
81158.0
81160.0
81162.0
81190.0
81191.0
81197.0
81198.0
81220.0
81221.0
81250.0
81252.0
81257.0
81280.0
81282.0
81311.0
81312.0
81317.0
81318.0
81341.0
81342.0
81378.0
81401.0
81405.0
81406.0
81437.0
81438.0
81460.0
81490.0
81498.0
81520.0
81557.0
81558.0
81588.0
81618.0
81677.0
81678.0
81738.0
81798.0
81857.0
81858.0
81859.0
81896.0
81897.0
81902.0
81904.0
81915.0
81916.0
81918.0
81956.0
81957.0
81961.0
81962.0
81963.0
81975.0
81977.0
81979.0
81984.0
82008.0
82016.0
82017.0
82021.0
82022.0
82023.0
82035.0
82037.0
82038.0
82076.0
82077.0
82081.0
82082.0
82083.0
82096.0
82098.0
82116.0
82117.0
82137.0
82142.0
82143.0
82156.0
82157.0
82158.0
82197.0
82198.0
82202.0
82203.0
82215.0
82216.0
82217.0
82218.0
82260.0
82261.0
82262.0
82263.0
82276.0
82278.0
82279.0
82318.0
82321.0
82322.0
82323.0
82335.0
82339.0
82342.0
82343.0
82368.0
82376.0
82378.0
82382.0
82383.0
82396.0
82398.0
82399.0
82418.0
82419.0
82436.0
82438.0
82442.0
82443.0
82456.0
82457.0
82458.0
82496.0
82498.0
82501.0
82502.0
82518.0
82558.0
82562.0
82563.0
82578.0
82579.0
82618.0
82621.0
82622.0
82623.0
82635.0
82638.0
82678.0
82681.0
82682.0
82695.0
82696.0
82697.0
82698.0
82699.0
82738.0
82742.0
82743.0
82755.0
82756.0
82758.0
82759.0
82798.0
82801.0
82802.0
82815.0
82818.0
82858.0
82862.0
82875.0
82877.0
82878.0
82879.0
82882.0
82918.0
82921.0
82923.0
82935.0
82936.0
82937.0
82938.0
82978.0
82982.0
82983.0
82995.0
82996.0
82997.0
82998.0
83015.0
83038.0
83042.0
83055.0
83057.0
83058.0
83059.0
83102.0
83115.0
83118.0
83162.0
83175.0
83178.0
83208.0
83222.0
83223.0
83235.0
83237.0
83238.0
83239.0
83282.0
83295.0
83299.0
83318.0
83329.0
83342.0
83355.0
83356.0
83357.0
83358.0
83359.0
83402.0
83415.0
83417.0
83418.0
83419.0
83462.0
83475.0
83477.0
83478.0
83522.0
83535.0
83538.0
83582.0
83595.0
83597.0
83598.0
83642.0
83643.0
83655.0
83657.0
83658.0
83703.0
83715.0
83716.0
83717.0
83718.0
83762.0
83775.0
83781.0
83822.0
83823.0
83882.0
83895.0
83914.0
83942.0
83943.0
83955.0
83956.0
84015.0
84062.0
84075.0
84076.0
84122.0
84123.0
84135.0
84136.0
84182.0
84184.0
84195.0
84242.0
84243.0
84255.0
84302.0
84362.0
84375.0
84422.0
84423.0
84435.0
84482.0
84483.0
84496.0
84542.0
84543.0
84555.0
84556.0
84582.0
84602.0
84615.0
84635.0
84636.0
84637.0
84662.0
84675.0
84680.0
84698.0
84699.0
84708.0
84722.0
84723.0
84729.0
84737.0
84738.0
84761.0
84762.0
84763.0
84795.0
84797.0
84798.0
84813.0
84820.0
84822.0
84852.0
84855.0
84857.0
84858.0
84881.0
84882.0
84915.0
84918.0
84945.0
84972.0
84977.0
84978.0
84979.0
85001.0
85002.0
85038.0
85057.0
85058.0
85079.0
85089.0
85097.0
85098.0
85109.0
85116.0
85118.0
85122.0
85123.0
85128.0
85138.0
85158.0
85159.0
85181.0
85182.0
85211.0
85212.0
85218.0
85241.0
85242.0
85244.0
85248.0
85272.0
85277.0
85278.0
85301.0
85302.0
85338.0
85339.0
85344.0
85361.0
85391.0
85398.0
85422.0
85452.0
85457.0
85458.0
85459.0
85460.0
85484.0
85515.0
85517.0
85518.0
85519.0
85541.0
85547.0
85575.0
85577.0
85578.0
85605.0
85606.0
85638.0
85698.0
85699.0
85718.0
85719.0
85758.0
85759.0
85818.0
85878.0
85938.0
85939.0
85982.0
85983.0
85995.0
85998.0
85999.0
86015.0
86037.0
86041.0
86042.0
86043.0
86055.0
86056.0
86058.0
86097.0
86101.0
86102.0
86115.0
86118.0
86157.0
86161.0
86162.0
86163.0
86175.0
86179.0
86181.0
86216.0
86217.0
86221.0
86222.0
86235.0
86238.0
86277.0
86281.0
86282.0
86283.0
86295.0
86297.0
86298.0
86337.0
86341.0
86342.0
86343.0
86355.0
86358.0
86397.0
86401.0
86415.0
86416.0
86418.0
86457.0
86461.0
86462.0
86475.0
86477.0
86478.0
86479.0
86521.0
86522.0
86535.0
86537.0
86538.0
86540.0
86541.0
86542.0
86577.0
86581.0
86583.0
86595.0
86596.0
86598.0
86599.0
86611.0
86641.0
86642.0
86655.0
86658.0
86697.0
86701.0
86704.0
86715.0
86717.0
86718.0
86719.0
86757.0
86761.0
86762.0
86763.0
86775.0
86777.0
86778.0
86817.0
86820.0
86821.0
86822.0
86823.0
86835.0
86836.0
86837.0
86838.0
86839.0
86877.0
86881.0
86883.0
86895.0
86896.0
86898.0
86914.0
86937.0
86941.0
86942.0
86944.0
86955.0
86956.0
86958.0
86974.0
87000.0
87001.0
87003.0
87015.0
87016.0
87018.0
87019.0
87057.0
87061.0
87063.0
87075.0
87077.0
87078.0
87079.0
87116.0
87117.0
87122.0
87123.0
87135.0
87138.0
87139.0
87182.0
87183.0
87196.0
87198.0
87199.0
87242.0
87243.0
87255.0
87258.0
87259.0
87302.0
87315.0
87316.0
87318.0
87319.0
87362.0
87363.0
87375.0
87377.0
87378.0
87379.0
87422.0
87423.0
87424.0
87435.0
87438.0
87482.0
87483.0
87495.0
87498.0
87510.0
87542.0
87543.0
87555.0
87558.0
87602.0
87603.0
87615.0
87617.0
87618.0
87662.0
87663.0
87675.0
87678.0
87679.0
87722.0
87723.0
87735.0
87738.0
87782.0
87783.0
87795.0
87796.0
87797.0
87799.0
87813.0
87842.0
87855.0
87903.0
87915.0
87962.0
87964.0
87975.0
87976.0
88022.0
88035.0
88036.0
88082.0
88083.0
88095.0
88143.0
88155.0
88202.0
88216.0
88262.0
88263.0
88275.0
88276.0
88277.0
88322.0
88335.0
88336.0
88382.0
88395.0
88409.0
88442.0
88455.0
88502.0
88563.0
88575.0
88576.0
88622.0
88623.0
88635.0
88636.0
88682.0
88683.0
88728.0
88729.0
88742.0
88743.0
88755.0
88777.0
88778.0
88779.0
88787.0
88788.0
88802.0
88803.0
88804.0
88815.0
88818.0
88819.0
88835.0
88838.0
88875.0
88878.0
88879.0
88894.0
88900.0
88929.0
88930.0
88935.0
88936.0
88938.0
88959.0
88960.0
88994.0
88995.0
88998.0
89022.0
89024.0
89046.0
89053.0
89058.0
89059.0
89076.0
89080.0
89081.0
89118.0
89119.0
89144.0
89171.0
89178.0
89179.0
89201.0
89204.0
89208.0
89228.0
89237.0
89238.0
89258.0
89288.0
89298.0
89317.0
89318.0
89322.0
89323.0
89358.0
89359.0
89381.0
89382.0
89388.0
89412.0
89418.0
89442.0
89448.0
89472.0
89473.0
89478.0
89501.0
89529.0
89530.0
89532.0
89538.0
89560.0
89562.0
89574.0
89576.0
89590.0
89591.0
89598.0
89599.0
89609.0
89621.0
89635.0
89639.0
89650.0
89658.0
89659.0
89660.0
89718.0
89778.0
89837.0
89838.0
89839.0
89898.0
89958.0
90018.0
90037.0
90042.0
90043.0
90044.0
90045.0
90047.0
90048.0
90051.0
90052.0
90055.0
90060.0
90063.0
90064.0
90067.0
90077.0
90078.0
90117.0
90121.0
90122.0
90134.0
90135.0
90136.0
90137.0
90138.0
90139.0
90141.0
90177.0
90181.0
90182.0
90195.0
90198.0
90207.0
90208.0
90237.0
90241.0
90242.0
90255.0
90258.0
90297.0
90300.0
90301.0
90302.0
90303.0
90315.0
90316.0
90318.0
90319.0
90357.0
90361.0
90362.0
90375.0
90378.0
90379.0
90417.0
90421.0
90422.0
90423.0
90431.0
90432.0
90436.0
90438.0
90468.0
90477.0
90480.0
90481.0
90482.0
90495.0
90498.0
90510.0
90537.0
90541.0
90542.0
90543.0
90555.0
90558.0
90597.0
90601.0
90602.0
90603.0
90616.0
90618.0
90619.0
90660.0
90661.0
90662.0
90663.0
90664.0
90676.0
90678.0
90679.0
90717.0
90721.0
90723.0
90735.0
90738.0
90739.0
90777.0
90781.0
90782.0
90783.0
90796.0
90798.0
90837.0
90841.0
90856.0
90857.0
90858.0
90861.0
90862.0
90866.0
90867.0
90868.0
90870.0
90871.0
90872.0
90876.0
90877.0
90880.0
90881.0
90882.0
90886.0
90887.0
90891.0
90896.0
90901.0
90902.0
90915.0
90916.0
90918.0
90957.0
90959.0
90960.0
90962.0
90974.0
90975.0
90976.0
90978.0
90979.0
91017.0
91021.0
91022.0
91024.0
91035.0
91038.0
91068.0
91077.0
91082.0
91083.0
91095.0
91099.0
91106.0
91137.0
91141.0
91142.0
91143.0
91155.0
91157.0
91158.0
91159.0
91197.0
91201.0
91202.0
91203.0
91215.0
91218.0
91262.0
91263.0
91275.0
91278.0
91322.0
91323.0
91333.0
91335.0
91338.0
91339.0
91382.0
91383.0
91395.0
91398.0
91408.0
91409.0
91442.0
91455.0
91458.0
91488.0
91502.0
91504.0
91515.0
91518.0
91548.0
91562.0
91563.0
91575.0
91578.0
91579.0
91622.0
91635.0
91637.0
91638.0
91682.0
91684.0
91695.0
91698.0
91742.0
91755.0
91758.0
91802.0
91815.0
91818.0
91862.0
91863.0
91872.0
91875.0
91877.0
91878.0
91922.0
91923.0
91935.0
91936.0
91937.0
91938.0
91939.0
91982.0
91995.0
92005.0
92042.0
92043.0
92055.0
92056.0
92102.0
92103.0
92115.0
92116.0
92163.0
92175.0
92235.0
92282.0
92283.0
92295.0
92342.0
92343.0
92355.0
92356.0
92403.0
92415.0
92416.0
92462.0
92475.0
92476.0
92480.0
92481.0
92522.0
92523.0
92536.0
92582.0
92583.0
92595.0
92613.0
92614.0
92642.0
92643.0
92655.0
92702.0
92715.0
92716.0
92762.0
92764.0
92771.0
92775.0
92776.0
92823.0
92835.0
92836.0
92862.0
92883.0
92884.0
92892.0
92895.0
92897.0
92898.0
92916.0
92921.0
92922.0
92935.0
92952.0
92955.0
92958.0
92980.0
92983.0
93015.0
93018.0
93041.0
93042.0
93043.0
93073.0
93078.0
93101.0
93102.0
93107.0
93108.0
93138.0
93139.0
93163.0
93166.0
93167.0
93188.0
93193.0
93198.0
93218.0
93220.0
93221.0
93258.0
93266.0
93277.0
93283.0
93284.0
93285.0
93318.0
93343.0
93347.0
93364.0
93378.0
93379.0
93401.0
93406.0
93438.0
93439.0
93459.0
93460.0
93479.0
93489.0
93497.0
93498.0
93518.0
93523.0
93525.0
93552.0
93558.0
93559.0
93580.0
93581.0
93583.0
93618.0
93639.0
93642.0
93644.0
93675.0
93678.0
93701.0
93735.0
93738.0
93764.0
93798.0
93858.0
93859.0
93918.0
93978.0
94038.0
94040.0
94097.0
94098.0
94099.0
94106.0
94158.0
94201.0
94202.0
94203.0
94215.0
94216.0
94218.0
94258.0
94261.0
94262.0
94263.0
94275.0
94276.0
94278.0
94318.0
94321.0
94322.0
94323.0
94335.0
94338.0
94378.0
94381.0
94382.0
94383.0
94395.0
94396.0
94398.0
94399.0
94438.0
94441.0
94442.0
94443.0
94455.0
94458.0
94500.0
94501.0
94502.0
94503.0
94515.0
94518.0
94519.0
94558.0
94561.0
94562.0
94563.0
94575.0
94576.0
94578.0
94617.0
94618.0
94621.0
94622.0
94623.0
94635.0
94638.0
94677.0
94681.0
94683.0
94695.0
94698.0
94702.0
94703.0
94737.0
94740.0
94741.0
94742.0
94743.0
94744.0
94755.0
94756.0
94758.0
94797.0
94800.0
94801.0
94803.0
94816.0
94818.0
94861.0
94862.0
94863.0
94875.0
94876.0
94878.0
94918.0
94920.0
94922.0
94923.0
94926.0
94927.0
94938.0
94978.0
94981.0
94983.0
94984.0
94996.0
94998.0
95005.0
95037.0
95041.0
95042.0
95043.0
95055.0
95056.0
95058.0
95097.0
95101.0
95103.0
95115.0
95116.0
95118.0
95119.0
95157.0
95160.0
95161.0
95162.0
95163.0
95175.0
95176.0
95178.0
95179.0
95218.0
95221.0
95222.0
95223.0
95235.0
95236.0
95238.0
95278.0
95280.0
95283.0
95295.0
95296.0
95298.0
95338.0
95343.0
95355.0
95356.0
95358.0
95403.0
95415.0
95416.0
95418.0
95419.0
95462.0
95463.0
95464.0
95468.0
95469.0
95475.0
95476.0
95478.0
95522.0
95523.0
95535.0
95536.0
95538.0
95539.0
95582.0
95583.0
95595.0
95596.0
95598.0
95599.0
95602.0
95603.0
95642.0
95643.0
95655.0
95656.0
95658.0
95702.0
95703.0
95715.0
95718.0
95734.0
95763.0
95764.0
95775.0
95776.0
95778.0
95779.0
95822.0
95823.0
95836.0
95838.0
95839.0
95882.0
95883.0
95895.0
95898.0
95899.0
95904.0
95942.0
95955.0
95956.0
95958.0
95959.0
96002.0
96003.0
96016.0
96017.0
96018.0
96019.0
96038.0
96063.0
96075.0
96076.0
96081.0
96123.0
96124.0
96135.0
96136.0
96183.0
96184.0
96196.0
96213.0
96214.0
96242.0
96243.0
96256.0
96303.0
96316.0
96362.0
96363.0
96367.0
96368.0
96423.0
96435.0
96482.0
96483.0
96495.0
96496.0
96543.0
96555.0
96603.0
96616.0
96662.0
96663.0
96675.0
96676.0
96722.0
96735.0
96736.0
96783.0
96784.0
96796.0
96843.0
96855.0
96902.0
96903.0
96916.0
96917.0
96962.0
96963.0
96972.0
96975.0
96976.0
96978.0
96979.0
97000.0
97001.0
97002.0
97003.0
97020.0
97035.0
97036.0
97038.0
97064.0
97095.0
97096.0
97098.0
97099.0
97122.0
97123.0
97152.0
97158.0
97179.0
97180.0
97181.0
97182.0
97213.0
97218.0
97219.0
97220.0
97238.0
97239.0
97243.0
97278.0
97299.0
97301.0
97302.0
97338.0
97339.0
97362.0
97363.0
97398.0
97420.0
97421.0
97422.0
97423.0
97440.0
97441.0
97452.0
97467.0
97477.0
97479.0
97480.0
97495.0
97496.0
97497.0
97519.0
97520.0
97542.0
97556.0
97578.0
97601.0
97603.0
97632.0
97638.0
97660.0
97662.0
97663.0
97667.0
97698.0
97702.0
97722.0
97724.0
97762.0
97785.0
97786.0
97815.0
97818.0
97998.0
98058.0
98118.0
98119.0
98178.0
98179.0
98238.0
98239.0
98282.0
98283.0
98295.0
98296.0
98298.0
98299.0
98341.0
98342.0
98343.0
98355.0
98358.0
98401.0
98402.0
98403.0
98415.0
98416.0
98418.0
98419.0
98462.0
98463.0
98475.0
98476.0
98478.0
98479.0
98517.0
98522.0
98526.0
98535.0
98538.0
98539.0
98582.0
98583.0
98595.0
98596.0
98598.0
98601.0
98641.0
98642.0
98643.0
98655.0
98656.0
98658.0
98702.0
98703.0
98715.0
98718.0
98719.0
98762.0
98763.0
98775.0
98776.0
98778.0
98779.0
98821.0
98822.0
98823.0
98835.0
98836.0
98838.0
98868.0
98877.0
98881.0
98882.0
98883.0
98895.0
98896.0
98898.0
98937.0
98941.0
98942.0
98943.0
98955.0
98956.0
98958.0
98997.0
99001.0
99002.0
99003.0
99015.0
99016.0
99018.0
99057.0
99061.0
99062.0
99064.0
99076.0
99078.0
99079.0
99117.0
99121.0
99122.0
99123.0
99135.0
99138.0
99177.0
99181.0
99182.0
99183.0
99196.0
99197.0
99198.0
99237.0
99241.0
99242.0
99243.0
99256.0
99258.0
99259.0
99297.0
99301.0
99302.0
99303.0
99316.0
99318.0
99361.0
99362.0
99363.0
99376.0
99378.0
99408.0
99417.0
99422.0
99423.0
99435.0
99436.0
99438.0
99439.0
99468.0
99477.0
99483.0
99496.0
99498.0
99499.0
99500.0
99543.0
99556.0
99558.0
99602.0
99603.0
99616.0
99617.0
99618.0
99663.0
99675.0
99676.0
99678.0
99679.0
99681.0
99682.0
99723.0
99735.0
99738.0
99739.0
99783.0
99795.0
99796.0
99798.0
99799.0
99813.0
99814.0
99843.0
99844.0
99856.0
99858.0
99859.0
99903.0
99916.0
99918.0
99919.0
99963.0
99964.0
99978.0
99979.0
100023.0
100035.0
100036.0
100038.0
100039.0
100082.0
100083.0
100095.0
100096.0
100098.0
100115.0
100117.0
100135.0
100143.0
100156.0
100202.0
100203.0
100215.0
100216.0
100262.0
100263.0
100275.0
100276.0
100278.0
100323.0
100335.0
100336.0
100337.0
100383.0
100395.0
100432.0
100434.0
100455.0
100456.0
100503.0
100516.0
100563.0
100567.0
100568.0
100576.0
100623.0
100635.0
100636.0
100683.0
100695.0
100696.0
100742.0
100743.0
100755.0
100756.0
100803.0
100804.0
100816.0
100862.0
100863.0
100876.0
100922.0
100923.0
100935.0
100936.0
100983.0
100984.0
100995.0
100996.0
101044.0
101055.0
101056.0
101071.0
101084.0
101103.0
101111.0
101115.0
101116.0
101118.0
101157.0
101159.0
101173.0
101178.0
101179.0
101180.0
101188.0
101189.0
101203.0
101231.0
101232.0
101236.0
101238.0
101239.0
101262.0
101263.0
101264.0
101292.0
101294.0
101298.0
101299.0
101353.0
101358.0
101359.0
101380.0
101411.0
101412.0
101418.0
101419.0
101442.0
101471.0
101478.0
101479.0
101484.0
101499.0
101503.0
101506.0
101531.0
101538.0
101539.0
101561.0
101562.0
101564.0
101591.0
101598.0
101599.0
101621.0
101622.0
101623.0
101658.0
101659.0
101683.0
101684.0
101711.0
101715.0
101718.0
101741.0
101742.0
101743.0
101753.0
101756.0
101778.0
101779.0
101782.0
101790.0
101800.0
101803.0
101823.0
101833.0
101838.0
101839.0
101863.0
101893.0
101898.0
101899.0
101941.0
101958.0
101971.0
102000.0
102018.0
102019.0
102078.0
102079.0
102138.0
102139.0
102197.0
102198.0
102199.0
102258.0
102318.0
102319.0
102362.0
102375.0
102376.0
102379.0
102409.0
102418.0
102421.0
102422.0
102423.0
102436.0
102438.0
102439.0
102481.0
102483.0
102495.0
102496.0
102498.0
102499.0
102538.0
102541.0
102542.0
102543.0
102555.0
102556.0
102558.0
102601.0
102602.0
102603.0
102604.0
102615.0
102616.0
102618.0
102658.0
102660.0
102661.0
102662.0
102663.0
102676.0
102678.0
102679.0
102721.0
102722.0
102723.0
102735.0
102736.0
102738.0
102781.0
102782.0
102783.0
102793.0
102794.0
102795.0
102796.0
102798.0
102799.0
102838.0
102840.0
102841.0
102842.0
102843.0
102844.0
102855.0
102856.0
102858.0
102859.0
102901.0
102902.0
102903.0
102915.0
102916.0
102918.0
102920.0
102958.0
102961.0
102962.0
102963.0
102975.0
102977.0
102978.0
102979.0
103016.0
103018.0
103021.0
103022.0
103023.0
103035.0
103036.0
103038.0
103039.0
103078.0
103080.0
103081.0
103083.0
103095.0
103096.0
103098.0
103099.0
103138.0
103141.0
103142.0
103143.0
103144.0
103155.0
103156.0
103158.0
103159.0
103198.0
103201.0
103203.0
103204.0
103216.0
103218.0
103258.0
103261.0
103262.0
103263.0
103276.0
103278.0
103279.0
103280.0
103281.0
103282.0
103318.0
103321.0
103323.0
103335.0
103336.0
103338.0
103377.0
103381.0
103383.0
103395.0
103398.0
103399.0
103413.0
103414.0
103438.0
103441.0
103442.0
103443.0
103456.0
103458.0
103459.0
103498.0
103503.0
103516.0
103518.0
103519.0
103558.0
103559.0
103562.0
103563.0
103576.0
103577.0
103578.0
103579.0
103622.0
103636.0
103638.0
103639.0
103683.0
103696.0
103698.0
103699.0
103716.0
103717.0
103718.0
103735.0
103743.0
103744.0
103756.0
103758.0
103759.0
103803.0
103816.0
103818.0
103819.0
103820.0
103862.0
103863.0
103876.0
103878.0
103879.0
103923.0
103936.0
103937.0
103938.0
103939.0
103995.0
103996.0
103998.0
103999.0
104043.0
104056.0
104058.0
104059.0
104116.0
104118.0
104119.0
104163.0
104175.0
104176.0
104178.0
104179.0
104222.0
104223.0
104235.0
104238.0
104239.0
104295.0
104343.0
104356.0
104403.0
104404.0
104415.0
104416.0
104458.0
104462.0
104463.0
104475.0
104522.0
104523.0
104535.0
104536.0
104537.0
104583.0
104591.0
104595.0
104596.0
104643.0
104656.0
104703.0
104704.0
104715.0
104716.0
104762.0
104763.0
104775.0
104776.0
104822.0
104823.0
104835.0
104836.0
104882.0
104883.0
104895.0
104896.0
104942.0
104943.0
104955.0
104956.0
105002.0
105003.0
105015.0
105016.0
105062.0
105063.0
105064.0
105075.0
105076.0
105122.0
105123.0
105134.0
105135.0
105136.0
105151.0
105152.0
105154.0
105156.0
105163.0
105182.0
105183.0
105184.0
105193.0
105195.0
105196.0
105197.0
105198.0
105199.0
105222.0
105252.0
105253.0
105255.0
105256.0
105258.0
105259.0
105267.0
105283.0
105284.0
105287.0
105289.0
105311.0
105312.0
105315.0
105316.0
105318.0
105319.0
105320.0
105341.0
105342.0
105371.0
105373.0
105378.0
105379.0
105401.0
105432.0
105438.0
105439.0
105461.0
105462.0
105491.0
105492.0
105493.0
105498.0
105499.0
105552.0
105558.0
105559.0
105570.0
105583.0
105587.0
105590.0
105592.0
105612.0
105618.0
105642.0
105643.0
105648.0
105672.0
105673.0
105678.0
105701.0
105702.0
105707.0
105721.0
105735.0
105736.0
105737.0
105738.0
105739.0
105747.0
105759.0
105762.0
105763.0
105764.0
105765.0
105792.0
105793.0
105794.0
105798.0
105799.0
105800.0
105818.0
105821.0
105822.0
105823.0
105824.0
105858.0
105859.0
105878.0
105882.0
105883.0
105913.0
105918.0
105942.0
105943.0
105960.0
105978.0
105979.0
106001.0
106003.0
106018.0
106038.0
106039.0
106098.0
106158.0
106159.0
106218.0
106219.0
106278.0
106279.0
106280.0
106338.0
106368.0
106398.0
106428.0
106458.0
106459.0
106460.0
106472.0
106485.0
106497.0
106501.0
106502.0
106503.0
106515.0
106516.0
106518.0
106548.0
106556.0
106557.0
106561.0
106562.0
106563.0
106564.0
106567.0
106569.0
106571.0
106575.0
106576.0
106578.0
106579.0
106612.0
106616.0
106617.0
106621.0
106622.0
106623.0
106635.0
106636.0
106638.0
106639.0
106677.0
106681.0
106682.0
106692.0
106695.0
106696.0
106698.0
106699.0
106737.0
106741.0
106742.0
106743.0
106752.0
106755.0
106756.0
106758.0
106759.0
106797.0
106801.0
106802.0
106815.0
106818.0
106819.0
106848.0
106857.0
106861.0
106862.0
106876.0
106878.0
106880.0
106881.0
106917.0
106921.0
106922.0
106923.0
106935.0
106938.0
106939.0
106977.0
106981.0
106982.0
106983.0
106995.0
106996.0
106998.0
106999.0
107013.0
107014.0
107037.0
107041.0
107042.0
107043.0
107056.0
107058.0
107059.0
107097.0
107100.0
107101.0
107102.0
107103.0
107115.0
107116.0
107118.0
107149.0
107155.0
107156.0
107157.0
107161.0
107162.0
107163.0
107175.0
107176.0
107178.0
107179.0
107217.0
107221.0
107223.0
107224.0
107235.0
107236.0
107238.0
107277.0
107281.0
107282.0
107283.0
107288.0
107295.0
107296.0
107298.0
107299.0
107300.0
107316.0
107317.0
107328.0
107335.0
107337.0
107341.0
107342.0
107343.0
107356.0
107357.0
107359.0
107397.0
107401.0
107402.0
107403.0
107415.0
107418.0
107419.0
107457.0
107461.0
107463.0
107475.0
107478.0
107479.0
107512.0
107516.0
107517.0
107521.0
107523.0
107524.0
107535.0
107536.0
107538.0
107539.0
107577.0
107581.0
107582.0
107591.0
107596.0
107598.0
107599.0
107637.0
107642.0
107643.0
107656.0
107658.0
107659.0
107660.0
107697.0
107702.0
107703.0
107715.0
107718.0
107719.0
107763.0
107775.0
107776.0
107779.0
107822.0
107823.0
107836.0
107838.0
107839.0
107883.0
107895.0
107896.0
107899.0
107956.0
107959.0
107960.0
108016.0
108018.0
108054.0
108062.0
108063.0
108076.0
108077.0
108078.0
108079.0
108123.0
108124.0
108135.0
108136.0
108137.0
108138.0
108139.0
108196.0
108199.0
108242.0
108243.0
108257.0
108259.0
108303.0
108316.0
108319.0
108362.0
108363.0
108364.0
108422.0
108423.0
108436.0
108482.0
108483.0
108497.0
108542.0
108543.0
108544.0
108555.0
108556.0
108602.0
108603.0
108616.0
108662.0
108663.0
108675.0
108676.0
108722.0
108723.0
108735.0
108736.0
108783.0
108795.0
108796.0
108842.0
108843.0
108855.0
108856.0
108902.0
108903.0
108916.0
108962.0
108963.0
108964.0
108976.0
109023.0
109024.0
109036.0
109082.0
109083.0
109084.0
109086.0
109087.0
109096.0
109143.0
109155.0
109156.0
109203.0
109215.0
109216.0
109241.0
109243.0
109246.0
109263.0
109275.0
109276.0
109278.0
109279.0
109280.0
109333.0
109336.0
109339.0
109355.0
109362.0
109363.0
109364.0
109365.0
109385.0
109389.0
109392.0
109395.0
109396.0
109398.0
109399.0
109424.0
109449.0
109454.0
109458.0
109459.0
109481.0
109482.0
109483.0
109512.0
109513.0
109514.0
109518.0
109519.0
109520.0
109543.0
109546.0
109573.0
109578.0
109579.0
109603.0
109632.0
109633.0
109638.0
109639.0
109662.0
109663.0
109664.0
109698.0
109699.0
109722.0
109723.0
109724.0
109758.0
109759.0
109782.0
109783.0
109784.0
109785.0
109813.0
109818.0
109819.0
109842.0
109843.0
109872.0
109878.0
109879.0
109900.0
109901.0
109903.0
109938.0
109939.0
109962.0
109963.0
109964.0
109998.0
109999.0
110000.0
110022.0
110023.0
110025.0
110059.0
110082.0
110083.0
110084.0
110085.0
110119.0
110178.0
110179.0
110239.0
110240.0
110288.0
110289.0
110299.0
110359.0
110360.0
110419.0
110449.0
110479.0
110539.0
110540.0
110566.0
110581.0
110582.0
110583.0
110596.0
110599.0
110612.0
110613.0
110614.0
110629.0
110641.0
110642.0
110643.0
110656.0
110658.0
110659.0
110661.0
110701.0
110702.0
110703.0
110715.0
110719.0
110720.0
110751.0
110761.0
110762.0
110763.0
110775.0
110776.0
110779.0
110780.0
110822.0
110823.0
110835.0
110836.0
110839.0
110882.0
110883.0
110884.0
110895.0
110896.0
110899.0
110916.0
110935.0
110941.0
110943.0
110956.0
110959.0
111001.0
111003.0
111015.0
111016.0
111018.0
111019.0
111061.0
111062.0
111063.0
111075.0
111076.0
111078.0
111079.0
111111.0
111113.0
111122.0
111123.0
111136.0
111138.0
111139.0
111181.0
111183.0
111184.0
111187.0
111196.0
111199.0
111241.0
111242.0
111243.0
111255.0
111256.0
111258.0
111259.0
111301.0
111302.0
111303.0
111316.0
111319.0
111361.0
111362.0
111363.0
111375.0
111376.0
111378.0
111379.0
111380.0
111421.0
111422.0
111423.0
111435.0
111436.0
111439.0
111480.0
111481.0
111482.0
111483.0
111495.0
111498.0
111499.0
111543.0
111544.0
111555.0
111556.0
111559.0
111601.0
111603.0
111615.0
111616.0
111618.0
111619.0
111620.0
111650.0
111662.0
111663.0
111676.0
111678.0
111679.0
111723.0
111736.0
111738.0
111739.0
111783.0
111796.0
111798.0
111799.0
111843.0
111844.0
111856.0
111858.0
111859.0
111903.0
111916.0
111918.0
111919.0
111963.0
111977.0
111978.0
111979.0
112036.0
112039.0
112083.0
112084.0
112086.0
112096.0
112099.0
112143.0
112156.0
112159.0
112160.0
112203.0
112216.0
112218.0
112219.0
112263.0
112264.0
112276.0
112278.0
112280.0
112323.0
112336.0
112339.0
112383.0
112384.0
112397.0
112399.0
112442.0
112443.0
112453.0
112456.0
112503.0
112516.0
112549.0
112575.0
112576.0
112623.0
112636.0
112637.0
112682.0
112683.0
112684.0
112696.0
112743.0
112756.0
112803.0
112816.0
112863.0
112876.0
112923.0
112924.0
112936.0
112983.0
112996.0
113042.0
113043.0
113056.0
113057.0
113103.0
113115.0
113116.0
113117.0
113162.0
113175.0
113176.0
113223.0
113236.0
113237.0
113283.0
113293.0
113296.0
113297.0
113323.0
113343.0
113344.0
113354.0
113356.0
113359.0
113360.0
113401.0
113411.0
113412.0
113416.0
113418.0
113419.0
113430.0
113443.0
113472.0
113475.0
113476.0
113477.0
113478.0
113479.0
113489.0
113518.0
113530.0
113538.0
113539.0
113548.0
113562.0
113579.0
113598.0
113599.0
113600.0
113623.0
113637.0
113654.0
113658.0
113659.0
113661.0
113667.0
113712.0
113713.0
113718.0
113719.0
113771.0
113774.0
113778.0
113779.0
113780.0
113788.0
113801.0
113806.0
113818.0
113834.0
113839.0
113850.0
113880.0
113884.0
113892.0
113894.0
113899.0
113909.0
113921.0
113940.0
113951.0
113959.0
113964.0
113998.0
114011.0
114012.0
114019.0
114058.0
114070.0
114079.0
114131.0
114138.0
114139.0
114157.0
114159.0
114161.0
114198.0
114199.0
114200.0
114259.0
114318.0
114319.0
114320.0
114379.0
114380.0
114439.0
114498.0
114499.0
114516.0
114517.0
114559.0
114619.0
114661.0
114662.0
114663.0
114675.0
114676.0
114678.0
114679.0
114706.0
114707.0
114721.0
114722.0
114723.0
114724.0
114736.0
114738.0
114739.0
114740.0
114781.0
114782.0
114783.0
114784.0
114796.0
114799.0
114841.0
114842.0
114843.0
114844.0
114855.0
114856.0
114858.0
114859.0
114901.0
114902.0
114903.0
114916.0
114918.0
114919.0
114920.0
114957.0
114961.0
114962.0
114963.0
114976.0
114977.0
114979.0
115021.0
115022.0
115023.0
115035.0
115036.0
115039.0
115081.0
115082.0
115083.0
115096.0
115099.0
115142.0
115155.0
115157.0
115158.0
115159.0
115201.0
115202.0
115203.0
115216.0
115218.0
115219.0
115246.0
115261.0
115263.0
115276.0
115277.0
115278.0
115279.0
115280.0
115321.0
115322.0
115335.0
115336.0
115337.0
115339.0
115379.0
115381.0
115382.0
115383.0
115396.0
115398.0
115399.0
115441.0
115442.0
115456.0
115459.0
115501.0
115502.0
115503.0
115516.0
115517.0
115519.0
115520.0
115561.0
115562.0
115563.0
115564.0
115576.0
115579.0
115602.0
115606.0
115621.0
115622.0
115623.0
115624.0
115636.0
115638.0
115639.0
115640.0
115681.0
115682.0
115683.0
115696.0
115699.0
115742.0
115743.0
115756.0
115757.0
115759.0
115802.0
115803.0
115816.0
115819.0
115862.0
115863.0
115876.0
115879.0
115923.0
115924.0
115936.0
115937.0
115938.0
115939.0
115983.0
115996.0
115999.0
116000.0
116043.0
116056.0
116059.0
116060.0
116103.0
116116.0
116119.0
116120.0
116145.0
116146.0
116163.0
116176.0
116177.0
116179.0
116223.0
116224.0
116235.0
116236.0
116239.0
116278.0
116283.0
116295.0
116296.0
116299.0
116343.0
116344.0
116356.0
116359.0
116360.0
116403.0
116416.0
116419.0
116420.0
116463.0
116464.0
116476.0
116479.0
116523.0
116536.0
116538.0
116539.0
116581.0
116583.0
116584.0
116596.0
116643.0
116644.0
116656.0
116703.0
116704.0
116763.0
116777.0
116823.0
116824.0
116836.0
116883.0
116896.0
116943.0
116956.0
117003.0
117016.0
117063.0
117123.0
117124.0
117136.0
117177.0
117183.0
117243.0
117256.0
117257.0
117303.0
117316.0
117318.0
117363.0
117375.0
117376.0
117377.0
117424.0
117429.0
117430.0
117436.0
117460.0
117461.0
117480.0
117483.0
117495.0
117496.0
117499.0
117525.0
117547.0
117556.0
117557.0
117559.0
117560.0
117561.0
117577.0
117578.0
117593.0
117610.0
117616.0
117617.0
117619.0
117640.0
117641.0
117667.0
117679.0
117697.0
117698.0
117719.0
117720.0
117739.0
117750.0
117784.0
117799.0
117814.0
117841.0
117859.0
117870.0
117871.0
117872.0
117919.0
117920.0
117927.0
117979.0
117980.0
117982.0
118040.0
118041.0
118042.0
118098.0
118099.0
118100.0
118104.0
118105.0
118116.0
118128.0
118159.0
118169.0
118193.0
118207.0
118219.0
118237.0
118238.0
118257.0
118279.0
118294.0
118340.0
118379.0
118400.0
118401.0
118518.0
118519.0
118699.0
118757.0
118758.0
118759.0
118801.0
118803.0
118816.0
118819.0
118842.0
118862.0
118863.0
118920.0
118921.0
118923.0
118935.0
118936.0
118938.0
118939.0
118975.0
118981.0
118983.0
118996.0
119041.0
119042.0
119043.0
119060.0
119061.0
119062.0
119101.0
119103.0
119118.0
119163.0
119179.0
119202.0
119203.0
119221.0
119223.0
119236.0
119278.0
119281.0
119283.0
119284.0
119296.0
119297.0
119298.0
119299.0
119342.0
119343.0
119356.0
119403.0
119416.0
119419.0
119463.0
119476.0
119521.0
119523.0
119536.0
119539.0
119583.0
119596.0
119599.0
119643.0
119656.0
119659.0
119660.0
119703.0
119704.0
119716.0
119719.0
119720.0
119742.0
119761.0
119763.0
119776.0
119778.0
119779.0
119823.0
119824.0
119836.0
119839.0
119874.0
119875.0
119882.0
119883.0
119896.0
119898.0
119899.0
119943.0
119956.0
119957.0
119959.0
119960.0
120003.0
120016.0
120019.0
120063.0
120076.0
120079.0
120123.0
120136.0
120139.0
120140.0
120177.0
120178.0
120183.0
120184.0
120196.0
120199.0
120243.0
120256.0
120259.0
120303.0
120316.0
120317.0
120319.0
120363.0
120376.0
120379.0
120423.0
120424.0
120436.0
120439.0
120483.0
120484.0
120496.0
120499.0
120543.0
120556.0
120557.0
120559.0
120603.0
120616.0
120617.0
120619.0
120663.0
120676.0
120723.0
120736.0
120773.0
120783.0
120796.0
120843.0
120856.0
120903.0
120916.0
120964.0
120976.0
121023.0
121036.0
121083.0
121096.0
121097.0
121143.0
121156.0
121203.0
121216.0
121263.0
121276.0
121277.0
121280.0
121323.0
121336.0
121383.0
121396.0
121413.0
121443.0
121456.0
121503.0
121516.0
121529.0
121539.0
121557.0
121558.0
121563.0
121564.0
121576.0
121579.0
121591.0
121592.0
121599.0
121600.0
121636.0
121639.0
121644.0
121673.0
121696.0
121699.0
121711.0
121715.0
121716.0
121738.0
121759.0
121765.0
121766.0
121767.0
121803.0
121819.0
121828.0
121840.0
121863.0
121879.0
121892.0
121930.0
121931.0
121934.0
121935.0
121939.0
121940.0
121963.0
121964.0
121975.0
121999.0
122022.0
122023.0
122025.0
122059.0
122060.0
122088.0
122105.0
122106.0
122119.0
122134.0
122135.0
122162.0
122179.0
122191.0
122245.0
122246.0
122296.0
122299.0
122305.0
122306.0
122340.0
122359.0
122366.0
122403.0
122465.0
122479.0
122599.0
122779.0
122839.0
122874.0
122875.0
122881.0
122882.0
122883.0
122884.0
122896.0
122899.0
122900.0
122941.0
122942.0
122943.0
122956.0
122959.0
123001.0
123002.0
123003.0
123016.0
123017.0
123019.0
123063.0
123076.0
123079.0
123116.0
123117.0
123120.0
123122.0
123123.0
123136.0
123139.0
123140.0
123181.0
123183.0
123196.0
123199.0
123243.0
123256.0
123259.0
123260.0
123302.0
123303.0
123316.0
123317.0
123319.0
123320.0
123337.0
123363.0
123376.0
123379.0
123421.0
123423.0
123436.0
123439.0
123483.0
123496.0
123497.0
123499.0
123543.0
123556.0
123559.0
123600.0
123601.0
123602.0
123603.0
123616.0
123619.0
123661.0
123662.0
123663.0
123676.0
123679.0
123696.0
123697.0
123721.0
123722.0
123723.0
123724.0
123736.0
123738.0
123739.0
123773.0
123781.0
123782.0
123783.0
123796.0
123799.0
123800.0
123841.0
123842.0
123843.0
123856.0
123859.0
123901.0
123902.0
123903.0
123916.0
123917.0
123919.0
123961.0
123962.0
123963.0
123976.0
123979.0
124022.0
124023.0
124036.0
124039.0
124041.0
124082.0
124083.0
124084.0
124096.0
124099.0
124143.0
124156.0
124159.0
124160.0
124203.0
124204.0
124216.0
124217.0
124219.0
124220.0
124236.0
124263.0
124264.0
124276.0
124279.0
124323.0
124336.0
124337.0
124339.0
124369.0
124383.0
124384.0
124396.0
124397.0
124399.0
124443.0
124456.0
124459.0
124460.0
124503.0
124516.0
124519.0
124520.0
124563.0
124564.0
124576.0
124577.0
124579.0
124580.0
124623.0
124636.0
124639.0
124640.0
124672.0
124683.0
124697.0
124699.0
124700.0
124743.0
124756.0
124759.0
124803.0
124816.0
124863.0
124876.0
124880.0
124881.0
124923.0
124936.0
124983.0
124996.0
125013.0
125014.0
125043.0
125056.0
125104.0
125116.0
125135.0
125163.0
125176.0
125223.0
125236.0
125237.0
125283.0
125296.0
125343.0
125356.0
125416.0
125463.0
125476.0
125523.0
125524.0
125537.0
125583.0
125596.0
125610.0
125624.0
125625.0
125637.0
125638.0
125643.0
125645.0
125654.0
125655.0
125656.0
125659.0
125683.0
125684.0
125685.0
125698.0
125699.0
125710.0
125716.0
125717.0
125719.0
125739.0
125740.0
125752.0
125776.0
125777.0
125778.0
125779.0
125807.0
125808.0
125834.0
125839.0
125861.0
125862.0
125864.0
125887.0
125899.0
125916.0
125952.0
125959.0
125960.0
125980.0
125981.0
126008.0
126019.0
126020.0
126037.0
126062.0
126079.0
126080.0
126091.0
126138.0
126139.0
126140.0
126144.0
126158.0
126200.0
126201.0
126202.0
126231.0
126259.0
126261.0
126293.0
126319.0
126320.0
126324.0
126365.0
126379.0
126380.0
126389.0
126390.0
126406.0
126416.0
126435.0
126439.0
126440.0
126470.0
126499.0
126500.0
126560.0
126619.0
126679.0
126680.0
126739.0
126740.0
126799.0
126800.0
126859.0
126860.0
126919.0
126920.0
126961.0
126963.0
126976.0
126979.0
126980.0
127021.0
127023.0
127036.0
127039.0
127040.0
127066.0
127081.0
127083.0
127084.0
127096.0
127099.0
127100.0
127141.0
127143.0
127156.0
127159.0
127160.0
127201.0
127202.0
127203.0
127216.0
127219.0
127220.0
127260.0
127261.0
127263.0
127264.0
127276.0
127279.0
127280.0
127291.0
127293.0
127321.0
127323.0
127336.0
127339.0
127369.0
127381.0
127383.0
127396.0
127397.0
127399.0
127441.0
127443.0
127456.0
127457.0
127459.0
127501.0
127502.0
127503.0
127516.0
127519.0
127520.0
127561.0
127563.0
127576.0
127579.0
127621.0
127623.0
127636.0
127639.0
127681.0
127683.0
127696.0
127699.0
127700.0
127741.0
127743.0
127756.0
127757.0
127759.0
127760.0
127801.0
127803.0
127816.0
127819.0
127832.0
127861.0
127863.0
127876.0
127879.0
127880.0
127921.0
127923.0
127936.0
127939.0
127965.0
127980.0
127981.0
127983.0
127996.0
127999.0
128041.0
128042.0
128043.0
128044.0
128056.0
128059.0
128060.0
128103.0
128116.0
128119.0
128120.0
128163.0
128176.0
128177.0
128179.0
128180.0
128223.0
128224.0
128236.0
128239.0
128240.0
128268.0
128283.0
128296.0
128297.0
128299.0
128300.0
128343.0
128356.0
128359.0
128360.0
128403.0
128416.0
128419.0
128463.0
128464.0
128476.0
128479.0
128480.0
128481.0
128523.0
128536.0
128539.0
128540.0
128583.0
128596.0
128599.0
128600.0
128613.0
128614.0
128643.0
128656.0
128659.0
128660.0
128703.0
128716.0
128719.0
128731.0
128763.0
128776.0
128779.0
128780.0
128823.0
128836.0
128837.0
128839.0
128840.0
128864.0
128883.0
128896.0
128897.0
128943.0
128956.0
128960.0
129003.0
129016.0
129063.0
129076.0
129123.0
129136.0
129183.0
129196.0
129243.0
129244.0
129256.0
129303.0
129316.0
129317.0
129363.0
129376.0
129377.0
129436.0
129483.0
129496.0
129543.0
129556.0
129603.0
129616.0
129630.0
129663.0
129676.0
129736.0
129761.0
129762.0
129763.0
129764.0
129765.0
129766.0
129784.0
129792.0
129796.0
129797.0
129799.0
129800.0
129820.0
129821.0
129822.0
129859.0
129860.0
129881.0
129915.0
129919.0
129920.0
129943.0
129944.0
129975.0
129979.0
129980.0
130006.0
130007.0
130036.0
130039.0
130040.0
130065.0
130066.0
130099.0
130100.0
130108.0
130125.0
130131.0
130158.0
130159.0
130187.0
130190.0
130220.0
130247.0
130251.0
130278.0
130279.0
130280.0
130307.0
130310.0
130311.0
130340.0
130359.0
130363.0
130364.0
130399.0
130400.0
130413.0
130414.0
130415.0
130459.0
130460.0
130474.0
130518.0
130519.0
130520.0
130532.0
130546.0
130567.0
130579.0
130580.0
130597.0
130639.0
130640.0
130699.0
130700.0
130759.0
130760.0
130820.0
130879.0
130880.0
130939.0
130940.0
130965.0
130999.0
131041.0
131042.0
131043.0
131056.0
131060.0
131101.0
131102.0
131103.0
131104.0
131116.0
131119.0
131120.0
131161.0
131162.0
131163.0
131176.0
131179.0
131180.0
131221.0
131222.0
131223.0
131236.0
131239.0
131240.0
131281.0
131282.0
131283.0
131296.0
131299.0
131300.0
131341.0
131342.0
131343.0
131356.0
131359.0
131360.0
131401.0
131402.0
131403.0
131416.0
131417.0
131419.0
131420.0
131428.0
131461.0
131462.0
131463.0
131476.0
131479.0
131480.0
131521.0
131523.0
131536.0
131540.0
131541.0
131561.0
131582.0
131583.0
131584.0
131596.0
131597.0
131599.0
131641.0
131642.0
131643.0
131656.0
131657.0
131659.0
131660.0
131701.0
131703.0
131704.0
131716.0
131719.0
131720.0
131761.0
131762.0
131763.0
131776.0
131779.0
131780.0
131781.0
131786.0
131821.0
131822.0
131823.0
131836.0
131837.0
131839.0
131840.0
131864.0
131865.0
131881.0
131883.0
131896.0
131899.0
131900.0
131941.0
131942.0
131956.0
131959.0
131960.0
131961.0
132001.0
132002.0
132004.0
132016.0
132019.0
132020.0
132061.0
132062.0
132076.0
132079.0
132080.0
132121.0
132122.0
132123.0
132124.0
132136.0
132139.0
132140.0
132141.0
132182.0
132183.0
132197.0
132199.0
132200.0
132213.0
132214.0
132242.0
132243.0
132244.0
132256.0
132257.0
132259.0
132260.0
132303.0
132304.0
132320.0
132327.0
132363.0
132376.0
132380.0
132423.0
132424.0
132437.0
132439.0
132440.0
132460.0
132483.0
132496.0
132497.0
132499.0
132500.0
132515.0
132516.0
132517.0
132543.0
132544.0
132556.0
132557.0
132560.0
132616.0
132620.0
132663.0
132665.0
132677.0
132680.0
132723.0
132736.0
132737.0
132740.0
132763.0
132764.0
132783.0
132784.0
132798.0
132799.0
132800.0
132843.0
132856.0
132860.0
132861.0
132903.0
132904.0
132916.0
132917.0
132920.0
132963.0
132976.0
133023.0
133024.0
133036.0
133037.0
133083.0
133096.0
133143.0
133144.0
133203.0
133216.0
133226.0
133263.0
133276.0
133323.0
133337.0
133359.0
133360.0
133383.0
133384.0
133396.0
133397.0
133443.0
133456.0
133503.0
133504.0
133516.0
133563.0
133564.0
133576.0
133623.0
133636.0
133637.0
133683.0
133696.0
133743.0
133744.0
133756.0
133798.0
133803.0
133816.0
133834.0
133835.0
133836.0
133845.0
133863.0
133864.0
133876.0
133879.0
133880.0
133895.0
133923.0
133936.0
133937.0
133940.0
133941.0
133958.0
133965.0
133994.0
133996.0
133999.0
134000.0
134047.0
134048.0
134058.0
134059.0
134060.0
134076.0
134088.0
134105.0
134119.0
134120.0
134143.0
134160.0
134179.0
134180.0
134181.0
134194.0
134226.0
134239.0
134240.0
134253.0
134282.0
134283.0
134293.0
134294.0
134300.0
134312.0
134324.0
134325.0
134360.0
134382.0
134410.0
134411.0
134420.0
134421.0
134445.0
134473.0
134475.0
134480.0
134503.0
134529.0
134535.0
134539.0
134540.0
134547.0
134559.0
134561.0
134562.0
134563.0
134565.0
134577.0
134588.0
134594.0
134599.0
134652.0
134653.0
134659.0
134660.0
134688.0
134689.0
134717.0
134719.0
134720.0
134780.0
134839.0
134840.0
134899.0
134900.0
134959.0
134960.0
135019.0
135079.0
135080.0
135136.0
135139.0
135140.0
135154.0
135157.0
135182.0
135183.0
135196.0
135197.0
135199.0
135242.0
135243.0
135244.0
135256.0
135257.0
135259.0
135260.0
135302.0
135303.0
135316.0
135320.0
135361.0
135363.0
135376.0
135379.0
135380.0
135381.0
135383.0
135386.0
135421.0
135423.0
135424.0
135437.0
135439.0
135440.0
135460.0
135481.0
135482.0
135483.0
135496.0
135499.0
135500.0
135541.0
135542.0
135543.0
135556.0
135557.0
135558.0
135559.0
135560.0
135601.0
135603.0
135616.0
135619.0
135620.0
135661.0
135663.0
135676.0
135679.0
135680.0
135723.0
135736.0
135737.0
135738.0
135739.0
135740.0
135741.0
135781.0
135783.0
135784.0
135796.0
135797.0
135799.0
135800.0
135813.0
135841.0
135843.0
135856.0
135859.0
135860.0
135901.0
135903.0
135904.0
135916.0
135919.0
135920.0
135923.0
135961.0
135963.0
135964.0
135979.0
135980.0
136021.0
136023.0
136024.0
136036.0
136037.0
136040.0
136041.0
136056.0
136081.0
136083.0
136096.0
136097.0
136099.0
136100.0
136116.0
136117.0
136141.0
136143.0
136156.0
136159.0
136160.0
136203.0
136216.0
136219.0
136220.0
136263.0
136276.0
136279.0
136280.0
136283.0
136323.0
136336.0
136337.0
136339.0
136340.0
136359.0
136360.0
136383.0
136384.0
136396.0
136397.0
136400.0
136443.0
136456.0
136457.0
136459.0
136460.0
136503.0
136516.0
136517.0
136519.0
136520.0
136563.0
136564.0
136576.0
136579.0
136623.0
136636.0
136637.0
136639.0
136640.0
136684.0
136697.0
136699.0
136700.0
136743.0
136756.0
136759.0
136760.0
136803.0
136817.0
136819.0
136820.0
136822.0
136876.0
136879.0
136880.0
136936.0
136939.0
136940.0
136955.0
136983.0
136996.0
136997.0
137000.0
137044.0
137056.0
137103.0
137104.0
137116.0
137117.0
137163.0
137223.0
137283.0
137284.0
137296.0
137343.0
137356.0
137403.0
137416.0
137417.0
137463.0
137476.0
137477.0
137523.0
137536.0
137583.0
137596.0
137597.0
137643.0
137656.0
137657.0
137703.0
137716.0
137717.0
137721.0
137763.0
137776.0
137823.0
137824.0
137836.0
137837.0
137854.0
137883.0
137884.0
137896.0
137897.0
137903.0
137932.0
137934.0
137941.0
137943.0
137944.0
137956.0
137957.0
137959.0
137960.0
137962.0
137970.0
137973.0
137974.0
138014.0
138016.0
138017.0
138019.0
138020.0
138045.0
138046.0
138074.0
138076.0
138077.0
138079.0
138080.0
138105.0
138106.0
138123.0
138138.0
138139.0
138140.0
138153.0
138157.0
138168.0
138193.0
138194.0
138199.0
138200.0
138259.0
138279.0
138280.0
138283.0
138319.0
138333.0
138335.0
138339.0
138379.0
138380.0
138381.0
138396.0
138428.0
138430.0
138440.0
138441.0
138500.0
138520.0
138521.0
138522.0
138523.0
138554.0
138559.0
138560.0
138580.0
138584.0
138619.0
138620.0
138647.0
138648.0
138680.0
138704.0
138720.0
138721.0
138740.0
138751.0
138761.0
138767.0
138800.0
138860.0
138861.0
138919.0
138920.0
138979.0
138980.0
139040.0
139056.0
139100.0
139160.0
139220.0
139221.0
139233.0
139247.0
139260.0
139261.0
139262.0
139263.0
139276.0
139277.0
139278.0
139280.0
139281.0
139321.0
139322.0
139323.0
139324.0
139336.0
139337.0
139340.0
139341.0
139342.0
139346.0
139347.0
139382.0
139383.0
139384.0
139396.0
139397.0
139400.0
139412.0
139413.0
139440.0
139441.0
139443.0
139444.0
139456.0
139457.0
139460.0
139501.0
139502.0
139503.0
139517.0
139519.0
139520.0
139561.0
139562.0
139563.0
139577.0
139580.0
139581.0
139621.0
139622.0
139623.0
139624.0
139636.0
139637.0
139640.0
139641.0
139652.0
139681.0
139682.0
139683.0
139684.0
139696.0
139697.0
139700.0
139716.0
139717.0
139741.0
139742.0
139743.0
139744.0
139757.0
139760.0
139800.0
139801.0
139802.0
139803.0
139816.0
139820.0
139861.0
139862.0
139863.0
139864.0
139876.0
139877.0
139880.0
139881.0
139921.0
139922.0
139923.0
139936.0
139937.0
139940.0
139955.0
139981.0
139982.0
139983.0
139996.0
139997.0
139999.0
140000.0
140001.0
140041.0
140042.0
140044.0
140056.0
140057.0
140060.0
140101.0
140102.0
140103.0
140116.0
140117.0
140120.0
140121.0
140161.0
140162.0
140163.0
140164.0
140176.0
140177.0
140179.0
140180.0
140221.0
140222.0
140223.0
140224.0
140236.0
140237.0
140239.0
140240.0
140281.0
140282.0
140283.0
140284.0
140296.0
140300.0
140341.0
140343.0
140356.0
140357.0
140359.0
140360.0
140402.0
140403.0
140417.0
140418.0
140419.0
140420.0
140461.0
140463.0
140476.0
140477.0
140480.0
140523.0
140536.0
140537.0
140539.0
140540.0
140551.0
140583.0
140584.0
140596.0
140597.0
140599.0
140600.0
140643.0
140656.0
140657.0
140660.0
140703.0
140716.0
140720.0
140763.0
140776.0
140777.0
140780.0
140823.0
140824.0
140836.0
140837.0
140839.0
140840.0
140854.0
140883.0
140884.0
140896.0
140899.0
140900.0
140901.0
140943.0
140956.0
140957.0
140960.0
141003.0
141004.0
141016.0
141017.0
141020.0
141063.0
141076.0
141079.0
141080.0
141123.0
141124.0
141136.0
141139.0
141140.0
141183.0
141184.0
141196.0
141197.0
141243.0
141256.0
141257.0
141303.0
141304.0
141316.0
141317.0
141363.0
141376.0
141377.0
141423.0
141424.0
141436.0
141437.0
141450.0
141483.0
141484.0
141496.0
141497.0
141543.0
141544.0
141556.0
141557.0
141603.0
141604.0
141616.0
141617.0
141618.0
141663.0
141676.0
141677.0
141723.0
141724.0
141736.0
141737.0
141783.0
141784.0
141796.0
141797.0
141843.0
141856.0
141857.0
141903.0
141904.0
141917.0
141963.0
141976.0
141977.0
142016.0
142023.0
142024.0
142039.0
142040.0
142096.0
142097.0
142100.0
142157.0
142159.0
142160.0
142218.0
142219.0
142220.0
142250.0
142275.0
142280.0
142286.0
142307.0
142331.0
142332.0
142340.0
142341.0
142390.0
142400.0
142452.0
142453.0
142460.0
142515.0
142520.0
142521.0
142579.0
142580.0
142581.0
142593.0
142594.0
142640.0
142644.0
142645.0
142652.0
142700.0
142701.0
142711.0
142712.0
142736.0
142748.0
142760.0
142775.0
142820.0
142880.0
142940.0
143000.0
143060.0
143120.0
143121.0
143179.0
143180.0
143240.0
143300.0
143301.0
143316.0
143317.0
143341.0
143342.0
143343.0
143344.0
143356.0
143357.0
143360.0
143401.0
143402.0
143403.0
143404.0
143417.0
143420.0
143462.0
143463.0
143464.0
143476.0
143477.0
143478.0
143480.0
143521.0
143522.0
143523.0
143524.0
143537.0
143540.0
143551.0
143582.0
143583.0
143584.0
143596.0
143597.0
143600.0
143642.0
143643.0
143644.0
143656.0
143657.0
143660.0
143701.0
143703.0
143704.0
143717.0
143720.0
143721.0
143762.0
143764.0
143777.0
143780.0
143781.0
143822.0
143823.0
143836.0
143837.0
143839.0
143840.0
143882.0
143883.0
143896.0
143897.0
143900.0
143940.0
143941.0
143942.0
143943.0
143944.0
143956.0
143957.0
143960.0
143961.0
144001.0
144003.0
144014.0
144017.0
144020.0
144061.0
144062.0
144063.0
144077.0
144080.0
144081.0
144121.0
144122.0
144123.0
144124.0
144136.0
144137.0
144138.0
144139.0
144140.0
144147.0
144148.0
144181.0
144183.0
144184.0
144196.0
144197.0
144200.0
144241.0
144243.0
144244.0
144257.0
144260.0
144301.0
144303.0
144304.0
144316.0
144317.0
144320.0
144361.0
144363.0
144364.0
144372.0
144373.0
144376.0
144377.0
144380.0
144423.0
144424.0
144436.0
144437.0
144439.0
144440.0
144450.0
144451.0
144483.0
144484.0
144496.0
144497.0
144499.0
144500.0
144543.0
144544.0
144557.0
144560.0
144603.0
144604.0
144617.0
144620.0
144664.0
144677.0
144680.0
144723.0
144737.0
144740.0
144784.0
144797.0
144800.0
144801.0
144857.0
144860.0
144903.0
144904.0
144917.0
144920.0
144963.0
144964.0
144977.0
144980.0
144981.0
145024.0
145037.0
145040.0
145041.0
145046.0
145047.0
145083.0
145084.0
145097.0
145100.0
145144.0
145157.0
145160.0
145203.0
145217.0
145220.0
145277.0
145323.0
145324.0
145336.0
145383.0
145396.0
145397.0
145443.0
145444.0
145445.0
145456.0
145457.0
145503.0
145504.0
145517.0
145563.0
145564.0
145577.0
145623.0
145624.0
145636.0
145637.0
145683.0
145684.0
145696.0
145697.0
145743.0
145744.0
145757.0
145803.0
145812.0
145816.0
145817.0
145864.0
145877.0
145923.0
145924.0
145936.0
145945.0
145983.0
145984.0
145997.0
145998.0
146043.0
146045.0
146057.0
146174.0
146175.0
146177.0
146178.0
146180.0
146205.0
146215.0
146232.0
146233.0
146237.0
146240.0
146248.0
146263.0
146264.0
146271.0
146297.0
146300.0
146301.0
146324.0
146355.0
146356.0
146358.0
146360.0
146387.0
146420.0
146421.0
146457.0
146469.0
146480.0
146499.0
146540.0
146549.0
146550.0
146600.0
146607.0
146608.0
146660.0
146661.0
146662.0
146697.0
146720.0
146752.0
146778.0
146779.0
146780.0
146840.0
146841.0
146850.0
146899.0
146900.0
146901.0
146916.0
146917.0
146942.0
146960.0
146990.0
147020.0
147080.0
147081.0
147140.0
147147.0
147148.0
147201.0
147260.0
147320.0
147380.0
147381.0
147423.0
147436.0
147437.0
147440.0
147441.0
147481.0
147482.0
147483.0
147496.0
147497.0
147500.0
147541.0
147542.0
147556.0
147557.0
147560.0
147561.0
147601.0
147602.0
147603.0
147604.0
147610.0
147616.0
147617.0
147620.0
147661.0
147663.0
147676.0
147677.0
147680.0
147721.0
147722.0
147723.0
147724.0
147736.0
147737.0
147738.0
147740.0
147741.0
147743.0
147781.0
147782.0
147783.0
147796.0
147797.0
147800.0
147841.0
147842.0
147843.0
147844.0
147856.0
147857.0
147860.0
147901.0
147902.0
147903.0
147904.0
147916.0
147917.0
147920.0
147921.0
147961.0
147962.0
147963.0
147967.0
147976.0
147977.0
147980.0
148022.0
148023.0
148036.0
148040.0
148041.0
148046.0
148047.0
148081.0
148082.0
148083.0
148096.0
148097.0
148100.0
148141.0
148142.0
148143.0
148144.0
148156.0
148157.0
148160.0
148202.0
148203.0
148217.0
148220.0
148261.0
148262.0
148263.0
148277.0
148280.0
148321.0
148322.0
148323.0
148337.0
148340.0
148341.0
148380.0
148381.0
148382.0
148383.0
148396.0
148397.0
148400.0
148441.0
148442.0
148443.0
148444.0
148457.0
148460.0
148502.0
148503.0
148509.0
148516.0
148517.0
148520.0
148563.0
148577.0
148580.0
148623.0
148637.0
148640.0
148642.0
148683.0
148696.0
148697.0
148700.0
148743.0
148757.0
148760.0
148817.0
148820.0
148863.0
148876.0
148877.0
148880.0
148923.0
148924.0
148936.0
148937.0
148940.0
148941.0
148945.0
148946.0
148983.0
148996.0
149000.0
149001.0
149043.0
149044.0
149056.0
149057.0
149060.0
149103.0
149116.0
149117.0
149120.0
149177.0
149180.0
149181.0
149223.0
149236.0
149237.0
149240.0
149283.0
149284.0
149296.0
149297.0
149300.0
149343.0
149357.0
149403.0
149404.0
149408.0
149463.0
149476.0
149477.0
149523.0
149524.0
149536.0
149537.0
149541.0
149583.0
149584.0
149596.0
149643.0
149656.0
149657.0
149703.0
149716.0
149717.0
149763.0
149776.0
149777.0
149823.0
149824.0
149836.0
149837.0
149883.0
149884.0
149896.0
149897.0
149943.0
149957.0
150003.0
150004.0
150017.0
150063.0
150064.0
150076.0
150077.0
150080.0
150124.0
150137.0
150183.0
150196.0
150197.0
150212.0
150213.0
150243.0
150257.0
150260.0
150284.0
150286.0
150287.0
150288.0
150317.0
150318.0
150320.0
150321.0
150344.0
150377.0
150380.0
150407.0
150409.0
150411.0
150422.0
150436.0
150440.0
150465.0
150500.0
150501.0
150516.0
150517.0
150560.0
150561.0
150580.0
150618.0
150620.0
150621.0
150651.0
150676.0
150680.0
150681.0
150705.0
150708.0
150709.0
150740.0
150743.0
150744.0
150752.0
150781.0
150800.0
150803.0
150831.0
150846.0
150860.0
150886.0
150889.0
150891.0
150910.0
150920.0
150939.0
150942.0
150943.0
150980.0
150981.0
151002.0
151040.0
151041.0
151100.0
151101.0
151160.0
151161.0
151220.0
151222.0
151280.0
151340.0
151341.0
151401.0
151460.0
151520.0
151521.0
151533.0
151562.0
151563.0
151564.0
151567.0
151568.0
151576.0
151577.0
151580.0
151581.0
151622.0
151623.0
151624.0
151636.0
151637.0
151640.0
151641.0
151642.0
151643.0
151682.0
151683.0
151697.0
151700.0
151701.0
151741.0
151743.0
151756.0
151760.0
151761.0
151801.0
151803.0
151816.0
151817.0
151820.0
151821.0
151861.0
151863.0
151864.0
151877.0
151880.0
151881.0
151922.0
151923.0
151937.0
151940.0
151981.0
151983.0
151984.0
151997.0
152000.0
152001.0
152042.0
152043.0
152044.0
152056.0
152060.0
152061.0
152101.0
152103.0
152105.0
152116.0
152117.0
152120.0
152121.0
152162.0
152163.0
152177.0
152180.0
152221.0
152224.0
152237.0
152238.0
152240.0
152241.0
152281.0
152283.0
152284.0
152297.0
152300.0
152301.0
152341.0
152343.0
152344.0
152357.0
152360.0
152401.0
152403.0
152404.0
152416.0
152417.0
152420.0
152421.0
152462.0
152463.0
152464.0
152467.0
152477.0
152480.0
152481.0
152520.0
152521.0
152523.0
152524.0
152537.0
152540.0
152541.0
152542.0
152581.0
152583.0
152584.0
152597.0
152600.0
152641.0
152643.0
152657.0
152660.0
152661.0
152703.0
152720.0
152721.0
152722.0
152763.0
152764.0
152777.0
152780.0
152837.0
152840.0
152883.0
152884.0
152897.0
152900.0
152901.0
152944.0
152957.0
152960.0
152961.0
153003.0
153004.0
153016.0
153017.0
153020.0
153063.0
153077.0
153080.0
153081.0
153123.0
153124.0
153137.0
153140.0
153183.0
153197.0
153200.0
153201.0
153243.0
153244.0
153257.0
153260.0
153261.0
153303.0
153304.0
153316.0
153320.0
153363.0
153377.0
153380.0
153423.0
153424.0
153436.0
153437.0
153483.0
153484.0
153497.0
153544.0
153556.0
153557.0
153603.0
153604.0
153605.0
153616.0
153617.0
153663.0
153664.0
153676.0
153677.0
153679.0
153680.0
153723.0
153724.0
153736.0
153737.0
153738.0
153783.0
153796.0
153797.0
153813.0
153843.0
153857.0
153903.0
153904.0
153916.0
153917.0
153963.0
153976.0
153977.0
154023.0
154036.0
154037.0
154083.0
154097.0
154143.0
154157.0
154203.0
154204.0
154217.0
154252.0
154264.0
154277.0
154282.0
154284.0
154313.0
154324.0
154337.0
154339.0
154340.0
154341.0
154344.0
154372.0
154374.0
154400.0
154401.0
154405.0
154457.0
154460.0
154461.0
154463.0
154464.0
154488.0
154489.0
154492.0
154513.0
154514.0
154518.0
154519.0
154520.0
154522.0
154544.0
154573.0
154580.0
154581.0
154582.0
154583.0
154640.0
154641.0
154700.0
154729.0
154732.0
154733.0
154752.0
154760.0
154761.0
154780.0
154781.0
154787.0
154793.0
154815.0
154820.0
154844.0
154845.0
154880.0
154881.0
154895.0
154940.0
154941.0
154961.0
154962.0
154963.0
154973.0
154980.0
154981.0
154991.0
155000.0
155001.0
155020.0
155050.0
155051.0
155060.0
155061.0
155080.0
155113.0
155114.0
155120.0
155121.0
155142.0
155143.0
155180.0
155181.0
155239.0
155240.0
155241.0
155300.0
155301.0
155302.0
155360.0
155361.0
155420.0
155421.0
155480.0
155481.0
155540.0
155541.0
155600.0
155601.0
155614.0
155627.0
155641.0
155642.0
155643.0
155644.0
155657.0
155660.0
155661.0
155701.0
155702.0
155703.0
155704.0
155717.0
155720.0
155721.0
155761.0
155762.0
155776.0
155777.0
155780.0
155781.0
155822.0
155823.0
155834.0
155836.0
155837.0
155841.0
155881.0
155882.0
155883.0
155884.0
155886.0
155897.0
155900.0
155901.0
155941.0
155942.0
155944.0
155957.0
155960.0
155961.0
156001.0
156002.0
156003.0
156017.0
156020.0
156061.0
156062.0
156063.0
156064.0
156077.0
156078.0
156080.0
156081.0
156121.0
156122.0
156123.0
156126.0
156137.0
156140.0
156181.0
156182.0
156184.0
156197.0
156200.0
156241.0
156242.0
156244.0
156257.0
156260.0
156261.0
156301.0
156302.0
156303.0
156317.0
156320.0
156321.0
156361.0
156362.0
156363.0
156377.0
156380.0
156421.0
156422.0
156423.0
156424.0
156426.0
156436.0
156437.0
156440.0
156441.0
156480.0
156481.0
156482.0
156484.0
156496.0
156497.0
156500.0
156501.0
156541.0
156542.0
156544.0
156557.0
156560.0
156600.0
156601.0
156602.0
156604.0
156617.0
156620.0
156621.0
156662.0
156663.0
156664.0
156677.0
156680.0
156721.0
156722.0
156724.0
156733.0
156737.0
156740.0
156784.0
156796.0
156797.0
156800.0
156801.0
156844.0
156857.0
156860.0
156903.0
156916.0
156917.0
156920.0
156921.0
156963.0
156977.0
156980.0
156981.0
157024.0
157036.0
157037.0
157040.0
157083.0
157084.0
157097.0
157100.0
157143.0
157144.0
157157.0
157160.0
157161.0
157204.0
157217.0
157220.0
157221.0
157277.0
157278.0
157279.0
157280.0
157281.0
157324.0
157337.0
157340.0
157384.0
157397.0
157400.0
157413.0
157444.0
157456.0
157457.0
157461.0
157499.0
157503.0
157517.0
157563.0
157564.0
157577.0
157624.0
157632.0
157636.0
157637.0
157684.0
157697.0
157698.0
157757.0
157804.0
157817.0
157937.0
158176.0
158177.0
158283.0
158296.0
158297.0
158343.0
158386.0
158398.0
158403.0
158404.0
158424.0
158440.0
158458.0
158470.0
158477.0
158480.0
158481.0
158482.0
158510.0
158512.0
158531.0
158537.0
158568.0
158591.0
158595.0
158596.0
158598.0
158599.0
158600.0
158615.0
158616.0
158620.0
158650.0
158680.0
158687.0
158712.0
158713.0
158720.0
158727.0
158745.0
158746.0
158780.0
158781.0
158798.0
158804.0
158805.0
158831.0
158833.0
158834.0
158840.0
158841.0
158857.0
158861.0
158865.0
158866.0
158895.0
158900.0
158901.0
158924.0
158955.0
158960.0
158961.0
158982.0
158984.0
159020.0
159021.0
159078.0
159080.0
159081.0
159108.0
159140.0
159166.0
159200.0
159201.0
159204.0
159260.0
159261.0
159307.0
159320.0
159321.0
159380.0
159381.0
159440.0
159441.0
159500.0
159501.0
159560.0
159620.0
159621.0
159680.0
159681.0
159722.0
159723.0
159724.0
159726.0
159733.0
159734.0
159736.0
159737.0
159740.0
159741.0
159782.0
159783.0
159784.0
159786.0
159797.0
159800.0
159801.0
159842.0
159843.0
159844.0
159857.0
159860.0
159861.0
159902.0
159903.0
159907.0
159917.0
159920.0
159921.0
159962.0
159977.0
159980.0
159981.0
160022.0
160023.0
160040.0
160041.0
160082.0
160096.0
160100.0
160101.0
160142.0
160143.0
160160.0
160161.0
160195.0
160202.0
160203.0
160220.0
160221.0
160262.0
160263.0
160277.0
160280.0
160281.0
160322.0
160323.0
160326.0
160329.0
160382.0
160383.0
160399.0
160441.0
160442.0
160443.0
160444.0
160460.0
160501.0
160503.0
160504.0
160516.0
160558.0
160561.0
160563.0
160564.0
160577.0
160578.0
160580.0
160621.0
160623.0
160624.0
160632.0
160633.0
160637.0
160681.0
160683.0
160684.0
160697.0
160698.0
160700.0
160741.0
160743.0
160756.0
160757.0
160758.0
160801.0
160803.0
160817.0
160820.0
160863.0
160864.0
160877.0
160878.0
160879.0
160880.0
160881.0
160923.0
160924.0
160937.0
160940.0
160941.0
160983.0
160996.0
160997.0
161001.0
161012.0
161013.0
161043.0
161044.0
161056.0
161057.0
161060.0
161061.0
161095.0
161103.0
161104.0
161117.0
161120.0
161163.0
161164.0
161177.0
161180.0
161224.0
161228.0
161237.0
161240.0
161283.0
161284.0
161297.0
161300.0
161301.0
161316.0
161317.0
161343.0
161344.0
161357.0
161360.0
161361.0
161403.0
161417.0
161420.0
161463.0
161464.0
161477.0
161480.0
161481.0
161523.0
161531.0
161532.0
161537.0
161540.0
161541.0
161583.0
161584.0
161597.0
161600.0
161643.0
161644.0
161657.0
161703.0
161704.0
161717.0
161763.0
161764.0
161777.0
161823.0
161824.0
161837.0
161883.0
161884.0
161897.0
161943.0
161957.0
161994.0
162003.0
162016.0
162017.0
162064.0
162077.0
162123.0
162124.0
162127.0
162137.0
162183.0
162184.0
162197.0
162243.0
162244.0
162257.0
162303.0
162304.0
162317.0
162363.0
162377.0
162423.0
162424.0
162437.0
162483.0
162497.0
162527.0
162533.0
162534.0
162535.0
162543.0
162544.0
162546.0
162550.0
162557.0
162560.0
162561.0
162575.0
162576.0
162595.0
162604.0
162605.0
162612.0
162613.0
162617.0
162620.0
162621.0
162671.0
162677.0
162678.0
162680.0
162681.0
162708.0
162737.0
162740.0
162741.0
162744.0
162745.0
162800.0
162802.0
162803.0
162832.0
162860.0
162861.0
162864.0
162894.0
162920.0
162923.0
162924.0
162954.0
162980.0
162982.0
162983.0
163036.0
163040.0
163042.0
163066.0
163095.0
163096.0
163097.0
163100.0
163101.0
163154.0
163155.0
163156.0
163160.0
163161.0
163186.0
163214.0
163215.0
163220.0
163221.0
163232.0
163261.0
163270.0
163280.0
163290.0
163291.0
163301.0
163310.0
163329.0
163330.0
163339.0
163340.0
163341.0
163344.0
163375.0
163400.0
163402.0
163403.0
163460.0
163461.0
163520.0
163521.0
163580.0
163581.0
163640.0
163641.0
163700.0
163760.0
163761.0
163803.0
163804.0
163817.0
163820.0
163821.0
163861.0
163862.0
163863.0
163864.0
163877.0
163880.0
163881.0
163910.0
163921.0
163922.0
163923.0
163924.0
163925.0
163937.0
163941.0
163970.0
163981.0
163982.0
163983.0
163984.0
163997.0
164000.0
164001.0
164041.0
164042.0
164043.0
164044.0
164057.0
164060.0
164061.0
164101.0
164102.0
164103.0
164104.0
164117.0
164120.0
164121.0
164151.0
164152.0
164161.0
164162.0
164163.0
164164.0
164177.0
164181.0
164210.0
164221.0
164222.0
164223.0
164224.0
164229.0
164237.0
164240.0
164241.0
164281.0
164282.0
164283.0
164284.0
164297.0
164301.0
164330.0
164341.0
164342.0
164343.0
164344.0
164357.0
164360.0
164361.0
164401.0
164402.0
164403.0
164404.0
164417.0
164420.0
164421.0
164461.0
164462.0
164464.0
164465.0
164466.0
164477.0
164479.0
164480.0
164481.0
164521.0
164522.0
164524.0
164537.0
164540.0
164541.0
164581.0
164583.0
164584.0
164598.0
164600.0
164601.0
164613.0
164641.0
164642.0
164643.0
164644.0
164657.0
164660.0
164661.0
164690.0
164691.0
164701.0
164702.0
164704.0
164717.0
164720.0
164721.0
164761.0
164762.0
164764.0
164777.0
164780.0
164781.0
164821.0
164822.0
164824.0
164837.0
164840.0
164881.0
164882.0
164884.0
164897.0
164901.0
164902.0
164903.0
164915.0
164916.0
164917.0
164942.0
164944.0
164957.0
164961.0
165002.0
165004.0
165017.0
165020.0
165021.0
165064.0
165077.0
165080.0
165081.0
165123.0
165124.0
165127.0
165128.0
165137.0
165140.0
165141.0
165184.0
165197.0
165200.0
165201.0
165244.0
165257.0
165260.0
165261.0
165303.0
165304.0
165317.0
165320.0
165321.0
165363.0
165364.0
165377.0
165380.0
165381.0
165424.0
165437.0
165440.0
165441.0
165483.0
165497.0
165498.0
165500.0
165501.0
165502.0
165544.0
165546.0
165557.0
165558.0
165560.0
165561.0
165604.0
165617.0
165621.0
165664.0
165665.0
165677.0
165723.0
165724.0
165737.0
165784.0
165797.0
165844.0
165857.0
165904.0
165905.0
165917.0
165918.0
165964.0
165977.0
165978.0
166024.0
166037.0
166084.0
166097.0
166144.0
166157.0
166158.0
166204.0
166217.0
166218.0
166264.0
166277.0
166278.0
166324.0
166337.0
166384.0
166397.0
166444.0
166457.0
166489.0
166504.0
166517.0
166518.0
166544.0
166545.0
166564.0
166574.0
166576.0
166603.0
166606.0
166622.0
166624.0
166637.0
166638.0
166641.0
166663.0
166664.0
166665.0
166694.0
166695.0
166697.0
166701.0
166702.0
166725.0
166757.0
166758.0
166761.0
166784.0
166815.0
166816.0
166821.0
166844.0
166846.0
166847.0
166850.0
166881.0
166891.0
166905.0
166917.0
166918.0
166926.0
166936.0
166941.0
166950.0
166966.0
166977.0
166996.0
167001.0
167026.0
167054.0
167055.0
167061.0
167086.0
167116.0
167121.0
167122.0
167128.0
167157.0
167180.0
167181.0
167186.0
167234.0
167240.0
167241.0
167263.0
167264.0
167293.0
167294.0
167295.0
167301.0
167323.0
167325.0
167327.0
167355.0
167357.0
167361.0
167362.0
167385.0
167386.0
167420.0
167421.0
167422.0
167426.0
167427.0
167446.0
167447.0
167457.0
167474.0
167481.0
167482.0
167505.0
167541.0
167542.0
167601.0
167661.0
167662.0
167663.0
167720.0
167721.0
167781.0
167825.0
167841.0
167901.0
167941.0
167942.0
167943.0
167944.0
167946.0
167957.0
168001.0
168002.0
168006.0
168020.0
168050.0
168061.0
168062.0
168064.0
168066.0
168080.0
168121.0
168122.0
168124.0
168141.0
168181.0
168182.0
168184.0
168213.0
168241.0
168242.0
168243.0
168244.0
168246.0
168257.0
168261.0
168287.0
168302.0
168303.0
168304.0
168306.0
168307.0
168317.0
168362.0
168363.0
168366.0
168367.0
168377.0
168380.0
168420.0
168422.0
168423.0
168424.0
168427.0
168437.0
168482.0
168483.0
168484.0
168485.0
168486.0
168487.0
168488.0
168497.0
168498.0
168500.0
168516.0
168517.0
168535.0
168542.0
168543.0
168544.0
168545.0
168557.0
168558.0
168561.0
168602.0
168603.0
168604.0
168617.0
168618.0
168620.0
168621.0
168647.0
168648.0
168662.0
168663.0
168664.0
168667.0
168677.0
168678.0
168680.0
168681.0
168722.0
168723.0
168724.0
168737.0
168740.0
168741.0
168753.0
168783.0
168784.0
168797.0
168800.0
168801.0
168803.0
168842.0
168843.0
168844.0
168857.0
168860.0
168861.0
168901.0
168903.0
168904.0
168917.0
168918.0
168920.0
168921.0
168922.0
168962.0
168963.0
168964.0
168977.0
168980.0
168981.0
169023.0
169024.0
169037.0
169038.0
169039.0
169040.0
169041.0
169083.0
169084.0
169096.0
169097.0
169100.0
169101.0
169143.0
169157.0
169160.0
169161.0
169162.0
169185.0
169203.0
169204.0
169216.0
169217.0
169221.0
169222.0
169263.0
169264.0
169277.0
169278.0
169280.0
169281.0
169319.0
169323.0
169337.0
169341.0
169342.0
169383.0
169384.0
169397.0
169401.0
169443.0
169444.0
169457.0
169461.0
169503.0
169504.0
169516.0
169517.0
169520.0
169521.0
169563.0
169564.0
169577.0
169580.0
169581.0
169623.0
169624.0
169637.0
169640.0
169641.0
169683.0
169697.0
169700.0
169701.0
169744.0
169757.0
169760.0
169761.0
169804.0
169817.0
169864.0
169877.0
169923.0
169924.0
169937.0
169938.0
169984.0
169997.0
169998.0
170043.0
170057.0
170058.0
170084.0
170085.0
170104.0
170117.0
170164.0
170165.0
170177.0
170218.0
170223.0
170224.0
170237.0
170284.0
170297.0
170344.0
170357.0
170404.0
170417.0
170418.0
170464.0
170477.0
170478.0
170524.0
170537.0
170584.0
170597.0
170644.0
170645.0
170657.0
170659.0
170685.0
170686.0
170704.0
170715.0
170717.0
170718.0
170721.0
170744.0
170745.0
170746.0
170776.0
170777.0
170781.0
170782.0
170788.0
170789.0
170805.0
170806.0
170818.0
170836.0
170837.0
170841.0
170865.0
170866.0
170896.0
170901.0
170902.0
170925.0
170926.0
170956.0
170961.0
170985.0
170986.0
171016.0
171021.0
171045.0
171046.0
171047.0
171076.0
171081.0
171082.0
171105.0
171106.0
171109.0
171141.0
171142.0
171166.0
171168.0
171196.0
171201.0
171202.0
171225.0
171226.0
171254.0
171256.0
171261.0
171285.0
171286.0
171287.0
171317.0
171345.0
171379.0
171386.0
171387.0
171406.0
171411.0
171417.0
171421.0
171436.0
171446.0
171447.0
171467.0
171468.0
171470.0
171471.0
171501.0
171526.0
171585.0
171621.0
171801.0
171861.0
171862.0
171921.0
171922.0
171981.0
171982.0
172016.0
172021.0
172022.0
172023.0
172024.0
172026.0
172037.0
172041.0
172083.0
172084.0
172097.0
172101.0
172116.0
172144.0
172146.0
172147.0
172148.0
172157.0
172161.0
172201.0
172202.0
172203.0
172204.0
172205.0
172217.0
172221.0
172242.0
172262.0
172263.0
172264.0
172277.0
172279.0
172280.0
172281.0
172320.0
172323.0
172324.0
172326.0
172337.0
172341.0
172383.0
172397.0
172401.0
172442.0
172443.0
172444.0
172457.0
172461.0
172462.0
172503.0
172504.0
172505.0
172517.0
172518.0
172521.0
172563.0
172564.0
172577.0
172581.0
172583.0
172584.0
172586.0
172622.0
172624.0
172625.0
172637.0
172638.0
172641.0
172681.0
172682.0
172684.0
172686.0
172697.0
172701.0
172741.0
172742.0
172743.0
172744.0
172746.0
172757.0
172758.0
172761.0
172782.0
172791.0
172801.0
172802.0
172804.0
172806.0
172817.0
172821.0
172822.0
172861.0
172862.0
172863.0
172864.0
172866.0
172877.0
172878.0
172881.0
172915.0
172921.0
172922.0
172924.0
172926.0
172936.0
172937.0
172938.0
172939.0
172941.0
172942.0
172981.0
172982.0
172983.0
172984.0
172997.0
173001.0
173041.0
173042.0
173044.0
173057.0
173061.0
173062.0
173101.0
173102.0
173104.0
173106.0
173117.0
173118.0
173121.0
173122.0
173142.0
173162.0
173163.0
173164.0
173177.0
173181.0
173219.0
173224.0
173237.0
173241.0
173242.0
173279.0
173284.0
173285.0
173297.0
173301.0
173344.0
173357.0
173361.0
173404.0
173417.0
173421.0
173422.0
173463.0
173477.0
173478.0
173479.0
173481.0
173482.0
173523.0
173524.0
173525.0
173537.0
173541.0
173542.0
173584.0
173585.0
173597.0
173601.0
173644.0
173657.0
173661.0
173662.0
173680.0
173681.0
173704.0
173717.0
173721.0
173764.0
173765.0
173778.0
173781.0
173782.0
173783.0
173814.0
173824.0
173837.0
173841.0
173884.0
173944.0
173957.0
174017.0
174063.0
174064.0
174077.0
174124.0
174137.0
174138.0
174184.0
174197.0
174244.0
174257.0
174259.0
174304.0
174305.0
174317.0
174364.0
174377.0
174424.0
174437.0
174497.0
174545.0
174557.0
174558.0
174579.0
174604.0
174605.0
174617.0
174618.0
174645.0
174663.0
174664.0
174677.0
174678.0
174713.0
174724.0
174737.0
174738.0
174765.0
174784.0
174795.0
174796.0
174797.0
174801.0
174802.0
174825.0
174826.0
174827.0
174829.0
174857.0
174858.0
174861.0
174886.0
174887.0
174917.0
174918.0
174921.0
174922.0
174945.0
174946.0
174947.0
174951.0
174976.0
174977.0
174981.0
174983.0
174984.0
175005.0
175006.0
175017.0
175041.0
175042.0
175065.0
175096.0
175101.0
175125.0
175126.0
175127.0
175157.0
175161.0
175162.0
175216.0
175221.0
175222.0
175246.0
175276.0
175278.0
175281.0
175282.0
175308.0
175338.0
175341.0
175342.0
175394.0
175395.0
175402.0
175424.0
175425.0
175427.0
175429.0
175462.0
175484.0
175486.0
175516.0
175521.0
175522.0
175546.0
175547.0
175576.0
175577.0
175581.0
175582.0
175607.0
175636.0
175637.0
175641.0
175642.0
175701.0
175702.0
175716.0
175717.0
175719.0
175735.0
175761.0
175762.0
175821.0
175881.0
175882.0
175916.0
175941.0
176001.0
176002.0
176061.0
176063.0
176064.0
176102.0
176103.0
176104.0
176106.0
176117.0
176121.0
176122.0
176161.0
176162.0
176163.0
176164.0
176166.0
176177.0
176178.0
176181.0
176182.0
176222.0
176223.0
176224.0
176226.0
176227.0
176237.0
176241.0
176242.0
176282.0
176283.0
176284.0
176285.0
176286.0
176297.0
176298.0
176301.0
176302.0
176342.0
176343.0
176344.0
176346.0
176357.0
176361.0
176362.0
176377.0
176378.0
176401.0
176402.0
176403.0
176404.0
176406.0
176407.0
176417.0
176418.0
176421.0
176462.0
176463.0
176464.0
176466.0
176477.0
176478.0
176481.0
176482.0
176511.0
176521.0
176522.0
176524.0
176525.0
176526.0
176537.0
176539.0
176541.0
176542.0
176581.0
176582.0
176583.0
176584.0
176586.0
176597.0
176598.0
176601.0
176602.0
176641.0
176642.0
176644.0
176646.0
176657.0
176661.0
176701.0
176702.0
176703.0
176704.0
176706.0
176717.0
176718.0
176721.0
176722.0
176736.0
176737.0
176761.0
176762.0
176763.0
176764.0
176777.0
176781.0
176782.0
176811.0
176815.0
176816.0
176822.0
176823.0
176824.0
176826.0
176837.0
176838.0
176841.0
176882.0
176883.0
176884.0
176886.0
176887.0
176888.0
176897.0
176901.0
176902.0
176931.0
176942.0
176943.0
176944.0
176945.0
176947.0
176957.0
176958.0
176961.0
177002.0
177003.0
177004.0
177007.0
177017.0
177018.0
177021.0
177022.0
177062.0
177063.0
177064.0
177067.0
177077.0
177078.0
177081.0
177082.0
177122.0
177123.0
177124.0
177127.0
177137.0
177138.0
177141.0
177142.0
177182.0
177183.0
177184.0
177185.0
177186.0
177197.0
177201.0
177202.0
177243.0
177244.0
177257.0
177258.0
177261.0
177262.0
177303.0
177304.0
177317.0
177318.0
177321.0
177363.0
177364.0
177377.0
177378.0
177381.0
177382.0
177410.0
177423.0
177424.0
177437.0
177441.0
177442.0
177443.0
177483.0
177484.0
177497.0
177498.0
177501.0
177543.0
177544.0
177557.0
177561.0
177604.0
177605.0
177617.0
177621.0
177622.0
177664.0
177677.0
177678.0
177681.0
177711.0
177713.0
177714.0
177724.0
177738.0
177741.0
177783.0
177784.0
177797.0
177801.0
177843.0
177844.0
177857.0
177861.0
177891.0
177903.0
177904.0
177917.0
177921.0
177963.0
177964.0
177977.0
178023.0
178024.0
178037.0
178084.0
178085.0
178097.0
178098.0
178144.0
178157.0
178175.0
178204.0
178217.0
178218.0
178264.0
178277.0
178278.0
178309.0
178323.0
178324.0
178325.0
178337.0
178383.0
178384.0
178397.0
178444.0
178445.0
178457.0
178503.0
178504.0
178517.0
178518.0
178564.0
178577.0
178624.0
178625.0
178626.0
178637.0
178683.0
178684.0
178697.0
178743.0
178744.0
178745.0
178757.0
178758.0
178803.0
178804.0
178817.0
178818.0
178847.0
178864.0
178876.0
178877.0
178878.0
178879.0
178880.0
178881.0
178905.0
178906.0
178909.0
178923.0
178924.0
178925.0
178937.0
178941.0
178942.0
178965.0
178966.0
178967.0
178995.0
178996.0
178997.0
179001.0
179002.0
179013.0
179014.0
179025.0
179026.0
179055.0
179056.0
179057.0
179058.0
179061.0
179062.0
179085.0
179086.0
179087.0
179115.0
179117.0
179121.0
179145.0
179146.0
179147.0
179175.0
179177.0
179181.0
179182.0
179205.0
179207.0
179235.0
179237.0
179241.0
179265.0
179266.0
179295.0
179301.0
179316.0
179318.0
179325.0
179326.0
179335.0
179355.0
179356.0
179361.0
179362.0
179385.0
179387.0
179389.0
179415.0
179421.0
179445.0
179446.0
179475.0
179476.0
179478.0
179481.0
179482.0
179504.0
179506.0
179512.0
179535.0
179537.0
179541.0
179542.0
179547.0
179565.0
179596.0
179597.0
179601.0
179602.0
179625.0
179628.0
179655.0
179656.0
179661.0
179684.0
179685.0
179686.0
179716.0
179721.0
179745.0
179746.0
179776.0
179781.0
179782.0
179804.0
179805.0
179841.0
179901.0
179902.0
179961.0
179962.0
180021.0
180081.0
180141.0
180142.0
180197.0
180198.0
180201.0
180214.0
180241.0
180243.0
180244.0
180246.0
180257.0
180258.0
180259.0
180261.0
180302.0
180304.0
180306.0
180317.0
180321.0
180323.0
180333.0
180336.0
180363.0
180364.0
180365.0
180366.0
180377.0
180378.0
180381.0
180382.0
180411.0
180423.0
180424.0
180426.0
180427.0
180437.0
180438.0
180441.0
180483.0
180484.0
180485.0
180486.0
180497.0
180501.0
180502.0
180543.0
180544.0
180546.0
180557.0
180558.0
180561.0
180562.0
180563.0
180603.0
180604.0
180606.0
180617.0
180618.0
180621.0
180663.0
180664.0
180665.0
180666.0
180677.0
180681.0
180682.0
180723.0
180724.0
180726.0
180737.0
180741.0
180782.0
180783.0
180784.0
180786.0
180798.0
180801.0
180841.0
180842.0
180843.0
180844.0
180846.0
180857.0
180858.0
180861.0
180872.0
180902.0
180904.0
180906.0
180907.0
180917.0
180918.0
180921.0
180922.0
180962.0
180964.0
180966.0
180967.0
180977.0
180981.0
181006.0
181022.0
181024.0
181026.0
181037.0
181041.0
181083.0
181084.0
181086.0
181097.0
181098.0
181101.0
181102.0
181141.0
181144.0
181145.0
181146.0
181147.0
181157.0
181161.0
181162.0
181202.0
181204.0
181206.0
181217.0
181218.0
181221.0
181222.0
181231.0
181232.0
181262.0
181264.0
181277.0
181278.0
181281.0
181310.0
181322.0
181324.0
181337.0
181341.0
181385.0
181386.0
181387.0
181397.0
181398.0
181401.0
181442.0
181444.0
181457.0
181458.0
181461.0
181462.0
181505.0
181517.0
181518.0
181521.0
181522.0
181564.0
181577.0
181581.0
181624.0
181637.0
181638.0
181639.0
181641.0
181684.0
181697.0
181698.0
181701.0
181702.0
181744.0
181757.0
181758.0
181761.0
181762.0
181771.0
181772.0
181804.0
181817.0
181818.0
181821.0
181822.0
181864.0
181877.0
181881.0
181882.0
181905.0
181924.0
181937.0
181942.0
181943.0
181984.0
181985.0
181997.0
182001.0
182044.0
182057.0
182058.0
182061.0
182104.0
182105.0
182117.0
182118.0
182164.0
182165.0
182177.0
182178.0
182224.0
182237.0
182238.0
182284.0
182285.0
182297.0
182298.0
182344.0
182346.0
182358.0
182359.0
182404.0
182417.0
182418.0
182464.0
182477.0
182478.0
182479.0
182480.0
182524.0
182525.0
182537.0
182538.0
182584.0
182597.0
182598.0
182611.0
182613.0
182644.0
182657.0
182658.0
182670.0
182671.0
182704.0
182705.0
182706.0
182717.0
182764.0
182777.0
182778.0
182804.0
182824.0
182825.0
182837.0
182838.0
182884.0
182897.0
182928.0
182944.0
182957.0
182958.0
182986.0
182987.0
182988.0
183004.0
183005.0
183017.0
183018.0
183021.0
183046.0
183047.0
183071.0
183072.0
183077.0
183081.0
183082.0
183102.0
183106.0
183107.0
183108.0
183137.0
183138.0
183141.0
183142.0
183143.0
183166.0
183167.0
183168.0
183196.0
183201.0
183226.0
183227.0
183256.0
183261.0
183262.0
183263.0
183286.0
183288.0
183321.0
183322.0
183325.0
183345.0
183346.0
183347.0
183355.0
183381.0
183405.0
183406.0
183416.0
183435.0
183441.0
183442.0
183465.0
183468.0
183475.0
183496.0
183501.0
183502.0
183505.0
183526.0
183527.0
183529.0
183530.0
183535.0
183561.0
183587.0
183589.0
183594.0
183616.0
183621.0
183645.0
183646.0
183647.0
183676.0
183682.0
183705.0
183706.0
183712.0
183713.0
183714.0
183741.0
183744.0
183767.0
183768.0
183771.0
183772.0
183796.0
183798.0
183801.0
183821.0
183822.0
183823.0
183824.0
183825.0
183826.0
183841.0
183842.0
183861.0
183880.0
183881.0
183921.0
183922.0
183981.0
184007.0
184041.0
184042.0
184067.0
184101.0
184102.0
184131.0
184161.0
184162.0
184221.0
184222.0
184281.0
184282.0
184307.0
184322.0
184324.0
184325.0
184326.0
184337.0
184341.0
184342.0
184381.0
184382.0
184384.0
184386.0
184397.0
184398.0
184399.0
184401.0
184402.0
184442.0
184444.0
184445.0
184446.0
184457.0
184458.0
184461.0
184462.0
184468.0
184502.0
184504.0
184505.0
184506.0
184507.0
184517.0
184518.0
184521.0
184561.0
184562.0
184564.0
184566.0
184578.0
184579.0
184581.0
184582.0
184621.0
184622.0
184624.0
184626.0
184637.0
184638.0
184639.0
184640.0
184641.0
184682.0
184684.0
184686.0
184697.0
184698.0
184701.0
184702.0
184742.0
184744.0
184745.0
184746.0
184757.0
184758.0
184761.0
184762.0
184801.0
184802.0
184804.0
184805.0
184806.0
184817.0
184821.0
184827.0
184831.0
184862.0
184864.0
184865.0
184866.0
184867.0
184877.0
184878.0
184882.0
184906.0
184922.0
184924.0
184926.0
184937.0
184938.0
184941.0
184942.0
184943.0
184966.0
184984.0
184986.0
184987.0
184997.0
184998.0
185001.0
185002.0
185042.0
185044.0
185045.0
185046.0
185057.0
185061.0
185101.0
185102.0
185104.0
185106.0
185117.0
185121.0
185122.0
185162.0
185165.0
185166.0
185178.0
185181.0
185182.0
185223.0
185224.0
185226.0
185227.0
185237.0
185241.0
185242.0
185243.0
185283.0
185284.0
185285.0
185287.0
185298.0
185301.0
185302.0
185343.0
185344.0
185347.0
185358.0
185361.0
185367.0
185403.0
185404.0
185405.0
185407.0
185421.0
185463.0
185464.0
185478.0
185481.0
185482.0
185501.0
185524.0
185538.0
185541.0
185542.0
185584.0
185597.0
185598.0
185601.0
185602.0
185604.0
185644.0
185658.0
185661.0
185662.0
185704.0
185705.0
185718.0
185721.0
185722.0
185764.0
185777.0
185778.0
185781.0
185782.0
185805.0
185825.0
185838.0
185841.0
185842.0
185884.0
185898.0
185902.0
185944.0
185958.0
185961.0
185962.0
186004.0
186018.0
186021.0
186022.0
186065.0
186077.0
186078.0
186079.0
186081.0
186082.0
186124.0
186137.0
186138.0
186139.0
186141.0
186142.0
186143.0
186184.0
186198.0
186200.0
186212.0
186244.0
186257.0
186258.0
186266.0
186304.0
186305.0
186306.0
186317.0
186318.0
186364.0
186365.0
186377.0
186378.0
186400.0
186424.0
186437.0
186438.0
186439.0
186440.0
186484.0
186485.0
186498.0
186544.0
186546.0
186557.0
186558.0
186604.0
186618.0
186664.0
186678.0
186679.0
186724.0
186737.0
186738.0
186784.0
186785.0
186797.0
186798.0
186844.0
186904.0
186918.0
186964.0
186978.0
187024.0
187025.0
187068.0
187083.0
187084.0
187085.0
187097.0
187098.0
187101.0
187102.0
187127.0
187157.0
187158.0
187161.0
187162.0
187186.0
187187.0
187216.0
187217.0
187218.0
187221.0
187222.0
187246.0
187247.0
187248.0
187282.0
187307.0
187341.0
187342.0
187366.0
187369.0
187370.0
187401.0
187421.0
187422.0
187423.0
187426.0
187427.0
187428.0
187441.0
187461.0
187462.0
187486.0
187487.0
187488.0
187521.0
187522.0
187547.0
187581.0
187582.0
187603.0
187606.0
187607.0
187608.0
187611.0
187641.0
187642.0
187663.0
187667.0
187668.0
187701.0
187702.0
187703.0
187726.0
187727.0
187761.0
187762.0
187763.0
187787.0
187788.0
187821.0
187822.0
187845.0
187846.0
187847.0
187906.0
187907.0
187908.0
187940.0
187942.0
187943.0
187967.0
188061.0
188121.0
188122.0
188181.0
188182.0
188361.0
188403.0
188404.0
188405.0
188406.0
188407.0
188417.0
188418.0
188426.0
188428.0
188463.0
188465.0
188466.0
188467.0
188478.0
188481.0
188482.0
188502.0
188523.0
188524.0
188526.0
188528.0
188538.0
188541.0
188542.0
188543.0
188562.0
188583.0
188585.0
188586.0
188587.0
188588.0
188598.0
188599.0
188602.0
188643.0
188644.0
188646.0
188658.0
188661.0
188662.0
188704.0
188717.0
188718.0
188721.0
188722.0
188728.0
188731.0
188732.0
188733.0
188736.0
188764.0
188765.0
188766.0
188768.0
188777.0
188778.0
188779.0
188781.0
188782.0
188790.0
188823.0
188825.0
188826.0
188838.0
188841.0
188842.0
188865.0
188866.0
188870.0
188884.0
188886.0
188899.0
188902.0
188903.0
188923.0
188924.0
188943.0
188944.0
188958.0
188961.0
188962.0
188963.0
189004.0
189006.0
189018.0
189021.0
189022.0
189023.0
189064.0
189066.0
189078.0
189081.0
189082.0
189097.0
189124.0
189126.0
189138.0
189142.0
189165.0
189169.0
189170.0
189171.0
189174.0
189184.0
189186.0
189199.0
189202.0
189203.0
189217.0
189227.0
189228.0
189244.0
189245.0
189258.0
189259.0
189262.0
189263.0
189303.0
189304.0
189305.0
189306.0
189318.0
189319.0
189322.0
189323.0
189326.0
189363.0
189364.0
189366.0
189368.0
189378.0
189382.0
189422.0
189423.0
189424.0
189425.0
189427.0
189438.0
189439.0
189442.0
189444.0
189483.0
189485.0
189486.0
189487.0
189498.0
189502.0
189503.0
189543.0
189544.0
189545.0
189547.0
189558.0
189562.0
189604.0
189605.0
189607.0
189617.0
189618.0
189622.0
189664.0
189666.0
189678.0
189682.0
189724.0
189738.0
189742.0
189784.0
189785.0
189799.0
189801.0
189802.0
189813.0
189814.0
189844.0
189858.0
189859.0
189862.0
189904.0
189918.0
189919.0
189922.0
189923.0
189964.0
189965.0
189978.0
189982.0
189996.0
190024.0
190038.0
190039.0
190041.0
190042.0
190084.0
190097.0
190098.0
190102.0
190103.0
190116.0
190117.0
190118.0
190144.0
190157.0
190158.0
190162.0
190204.0
190217.0
190218.0
190222.0
190258.0
190264.0
190265.0
190268.0
190271.0
190276.0
190277.0
190278.0
190324.0
190325.0
190326.0
190337.0
190338.0
190384.0
190395.0
190397.0
190398.0
190402.0
190404.0
190410.0
190411.0
190444.0
190445.0
190457.0
190458.0
190459.0
190504.0
190518.0
190564.0
190565.0
190567.0
190571.0
190577.0
190578.0
190585.0
190589.0
190624.0
190625.0
190637.0
190638.0
190683.0
190684.0
190685.0
190696.0
190697.0
190698.0
190700.0
190701.0
190702.0
190705.0
190706.0
190711.0
190719.0
190722.0
190723.0
190744.0
190757.0
190758.0
190759.0
190762.0
190804.0
190805.0
190811.0
190812.0
190813.0
190814.0
190816.0
190817.0
190818.0
190821.0
190822.0
190864.0
190865.0
190877.0
190878.0
190886.0
190887.0
190894.0
190895.0
190921.0
190924.0
190937.0
190938.0
190943.0
190944.0
190946.0
190947.0
190948.0
190950.0
190984.0
190997.0
191005.0
191006.0
191020.0
191022.0
191044.0
191054.0
191057.0
191102.0
191104.0
191117.0
191138.0
191139.0
191162.0
191164.0
191171.0
191172.0
191173.0
191177.0
191178.0
191181.0
191182.0
191199.0
191201.0
191208.0
191210.0
191233.0
191237.0
191238.0
191240.0
191242.0
191243.0
191247.0
191248.0
191249.0
191250.0
191252.0
191268.0
191297.0
191298.0
191300.0
191301.0
191302.0
191303.0
191324.0
191326.0
191327.0
191328.0
191358.0
191359.0
191362.0
191387.0
191388.0
191392.0
191406.0
191421.0
191422.0
191439.0
191443.0
191444.0
191447.0
191448.0
191479.0
191481.0
191482.0
191506.0
191507.0
191508.0
191538.0
191541.0
191542.0
191553.0
191563.0
191567.0
191568.0
191570.0
191584.0
191586.0
191587.0
191599.0
191601.0
191602.0
191626.0
191627.0
191628.0
191630.0
191631.0
191635.0
191637.0
191644.0
191661.0
191662.0
191687.0
191688.0
191721.0
191722.0
191723.0
191746.0
191747.0
191748.0
191750.0
191780.0
191782.0
191805.0
191806.0
191807.0
191808.0
191812.0
191843.0
191844.0
191852.0
191866.0
191867.0
191869.0
191870.0
191871.0
191874.0
191877.0
191879.0
191881.0
191882.0
191887.0
191895.0
191896.0
191902.0
191903.0
191909.0
191918.0
191919.0
191926.0
191927.0
191928.0
191929.0
191931.0
191933.0
191938.0
191941.0
191946.0
191953.0
191962.0
191986.0
191987.0
191990.0
191997.0
192001.0
192022.0
192023.0
192030.0
192046.0
192048.0
192051.0
192059.0
192060.0
192062.0
192082.0
192098.0
192482.0
192486.0
192542.0
192546.0
192547.0
192559.0
192602.0
192606.0
192665.0
192666.0
192667.0
192691.0
192692.0
192693.0
192722.0
192726.0
192727.0
192782.0
192787.0
192842.0
192846.0
192847.0
192886.0
192902.0
192906.0
192907.0
192921.0
192922.0
192997.0
193279.0
193280.0
193411.0
193412.0
193413.0
193414.0
193458.0
193591.0
193716.0
193717.0
193718.0
193896.0
193972.0
193973.0
193975.0
193976.0
193977.0
193978.0
193985.0
194025.0
194033.0
194034.0
194093.0
194094.0
194108.0
194109.0
194110.0
194118.0
194119.0
194153.0
194154.0
194158.0
194167.0
194214.0
194228.0
194274.0
194287.0
194288.0
194333.0
194334.0
194347.0
194357.0
194394.0
194407.0
194408.0
194453.0
194454.0
194455.0
194467.0
194514.0
194527.0
194574.0
194587.0
194588.0
194633.0
194634.0
194647.0
194694.0
194707.0
194753.0
194767.0
194814.0
194827.0
194887.0
194933.0
194934.0
194947.0
194948.0
194994.0
195007.0
195008.0
195053.0
195054.0
195055.0
195067.0
195068.0
195114.0
195127.0
195173.0
195174.0
195233.0
195234.0
195247.0
195277.0
195282.0
195294.0
195295.0
195307.0
195308.0
195311.0
195312.0
195328.0
195330.0
195337.0
195338.0
195339.0
195345.0
195347.0
195348.0
195349.0
195367.0
195371.0
195390.0
195395.0
195396.0
195397.0
195427.0
195431.0
195432.0
195456.0
195457.0
195487.0
195491.0
195492.0
195516.0
195517.0
195518.0
195551.0
195552.0
195576.0
195578.0
195611.0
195612.0
195637.0
195641.0
195660.0
195667.0
195671.0
195672.0
195694.0
195695.0
195696.0
195697.0
195719.0
195731.0
195732.0
195755.0
195757.0
195759.0
195791.0
195816.0
195817.0
195818.0
195851.0
195877.0
195878.0
195881.0
195908.0
195911.0
195936.0
195937.0
195938.0
195971.0
195972.0
195996.0
195997.0
196027.0
196031.0
196032.0
196057.0
196087.0
196091.0
196092.0
196116.0
196117.0
196151.0
196152.0
196177.0
196211.0
196212.0
196213.0
196271.0
196272.0
196331.0
196332.0
196391.0
196392.0
196451.0
196452.0
196511.0
196512.0
196572.0
196593.0
196613.0
196614.0
196616.0
196617.0
196627.0
196631.0
196632.0
196673.0
196674.0
196677.0
196687.0
196691.0
196692.0
196733.0
196736.0
196747.0
196751.0
196752.0
196782.0
196793.0
196794.0
196796.0
196797.0
196807.0
196808.0
196811.0
196812.0
196813.0
196830.0
196831.0
196853.0
196854.0
196856.0
196867.0
196871.0
196872.0
196881.0
196882.0
196902.0
196913.0
196914.0
196915.0
196916.0
196917.0
196918.0
196922.0
196927.0
196931.0
196932.0
196953.0
196959.0
196962.0
196964.0
196973.0
196974.0
196976.0
196978.0
196987.0
196991.0
196992.0
197015.0
197033.0
197035.0
197036.0
197037.0
197038.0
197047.0
197051.0
197052.0
197054.0
197093.0
197094.0
197096.0
197097.0
197107.0
197109.0
197111.0
197112.0
197153.0
197156.0
197157.0
197167.0
197171.0
197172.0
197187.0
197188.0
197204.0
197211.0
197212.0
197213.0
197214.0
197217.0
197220.0
197227.0
197231.0
197232.0
197258.0
197264.0
197268.0
197269.0
197273.0
197274.0
197276.0
197287.0
197291.0
197292.0
197316.0
197319.0
197320.0
197334.0
197335.0
197336.0
197338.0
197347.0
197351.0
197352.0
197393.0
197394.0
197396.0
197407.0
197411.0
197412.0
197413.0
197416.0
197418.0
197453.0
197456.0
197458.0
197467.0
197468.0
197471.0
197472.0
197492.0
197514.0
197515.0
197516.0
197518.0
197527.0
197531.0
197532.0
197533.0
197573.0
197574.0
197576.0
197587.0
197591.0
197592.0
197633.0
197636.0
197637.0
197638.0
197647.0
197651.0
197652.0
197693.0
197694.0
197698.0
197707.0
197708.0
197711.0
197712.0
197753.0
197754.0
197757.0
197767.0
197771.0
197772.0
197813.0
197814.0
197827.0
197828.0
197831.0
197832.0
197874.0
197887.0
197891.0
197892.0
197947.0
197952.0
197953.0
197954.0
197992.0
198007.0
198011.0
198012.0
198053.0
198071.0
198087.0
198126.0
198131.0
198132.0
198173.0
198187.0
198191.0
198192.0
198251.0
198252.0
198307.0
198311.0
198312.0
198391.0
198413.0
198427.0
198430.0
198431.0
198533.0
198534.0
198593.0
198594.0
198654.0
198713.0
198727.0
198728.0
198773.0
198774.0
198787.0
198833.0
198834.0
198847.0
198852.0
198893.0
198894.0
198907.0
198908.0
198953.0
198954.0
198967.0
198986.0
199013.0
199027.0
199073.0
199074.0
199087.0
199088.0
199133.0
199134.0
199147.0
199148.0
199193.0
199207.0
199253.0
199254.0
199267.0
199313.0
199314.0
199327.0
199357.0
199373.0
199374.0
199387.0
199391.0
199392.0
199447.0
199451.0
199452.0
199469.0
199507.0
199508.0
199511.0
199512.0
199571.0
199572.0
199589.0
199631.0
199687.0
199691.0
199692.0
199717.0
199751.0
199812.0
199836.0
199837.0
199865.0
199871.0
199897.0
199927.0
199931.0
199956.0
199969.0
199991.0
199992.0
200015.0
200017.0
200028.0
200051.0
200076.0
200078.0
200079.0
200080.0
200111.0
200134.0
200137.0
200138.0
200153.0
200167.0
200171.0
200172.0
200189.0
200193.0
200197.0
200212.0
200231.0
200252.0
200291.0
200351.0
200411.0
200412.0
200471.0
200472.0
200531.0
200591.0
200592.0
200651.0
200652.0
200692.0
200693.0
200694.0
200695.0
200696.0
200697.0
200707.0
200708.0
200710.0
200711.0
200712.0
200752.0
200753.0
200754.0
200755.0
200756.0
200767.0
200771.0
200784.0
200812.0
200813.0
200814.0
200816.0
200827.0
200829.0
200831.0
200832.0
200872.0
200873.0
200874.0
200876.0
200887.0
200891.0
200916.0
200917.0
200932.0
200933.0
200934.0
200936.0
200947.0
200948.0
200951.0
200952.0
200992.0
200994.0
200996.0
201007.0
201008.0
201011.0
201012.0
201052.0
201054.0
201056.0
201057.0
201067.0
201071.0
201088.0
201112.0
201113.0
201114.0
201116.0
201127.0
201131.0
201133.0
201172.0
201173.0
201174.0
201176.0
201187.0
201188.0
201191.0
201192.0
201232.0
201233.0
201234.0
201235.0
201236.0
201237.0
201247.0
201251.0
201252.0
201292.0
201293.0
201294.0
201296.0
201307.0
201311.0
201312.0
201352.0
201353.0
201354.0
201356.0
201367.0
201368.0
201371.0
201372.0
201412.0
201413.0
201414.0
201416.0
201427.0
201431.0
201432.0
201472.0
201473.0
201474.0
201476.0
201487.0
201491.0
201492.0
201532.0
201533.0
201534.0
201536.0
201547.0
201549.0
201551.0
201592.0
201593.0
201594.0
201596.0
201607.0
201608.0
201611.0
201612.0
201652.0
201654.0
201656.0
201657.0
201667.0
201671.0
201672.0
201683.0
201712.0
201714.0
201716.0
201727.0
201731.0
201737.0
201738.0
201741.0
201772.0
201773.0
201774.0
201776.0
201777.0
201787.0
201788.0
201791.0
201792.0
201832.0
201834.0
201848.0
201851.0
201897.0
201907.0
201908.0
201911.0
201912.0
201953.0
201967.0
201971.0
201987.0
202013.0
202031.0
202032.0
202086.0
202087.0
202091.0
202092.0
202133.0
202151.0
202152.0
202211.0
202212.0
202253.0
202267.0
202271.0
202272.0
202387.0
202389.0
202390.0
202391.0
202451.0
202493.0
202494.0
202507.0
202554.0
202582.0
202614.0
202627.0
202673.0
202674.0
202687.0
202688.0
202733.0
202734.0
202747.0
202793.0
202794.0
202807.0
202854.0
202867.0
202914.0
202927.0
202974.0
202987.0
203033.0
203034.0
203047.0
203093.0
203094.0
203107.0
203153.0
203154.0
203167.0
203213.0
203214.0
203215.0
203227.0
203228.0
203274.0
203287.0
203288.0
203334.0
203347.0
203348.0
203394.0
203407.0
203408.0
203416.0
203454.0
203467.0
203471.0
203472.0
203481.0
203527.0
203528.0
203531.0
203532.0
203555.0
203587.0
203591.0
203592.0
203651.0
203652.0
203684.0
203711.0
203712.0
203761.0
203762.0
203771.0
203772.0
203785.0
203792.0
203807.0
203808.0
203809.0
203820.0
203831.0
203832.0
203862.0
203865.0
203891.0
203892.0
203919.0
203920.0
203921.0
203951.0
203952.0
203976.0
203978.0
203979.0
204006.0
204011.0
204012.0
204033.0
204034.0
204035.0
204071.0
204072.0
204087.0
204088.0
204092.0
204118.0
204131.0
204132.0
204137.0
204147.0
204185.0
204192.0
204200.0
204244.0
204251.0
204252.0
204290.0
204312.0
204349.0
204371.0
204372.0
204432.0
204492.0
204516.0
204517.0
204552.0
204611.0
204612.0
204671.0
204672.0
204684.0
204732.0
204773.0
204775.0
204776.0
204777.0
204778.0
204787.0
204788.0
204792.0
204833.0
204834.0
204836.0
204838.0
204847.0
204848.0
204852.0
204893.0
204894.0
204896.0
204898.0
204907.0
204908.0
204909.0
204910.0
204911.0
204912.0
204953.0
204954.0
204957.0
204968.0
204971.0
204972.0
205013.0
205014.0
205016.0
205018.0
205027.0
205032.0
205073.0
205074.0
205076.0
205078.0
205088.0
205092.0
205133.0
205134.0
205135.0
205136.0
205137.0
205138.0
205146.0
205147.0
205152.0
205193.0
205194.0
205207.0
205208.0
205211.0
205213.0
205214.0
205215.0
205253.0
205254.0
205256.0
205257.0
205258.0
205267.0
205268.0
205269.0
205271.0
205272.0
205273.0
205274.0
205279.0
205313.0
205314.0
205316.0
205318.0
205327.0
205331.0
205332.0
205337.0
205338.0
205341.0
205343.0
205373.0
205374.0
205376.0
205387.0
205391.0
205392.0
205433.0
205434.0
205436.0
205447.0
205448.0
205451.0
205452.0
205493.0
205494.0
205496.0
205497.0
205498.0
205506.0
205507.0
205508.0
205511.0
205512.0
205553.0
205554.0
205556.0
205567.0
205568.0
205571.0
205572.0
205573.0
205583.0
205613.0
205614.0
205617.0
205618.0
205627.0
205631.0
205632.0
205673.0
205674.0
205676.0
205678.0
205687.0
205691.0
205692.0
205693.0
205733.0
205734.0
205736.0
205747.0
205751.0
205752.0
205793.0
205794.0
205796.0
205807.0
205811.0
205841.0
205853.0
205854.0
205858.0
205867.0
205868.0
205871.0
205913.0
205914.0
205927.0
205928.0
205931.0
205932.0
205973.0
205987.0
205991.0
205992.0
206033.0
206034.0
206044.0
206047.0
206051.0
206052.0
206093.0
206094.0
206107.0
206111.0
206112.0
206153.0
206154.0
206167.0
206171.0
206172.0
206178.0
206214.0
206227.0
206231.0
206232.0
206273.0
206274.0
206287.0
206291.0
206292.0
206333.0
206334.0
206347.0
206348.0
206351.0
206352.0
206394.0
206407.0
206408.0
206411.0
206453.0
206454.0
206467.0
206468.0
206471.0
206472.0
206482.0
206513.0
206514.0
206527.0
206531.0
206532.0
206573.0
206574.0
206587.0
206591.0
206633.0
206634.0
206647.0
206651.0
206652.0
206693.0
206694.0
206707.0
206708.0
206753.0
206767.0
206768.0
206813.0
206814.0
206827.0
206828.0
206873.0
206874.0
206887.0
206933.0
206934.0
206943.0
206947.0
206994.0
207007.0
207053.0
207054.0
207067.0
207077.0
207113.0
207114.0
207127.0
207128.0
207173.0
207174.0
207187.0
207188.0
207234.0
207235.0
207247.0
207248.0
207293.0
207294.0
207307.0
207354.0
207367.0
207368.0
207414.0
207427.0
207474.0
207487.0
207488.0
207534.0
207547.0
207548.0
207553.0
207554.0
207583.0
207589.0
207594.0
207595.0
207607.0
207611.0
207612.0
207622.0
207650.0
207651.0
207652.0
207671.0
207672.0
207709.0
207728.0
207731.0
207738.0
207766.0
207767.0
207769.0
207791.0
207792.0
207800.0
207827.0
207829.0
207830.0
207852.0
207856.0
207858.0
207885.0
207886.0
207887.0
207910.0
207912.0
207913.0
207939.0
207942.0
207943.0
207963.0
207972.0
207992.0
207993.0
207996.0
208022.0
208032.0
208051.0
208083.0
208084.0
208092.0
208112.0
208113.0
208115.0
208116.0
208117.0
208146.0
208152.0
208175.0
208187.0
208188.0
208208.0
208213.0
208218.0
208237.0
208247.0
208267.0
208268.0
208271.0
208272.0
208280.0
208297.0
208298.0
208307.0
208327.0
208331.0
208332.0
208356.0
208357.0
208367.0
208389.0
208391.0
208392.0
208418.0
208452.0
208477.0
208478.0
208479.0
208511.0
208513.0
208514.0
208572.0
208632.0
208692.0
208752.0
208811.0
208812.0
208867.0
208868.0
208871.0
208872.0
208873.0
208875.0
208884.0
208914.0
208916.0
208917.0
208927.0
208928.0
208931.0
208932.0
208937.0
208938.0
208941.0
208972.0
208974.0
208976.0
208987.0
208988.0
208991.0
208992.0
208993.0
209034.0
209036.0
209037.0
209047.0
209051.0
209052.0
209092.0
209093.0
209094.0
209095.0
209096.0
209097.0
209101.0
209102.0
209107.0
209108.0
209112.0
209152.0
209154.0
209156.0
209157.0
209167.0
209168.0
209172.0
209179.0
209212.0
209214.0
209217.0
209228.0
209232.0
209274.0
209276.0
209287.0
209288.0
209291.0
209292.0
209334.0
209336.0
209337.0
209348.0
209352.0
209392.0
209394.0
209396.0
209397.0
209407.0
209408.0
209412.0
209452.0
209454.0
209456.0
209457.0
209467.0
209468.0
209472.0
209512.0
209514.0
209516.0
209528.0
209529.0
209531.0
209532.0
209572.0
209576.0
209587.0
209592.0
209632.0
209633.0
209636.0
209640.0
209647.0
209648.0
209651.0
209652.0
209692.0
209696.0
209697.0
209711.0
209712.0
209713.0
209752.0
209754.0
209756.0
209766.0
209772.0
209815.0
209816.0
209817.0
209831.0
209832.0
209833.0
209872.0
209874.0
209876.0
209877.0
209892.0
209893.0
209932.0
209937.0
209952.0
209992.0
209994.0
209997.0
210002.0
210007.0
210052.0
210056.0
210070.0
210071.0
210078.0
210114.0
210117.0
210174.0
210175.0
210191.0
210234.0
210248.0
210294.0
210308.0
210312.0
210367.0
210414.0
210427.0
210431.0
210474.0
210487.0
210488.0
210534.0
210539.0
210547.0
210548.0
210551.0
210552.0
210553.0
210594.0
210607.0
210612.0
210613.0
210654.0
210667.0
210668.0
210672.0
210673.0
210714.0
210727.0
210728.0
210731.0
210732.0
210774.0
210787.0
210788.0
210834.0
210847.0
210848.0
210894.0
210895.0
210907.0
210908.0
210954.0
210967.0
210968.0
211014.0
211015.0
211028.0
211029.0
211074.0
211087.0
211134.0
211147.0
211148.0
211194.0
211207.0
211208.0
211254.0
211267.0
211278.0
211279.0
211314.0
211327.0
211328.0
211374.0
211387.0
211411.0
211412.0
211434.0
211438.0
211447.0
211448.0
211494.0
211507.0
211508.0
211554.0
211567.0
211614.0
211627.0
211628.0
211637.0
211638.0
211668.0
211674.0
211687.0
211691.0
211692.0
211697.0
211701.0
211716.0
211717.0
211747.0
211748.0
211751.0
211752.0
211753.0
211763.0
211807.0
211808.0
211811.0
211812.0
211824.0
211825.0
211830.0
211855.0
211860.0
211871.0
211872.0
211876.0
211884.0
211886.0
211887.0
211888.0
211917.0
211932.0
211950.0
211951.0
211962.0
211987.0
211991.0
211992.0
212010.0
212016.0
212017.0
212052.0
212073.0
212074.0
212112.0
212132.0
212133.0
212171.0
212172.0
212191.0
212192.0
212198.0
212199.0
212206.0
212207.0
212232.0
212254.0
212255.0
212256.0
212266.0
212291.0
212292.0
212293.0
212313.0
212321.0
212322.0
212324.0
212352.0
212376.0
212380.0
212381.0
212382.0
212411.0
212412.0
212432.0
212433.0
212435.0
212461.0
212463.0
212471.0
212472.0
212485.0
212486.0
212491.0
212492.0
212516.0
212531.0
212532.0
212545.0
212591.0
212592.0
212651.0
212652.0
212712.0
212713.0
212772.0
212775.0
212832.0
212833.0
212892.0
212952.0
212993.0
212994.0
212997.0
212998.0
213007.0
213008.0
213012.0
213053.0
213054.0
213056.0
213057.0
213058.0
213072.0
213113.0
213114.0
213117.0
213118.0
213128.0
213132.0
213173.0
213174.0
213176.0
213177.0
213178.0
213187.0
213192.0
213233.0
213234.0
213236.0
213237.0
213238.0
213247.0
213248.0
213252.0
213293.0
213294.0
213295.0
213296.0
213298.0
213307.0
213312.0
213353.0
213354.0
213356.0
213367.0
213372.0
213413.0
213414.0
213416.0
213418.0
213427.0
213428.0
213432.0
213473.0
213474.0
213476.0
213487.0
213492.0
213533.0
213535.0
213536.0
213538.0
213547.0
213552.0
213593.0
213594.0
213596.0
213598.0
213607.0
213612.0
213653.0
213654.0
213656.0
213658.0
213667.0
213668.0
213672.0
213674.0
213713.0
213714.0
213716.0
213718.0
213727.0
213728.0
213732.0
213733.0
213774.0
213775.0
213776.0
213778.0
213787.0
213788.0
213792.0
213793.0
213834.0
213836.0
213838.0
213847.0
213852.0
213853.0
213894.0
213895.0
213896.0
213898.0
213907.0
213908.0
213912.0
213913.0
213953.0
213954.0
213956.0
213957.0
213958.0
213968.0
213972.0
213973.0
214014.0
214016.0
214018.0
214027.0
214028.0
214032.0
214074.0
214076.0
214078.0
214087.0
214092.0
214093.0
214134.0
214135.0
214138.0
214147.0
214148.0
214152.0
214194.0
214207.0
214208.0
214212.0
214213.0
214253.0
214254.0
214267.0
214268.0
214269.0
214272.0
214314.0
214315.0
214327.0
214328.0
214332.0
214333.0
214374.0
214387.0
214388.0
214392.0
214434.0
214447.0
214448.0
214449.0
214452.0
214494.0
214507.0
214508.0
214512.0
214554.0
214567.0
214568.0
214572.0
214573.0
214614.0
214627.0
214628.0
214632.0
214673.0
214674.0
214687.0
214688.0
214692.0
214734.0
214735.0
214747.0
214748.0
214752.0
214753.0
214754.0
214794.0
214807.0
214808.0
214812.0
214854.0
214855.0
214867.0
214868.0
214877.0
214878.0
214914.0
214928.0
214974.0
215011.0
215012.0
215034.0
215047.0
215048.0
215094.0
215108.0
215153.0
215154.0
215168.0
215214.0
215228.0
215274.0
215287.0
215334.0
215347.0
215348.0
215394.0
215395.0
215408.0
215454.0
215468.0
215514.0
215527.0
215587.0
215634.0
215635.0
215647.0
215648.0
215694.0
215707.0
215708.0
215735.0
215736.0
215738.0
215753.0
215754.0
215766.0
215767.0
215768.0
215772.0
215773.0
215795.0
215820.0
215825.0
215827.0
215828.0
215832.0
215850.0
215854.0
215887.0
215892.0
215893.0
215908.0
215909.0
215911.0
215952.0
215953.0
215963.0
215964.0
215968.0
215994.0
216012.0
216022.0
216030.0
216031.0
216061.0
216068.0
216069.0
216072.0
216073.0
216125.0
216126.0
216127.0
216132.0
216133.0
216181.0
216192.0
216202.0
216203.0
216221.0
216239.0
216252.0
216269.0
216298.0
216299.0
216300.0
216312.0
216313.0
216358.0
216359.0
216361.0
216371.0
216372.0
216391.0
216419.0
216432.0
216447.0
216448.0
216450.0
216477.0
216481.0
216482.0
216492.0
216535.0
216552.0
216612.0
216613.0
216672.0
216732.0
216792.0
216793.0
216852.0
216853.0
216912.0
216972.0
216973.0
217032.0
217074.0
217076.0
217077.0
217087.0
217088.0
217092.0
217132.0
217134.0
217136.0
217137.0
217147.0
217148.0
217152.0
217192.0
217196.0
217197.0
217208.0
217212.0
217252.0
217254.0
217256.0
217257.0
217268.0
217270.0
217272.0
217314.0
217316.0
217317.0
217328.0
217332.0
217374.0
217376.0
217377.0
217388.0
217392.0
217393.0
217434.0
217436.0
217437.0
217447.0
217448.0
217452.0
217492.0
217494.0
217496.0
217497.0
217508.0
217512.0
217554.0
217555.0
217556.0
217557.0
217568.0
217572.0
217573.0
217614.0
217616.0
217617.0
217632.0
217674.0
217676.0
217677.0
217688.0
217692.0
217693.0
217731.0
217732.0
217734.0
217736.0
217737.0
217747.0
217748.0
217752.0
217753.0
217794.0
217795.0
217796.0
217797.0
217807.0
217808.0
217809.0
217812.0
217854.0
217856.0
217857.0
217865.0
217868.0
217872.0
217873.0
217914.0
217916.0
217917.0
217927.0
217928.0
217933.0
217974.0
217976.0
217977.0
217987.0
217992.0
217993.0
218034.0
218035.0
218036.0
218037.0
218047.0
218048.0
218052.0
218091.0
218094.0
218096.0
218097.0
218107.0
218108.0
218112.0
218154.0
218157.0
218167.0
218168.0
218169.0
218172.0
218173.0
218214.0
218217.0
218228.0
218232.0
218274.0
218277.0
218288.0
218292.0
218334.0
218347.0
218348.0
218352.0
218393.0
218394.0
218407.0
218408.0
218412.0
218454.0
218467.0
218468.0
218472.0
218473.0
218477.0
218478.0
218514.0
218527.0
218532.0
218533.0
218574.0
218587.0
218588.0
218592.0
218611.0
218630.0
218634.0
218647.0
218648.0
218652.0
218694.0
218708.0
218712.0
218713.0
218755.0
218763.0
218764.0
218768.0
218772.0
218773.0
218814.0
218827.0
218828.0
218832.0
218874.0
218888.0
218892.0
218916.0
218917.0
218935.0
218948.0
218994.0
219007.0
219054.0
219055.0
219067.0
219068.0
219128.0
219174.0
219188.0
219234.0
219247.0
219248.0
219294.0
219307.0
219308.0
219354.0
219368.0
219414.0
219428.0
219473.0
219474.0
219534.0
219548.0
219594.0
219607.0
219608.0
219654.0
219662.0
219663.0
219668.0
219714.0
219715.0
219727.0
219728.0
219774.0
219787.0
219788.0
219795.0
219825.0
219834.0
219847.0
219848.0
219852.0
219853.0
219860.0
219890.0
219896.0
219901.0
219907.0
219908.0
219912.0
219950.0
219951.0
219955.0
219960.0
219965.0
219966.0
219967.0
219968.0
219972.0
219973.0
220032.0
220033.0
220040.0
220041.0
220042.0
220052.0
220084.0
220092.0
220114.0
220115.0
220152.0
220173.0
220176.0
220206.0
220207.0
220212.0
220213.0
220236.0
220237.0
220265.0
220272.0
220298.0
220323.0
220332.0
220352.0
220353.0
220379.0
220392.0
220393.0
220409.0
220436.0
220437.0
220452.0
220453.0
220495.0
220512.0
220524.0
220525.0
220557.0
220572.0
220573.0
220587.0
220617.0
220632.0
220633.0
220657.0
220692.0
220693.0
220752.0
220753.0
220812.0
220813.0
220866.0
220872.0
220932.0
220933.0
220992.0
220993.0
221052.0
221053.0
221112.0
221154.0
221157.0
221158.0
221168.0
221172.0
221214.0
221217.0
221218.0
221228.0
221232.0
221274.0
221277.0
221278.0
221288.0
221292.0
221293.0
221335.0
221337.0
221338.0
221348.0
221352.0
221397.0
221398.0
221407.0
221412.0
221454.0
221456.0
221457.0
221458.0
221460.0
221461.0
221467.0
221468.0
221472.0
221473.0
221514.0
221515.0
221517.0
221518.0
221527.0
221528.0
221532.0
221574.0
221576.0
221577.0
221578.0
221587.0
221588.0
221592.0
221634.0
221637.0
221638.0
221648.0
221652.0
221653.0
221688.0
221692.0
221697.0
221698.0
221707.0
221708.0
221712.0
221754.0
221756.0
221757.0
221758.0
221765.0
221767.0
221768.0
221772.0
221773.0
221818.0
221832.0
221874.0
221877.0
221878.0
221888.0
221892.0
221933.0
221937.0
221947.0
221952.0
221953.0
221996.0
221998.0
222007.0
222012.0
222056.0
222058.0
222072.0
222078.0
222079.0
222116.0
222118.0
222127.0
222174.0
222177.0
222178.0
222192.0
222193.0
222211.0
222212.0
222213.0
222226.0
222235.0
222252.0
222294.0
222298.0
222307.0
222312.0
222354.0
222358.0
222359.0
222414.0
222427.0
222428.0
222432.0
222474.0
222488.0
222515.0
222516.0
222517.0
222534.0
222547.0
222548.0
222594.0
222595.0
222607.0
222608.0
222654.0
222664.0
222668.0
222714.0
222728.0
222732.0
222733.0
222774.0
222787.0
222788.0
222792.0
222834.0
222835.0
222848.0
222852.0
222853.0
222894.0
222907.0
222908.0
222912.0
222954.0
222967.0
222968.0
222972.0
223014.0
223027.0
223074.0
223087.0
223125.0
223134.0
223147.0
223148.0
223194.0
223207.0
223208.0
223254.0
223255.0
223259.0
223267.0
223314.0
223327.0
223328.0
223375.0
223376.0
223388.0
223434.0
223447.0
223448.0
223494.0
223507.0
223509.0
223554.0
223567.0
223568.0
223614.0
223627.0
223628.0
223674.0
223687.0
223688.0
223717.0
223734.0
223747.0
223748.0
223794.0
223807.0
223808.0
223854.0
223867.0
223868.0
223900.0
223901.0
223914.0
223927.0
223928.0
223954.0
223958.0
223974.0
223985.0
223987.0
223988.0
223992.0
224007.0
224008.0
224009.0
224013.0
224038.0
224047.0
224048.0
224052.0
224053.0
224063.0
224067.0
224068.0
224107.0
224108.0
224112.0
224115.0
224116.0
224122.0
224167.0
224172.0
224174.0
224175.0
224197.0
224214.0
224226.0
224232.0
224273.0
224286.0
224292.0
224327.0
224330.0
224331.0
224352.0
224362.0
224380.0
224389.0
224391.0
224409.0
224412.0
224428.0
224429.0
224437.0
224438.0
224440.0
224462.0
224472.0
224508.0
224509.0
224529.0
224532.0
224533.0
224556.0
224557.0
224592.0
224624.0
224625.0
224637.0
224638.0
224652.0
224665.0
224687.0
224693.0
224695.0
224696.0
224697.0
224698.0
224712.0
224755.0
224772.0
224773.0
224782.0
224811.0
224812.0
