0.0
599.0
879.0
901.0
1367.0
1499.0
1626.0
2267.0
2399.0
2664.0
2701.0
2829.0
2830.0
3197.0
3204.0
3264.0
3265.0
3269.0
3324.0
3325.0
3326.0
3327.0
3330.0
3331.0
3384.0
3385.0
3386.0
3387.0
3388.0
3389.0
3444.0
3445.0
3446.0
3447.0
3448.0
3449.0
3504.0
3505.0
3506.0
3509.0
3510.0
3564.0
3565.0
3566.0
3568.0
3569.0
3601.0
3624.0
3625.0
3626.0
3627.0
3628.0
3629.0
3661.0
3684.0
3685.0
3686.0
3687.0
3688.0
3689.0
3690.0
3744.0
3745.0
3746.0
3747.0
3748.0
3749.0
3750.0
3797.0
3803.0
3804.0
3805.0
3850.0
3851.0
3853.0
3858.0
3863.0
3864.0
3865.0
3867.0
3868.0
3869.0
3870.0
3911.0
3919.0
3923.0
3924.0
3925.0
3926.0
3927.0
3928.0
3929.0
3970.0
3983.0
3984.0
3985.0
3987.0
3988.0
4017.0
4022.0
4024.0
4025.0
4027.0
4031.0
4033.0
4034.0
4044.0
4046.0
4047.0
4048.0
4049.0
4050.0
4051.0
4056.0
4083.0
4085.0
4088.0
4090.0
4091.0
4104.0
4105.0
4106.0
4108.0
4143.0
4144.0
4145.0
4148.0
4150.0
4151.0
4153.0
4158.0
4160.0
4161.0
4163.0
4164.0
4165.0
4166.0
4167.0
4168.0
4202.0
4203.0
4205.0
4208.0
4210.0
4223.0
4224.0
4225.0
4226.0
4227.0
4229.0
4263.0
4264.0
4265.0
4268.0
4270.0
4271.0
4272.0
4283.0
4284.0
4285.0
4286.0
4287.0
4289.0
4290.0
4291.0
4292.0
4295.0
4323.0
4324.0
4325.0
4329.0
4330.0
4331.0
4333.0
4335.0
4338.0
4343.0
4344.0
4349.0
4353.0
4357.0
4383.0
4385.0
4386.0
4388.0
4390.0
4391.0
4396.0
4403.0
4404.0
4405.0
4420.0
4443.0
4445.0
4446.0
4448.0
4450.0
4451.0
4452.0
4463.0
4464.0
4465.0
4466.0
4467.0
4468.0
4469.0
4470.0
4503.0
4505.0
4508.0
4510.0
4511.0
4512.0
4516.0
4517.0
4523.0
4524.0
4525.0
4526.0
4527.0
4528.0
4529.0
4563.0
4564.0
4565.0
4568.0
4570.0
4571.0
4583.0
4584.0
4585.0
4587.0
4588.0
4590.0
4591.0
4593.0
4595.0
4597.0
4615.0
4618.0
4625.0
4627.0
4632.0
4633.0
4637.0
4643.0
4644.0
4685.0
4687.0
4688.0
4689.0
4690.0
4691.0
4692.0
4693.0
4694.0
4695.0
4696.0
4697.0
4703.0
4704.0
4705.0
4706.0
4709.0
4711.0
4742.0
4743.0
4744.0
4745.0
4748.0
4750.0
4751.0
4752.0
4754.0
4755.0
4756.0
4757.0
4764.0
4765.0
4766.0
4767.0
4769.0
4770.0
4771.0
4803.0
4805.0
4806.0
4807.0
4809.0
4811.0
4812.0
4813.0
4817.0
4823.0
4824.0
4825.0
4826.0
4827.0
4828.0
4829.0
4865.0
4867.0
4870.0
4873.0
4874.0
4875.0
4883.0
4884.0
4885.0
4886.0
4887.0
4888.0
4889.0
4890.0
4891.0
4893.0
4896.0
4897.0
4899.0
4925.0
4926.0
4930.0
4943.0
4944.0
4945.0
4946.0
4947.0
4948.0
4949.0
4985.0
4990.0
5004.0
5005.0
5008.0
5010.0
5012.0
5017.0
5018.0
5023.0
5026.0
5032.0
5051.0
5055.0
5059.0
5060.0
5061.0
5065.0
5066.0
5069.0
5072.0
5073.0
5111.0
5124.0
5125.0
5127.0
5128.0
5129.0
5130.0
5171.0
5183.0
5184.0
5185.0
5186.0
5187.0
5188.0
5189.0
5190.0
5191.0
5192.0
5193.0
5226.0
5233.0
5234.0
5238.0
5240.0
5243.0
5244.0
5245.0
5246.0
5247.0
5248.0
5249.0
5251.0
5291.0
5294.0
5296.0
5297.0
5299.0
5303.0
5304.0
5307.0
5309.0
5311.0
5313.0
5315.0
5319.0
5321.0
5323.0
5325.0
5327.0
5328.0
5330.0
5332.0
5336.0
5353.0
5355.0
5356.0
5357.0
5365.0
5368.0
5371.0
5411.0
5412.0
5413.0
5414.0
5416.0
5417.0
5423.0
5424.0
5425.0
5426.0
5428.0
5429.0
5472.0
5473.0
5483.0
5484.0
5485.0
5486.0
5487.0
5488.0
5489.0
5491.0
5492.0
5493.0
5494.0
5528.0
5532.0
5533.0
5534.0
5537.0
5543.0
5544.0
5547.0
5550.0
5593.0
5595.0
5597.0
5599.0
5604.0
5605.0
5665.0
5666.0
5667.0
5668.0
5669.0
5671.0
5672.0
5673.0
5712.0
5713.0
5714.0
5728.0
5729.0
5733.0
5734.0
5771.0
5831.0
5832.0
5833.0
5835.0
5837.0
5843.0
5846.0
5847.0
5894.0
5895.0
5896.0
5899.0
5900.0
5903.0
5904.0
5951.0
5963.0
5964.0
5965.0
5966.0
5967.0
5968.0
6024.0
6026.0
6029.0
6030.0
6075.0
6076.0
6084.0
6087.0
6089.0
6092.0
6143.0
6161.0
6181.0
6196.0
6200.0
6207.0
6263.0
6275.0
6288.0
6314.0
6335.0
6371.0
6387.0
6455.0
6503.0
6551.0
6563.0
6587.0
6588.0
6589.0
6590.0
6591.0
6592.0
6595.0
6599.0
6609.0
6610.0
6623.0
6627.0
6631.0
6646.0
6647.0
6648.0
6649.0
6651.0
6653.0
6654.0
6656.0
6659.0
6684.0
6706.0
6707.0
6708.0
6710.0
6711.0
6713.0
6716.0
6717.0
6743.0
6744.0
6765.0
6771.0
6804.0
6826.0
6829.0
6830.0
6831.0
6833.0
6834.0
6837.0
6864.0
6889.0
6891.0
6892.0
6897.0
6898.0
6899.0
6901.0
6902.0
6905.0
6906.0
6910.0
6919.0
6928.0
6984.0
7013.0
7016.0
7023.0
7044.0
7067.0
7068.0
7069.0
7104.0
7126.0
7127.0
7128.0
7129.0
7131.0
7133.0
7135.0
7137.0
7138.0
7139.0
7164.0
7187.0
7192.0
7193.0
7195.0
7197.0
7199.0
7210.0
7224.0
7247.0
7248.0
7249.0
7251.0
7254.0
7284.0
7308.0
7317.0
7343.0
7351.0
7360.0
7376.0
7397.0
7404.0
7406.0
7407.0
7409.0
7419.0
7427.0
7438.0
7447.0
7449.0
7451.0
7464.0
7465.0
7524.0
7525.0
7526.0
7528.0
7529.0
7530.0
7587.0
7588.0
7594.0
7611.0
7612.0
7644.0
7704.0
7764.0
7772.0
7824.0
7884.0
7885.0
7886.0
7887.0
7888.0
7891.0
7892.0
7923.0
7930.0
7931.0
7932.0
7937.0
7943.0
7944.0
7945.0
7946.0
7947.0
7948.0
7949.0
7950.0
7951.0
7984.0
7993.0
7994.0
7996.0
8003.0
8004.0
8005.0
8006.0
8007.0
8012.0
8013.0
8051.0
8053.0
8063.0
8064.0
8065.0
8068.0
8104.0
8111.0
8112.0
8113.0
8119.0
8123.0
8124.0
8125.0
8126.0
8127.0
8128.0
8164.0
8168.0
8171.0
8183.0
8184.0
8185.0
8186.0
8187.0
8188.0
8189.0
8218.0
8219.0
8224.0
8232.0
8244.0
8245.0
8246.0
8247.0
8248.0
8249.0
8251.0
8256.0
8283.0
8284.0
8287.0
8291.0
8292.0
8294.0
8297.0
8305.0
8309.0
8343.0
8344.0
8349.0
8351.0
8352.0
8353.0
8354.0
8356.0
8357.0
8363.0
8364.0
8365.0
8366.0
8368.0
8370.0
8406.0
8407.0
8408.0
8409.0
8410.0
8411.0
8414.0
8416.0
8423.0
8424.0
8425.0
8426.0
8427.0
8428.0
8429.0
8430.0
8471.0
8472.0
8474.0
8477.0
8483.0
8484.0
8485.0
8486.0
8488.0
8489.0
8524.0
8531.0
8532.0
8533.0
8543.0
8544.0
8545.0
8546.0
8547.0
8548.0
8549.0
8550.0
8552.0
8556.0
8582.0
8587.0
8590.0
8591.0
8592.0
8593.0
8594.0
8603.0
8604.0
8605.0
8607.0
8608.0
8609.0
8643.0
8644.0
8651.0
8655.0
8663.0
8665.0
8703.0
8704.0
8705.0
8708.0
8709.0
8711.0
8712.0
8713.0
8714.0
8723.0
8724.0
8725.0
8727.0
8728.0
8730.0
8763.0
8768.0
8769.0
8771.0
8773.0
8783.0
8784.0
8785.0
8786.0
8787.0
8788.0
8789.0
8790.0
8791.0
8823.0
8824.0
8826.0
8828.0
8831.0
8832.0
8843.0
8844.0
8845.0
8846.0
8847.0
8848.0
8849.0
8850.0
8851.0
8883.0
8886.0
8887.0
8891.0
8892.0
8894.0
8896.0
8903.0
8904.0
8905.0
8906.0
8907.0
8908.0
8909.0
8911.0
8943.0
8944.0
8945.0
8951.0
8952.0
8953.0
8955.0
8956.0
8957.0
8963.0
8964.0
8965.0
8967.0
8968.0
8969.0
8970.0
9004.0
9009.0
9011.0
9012.0
9016.0
9018.0
9023.0
9024.0
9025.0
9026.0
9027.0
9028.0
9029.0
9065.0
9069.0
9071.0
9073.0
9074.0
9083.0
9084.0
9085.0
9087.0
9088.0
9089.0
9127.0
9128.0
9131.0
9132.0
9133.0
9135.0
9143.0
9144.0
9145.0
9147.0
9148.0
9150.0
9191.0
9194.0
9195.0
9197.0
9203.0
9204.0
9205.0
9251.0
9252.0
9254.0
9256.0
9257.0
9263.0
9264.0
9265.0
9266.0
9267.0
9268.0
9269.0
9311.0
9313.0
9314.0
9315.0
9323.0
9324.0
9325.0
9326.0
9327.0
9328.0
9329.0
9331.0
9371.0
9372.0
9373.0
9376.0
9377.0
9383.0
9384.0
9385.0
9386.0
9387.0
9388.0
9389.0
9390.0
9391.0
9431.0
9432.0
9444.0
9445.0
9446.0
9448.0
9449.0
9451.0
9452.0
9491.0
9492.0
9493.0
9496.0
9503.0
9504.0
9505.0
9506.0
9507.0
9508.0
9509.0
9554.0
9555.0
9563.0
9564.0
9565.0
9566.0
9567.0
9568.0
9569.0
9570.0
9571.0
9611.0
9612.0
9613.0
9615.0
9623.0
9624.0
9625.0
9626.0
9627.0
9628.0
9630.0
9663.0
9671.0
9674.0
9683.0
9684.0
9685.0
9686.0
9687.0
9689.0
9691.0
9731.0
9732.0
9735.0
9736.0
9737.0
9743.0
9744.0
9745.0
9746.0
9747.0
9748.0
9749.0
9750.0
9791.0
9792.0
9803.0
9804.0
9805.0
9808.0
9851.0
9852.0
9864.0
9865.0
9867.0
9869.0
9870.0
9912.0
9914.0
9915.0
9916.0
9923.0
9924.0
9928.0
9971.0
9973.0
9974.0
9975.0
9984.0
9987.0
10031.0
10033.0
10043.0
10044.0
10049.0
10091.0
10092.0
10093.0
10095.0
10096.0
10104.0
10105.0
10106.0
10109.0
10151.0
10152.0
10153.0
10154.0
10164.0
10211.0
10215.0
10223.0
10224.0
10226.0
10227.0
10271.0
10272.0
10274.0
10283.0
10284.0
10287.0
10331.0
10333.0
10334.0
10335.0
10336.0
10337.0
10344.0
10345.0
10346.0
10347.0
10348.0
10349.0
10350.0
10391.0
10393.0
10395.0
10397.0
10404.0
10405.0
10407.0
10408.0
10409.0
10451.0
10453.0
10463.0
10464.0
10465.0
10470.0
10511.0
10512.0
10513.0
10523.0
10524.0
10526.0
10527.0
10529.0
10564.0
10571.0
10572.0
10577.0
10578.0
10584.0
10586.0
10631.0
10632.0
10633.0
10643.0
10644.0
10646.0
10647.0
10648.0
10668.0
10669.0
10672.0
10674.0
10680.0
10684.0
10691.0
10695.0
10703.0
10704.0
10705.0
10706.0
10707.0
10708.0
10709.0
10722.0
10727.0
10729.0
10730.0
10763.0
10764.0
10765.0
10766.0
10767.0
10768.0
10769.0
10771.0
10787.0
10788.0
10790.0
10792.0
10800.0
10804.0
10823.0
10825.0
10826.0
10827.0
10828.0
10829.0
10830.0
10831.0
10848.0
10849.0
10851.0
10853.0
10854.0
10855.0
10859.0
10861.0
10885.0
10886.0
10888.0
10890.0
10909.0
10911.0
10914.0
10916.0
10917.0
10926.0
10945.0
10946.0
10948.0
10949.0
10962.0
10973.0
10977.0
10979.0
10981.0
10982.0
10997.0
11004.0
11005.0
11006.0
11007.0
11008.0
11009.0
11011.0
11027.0
11029.0
11030.0
11031.0
11032.0
11033.0
11038.0
11039.0
11064.0
11065.0
11066.0
11067.0
11088.0
11093.0
11094.0
11125.0
11127.0
11128.0
11146.0
11148.0
11149.0
11150.0
11152.0
11153.0
11154.0
11157.0
11165.0
11184.0
11185.0
11186.0
11187.0
11188.0
11189.0
11190.0
11191.0
11192.0
11208.0
11209.0
11210.0
11216.0
11217.0
11220.0
11231.0
11245.0
11246.0
11247.0
11248.0
11249.0
11268.0
11269.0
11271.0
11273.0
11274.0
11276.0
11280.0
11284.0
11285.0
11305.0
11306.0
11307.0
11309.0
11310.0
11327.0
11328.0
11332.0
11364.0
11365.0
11366.0
11367.0
11368.0
11387.0
11388.0
11390.0
11396.0
11399.0
11404.0
11425.0
11426.0
11428.0
11448.0
11449.0
11451.0
11452.0
11454.0
11456.0
11458.0
11484.0
11485.0
11507.0
11508.0
11509.0
11510.0
11512.0
11514.0
11518.0
11520.0
11522.0
11523.0
11524.0
11544.0
11545.0
11546.0
11547.0
11549.0
11604.0
11605.0
11665.0
11667.0
11668.0
11725.0
11726.0
11727.0
11729.0
11731.0
11784.0
11785.0
11787.0
11844.0
11845.0
11846.0
11848.0
11849.0
11850.0
11897.0
11905.0
11907.0
11909.0
11964.0
11965.0
11966.0
11968.0
12004.0
12006.0
12007.0
12008.0
12009.0
12011.0
12012.0
12013.0
12015.0
12016.0
12017.0
12018.0
12023.0
12024.0
12025.0
12026.0
12027.0
12028.0
12029.0
12062.0
12063.0
12064.0
12065.0
12068.0
12069.0
12071.0
12072.0
12076.0
12084.0
12085.0
12086.0
12087.0
12088.0
12089.0
12090.0
12123.0
12124.0
12125.0
12128.0
12130.0
12131.0
12132.0
12133.0
12135.0
12136.0
12137.0
12143.0
12144.0
12145.0
12146.0
12148.0
12149.0
12150.0
12151.0
12184.0
12185.0
12188.0
12190.0
12191.0
12192.0
12193.0
12194.0
12204.0
12205.0
12206.0
12207.0
12243.0
12244.0
12245.0
12248.0
12249.0
12251.0
12254.0
12255.0
12257.0
12264.0
12265.0
12266.0
12267.0
12268.0
12269.0
12303.0
12305.0
12306.0
12308.0
12312.0
12316.0
12324.0
12325.0
12326.0
12327.0
12364.0
12365.0
12369.0
12370.0
12371.0
12373.0
12374.0
12375.0
12377.0
12384.0
12385.0
12386.0
12387.0
12388.0
12389.0
12390.0
12391.0
12423.0
12424.0
12425.0
12427.0
12431.0
12432.0
12433.0
12436.0
12443.0
12444.0
12445.0
12446.0
12448.0
12449.0
12450.0
12451.0
12483.0
12485.0
12486.0
12489.0
12490.0
12491.0
12492.0
12493.0
12495.0
12496.0
12504.0
12505.0
12506.0
12508.0
12509.0
12543.0
12544.0
12545.0
12547.0
12548.0
12550.0
12551.0
12553.0
12554.0
12556.0
12564.0
12565.0
12566.0
12567.0
12570.0
12571.0
12603.0
12604.0
12605.0
12608.0
12610.0
12612.0
12613.0
12615.0
12616.0
12617.0
12623.0
12624.0
12625.0
12626.0
12627.0
12628.0
12629.0
12663.0
12665.0
12666.0
12668.0
12670.0
12672.0
12674.0
12683.0
12684.0
12685.0
12686.0
12687.0
12688.0
12689.0
12690.0
12691.0
12718.0
12720.0
12723.0
12724.0
12725.0
12728.0
12730.0
12732.0
12733.0
12734.0
12736.0
12737.0
12738.0
12744.0
12745.0
12746.0
12747.0
12783.0
12785.0
12788.0
12790.0
12791.0
12794.0
12795.0
12798.0
12804.0
12805.0
12806.0
12807.0
12808.0
12810.0
12811.0
12845.0
12846.0
12848.0
12850.0
12851.0
12852.0
12854.0
12857.0
12863.0
12864.0
12865.0
12866.0
12867.0
12868.0
12869.0
12870.0
12905.0
12906.0
12908.0
12910.0
12911.0
12914.0
12920.0
12924.0
12925.0
12926.0
12928.0
12929.0
12965.0
12968.0
12970.0
12972.0
12973.0
12976.0
12977.0
12983.0
12984.0
12985.0
12986.0
12988.0
12989.0
12990.0
12991.0
13023.0
13025.0
13028.0
13031.0
13032.0
13033.0
13037.0
13044.0
13045.0
13046.0
13047.0
13048.0
13049.0
13050.0
13051.0
13085.0
13090.0
13091.0
13097.0
13103.0
13104.0
13105.0
13107.0
13109.0
13110.0
13145.0
13146.0
13148.0
13151.0
13154.0
13155.0
13164.0
13165.0
13166.0
13167.0
13168.0
13170.0
13171.0
13211.0
13212.0
13215.0
13216.0
13223.0
13224.0
13225.0
13226.0
13227.0
13229.0
13230.0
13271.0
13272.0
13273.0
13274.0
13276.0
13277.0
13283.0
13284.0
13285.0
13286.0
13288.0
13289.0
13291.0
13331.0
13332.0
13334.0
13335.0
13337.0
13344.0
13345.0
13348.0
13351.0
13353.0
13391.0
13392.0
13393.0
13394.0
13404.0
13405.0
13406.0
13408.0
13409.0
13412.0
13451.0
13452.0
13453.0
13454.0
13456.0
13464.0
13465.0
13466.0
13467.0
13468.0
13469.0
13470.0
13511.0
13512.0
13525.0
13526.0
13527.0
13528.0
13529.0
13531.0
13571.0
13572.0
13575.0
13577.0
13584.0
13585.0
13586.0
13587.0
13588.0
13632.0
13636.0
13643.0
13644.0
13645.0
13647.0
13648.0
13649.0
13691.0
13692.0
13697.0
13698.0
13704.0
13705.0
13706.0
13707.0
13708.0
13709.0
13710.0
13752.0
13763.0
13764.0
13765.0
13767.0
13768.0
13811.0
13813.0
13814.0
13824.0
13825.0
13826.0
13827.0
13828.0
13830.0
13831.0
13871.0
13872.0
13873.0
13874.0
13877.0
13883.0
13884.0
13885.0
13888.0
13931.0
13944.0
13991.0
13992.0
14004.0
14005.0
14006.0
14008.0
14010.0
14011.0
14051.0
14052.0
14055.0
14056.0
14063.0
14111.0
14112.0
14113.0
14114.0
14124.0
14164.0
14171.0
14172.0
14184.0
14185.0
14231.0
14232.0
14233.0
14238.0
14244.0
14245.0
14247.0
14248.0
14249.0
14291.0
14292.0
14294.0
14295.0
14296.0
14304.0
14351.0
14352.0
14364.0
14368.0
14411.0
14412.0
14424.0
14425.0
14427.0
14429.0
14471.0
14472.0
14473.0
14474.0
14484.0
14486.0
14487.0
14488.0
14531.0
14532.0
14533.0
14534.0
14536.0
14544.0
14592.0
14604.0
14606.0
14608.0
14609.0
14610.0
14651.0
14652.0
14664.0
14667.0
14668.0
14670.0
14672.0
14724.0
14748.0
14749.0
14750.0
14752.0
14754.0
14757.0
14759.0
14771.0
14772.0
14784.0
14800.0
14802.0
14807.0
14808.0
14809.0
14814.0
14816.0
14820.0
14845.0
14847.0
14848.0
14867.0
14868.0
14869.0
14870.0
14874.0
14878.0
14882.0
14904.0
14905.0
14906.0
14907.0
14908.0
14910.0
14911.0
14923.0
14927.0
14928.0
14933.0
14934.0
14964.0
14965.0
14966.0
14967.0
14968.0
14986.0
14988.0
14989.0
14990.0
15025.0
15048.0
15085.0
15100.0
15101.0
15102.0
15104.0
15105.0
15108.0
15110.0
15121.0
15145.0
15168.0
15169.0
15170.0
15171.0
15173.0
15176.0
15178.0
15192.0
15193.0
15205.0
15206.0
15265.0
15266.0
15267.0
15270.0
15287.0
15288.0
15289.0
15325.0
15331.0
15348.0
15350.0
15358.0
15386.0
15387.0
15388.0
15389.0
15390.0
15391.0
15392.0
15394.0
15410.0
15414.0
15415.0
15416.0
15418.0
15419.0
15445.0
15448.0
15450.0
15460.0
15468.0
15469.0
15470.0
15472.0
15473.0
15476.0
15497.0
15505.0
15509.0
15510.0
15527.0
15528.0
15529.0
15539.0
15565.0
15566.0
15567.0
15568.0
15570.0
15572.0
15588.0
15590.0
15598.0
15599.0
15600.0
15625.0
15628.0
15629.0
15647.0
15648.0
15650.0
15652.0
15656.0
15658.0
15707.0
15745.0
15805.0
15806.0
15808.0
15809.0
15865.0
15866.0
15925.0
15926.0
15927.0
15929.0
15930.0
15931.0
15932.0
15985.0
15986.0
15987.0
15988.0
15989.0
15990.0
15991.0
16045.0
16046.0
16085.0
16087.0
16089.0
16091.0
16092.0
16093.0
16096.0
16097.0
16098.0
16103.0
16104.0
16105.0
16106.0
16107.0
16108.0
16109.0
16110.0
16111.0
16144.0
16148.0
16149.0
16152.0
16154.0
16156.0
16157.0
16158.0
16165.0
16166.0
16168.0
16169.0
16171.0
16205.0
16207.0
16208.0
16209.0
16210.0
16212.0
16213.0
16214.0
16217.0
16224.0
16225.0
16226.0
16227.0
16228.0
16229.0
16263.0
16264.0
16268.0
16269.0
16272.0
16273.0
16274.0
16276.0
16277.0
16285.0
16286.0
16288.0
16290.0
16318.0
16319.0
16323.0
16324.0
16327.0
16329.0
16332.0
16335.0
16344.0
16345.0
16346.0
16348.0
16349.0
16350.0
16386.0
16387.0
16388.0
16389.0
16392.0
16393.0
16394.0
16396.0
16397.0
16398.0
16404.0
16405.0
16406.0
16407.0
16408.0
16410.0
16411.0
16448.0
16449.0
16451.0
16452.0
16453.0
16464.0
16465.0
16466.0
16467.0
16468.0
16469.0
16470.0
16471.0
16472.0
16511.0
16512.0
16515.0
16518.0
16524.0
16525.0
16526.0
16527.0
16528.0
16529.0
16530.0
16531.0
16563.0
16571.0
16572.0
16573.0
16575.0
16585.0
16586.0
16587.0
16588.0
16589.0
16590.0
16591.0
16592.0
16624.0
16628.0
16629.0
16631.0
16632.0
16634.0
16636.0
16641.0
16642.0
16645.0
16646.0
16647.0
16648.0
16649.0
16650.0
16652.0
16653.0
16684.0
16686.0
16687.0
16688.0
16692.0
16694.0
16695.0
16696.0
16697.0
16698.0
16704.0
16705.0
16706.0
16707.0
16708.0
16709.0
16711.0
16712.0
16744.0
16745.0
16749.0
16750.0
16751.0
16752.0
16753.0
16754.0
16755.0
16756.0
16763.0
16765.0
16766.0
16767.0
16768.0
16769.0
16770.0
16771.0
16772.0
16773.0
16775.0
16804.0
16807.0
16808.0
16809.0
16811.0
16812.0
16815.0
16824.0
16825.0
16826.0
16827.0
16829.0
16830.0
16831.0
16863.0
16864.0
16869.0
16873.0
16875.0
16876.0
16884.0
16885.0
16886.0
16887.0
16889.0
16923.0
16924.0
16928.0
16929.0
16933.0
16934.0
16944.0
16945.0
16946.0
16947.0
16948.0
16949.0
16951.0
16952.0
16953.0
16984.0
16988.0
16989.0
16992.0
16993.0
16994.0
17004.0
17005.0
17006.0
17007.0
17008.0
17010.0
17043.0
17044.0
17046.0
17048.0
17049.0
17051.0
17052.0
17064.0
17065.0
17066.0
17067.0
17068.0
17069.0
17070.0
17072.0
17075.0
17076.0
17103.0
17104.0
17108.0
17109.0
17111.0
17112.0
17113.0
17124.0
17125.0
17126.0
17127.0
17129.0
17130.0
17132.0
17133.0
17149.0
17164.0
17168.0
17170.0
17172.0
17173.0
17176.0
17177.0
17184.0
17185.0
17186.0
17187.0
17188.0
17189.0
17190.0
17191.0
17224.0
17227.0
17229.0
17231.0
17232.0
17235.0
17241.0
17244.0
17245.0
17246.0
17248.0
17249.0
17297.0
17298.0
17303.0
17305.0
17306.0
17308.0
17309.0
17310.0
17351.0
17352.0
17353.0
17364.0
17365.0
17366.0
17367.0
17368.0
17411.0
17412.0
17413.0
17414.0
17417.0
17425.0
17426.0
17427.0
17429.0
17471.0
17472.0
17473.0
17484.0
17485.0
17486.0
17531.0
17535.0
17537.0
17544.0
17545.0
17546.0
17548.0
17550.0
17551.0
17591.0
17592.0
17593.0
17594.0
17595.0
17604.0
17605.0
17606.0
17607.0
17609.0
17611.0
17651.0
17652.0
17664.0
17665.0
17666.0
17667.0
17668.0
17669.0
17671.0
17679.0
17713.0
17716.0
17717.0
17718.0
17724.0
17726.0
17727.0
17764.0
17773.0
17775.0
17776.0
17784.0
17785.0
17786.0
17788.0
17834.0
17838.0
17843.0
17845.0
17846.0
17847.0
17848.0
17850.0
17852.0
17891.0
17895.0
17896.0
17899.0
17904.0
17905.0
17906.0
17907.0
17908.0
17909.0
17911.0
17964.0
17965.0
17968.0
17969.0
17970.0
18011.0
18012.0
18014.0
18024.0
18025.0
18026.0
18028.0
18030.0
18071.0
18084.0
18087.0
18144.0
18145.0
18146.0
18147.0
18148.0
18151.0
18204.0
18205.0
18218.0
18219.0
18251.0
18263.0
18308.0
18309.0
18310.0
18370.0
18429.0
18433.0
18442.0
18489.0
18491.0
18502.0
18503.0
18506.0
18507.0
18549.0
18550.0
18551.0
18552.0
18562.0
18563.0
18564.0
18566.0
18609.0
18622.0
18658.0
18664.0
18669.0
18682.0
18684.0
18685.0
18686.0
18687.0
18740.0
18742.0
18769.0
18789.0
18790.0
18791.0
18793.0
18794.0
18796.0
18801.0
18834.0
18836.0
18837.0
18838.0
18840.0
18849.0
18850.0
18851.0
18888.0
18890.0
18892.0
18893.0
18894.0
18895.0
18910.0
18911.0
18912.0
18913.0
18922.0
18923.0
18924.0
18925.0
18947.0
18949.0
18950.0
18951.0
18982.0
18983.0
18985.0
18986.0
18987.0
18988.0
19008.0
19011.0
19012.0
19013.0
19015.0
19016.0
19017.0
19019.0
19023.0
19032.0
19042.0
19043.0
19045.0
19047.0
19061.0
19069.0
19070.0
19073.0
19075.0
19079.0
19092.0
19098.0
19103.0
19127.0
19129.0
19130.0
19131.0
19134.0
19135.0
19139.0
19141.0
19142.0
19143.0
19152.0
19189.0
19191.0
19193.0
19194.0
19196.0
19199.0
19202.0
19203.0
19223.0
19224.0
19226.0
19228.0
19248.0
19249.0
19255.0
19272.0
19283.0
19284.0
19285.0
19286.0
19287.0
19308.0
19309.0
19311.0
19316.0
19319.0
19321.0
19322.0
19324.0
19332.0
19344.0
19345.0
19346.0
19347.0
19348.0
19368.0
19369.0
19370.0
19381.0
19391.0
19392.0
19404.0
19407.0
19408.0
19409.0
19410.0
19427.0
19429.0
19448.0
19452.0
19464.0
19497.0
19543.0
19606.0
19607.0
19608.0
19617.0
19644.0
19667.0
19668.0
19670.0
19671.0
19676.0
19680.0
19682.0
19704.0
19728.0
19729.0
19735.0
19737.0
19763.0
19764.0
19766.0
19767.0
19768.0
19823.0
19824.0
19825.0
19826.0
19827.0
19829.0
19883.0
19884.0
19887.0
19888.0
19928.0
19943.0
19944.0
19948.0
19949.0
19950.0
19951.0
19998.0
20003.0
20004.0
20005.0
20006.0
20007.0
20009.0
20063.0
20064.0
20065.0
20066.0
20067.0
20123.0
20124.0
20125.0
20183.0
20184.0
20186.0
20187.0
20188.0
20223.0
20228.0
20229.0
20230.0
20231.0
20232.0
20234.0
20241.0
20242.0
20243.0
20244.0
20245.0
20246.0
20248.0
20249.0
20263.0
20264.0
20283.0
20291.0
20302.0
20303.0
20304.0
20305.0
20349.0
20350.0
20352.0
20362.0
20363.0
20364.0
20367.0
20369.0
20370.0
20371.0
20409.0
20410.0
20413.0
20422.0
20423.0
20424.0
20426.0
20427.0
20428.0
20429.0
20462.0
20463.0
20464.0
20468.0
20469.0
20470.0
20482.0
20484.0
20485.0
20486.0
20488.0
20489.0
20522.0
20524.0
20529.0
20532.0
20534.0
20535.0
20542.0
20543.0
20544.0
20545.0
20546.0
20547.0
20549.0
20583.0
20584.0
20587.0
20588.0
20589.0
20590.0
20591.0
20593.0
20594.0
20596.0
20601.0
20602.0
20603.0
20604.0
20605.0
20606.0
20607.0
20608.0
20642.0
20644.0
20647.0
20649.0
20650.0
20652.0
20653.0
20662.0
20663.0
20664.0
20665.0
20666.0
20702.0
20703.0
20704.0
20705.0
20709.0
20710.0
20711.0
20712.0
20713.0
20714.0
20722.0
20723.0
20724.0
20726.0
20727.0
20749.0
20761.0
20762.0
20764.0
20767.0
20768.0
20769.0
20770.0
20771.0
20773.0
20782.0
20783.0
20784.0
20785.0
20787.0
20788.0
20819.0
20822.0
20824.0
20827.0
20828.0
20829.0
20830.0
20831.0
20832.0
20833.0
20834.0
20835.0
20836.0
20842.0
20843.0
20844.0
20845.0
20846.0
20847.0
20848.0
20883.0
20884.0
20885.0
20888.0
20889.0
20890.0
20898.0
20902.0
20904.0
20943.0
20944.0
20945.0
20949.0
20950.0
20953.0
20954.0
20962.0
20963.0
20964.0
20965.0
20966.0
20967.0
20968.0
21003.0
21005.0
21006.0
21008.0
21010.0
21011.0
21012.0
21013.0
21014.0
21023.0
21024.0
21025.0
21026.0
21028.0
21063.0
21065.0
21069.0
21070.0
21082.0
21084.0
21085.0
21087.0
21123.0
21125.0
21126.0
21129.0
21130.0
21131.0
21132.0
21134.0
21142.0
21143.0
21144.0
21145.0
21147.0
21148.0
21183.0
21185.0
21187.0
21188.0
21190.0
21191.0
21202.0
21203.0
21204.0
21207.0
21208.0
21243.0
21245.0
21246.0
21248.0
21249.0
21250.0
21251.0
21252.0
21254.0
21255.0
21256.0
21262.0
21263.0
21264.0
21265.0
21266.0
21267.0
21268.0
21305.0
21310.0
21312.0
21322.0
21323.0
21324.0
21325.0
21326.0
21364.0
21365.0
21369.0
21370.0
21371.0
21372.0
21374.0
21375.0
21376.0
21382.0
21383.0
21384.0
21385.0
21386.0
21388.0
21431.0
21432.0
21442.0
21444.0
21445.0
21446.0
21447.0
21448.0
21449.0
21450.0
21489.0
21490.0
21492.0
21494.0
21502.0
21503.0
21504.0
21505.0
21507.0
21508.0
21549.0
21550.0
21564.0
21566.0
21567.0
21569.0
21610.0
21611.0
21612.0
21622.0
21623.0
21624.0
21625.0
21626.0
21627.0
21628.0
21629.0
21669.0
21670.0
21682.0
21684.0
21685.0
21687.0
21688.0
21690.0
21730.0
21731.0
21733.0
21734.0
21742.0
21743.0
21744.0
21745.0
21748.0
21790.0
21798.0
21802.0
21804.0
21805.0
21806.0
21808.0
21850.0
21852.0
21853.0
21854.0
21856.0
21857.0
21862.0
21864.0
21865.0
21866.0
21909.0
21910.0
21911.0
21913.0
21915.0
21922.0
21924.0
21925.0
21926.0
21927.0
21928.0
21969.0
21970.0
21977.0
21982.0
21983.0
21984.0
21985.0
21986.0
21987.0
21988.0
22029.0
22030.0
22034.0
22042.0
22044.0
22045.0
22046.0
22047.0
22089.0
22090.0
22092.0
22094.0
22104.0
22107.0
22150.0
22162.0
22164.0
22209.0
22212.0
22222.0
22225.0
22228.0
22264.0
22269.0
22282.0
22329.0
22330.0
22342.0
22389.0
22390.0
22391.0
22395.0
22402.0
22449.0
22450.0
22452.0
22454.0
22462.0
22466.0
22509.0
22510.0
22514.0
22522.0
22524.0
22526.0
22569.0
22570.0
22582.0
22584.0
22630.0
22631.0
22632.0
22633.0
22635.0
22642.0
22643.0
22690.0
22694.0
22695.0
22702.0
22707.0
22755.0
22762.0
22763.0
22764.0
22766.0
22767.0
22809.0
22810.0
22811.0
22823.0
22824.0
22825.0
22826.0
22828.0
22869.0
22883.0
22884.0
22885.0
22887.0
22930.0
22932.0
22933.0
22934.0
22935.0
22942.0
22946.0
22966.0
22967.0
22989.0
22990.0
22993.0
23002.0
23003.0
23004.0
23006.0
23008.0
23026.0
23027.0
23033.0
23062.0
23063.0
23064.0
23065.0
23067.0
23068.0
23069.0
23086.0
23087.0
23088.0
23122.0
23123.0
23124.0
23125.0
23126.0
23128.0
23129.0
23147.0
23151.0
23153.0
23155.0
23158.0
23159.0
23183.0
23185.0
23186.0
23188.0
23189.0
23190.0
23209.0
23210.0
23211.0
23213.0
23217.0
23218.0
23219.0
23243.0
23244.0
23246.0
23248.0
23267.0
23268.0
23273.0
23281.0
23303.0
23304.0
23325.0
23326.0
23327.0
23363.0
23364.0
23365.0
23366.0
23368.0
23369.0
23383.0
23389.0
23390.0
23391.0
23393.0
23397.0
23423.0
23424.0
23425.0
23426.0
23429.0
23446.0
23447.0
23451.0
23453.0
23483.0
23484.0
23486.0
23487.0
23488.0
23490.0
23507.0
23509.0
23511.0
23514.0
23528.0
23544.0
23545.0
23561.0
23567.0
23573.0
23598.0
23604.0
23605.0
23606.0
23607.0
23609.0
23610.0
23626.0
23628.0
23663.0
23664.0
23665.0
23666.0
23667.0
23668.0
23669.0
23686.0
23687.0
23689.0
23690.0
23691.0
23694.0
23697.0
23698.0
23705.0
23723.0
23724.0
23725.0
23727.0
23729.0
23746.0
23747.0
23749.0
23753.0
23754.0
23783.0
23784.0
23785.0
23787.0
23788.0
23789.0
23806.0
23807.0
23810.0
23813.0
23820.0
23824.0
23845.0
23846.0
23847.0
23848.0
23849.0
23903.0
23904.0
23965.0
23966.0
23967.0
23968.0
23969.0
24023.0
24024.0
24025.0
24026.0
24084.0
24088.0
24137.0
24139.0
24140.0
24200.0
24202.0
24203.0
24204.0
24259.0
24260.0
24261.0
24264.0
24265.0
24302.0
24303.0
24305.0
24306.0
24307.0
24308.0
24309.0
24318.0
24319.0
24320.0
24321.0
24322.0
24323.0
24325.0
24349.0
24363.0
24364.0
24365.0
24366.0
24368.0
24369.0
24370.0
24371.0
24372.0
24378.0
24379.0
24380.0
24381.0
24382.0
24383.0
24418.0
24422.0
24423.0
24424.0
24426.0
24428.0
24429.0
24431.0
24438.0
24440.0
24441.0
24442.0
24444.0
24445.0
24483.0
24484.0
24485.0
24486.0
24487.0
24488.0
24489.0
24498.0
24500.0
24501.0
24502.0
24503.0
24504.0
24505.0
24543.0
24544.0
24545.0
24547.0
24548.0
24549.0
24558.0
24559.0
24560.0
24561.0
24563.0
24564.0
24603.0
24604.0
24606.0
24607.0
24608.0
24609.0
24618.0
24619.0
24620.0
24621.0
24622.0
24623.0
24624.0
24625.0
24663.0
24664.0
24666.0
24668.0
24669.0
24678.0
24679.0
24680.0
24681.0
24682.0
24683.0
24684.0
24722.0
24723.0
24724.0
24726.0
24728.0
24738.0
24739.0
24740.0
24741.0
24743.0
24783.0
24784.0
24785.0
24786.0
24788.0
24789.0
24798.0
24799.0
24800.0
24802.0
24803.0
24804.0
24805.0
24806.0
24842.0
24843.0
24844.0
24845.0
24846.0
24847.0
24848.0
24849.0
24851.0
24858.0
24860.0
24861.0
24862.0
24865.0
24866.0
24903.0
24904.0
24905.0
24906.0
24908.0
24918.0
24919.0
24920.0
24921.0
24925.0
24926.0
24958.0
24959.0
24960.0
24964.0
24966.0
24968.0
24971.0
24975.0
24978.0
24979.0
24980.0
24981.0
24982.0
24983.0
24984.0
24985.0
25018.0
25020.0
25022.0
25023.0
25024.0
25026.0
25028.0
25030.0
25038.0
25039.0
25040.0
25042.0
25043.0
25070.0
25078.0
25079.0
25083.0
25084.0
25085.0
25086.0
25089.0
25091.0
25096.0
25099.0
25100.0
25101.0
25102.0
25103.0
25104.0
25140.0
25142.0
25143.0
25147.0
25148.0
25150.0
25151.0
25152.0
25159.0
25160.0
25162.0
25163.0
25198.0
25199.0
25200.0
25201.0
25203.0
25204.0
25206.0
25207.0
25208.0
25209.0
25210.0
25211.0
25213.0
25216.0
25217.0
25219.0
25220.0
25221.0
25223.0
25224.0
25258.0
25259.0
25260.0
25262.0
25263.0
25264.0
25267.0
25278.0
25279.0
25280.0
25281.0
25282.0
25283.0
25284.0
25285.0
25318.0
25319.0
25320.0
25323.0
25324.0
25326.0
25327.0
25338.0
25340.0
25341.0
25385.0
25386.0
25387.0
25388.0
25390.0
25398.0
25399.0
25400.0
25401.0
25402.0
25403.0
25405.0
25439.0
25440.0
25444.0
25446.0
25459.0
25460.0
25461.0
25462.0
25463.0
25465.0
25505.0
25506.0
25515.0
25518.0
25519.0
25520.0
25521.0
25522.0
25523.0
25525.0
25566.0
25578.0
25579.0
25580.0
25581.0
25583.0
25584.0
25585.0
25630.0
25639.0
25640.0
25641.0
25643.0
25645.0
25646.0
25686.0
25688.0
25689.0
25691.0
25698.0
25699.0
25700.0
25701.0
25746.0
25748.0
25751.0
25758.0
25759.0
25760.0
25761.0
25762.0
25806.0
25808.0
25810.0
25818.0
25819.0
25820.0
25821.0
25822.0
25823.0
25824.0
25864.0
25866.0
25867.0
25868.0
25871.0
25878.0
25879.0
25880.0
25881.0
25882.0
25883.0
25884.0
25926.0
25927.0
25930.0
25938.0
25939.0
25940.0
25941.0
25942.0
25986.0
25990.0
25996.0
25999.0
26000.0
26001.0
26002.0
26003.0
26004.0
26005.0
26046.0
26047.0
26050.0
26058.0
26059.0
26060.0
26061.0
26062.0
26063.0
26064.0
26065.0
26066.0
26106.0
26118.0
26119.0
26120.0
26122.0
26123.0
26124.0
26126.0
26167.0
26169.0
26172.0
26178.0
26179.0
26183.0
26226.0
26228.0
26229.0
26230.0
26239.0
26286.0
26290.0
26298.0
26299.0
26300.0
26302.0
26303.0
26305.0
26348.0
26350.0
26351.0
26352.0
26359.0
26363.0
26406.0
26409.0
26411.0
26418.0
26419.0
26466.0
26467.0
26468.0
26471.0
26472.0
26478.0
26479.0
26481.0
26482.0
26483.0
26526.0
26527.0
26529.0
26538.0
26539.0
26541.0
26543.0
26586.0
26590.0
26598.0
26599.0
26601.0
26602.0
26604.0
26646.0
26658.0
26661.0
26694.0
26706.0
26707.0
26718.0
26719.0
26723.0
26764.0
26766.0
26767.0
26768.0
26769.0
26770.0
26771.0
26778.0
26779.0
26780.0
26781.0
26826.0
26829.0
26838.0
26839.0
26886.0
26896.0
26898.0
26899.0
26901.0
26902.0
26903.0
26946.0
26947.0
26948.0
26950.0
26959.0
26960.0
26961.0
27006.0
27009.0
27010.0
27011.0
27018.0
27019.0
27023.0
27043.0
27044.0
27045.0
27047.0
27050.0
27054.0
27066.0
27067.0
27079.0
27080.0
27082.0
27083.0
27084.0
27103.0
27105.0
27108.0
27109.0
27111.0
27120.0
27128.0
27138.0
27139.0
27140.0
27141.0
27142.0
27162.0
27164.0
27166.0
27168.0
27169.0
27171.0
27172.0
27198.0
27199.0
27200.0
27201.0
27202.0
27203.0
27204.0
27205.0
27206.0
27223.0
27225.0
27227.0
27229.0
27231.0
27234.0
27260.0
27262.0
27263.0
27264.0
27277.0
27283.0
27285.0
27289.0
27320.0
27322.0
27323.0
27341.0
27343.0
27347.0
27353.0
27358.0
27380.0
27382.0
27383.0
27385.0
27405.0
27406.0
27408.0
27440.0
27441.0
27443.0
27444.0
27445.0
27462.0
27463.0
27464.0
27466.0
27468.0
27469.0
27471.0
27472.0
27473.0
27474.0
27500.0
27501.0
27503.0
27505.0
27519.0
27523.0
27524.0
27528.0
27530.0
27560.0
27561.0
27563.0
27564.0
27565.0
27582.0
27583.0
27585.0
27620.0
27621.0
27623.0
27642.0
27644.0
27646.0
27647.0
27648.0
27650.0
27651.0
27652.0
27680.0
27682.0
27683.0
27684.0
27685.0
27686.0
27703.0
27707.0
27710.0
27740.0
27741.0
27763.0
27765.0
27767.0
27768.0
27771.0
27773.0
27774.0
27775.0
27801.0
27802.0
27803.0
27804.0
27805.0
27806.0
27822.0
27826.0
27827.0
27830.0
27860.0
27861.0
27862.0
27863.0
27864.0
27865.0
27866.0
27883.0
27884.0
27885.0
27888.0
27920.0
27921.0
27922.0
27924.0
27942.0
27980.0
27982.0
27983.0
27984.0
28040.0
28041.0
28044.0
28045.0
28098.0
28100.0
28101.0
28102.0
28103.0
28104.0
28105.0
28160.0
28161.0
28220.0
28221.0
28222.0
28223.0
28224.0
28280.0
28340.0
28342.0
28379.0
28383.0
28384.0
28386.0
28389.0
28390.0
28398.0
28399.0
28400.0
28401.0
28402.0
28403.0
28404.0
28405.0
28438.0
28440.0
28441.0
28443.0
28446.0
28447.0
28449.0
28458.0
28459.0
28460.0
28461.0
28462.0
28463.0
28464.0
28465.0
28498.0
28499.0
28503.0
28504.0
28509.0
28518.0
28519.0
28520.0
28521.0
28522.0
28523.0
28524.0
28525.0
28560.0
28562.0
28563.0
28564.0
28566.0
28579.0
28580.0
28581.0
28582.0
28583.0
28584.0
28585.0
28620.0
28623.0
28624.0
28626.0
28628.0
28630.0
28638.0
28639.0
28640.0
28641.0
28642.0
28643.0
28644.0
28645.0
28646.0
28678.0
28679.0
28680.0
28683.0
28684.0
28686.0
28687.0
28688.0
28689.0
28691.0
28699.0
28700.0
28701.0
28702.0
28704.0
28705.0
28738.0
28739.0
28740.0
28743.0
28744.0
28746.0
28749.0
28758.0
28759.0
28760.0
28761.0
28763.0
28764.0
28765.0
28798.0
28799.0
28801.0
28803.0
28804.0
28806.0
28818.0
28819.0
28820.0
28821.0
28822.0
28823.0
28824.0
28859.0
28863.0
28864.0
28866.0
28870.0
28879.0
28880.0
28881.0
28882.0
28884.0
28885.0
28918.0
28919.0
28920.0
28923.0
28924.0
28926.0
28929.0
28938.0
28939.0
28940.0
28943.0
28979.0
28980.0
28981.0
28983.0
28986.0
28988.0
28990.0
28998.0
28999.0
29000.0
29001.0
29002.0
29039.0
29040.0
29043.0
29044.0
29048.0
29049.0
29050.0
29051.0
29058.0
29059.0
29060.0
29061.0
29063.0
29098.0
29100.0
29101.0
29103.0
29104.0
29106.0
29107.0
29109.0
29118.0
29119.0
29120.0
29121.0
29122.0
29123.0
29124.0
29126.0
29159.0
29162.0
29163.0
29166.0
29179.0
29180.0
29184.0
29185.0
29219.0
29220.0
29223.0
29224.0
29226.0
29231.0
29238.0
29239.0
29240.0
29241.0
29242.0
29244.0
29278.0
29279.0
29283.0
29284.0
29286.0
29287.0
29288.0
29289.0
29290.0
29291.0
29299.0
29300.0
29301.0
29339.0
29340.0
29342.0
29343.0
29344.0
29346.0
29347.0
29351.0
29358.0
29359.0
29360.0
29361.0
29362.0
29363.0
29364.0
29397.0
29399.0
29400.0
29402.0
29403.0
29404.0
29406.0
29407.0
29408.0
29418.0
29419.0
29420.0
29421.0
29422.0
29459.0
29464.0
29466.0
29468.0
29479.0
29480.0
29481.0
29482.0
29483.0
29484.0
29485.0
29486.0
29519.0
29524.0
29526.0
29527.0
29528.0
29530.0
29531.0
29539.0
29540.0
29541.0
29543.0
29544.0
29588.0
29589.0
29590.0
29599.0
29600.0
29602.0
29603.0
29604.0
29646.0
29648.0
29650.0
29659.0
29660.0
29661.0
29662.0
29663.0
29664.0
29665.0
29666.0
29706.0
29708.0
29709.0
29710.0
29719.0
29720.0
29721.0
29722.0
29723.0
29724.0
29725.0
29766.0
29767.0
29769.0
29779.0
29780.0
29781.0
29782.0
29783.0
29784.0
29826.0
29828.0
29830.0
29839.0
29840.0
29841.0
29842.0
29843.0
29844.0
29845.0
29886.0
29888.0
29889.0
29890.0
29898.0
29899.0
29900.0
29901.0
29903.0
29904.0
29905.0
29946.0
29949.0
29950.0
29959.0
29960.0
29961.0
29962.0
29963.0
29964.0
29965.0
29966.0
30006.0
30009.0
30018.0
30019.0
30020.0
30021.0
30022.0
30023.0
30024.0
30025.0
30066.0
30067.0
30079.0
30080.0
30081.0
30082.0
30083.0
30084.0
30126.0
30127.0
30138.0
30139.0
30140.0
30141.0
30142.0
30143.0
30144.0
30186.0
30189.0
30191.0
30199.0
30200.0
30201.0
30202.0
30204.0
30246.0
30247.0
30258.0
30259.0
30261.0
30306.0
30307.0
30310.0
30319.0
30320.0
30323.0
30368.0
30369.0
30370.0
30378.0
30379.0
30426.0
30427.0
30428.0
30438.0
30439.0
30440.0
30442.0
30487.0
30490.0
30491.0
30496.0
30501.0
30503.0
30547.0
30548.0
30550.0
30551.0
30552.0
30559.0
30560.0
30562.0
30563.0
30564.0
30606.0
30610.0
30611.0
30612.0
30619.0
30620.0
30621.0
30624.0
30666.0
30667.0
30670.0
30679.0
30680.0
30681.0
30682.0
30683.0
30684.0
30726.0
30728.0
30739.0
30740.0
30744.0
30787.0
30791.0
30798.0
30799.0
30800.0
30846.0
30847.0
30848.0
30859.0
30860.0
30861.0
30862.0
30863.0
30906.0
30908.0
30910.0
30918.0
30919.0
30921.0
30922.0
30967.0
30970.0
30979.0
31026.0
31039.0
31041.0
31042.0
31087.0
31088.0
31090.0
31092.0
31100.0
31101.0
31102.0
31103.0
31126.0
31130.0
31131.0
31132.0
31134.0
31135.0
31136.0
31138.0
31139.0
31148.0
31159.0
31184.0
31185.0
31186.0
31188.0
31190.0
31194.0
31206.0
31207.0
31219.0
31220.0
31221.0
31222.0
31223.0
31224.0
31225.0
31226.0
31244.0
31259.0
31260.0
31279.0
31280.0
31281.0
31283.0
31284.0
31303.0
31304.0
31305.0
31307.0
31309.0
31311.0
31338.0
31339.0
31341.0
31343.0
31344.0
31363.0
31364.0
31366.0
31367.0
31401.0
31402.0
31404.0
31405.0
31406.0
31423.0
31424.0
31430.0
31460.0
31461.0
31484.0
31485.0
31486.0
31488.0
31491.0
31492.0
31494.0
31520.0
31521.0
31522.0
31523.0
31525.0
31544.0
31545.0
31546.0
31568.0
31581.0
31584.0
31604.0
31607.0
31610.0
31632.0
31640.0
31641.0
31642.0
31645.0
31664.0
31665.0
31666.0
31669.0
31670.0
31673.0
31674.0
31679.0
31698.0
31700.0
31701.0
31702.0
31703.0
31704.0
31705.0
31725.0
31727.0
31731.0
31733.0
31760.0
31761.0
31762.0
31764.0
31765.0
31766.0
31782.0
31783.0
31785.0
31787.0
31788.0
31790.0
31804.0
31820.0
31821.0
31822.0
31824.0
31836.0
31838.0
31840.0
31841.0
31843.0
31844.0
31845.0
31880.0
31881.0
31882.0
31883.0
31884.0
31885.0
31891.0
31892.0
31893.0
31896.0
31899.0
31900.0
31901.0
31903.0
31940.0
31941.0
31942.0
31943.0
31944.0
31957.0
31958.0
31962.0
31964.0
32000.0
32001.0
32004.0
32005.0
32013.0
32018.0
32024.0
32033.0
32060.0
32061.0
32062.0
32063.0
32065.0
32120.0
32121.0
32180.0
32181.0
32240.0
32241.0
32242.0
32243.0
32244.0
32245.0
32300.0
32360.0
32420.0
32478.0
32480.0
32518.0
32519.0
32520.0
32522.0
32523.0
32525.0
32526.0
32528.0
32538.0
32539.0
32540.0
32579.0
32580.0
32583.0
32584.0
32585.0
32586.0
32598.0
32599.0
32600.0
32612.0
32613.0
32614.0
32639.0
32640.0
32643.0
32645.0
32658.0
32659.0
32660.0
32673.0
32674.0
32675.0
32676.0
32678.0
32679.0
32699.0
32701.0
32703.0
32704.0
32705.0
32719.0
32720.0
32734.0
32737.0
32746.0
32759.0
32760.0
32761.0
32763.0
32764.0
32780.0
32793.0
32798.0
32810.0
32811.0
32819.0
32821.0
32823.0
32824.0
32833.0
32834.0
32840.0
32866.0
32867.0
32880.0
32881.0
32883.0
32885.0
32893.0
32894.0
32896.0
32897.0
32900.0
32926.0
32927.0
32928.0
32929.0
32930.0
32932.0
32939.0
32941.0
32943.0
32944.0
32954.0
32955.0
32956.0
32957.0
32958.0
32960.0
32965.0
32966.0
32999.0
33000.0
33001.0
33003.0
33013.0
33014.0
33016.0
33019.0
33020.0
33026.0
33027.0
33028.0
33047.0
33048.0
33059.0
33061.0
33063.0
33064.0
33073.0
33074.0
33077.0
33078.0
33086.0
33087.0
33108.0
33109.0
33111.0
33112.0
33114.0
33119.0
33122.0
33125.0
33134.0
33136.0
33146.0
33147.0
33148.0
33150.0
33168.0
33169.0
33170.0
33179.0
33182.0
33183.0
33194.0
33196.0
33198.0
33206.0
33207.0
33227.0
33228.0
33229.0
33230.0
33231.0
33233.0
33238.0
33239.0
33242.0
33254.0
33266.0
33267.0
33268.0
33299.0
33302.0
33303.0
33314.0
33315.0
33317.0
33326.0
33328.0
33329.0
33330.0
33331.0
33361.0
33362.0
33363.0
33374.0
33376.0
33386.0
33387.0
33388.0
33389.0
33390.0
33391.0
33392.0
33418.0
33419.0
33422.0
33423.0
33434.0
33446.0
33447.0
33448.0
33449.0
33450.0
33451.0
33481.0
33482.0
33483.0
33493.0
33494.0
33495.0
33498.0
33506.0
33507.0
33508.0
33509.0
33539.0
33543.0
33554.0
33555.0
33557.0
33558.0
33566.0
33568.0
33569.0
33598.0
33599.0
33614.0
33617.0
33618.0
33626.0
33627.0
33628.0
33630.0
33631.0
33659.0
33674.0
33686.0
33688.0
33689.0
33691.0
33692.0
33734.0
33736.0
33741.0
33746.0
33747.0
33748.0
33749.0
33750.0
33751.0
33753.0
33793.0
33794.0
33796.0
33797.0
33799.0
33806.0
33808.0
33809.0
33855.0
33861.0
33866.0
33868.0
33869.0
33927.0
33928.0
33929.0
33931.0
33964.0
33974.0
33977.0
33978.0
33988.0
33989.0
33990.0
33993.0
34034.0
34035.0
34048.0
34050.0
34051.0
34052.0
34094.0
34095.0
34097.0
34098.0
34106.0
34108.0
34109.0
34111.0
34154.0
34155.0
34157.0
34166.0
34168.0
34214.0
34215.0
34218.0
34226.0
34227.0
34228.0
34229.0
34230.0
34231.0
34232.0
34233.0
34274.0
34275.0
34286.0
34288.0
34290.0
34333.0
34334.0
34335.0
34338.0
34346.0
34347.0
34349.0
34350.0
34394.0
34406.0
34454.0
34455.0
34457.0
34459.0
34466.0
34467.0
34470.0
34514.0
34516.0
34526.0
34527.0
34574.0
34586.0
34587.0
34634.0
34646.0
34647.0
34649.0
34694.0
34695.0
34696.0
34706.0
34707.0
34753.0
34754.0
34756.0
34759.0
34767.0
34814.0
34815.0
34818.0
34826.0
34827.0
34831.0
34864.0
34873.0
34874.0
34875.0
34877.0
34879.0
34887.0
34888.0
34889.0
34890.0
34934.0
34935.0
34936.0
34938.0
34939.0
34947.0
34949.0
34994.0
34997.0
35006.0
35007.0
35008.0
35009.0
35010.0
35054.0
35056.0
35057.0
35066.0
35067.0
35114.0
35115.0
35117.0
35126.0
35127.0
35129.0
35174.0
35175.0
35176.0
35177.0
35179.0
35187.0
35234.0
35246.0
35247.0
35249.0
35294.0
35295.0
35296.0
35306.0
35307.0
35308.0
35309.0
35310.0
35311.0
35312.0
35313.0
35322.0
35330.0
35333.0
35335.0
35336.0
35337.0
35338.0
35341.0
35366.0
35367.0
35368.0
35370.0
35372.0
35374.0
35395.0
35426.0
35427.0
35428.0
35429.0
35430.0
35432.0
35453.0
35454.0
35457.0
35459.0
35460.0
35461.0
35462.0
35488.0
35489.0
35490.0
35491.0
35492.0
35514.0
35515.0
35516.0
35517.0
35548.0
35550.0
35553.0
35577.0
35579.0
35580.0
35582.0
35583.0
35584.0
35585.0
35608.0
35609.0
35610.0
35612.0
35631.0
35639.0
35668.0
35699.0
35703.0
35707.0
35708.0
35728.0
35729.0
35730.0
35731.0
35732.0
35733.0
35756.0
35761.0
35762.0
35764.0
35788.0
35789.0
35790.0
35791.0
35792.0
35793.0
35814.0
35818.0
35822.0
35823.0
35825.0
35848.0
35849.0
35850.0
35851.0
35852.0
35853.0
35871.0
35873.0
35875.0
35908.0
35909.0
35910.0
35911.0
35912.0
35913.0
35932.0
35933.0
35935.0
35939.0
35940.0
35968.0
35971.0
35991.0
36028.0
36029.0
36030.0
36032.0
36034.0
36053.0
36054.0
36061.0
36066.0
36069.0
36071.0
36073.0
36076.0
36088.0
36089.0
36091.0
36092.0
36093.0
36096.0
36121.0
36122.0
36125.0
36127.0
36129.0
36130.0
36148.0
36150.0
36152.0
36198.0
36208.0
36209.0
36210.0
36212.0
36213.0
36268.0
36269.0
36328.0
36329.0
36330.0
36333.0
36388.0
36389.0
36390.0
36392.0
36393.0
36448.0
36449.0
36450.0
36452.0
36508.0
36509.0
36510.0
36511.0
36512.0
36514.0
36568.0
36569.0
36571.0
36572.0
36608.0
36609.0
36610.0
36613.0
36614.0
36618.0
36619.0
36626.0
36627.0
36628.0
36630.0
36631.0
36632.0
36668.0
36669.0
36673.0
36674.0
36676.0
36686.0
36687.0
36688.0
36689.0
36690.0
36692.0
36693.0
36694.0
36695.0
36728.0
36729.0
36730.0
36733.0
36734.0
36736.0
36738.0
36746.0
36747.0
36748.0
36749.0
36750.0
36751.0
36752.0
36788.0
36789.0
36791.0
36794.0
36795.0
36796.0
36798.0
36799.0
36806.0
36807.0
36808.0
36809.0
36848.0
36849.0
36853.0
36854.0
36856.0
36857.0
36867.0
36868.0
36869.0
36908.0
36909.0
36910.0
36913.0
36914.0
36915.0
36919.0
36927.0
36928.0
36929.0
36930.0
36932.0
36968.0
36969.0
36970.0
36973.0
36974.0
36975.0
36986.0
36987.0
36988.0
36989.0
36992.0
37018.0
37019.0
37028.0
37029.0
37030.0
37033.0
37034.0
37048.0
37049.0
37050.0
37051.0
37053.0
37088.0
37089.0
37092.0
37094.0
37096.0
37098.0
37108.0
37110.0
37111.0
37148.0
37149.0
37153.0
37154.0
37155.0
37156.0
37157.0
37158.0
37159.0
37160.0
37167.0
37168.0
37169.0
37171.0
37173.0
37208.0
37209.0
37210.0
37214.0
37216.0
37217.0
37218.0
37226.0
37227.0
37228.0
37229.0
37230.0
37231.0
37232.0
37234.0
37268.0
37269.0
37270.0
37274.0
37276.0
37278.0
37286.0
37287.0
37288.0
37289.0
37290.0
37292.0
37328.0
37329.0
37333.0
37334.0
37346.0
37347.0
37348.0
37349.0
37351.0
37352.0
37388.0
37389.0
37390.0
37393.0
37394.0
37407.0
37408.0
37409.0
37410.0
37411.0
37448.0
37449.0
37453.0
37454.0
37455.0
37466.0
37467.0
37468.0
37469.0
37470.0
37494.0
37506.0
37507.0
37508.0
37509.0
37512.0
37513.0
37514.0
37517.0
37519.0
37526.0
37527.0
37528.0
37529.0
37530.0
37567.0
37568.0
37569.0
37570.0
37572.0
37574.0
37576.0
37577.0
37578.0
37579.0
37587.0
37588.0
37589.0
37590.0
37591.0
37592.0
37593.0
37594.0
37627.0
37628.0
37629.0
37630.0
37634.0
37646.0
37647.0
37648.0
37649.0
37652.0
37687.0
37688.0
37694.0
37696.0
37697.0
37698.0
37699.0
37706.0
37707.0
37708.0
37709.0
37710.0
37711.0
37712.0
37713.0
37749.0
37750.0
37754.0
37756.0
37758.0
37759.0
37767.0
37768.0
37769.0
37770.0
37771.0
37773.0
37814.0
37815.0
37826.0
37827.0
37828.0
37829.0
37830.0
37831.0
37832.0
37874.0
37887.0
37888.0
37889.0
37890.0
37891.0
37892.0
37893.0
37928.0
37934.0
37935.0
37936.0
37939.0
37947.0
37948.0
37949.0
37950.0
37951.0
37952.0
37994.0
37996.0
37998.0
38007.0
38008.0
38009.0
38010.0
38012.0
38013.0
38054.0
38055.0
38057.0
38058.0
38067.0
38068.0
38069.0
38070.0
38072.0
38114.0
38115.0
38116.0
38118.0
38120.0
38126.0
38127.0
38128.0
38129.0
38130.0
38131.0
38132.0
38133.0
38174.0
38175.0
38186.0
38187.0
38188.0
38189.0
38190.0
38191.0
38192.0
38193.0
38234.0
38235.0
38246.0
38247.0
38248.0
38249.0
38250.0
38251.0
38252.0
38253.0
38254.0
38294.0
38295.0
38296.0
38306.0
38307.0
38308.0
38309.0
38310.0
38311.0
38354.0
38367.0
38368.0
38369.0
38370.0
38371.0
38372.0
38373.0
38374.0
38414.0
38427.0
38428.0
38429.0
38433.0
38474.0
38478.0
38486.0
38487.0
38534.0
38536.0
38538.0
38547.0
38594.0
38595.0
38596.0
38597.0
38598.0
38599.0
38607.0
38608.0
38610.0
38654.0
38655.0
38656.0
38658.0
38659.0
38660.0
38667.0
38668.0
38669.0
38670.0
38714.0
38716.0
38727.0
38729.0
38774.0
38776.0
38786.0
38787.0
38788.0
38834.0
38835.0
38847.0
38850.0
38894.0
38895.0
38897.0
38909.0
38954.0
38955.0
38958.0
38959.0
38966.0
38967.0
39014.0
39020.0
39026.0
39027.0
39030.0
39074.0
39075.0
39077.0
39078.0
39087.0
39089.0
39090.0
39091.0
39134.0
39146.0
39147.0
39148.0
39150.0
39152.0
39153.0
39194.0
39206.0
39207.0
39208.0
39209.0
39254.0
39255.0
39257.0
39258.0
39267.0
39268.0
39269.0
39271.0
39314.0
39318.0
39323.0
39324.0
39325.0
39326.0
39327.0
39329.0
39330.0
39331.0
39374.0
39375.0
39377.0
39378.0
39379.0
39380.0
39381.0
39382.0
39384.0
39386.0
39387.0
39388.0
39389.0
39390.0
39391.0
39392.0
39393.0
39394.0
39431.0
39432.0
39433.0
39435.0
39437.0
39439.0
39446.0
39447.0
39448.0
39449.0
39450.0
39452.0
39453.0
39454.0
39455.0
39488.0
39489.0
39490.0
39496.0
39499.0
39506.0
39507.0
39508.0
39509.0
39510.0
39511.0
39512.0
39513.0
39568.0
39569.0
39570.0
39628.0
39629.0
39630.0
39655.0
39662.0
39688.0
39689.0
39690.0
39691.0
39692.0
39693.0
39694.0
39713.0
39715.0
39717.0
39748.0
39749.0
39752.0
39753.0
39772.0
39773.0
39788.0
39798.0
39808.0
39809.0
39810.0
39813.0
39823.0
39832.0
39835.0
39836.0
39839.0
39868.0
39869.0
39899.0
39902.0
39904.0
39906.0
39907.0
39909.0
39910.0
39912.0
39914.0
39915.0
39928.0
39929.0
39930.0
39931.0
39932.0
39933.0
39957.0
39959.0
39960.0
39961.0
39962.0
39964.0
39967.0
39968.0
39972.0
39973.0
39979.0
39988.0
39989.0
39990.0
39991.0
39992.0
39993.0
39994.0
40023.0
40024.0
40025.0
40035.0
40040.0
40041.0
40042.0
40045.0
40048.0
40049.0
40050.0
40051.0
40052.0
40053.0
40054.0
40102.0
40103.0
40104.0
40108.0
40109.0
40110.0
40159.0
40160.0
40166.0
40168.0
40169.0
40170.0
40171.0
40172.0
40173.0
40185.0
40228.0
40229.0
40230.0
40231.0
40288.0
40289.0
40290.0
40291.0
40292.0
40348.0
40349.0
40350.0
40408.0
40409.0
40410.0
40411.0
40412.0
40413.0
40468.0
40469.0
40471.0
40528.0
40529.0
40530.0
40588.0
40589.0
40590.0
40591.0
40592.0
40593.0
40648.0
40649.0
40650.0
40651.0
40653.0
40688.0
40689.0
40690.0
40692.0
40694.0
40696.0
40697.0
40698.0
40706.0
40707.0
40708.0
40709.0
40710.0
40712.0
40713.0
40748.0
40749.0
40750.0
40753.0
40754.0
40755.0
40767.0
40768.0
40769.0
40770.0
40771.0
40772.0
40773.0
40774.0
40808.0
40810.0
40811.0
40813.0
40814.0
40815.0
40818.0
40826.0
40827.0
40828.0
40829.0
40830.0
40831.0
40832.0
40833.0
40868.0
40870.0
40873.0
40875.0
40877.0
40886.0
40887.0
40888.0
40889.0
40890.0
40891.0
40892.0
40893.0
40894.0
40928.0
40930.0
40934.0
40947.0
40948.0
40949.0
40950.0
40951.0
40952.0
40953.0
40988.0
40989.0
40990.0
40991.0
40993.0
40994.0
40995.0
40996.0
40998.0
41000.0
41006.0
41007.0
41008.0
41009.0
41048.0
41050.0
41051.0
41053.0
41054.0
41057.0
41059.0
41066.0
41067.0
41068.0
41069.0
41070.0
41071.0
41094.0
41110.0
41111.0
41113.0
41114.0
41116.0
41127.0
41128.0
41129.0
41130.0
41131.0
41132.0
41133.0
41134.0
41168.0
41170.0
41172.0
41174.0
41186.0
41187.0
41188.0
41189.0
41190.0
41192.0
41193.0
41194.0
41228.0
41229.0
41230.0
41233.0
41234.0
41235.0
41236.0
41246.0
41247.0
41248.0
41249.0
41250.0
41252.0
41253.0
41254.0
41288.0
41289.0
41290.0
41291.0
41292.0
41294.0
41295.0
41296.0
41298.0
41307.0
41309.0
41313.0
41314.0
41348.0
41349.0
41350.0
41351.0
41354.0
41355.0
41356.0
41358.0
41367.0
41368.0
41369.0
41370.0
41408.0
41410.0
41413.0
41414.0
41427.0
41428.0
41429.0
41430.0
41431.0
41432.0
41434.0
41435.0
41468.0
41469.0
41470.0
41474.0
41487.0
41488.0
41489.0
41490.0
41491.0
41492.0
41493.0
41518.0
41519.0
41528.0
41529.0
41530.0
41533.0
41534.0
41535.0
41536.0
41537.0
41538.0
41547.0
41548.0
41549.0
41550.0
41552.0
41588.0
41589.0
41590.0
41593.0
41594.0
41595.0
41596.0
41598.0
41599.0
41606.0
41607.0
41608.0
41609.0
41610.0
41612.0
41613.0
41648.0
41649.0
41653.0
41654.0
41655.0
41666.0
41667.0
41669.0
41671.0
41672.0
41708.0
41709.0
41710.0
41713.0
41714.0
41726.0
41727.0
41728.0
41729.0
41730.0
41731.0
41732.0
41733.0
41734.0
41769.0
41774.0
41775.0
41776.0
41778.0
41779.0
41787.0
41788.0
41789.0
41790.0
41792.0
41794.0
41829.0
41831.0
41834.0
41835.0
41838.0
41847.0
41848.0
41849.0
41850.0
41851.0
41852.0
41894.0
41895.0
41898.0
41899.0
41906.0
41907.0
41908.0
41909.0
41910.0
41954.0
41955.0
41956.0
41958.0
41967.0
41968.0
41969.0
41970.0
41971.0
41972.0
41973.0
41974.0
42014.0
42015.0
42016.0
42027.0
42029.0
42030.0
42031.0
42033.0
42034.0
42074.0
42075.0
42076.0
42078.0
42079.0
42087.0
42088.0
42089.0
42091.0
42092.0
42093.0
42134.0
42135.0
42136.0
42137.0
42138.0
42140.0
42147.0
42149.0
42151.0
42194.0
42195.0
42196.0
42198.0
42206.0
42207.0
42208.0
42209.0
42210.0
42212.0
42254.0
42255.0
42256.0
42266.0
42267.0
42269.0
42271.0
42272.0
42314.0
42316.0
42317.0
42318.0
42319.0
42327.0
42328.0
42329.0
42330.0
42331.0
42332.0
42374.0
42375.0
42376.0
42378.0
42387.0
42388.0
42389.0
42390.0
42392.0
42393.0
42394.0
42434.0
42436.0
42446.0
42447.0
42448.0
42449.0
42451.0
42452.0
42453.0
42494.0
42497.0
42498.0
42508.0
42509.0
42510.0
42511.0
42512.0
42513.0
42514.0
42554.0
42558.0
42567.0
42614.0
42615.0
42616.0
42617.0
42619.0
42620.0
42626.0
42627.0
42629.0
42674.0
42675.0
42687.0
42688.0
42689.0
42734.0
42737.0
42746.0
42747.0
42748.0
42750.0
42751.0
42794.0
42795.0
42796.0
42807.0
42808.0
42810.0
42854.0
42855.0
42856.0
42857.0
42858.0
42866.0
42867.0
42914.0
42916.0
42917.0
42919.0
42920.0
42926.0
42927.0
42974.0
42976.0
42978.0
42979.0
42986.0
43034.0
43037.0
43047.0
43049.0
43051.0
43094.0
43095.0
43096.0
43098.0
43100.0
43107.0
43108.0
43110.0
43112.0
43154.0
43158.0
43167.0
43168.0
43171.0
43214.0
43215.0
43217.0
43226.0
43227.0
43229.0
43231.0
43232.0
43233.0
43274.0
43277.0
43279.0
43287.0
43288.0
43290.0
43334.0
43335.0
43346.0
43347.0
43349.0
43397.0
43399.0
43407.0
43409.0
43433.0
43435.0
43437.0
43439.0
43442.0
43454.0
43455.0
43456.0
43466.0
43467.0
43469.0
43470.0
43471.0
43472.0
43473.0
43492.0
43493.0
43494.0
43496.0
43500.0
43501.0
43527.0
43528.0
43529.0
43530.0
43531.0
43533.0
43534.0
43550.0
43556.0
43587.0
43589.0
43590.0
43591.0
43592.0
43593.0
43605.0
43606.0
43607.0
43609.0
43613.0
43615.0
43623.0
43624.0
43648.0
43649.0
43650.0
43653.0
43658.0
43659.0
43660.0
43661.0
43663.0
43665.0
43670.0
43678.0
43680.0
43709.0
43710.0
43712.0
43713.0
43714.0
43718.0
43721.0
43760.0
43765.0
43768.0
43769.0
43770.0
43771.0
43772.0
43773.0
43813.0
43817.0
43820.0
43829.0
43830.0
43831.0
43832.0
43833.0
43834.0
43888.0
43889.0
43890.0
43891.0
43893.0
43921.0
43949.0
43951.0
43953.0
43954.0
43955.0
43966.0
43970.0
43981.0
43983.0
43985.0
43988.0
43990.0
43991.0
43992.0
44008.0
44009.0
44010.0
44011.0
44013.0
44022.0
44023.0
44026.0
44028.0
44029.0
44036.0
44044.0
44069.0
44070.0
44071.0
44073.0
44081.0
44082.0
44086.0
44087.0
44088.0
44089.0
44128.0
44129.0
44150.0
44188.0
44189.0
44190.0
44191.0
44194.0
44211.0
44213.0
44214.0
44216.0
44217.0
44220.0
44230.0
44248.0
44249.0
44250.0
44252.0
44253.0
44273.0
44274.0
44275.0
44276.0
44278.0
44279.0
44282.0
44283.0
44299.0
44309.0
44310.0
44324.0
44333.0
44334.0
44335.0
44336.0
44338.0
44340.0
44368.0
44369.0
44370.0
44371.0
44372.0
44373.0
44374.0
44429.0
44430.0
44432.0
44433.0
44489.0
44490.0
44491.0
44492.0
44493.0
44494.0
44549.0
44550.0
44551.0
44552.0
44553.0
44554.0
44609.0
44613.0
44669.0
44670.0
44672.0
44673.0
44674.0
44728.0
44729.0
44764.0
44768.0
44769.0
44770.0
44771.0
44774.0
44779.0
44786.0
44787.0
44789.0
44790.0
44791.0
44792.0
44793.0
44827.0
44828.0
44829.0
44833.0
44834.0
44835.0
44836.0
44837.0
44838.0
44847.0
44848.0
44849.0
44851.0
44852.0
44854.0
44888.0
44889.0
44890.0
44893.0
44894.0
44907.0
44908.0
44909.0
44911.0
44912.0
44913.0
44914.0
44947.0
44948.0
44949.0
44955.0
44956.0
44957.0
44968.0
44969.0
44970.0
44971.0
44972.0
44973.0
44975.0
45007.0
45008.0
45009.0
45013.0
45014.0
45015.0
45027.0
45029.0
45030.0
45031.0
45032.0
45033.0
45034.0
45068.0
45069.0
45070.0
45074.0
45075.0
45076.0
45087.0
45088.0
45089.0
45090.0
45091.0
45093.0
45094.0
45118.0
45128.0
45129.0
45131.0
45132.0
45133.0
45134.0
45135.0
45136.0
45137.0
45138.0
45147.0
45149.0
45150.0
45151.0
45152.0
45154.0
45188.0
45189.0
45190.0
45193.0
45194.0
45195.0
45198.0
45199.0
45207.0
45209.0
45211.0
45212.0
45249.0
45250.0
45254.0
45255.0
45267.0
45269.0
45270.0
45271.0
45272.0
45274.0
45309.0
45310.0
45312.0
45313.0
45314.0
45315.0
45319.0
45327.0
45329.0
45330.0
45368.0
45369.0
45373.0
45374.0
45375.0
45387.0
45389.0
45391.0
45428.0
45429.0
45430.0
45434.0
45435.0
45438.0
45446.0
45449.0
45451.0
45452.0
45488.0
45489.0
45490.0
45493.0
45494.0
45495.0
45507.0
45509.0
45510.0
45512.0
45513.0
45548.0
45551.0
45552.0
45555.0
45557.0
45560.0
45567.0
45568.0
45569.0
45570.0
45571.0
45572.0
45608.0
45609.0
45613.0
45614.0
45626.0
45627.0
45629.0
45631.0
45633.0
45668.0
45669.0
45673.0
45674.0
45675.0
45676.0
45677.0
45678.0
45679.0
45686.0
45687.0
45688.0
45689.0
45690.0
45691.0
45692.0
45693.0
45728.0
45729.0
45730.0
45733.0
45734.0
45735.0
45737.0
45738.0
45747.0
45749.0
45750.0
45752.0
45753.0
45788.0
45789.0
45793.0
45794.0
45795.0
45796.0
45798.0
45799.0
45800.0
45807.0
45809.0
45810.0
45811.0
45812.0
45813.0
45849.0
45854.0
45855.0
45856.0
45858.0
45867.0
45868.0
45869.0
45870.0
45871.0
45872.0
45873.0
45909.0
45914.0
45915.0
45927.0
45929.0
45930.0
45949.0
45974.0
45975.0
45976.0
45977.0
45987.0
45989.0
45990.0
45991.0
45993.0
45994.0
46035.0
46036.0
46047.0
46049.0
46051.0
46094.0
46095.0
46099.0
46108.0
46109.0
46110.0
46111.0
46112.0
46113.0
46114.0
46155.0
46158.0
46167.0
46169.0
46170.0
46171.0
46173.0
46175.0
46214.0
46215.0
46217.0
46218.0
46219.0
46227.0
46229.0
46230.0
46231.0
46233.0
46274.0
46275.0
46277.0
46287.0
46289.0
46290.0
46291.0
46292.0
46334.0
46337.0
46338.0
46347.0
46348.0
46349.0
46350.0
46351.0
46352.0
46394.0
46395.0
46397.0
46398.0
46399.0
46407.0
46409.0
46410.0
46411.0
46454.0
46455.0
46458.0
46467.0
46468.0
46469.0
46471.0
46472.0
46515.0
46518.0
46520.0
46527.0
46528.0
46529.0
46530.0
46574.0
46575.0
46576.0
46579.0
46587.0
46589.0
46590.0
46591.0
46592.0
46634.0
46636.0
46647.0
46649.0
46650.0
46651.0
46652.0
46653.0
46654.0
46695.0
46697.0
46709.0
46710.0
46711.0
46712.0
46713.0
46754.0
46755.0
46756.0
46757.0
46758.0
46760.0
46767.0
46768.0
46769.0
46770.0
46771.0
46814.0
46815.0
46817.0
46819.0
46827.0
46828.0
46874.0
46875.0
46876.0
46878.0
46879.0
46880.0
46887.0
46890.0
46891.0
46934.0
46935.0
46947.0
46949.0
46951.0
46994.0
46995.0
46996.0
47007.0
47008.0
47009.0
47012.0
47055.0
47057.0
47067.0
47069.0
47070.0
47114.0
47116.0
47127.0
47128.0
47174.0
47175.0
47187.0
47188.0
47189.0
47234.0
47235.0
47236.0
47239.0
47247.0
47248.0
47249.0
47251.0
47252.0
47295.0
47307.0
47308.0
47354.0
47355.0
47367.0
47369.0
47370.0
47414.0
47415.0
47428.0
47464.0
47474.0
47475.0
47478.0
47479.0
47480.0
47487.0
47488.0
47490.0
47535.0
47539.0
47548.0
47549.0
47550.0
47551.0
47595.0
47596.0
47607.0
47608.0
47609.0
47610.0
47612.0
47613.0
47615.0
47616.0
47617.0
47618.0
47619.0
47620.0
47621.0
47622.0
47667.0
47668.0
47669.0
47670.0
47671.0
47673.0
47676.0
47681.0
47682.0
47683.0
47685.0
47687.0
47698.0
47727.0
47728.0
47729.0
47730.0
47731.0
47732.0
47743.0
47747.0
47750.0
47789.0
47790.0
47791.0
47793.0
47815.0
47816.0
47849.0
47851.0
47852.0
47874.0
47876.0
47878.0
47881.0
47882.0
47886.0
47891.0
47893.0
47894.0
47895.0
47896.0
47897.0
47898.0
47899.0
47901.0
47909.0
47910.0
47912.0
47913.0
47914.0
47932.0
47942.0
47943.0
47947.0
47948.0
47949.0
47951.0
47952.0
47953.0
47954.0
47955.0
47956.0
47957.0
47958.0
47969.0
47970.0
47971.0
48021.0
48024.0
48027.0
48028.0
48029.0
48030.0
48031.0
48032.0
48033.0
48034.0
48077.0
48083.0
48085.0
48086.0
48088.0
48089.0
48090.0
48091.0
48092.0
48093.0
48094.0
48140.0
48141.0
48143.0
48146.0
48149.0
48150.0
48151.0
48152.0
48153.0
48154.0
48201.0
48209.0
48210.0
48211.0
48212.0
48213.0
48214.0
48215.0
48261.0
48262.0
48263.0
48269.0
48270.0
48271.0
48272.0
48319.0
48320.0
48321.0
48323.0
48327.0
48329.0
48330.0
48376.0
48380.0
48383.0
48384.0
48389.0
48391.0
48393.0
48394.0
48395.0
48449.0
48450.0
48452.0
48454.0
48509.0
48511.0
48512.0
48513.0
48569.0
48570.0
48572.0
48573.0
48629.0
48630.0
48632.0
48633.0
48634.0
48689.0
48690.0
48692.0
48693.0
48728.0
48729.0
48749.0
48750.0
48751.0
48752.0
48753.0
48754.0
48798.0
48809.0
48810.0
48812.0
48813.0
48854.0
48855.0
48856.0
48857.0
48867.0
48869.0
48870.0
48871.0
48873.0
48874.0
48875.0
48908.0
48909.0
48910.0
48911.0
48913.0
48915.0
48916.0
48917.0
48927.0
48928.0
48929.0
48930.0
48931.0
48932.0
48968.0
48970.0
48973.0
48975.0
48976.0
48978.0
48980.0
48987.0
48989.0
48990.0
48991.0
48992.0
48993.0
48994.0
49027.0
49030.0
49032.0
49033.0
49034.0
49035.0
49038.0
49039.0
49047.0
49049.0
49050.0
49051.0
49052.0
49053.0
49054.0
49055.0
49088.0
49089.0
49090.0
49093.0
49094.0
49095.0
49096.0
49107.0
49108.0
49109.0
49110.0
49112.0
49113.0
49114.0
49148.0
49150.0
49151.0
49153.0
49154.0
49155.0
49158.0
49167.0
49168.0
49169.0
49170.0
49171.0
49173.0
49208.0
49210.0
49215.0
49216.0
49227.0
49229.0
49230.0
49231.0
49232.0
49233.0
49264.0
49268.0
49269.0
49270.0
49273.0
49274.0
49275.0
49276.0
49277.0
49287.0
49289.0
49290.0
49291.0
49293.0
49294.0
49328.0
49330.0
49331.0
49333.0
49334.0
49335.0
49339.0
49347.0
49348.0
49349.0
49350.0
49351.0
49352.0
49353.0
49354.0
49355.0
49388.0
49389.0
49390.0
49391.0
49392.0
49393.0
49395.0
49396.0
49407.0
49408.0
49409.0
49410.0
49411.0
49412.0
49413.0
49414.0
49415.0
49450.0
49451.0
49453.0
49454.0
49455.0
49467.0
49469.0
49470.0
49472.0
49473.0
49509.0
49510.0
49511.0
49513.0
49514.0
49515.0
49516.0
49518.0
49519.0
49527.0
49528.0
49529.0
49530.0
49531.0
49568.0
49569.0
49570.0
49571.0
49573.0
49574.0
49575.0
49576.0
49577.0
49578.0
49580.0
49581.0
49587.0
49589.0
49590.0
49591.0
49593.0
49618.0
49628.0
49631.0
49633.0
49634.0
49635.0
49637.0
49638.0
49640.0
49647.0
49649.0
49650.0
49651.0
49652.0
49653.0
49688.0
49689.0
49690.0
49693.0
49694.0
49695.0
49697.0
49698.0
49699.0
49708.0
49709.0
49710.0
49712.0
49750.0
49751.0
49753.0
49754.0
49755.0
49767.0
49768.0
49769.0
49770.0
49808.0
49810.0
49813.0
49815.0
49818.0
49819.0
49827.0
49828.0
49829.0
49830.0
49867.0
49868.0
49870.0
49873.0
49874.0
49875.0
49887.0
49888.0
49889.0
49890.0
49891.0
49893.0
49930.0
49931.0
49934.0
49935.0
49937.0
49939.0
49948.0
49949.0
49950.0
49951.0
49952.0
49990.0
49991.0
49994.0
49995.0
49997.0
50007.0
50008.0
50009.0
50010.0
50011.0
50012.0
50014.0
50016.0
50054.0
50055.0
50059.0
50069.0
50070.0
50071.0
50072.0
50073.0
50074.0
50115.0
50117.0
50118.0
50119.0
50120.0
50127.0
50129.0
50130.0
50131.0
50164.0
50174.0
50175.0
50176.0
50177.0
50178.0
50179.0
50187.0
50188.0
50189.0
50190.0
50192.0
50193.0
50234.0
50235.0
50236.0
50237.0
50238.0
50240.0
50247.0
50248.0
50250.0
50251.0
50253.0
50254.0
50295.0
50297.0
50307.0
50309.0
50310.0
50312.0
50313.0
50355.0
50356.0
50367.0
50368.0
50369.0
50370.0
50371.0
50372.0
50373.0
50374.0
50415.0
50416.0
50418.0
50420.0
50427.0
50429.0
50430.0
50433.0
50474.0
50475.0
50477.0
50487.0
50488.0
50489.0
50490.0
50493.0
50534.0
50535.0
50537.0
50538.0
50540.0
50547.0
50548.0
50549.0
50550.0
50551.0
50552.0
50553.0
50554.0
50555.0
50595.0
50596.0
50597.0
50598.0
50608.0
50609.0
50610.0
50611.0
50612.0
50613.0
50614.0
50615.0
50654.0
50655.0
50656.0
50657.0
50659.0
50668.0
50669.0
50670.0
50671.0
50672.0
50673.0
50674.0
50675.0
50715.0
50716.0
50717.0
50718.0
50719.0
50720.0
50727.0
50729.0
50730.0
50731.0
50732.0
50775.0
50776.0
50788.0
50792.0
50835.0
50837.0
50847.0
50849.0
50852.0
50894.0
50895.0
50896.0
50897.0
50907.0
50908.0
50955.0
50956.0
50959.0
50967.0
50968.0
50969.0
51014.0
51015.0
51028.0
51064.0
51074.0
51075.0
51076.0
51078.0
51079.0
51087.0
51134.0
51135.0
51147.0
51151.0
51195.0
51196.0
51198.0
51208.0
51211.0
51254.0
51255.0
51256.0
51257.0
51258.0
51267.0
51268.0
51271.0
51315.0
51316.0
51317.0
51318.0
51319.0
51327.0
51328.0
51330.0
51331.0
51332.0
51374.0
51375.0
51378.0
51387.0
51388.0
51389.0
51391.0
51392.0
51427.0
51447.0
51448.0
51451.0
51452.0
51494.0
51495.0
51496.0
51497.0
51507.0
51508.0
51510.0
51554.0
51555.0
51556.0
51557.0
51558.0
51560.0
51615.0
51617.0
51619.0
51628.0
51630.0
51638.0
51644.0
51650.0
51674.0
51675.0
51676.0
51677.0
51679.0
51687.0
51688.0
51689.0
51690.0
51691.0
51692.0
51693.0
51694.0
51704.0
51705.0
51706.0
51712.0
51714.0
51720.0
51722.0
51747.0
51749.0
51750.0
51751.0
51752.0
51753.0
51754.0
51755.0
51770.0
51772.0
51774.0
51808.0
51809.0
51810.0
51811.0
51813.0
51826.0
51832.0
51835.0
51836.0
51837.0
51838.0
51853.0
51854.0
51860.0
51861.0
51894.0
51896.0
51898.0
51901.0
51903.0
51929.0
51930.0
51931.0
51932.0
51944.0
51951.0
51952.0
51953.0
51957.0
51960.0
51989.0
51990.0
51991.0
51992.0
51993.0
51994.0
51995.0
52012.0
52014.0
52015.0
52019.0
52022.0
52024.0
52049.0
52050.0
52052.0
52053.0
52067.0
52072.0
52073.0
52076.0
52081.0
52109.0
52110.0
52111.0
52112.0
52114.0
52130.0
52131.0
52132.0
52134.0
52136.0
52169.0
52171.0
52173.0
52183.0
52190.0
52191.0
52193.0
52229.0
52230.0
52232.0
52234.0
52251.0
52252.0
52253.0
52254.0
52257.0
52259.0
52289.0
52290.0
52293.0
52294.0
52309.0
52310.0
52329.0
52349.0
52350.0
52352.0
52353.0
52354.0
52361.0
52370.0
52371.0
52374.0
52376.0
52379.0
52383.0
52399.0
52409.0
52410.0
52411.0
52412.0
52413.0
52414.0
52415.0
52435.0
52436.0
52438.0
52441.0
52469.0
52470.0
52471.0
52472.0
52494.0
52496.0
52497.0
52498.0
52499.0
52501.0
52503.0
52529.0
52530.0
52531.0
52532.0
52589.0
52590.0
52591.0
52592.0
52593.0
52594.0
52595.0
52649.0
52653.0
52709.0
52711.0
52713.0
52714.0
52715.0
52769.0
52770.0
52771.0
52772.0
52773.0
52774.0
52829.0
52830.0
52889.0
52890.0
52891.0
52893.0
52949.0
52950.0
52951.0
52952.0
52953.0
52988.0
52989.0
52990.0
52994.0
52995.0
52996.0
52997.0
52999.0
53007.0
53008.0
53009.0
53010.0
53011.0
53012.0
53014.0
53015.0
53049.0
53050.0
53053.0
53054.0
53055.0
53057.0
53058.0
53059.0
53069.0
53070.0
53071.0
53072.0
53073.0
53108.0
53109.0
53110.0
53113.0
53115.0
53119.0
53128.0
53129.0
53130.0
53132.0
53149.0
53168.0
53169.0
53173.0
53175.0
53176.0
53178.0
53187.0
53188.0
53189.0
53190.0
53191.0
53192.0
53194.0
53228.0
53229.0
53233.0
53234.0
53235.0
53236.0
53239.0
53240.0
53247.0
53248.0
53249.0
53250.0
53251.0
53252.0
53253.0
53254.0
53255.0
53288.0
53289.0
53291.0
53293.0
53294.0
53295.0
53296.0
53298.0
53299.0
53307.0
53308.0
53309.0
53310.0
53311.0
53312.0
53313.0
53348.0
53349.0
53351.0
53353.0
53354.0
53355.0
53356.0
53357.0
53359.0
53360.0
53367.0
53368.0
53369.0
53370.0
53371.0
53372.0
53373.0
53374.0
53408.0
53409.0
53413.0
53414.0
53416.0
53418.0
53419.0
53420.0
53428.0
53429.0
53430.0
53431.0
53432.0
53433.0
53468.0
53469.0
53470.0
53473.0
53487.0
53488.0
53489.0
53490.0
53491.0
53493.0
53528.0
53533.0
53534.0
53535.0
53536.0
53540.0
53547.0
53548.0
53549.0
53550.0
53551.0
53552.0
53553.0
53555.0
53588.0
53589.0
53592.0
53593.0
53594.0
53595.0
53597.0
53598.0
53599.0
53607.0
53608.0
53609.0
53610.0
53611.0
53612.0
53613.0
53614.0
53648.0
53649.0
53653.0
53655.0
53656.0
53657.0
53658.0
53667.0
53668.0
53669.0
53670.0
53671.0
53672.0
53673.0
53674.0
53675.0
53708.0
53709.0
53713.0
53714.0
53715.0
53717.0
53718.0
53719.0
53728.0
53729.0
53730.0
53731.0
53732.0
53768.0
53769.0
53771.0
53773.0
53774.0
53775.0
53776.0
53777.0
53778.0
53787.0
53788.0
53789.0
53790.0
53791.0
53792.0
53793.0
53794.0
53828.0
53829.0
53833.0
53834.0
53835.0
53836.0
53838.0
53840.0
53847.0
53848.0
53849.0
53850.0
53851.0
53853.0
53854.0
53855.0
53856.0
53888.0
53889.0
53890.0
53893.0
53895.0
53897.0
53898.0
53908.0
53909.0
53910.0
53912.0
53913.0
53948.0
53949.0
53951.0
53952.0
53954.0
53955.0
53957.0
53967.0
53968.0
53969.0
53970.0
53971.0
53972.0
53973.0
54008.0
54009.0
54010.0
54013.0
54014.0
54015.0
54027.0
54028.0
54029.0
54030.0
54031.0
54033.0
54068.0
54069.0
54074.0
54075.0
54076.0
54077.0
54088.0
54089.0
54090.0
54091.0
54092.0
54093.0
54094.0
54119.0
54129.0
54130.0
54134.0
54135.0
54136.0
54137.0
54138.0
54139.0
54140.0
54141.0
54147.0
54148.0
54149.0
54150.0
54151.0
54152.0
54153.0
54195.0
54197.0
54199.0
54207.0
54208.0
54209.0
54210.0
54212.0
54213.0
54214.0
54254.0
54255.0
54256.0
54257.0
54258.0
54259.0
54260.0
54267.0
54268.0
54269.0
54270.0
54271.0
54272.0
54273.0
54274.0
54275.0
54317.0
54321.0
54328.0
54329.0
54330.0
54331.0
54332.0
54333.0
54375.0
54376.0
54380.0
54381.0
54388.0
54389.0
54390.0
54392.0
54393.0
54394.0
54435.0
54437.0
54438.0
54439.0
54440.0
54449.0
54450.0
54452.0
54453.0
54454.0
54495.0
54496.0
54507.0
54508.0
54509.0
54510.0
54512.0
54514.0
54555.0
54558.0
54559.0
54568.0
54569.0
54570.0
54571.0
54572.0
54573.0
54574.0
54575.0
54615.0
54627.0
54629.0
54630.0
54631.0
54632.0
54633.0
54634.0
54675.0
54676.0
54677.0
54678.0
54679.0
54680.0
54688.0
54689.0
54690.0
54691.0
54692.0
54693.0
54694.0
54695.0
54735.0
54736.0
54737.0
54738.0
54739.0
54740.0
54747.0
54748.0
54749.0
54750.0
54752.0
54753.0
54756.0
54795.0
54797.0
54798.0
54807.0
54809.0
54810.0
54811.0
54812.0
54813.0
54814.0
54855.0
54856.0
54859.0
54868.0
54871.0
54915.0
54916.0
54927.0
54975.0
54977.0
54979.0
54980.0
54988.0
54990.0
55035.0
55037.0
55038.0
55041.0
55048.0
55051.0
55095.0
55097.0
55098.0
55107.0
55108.0
55109.0
55110.0
55113.0
55155.0
55167.0
55168.0
55170.0
55171.0
55215.0
55216.0
55217.0
55218.0
55220.0
55221.0
55227.0
55228.0
55275.0
55276.0
55279.0
55280.0
55288.0
55335.0
55336.0
55339.0
55347.0
55348.0
55350.0
55351.0
55352.0
55354.0
55395.0
55396.0
55397.0
55398.0
55399.0
55401.0
55408.0
55409.0
55410.0
55411.0
55412.0
55455.0
55458.0
55459.0
55461.0
55471.0
55495.0
55515.0
55517.0
55527.0
55528.0
55529.0
55533.0
55575.0
55577.0
55588.0
55589.0
55590.0
55592.0
55635.0
55636.0
55638.0
55639.0
55647.0
55648.0
55649.0
55651.0
55652.0
55695.0
55696.0
55697.0
55698.0
55699.0
55700.0
55701.0
55703.0
55705.0
55708.0
55709.0
55710.0
55711.0
55712.0
55755.0
55763.0
55764.0
55765.0
55767.0
55768.0
55769.0
55770.0
55771.0
55772.0
55773.0
55776.0
55827.0
55828.0
55829.0
55830.0
55831.0
55832.0
55833.0
55834.0
55836.0
55887.0
55890.0
55891.0
55892.0
55893.0
55894.0
55895.0
55901.0
55902.0
55903.0
55929.0
55949.0
55950.0
55952.0
55953.0
55954.0
55965.0
55966.0
55967.0
55968.0
55969.0
55971.0
55972.0
55988.0
55999.0
56010.0
56012.0
56013.0
56014.0
56030.0
56031.0
56032.0
56034.0
56036.0
56038.0
56040.0
56041.0
56069.0
56070.0
56071.0
56072.0
56073.0
56074.0
56075.0
56094.0
56096.0
56102.0
56130.0
56131.0
56133.0
56134.0
56146.0
56151.0
56155.0
56156.0
56157.0
56160.0
56189.0
56190.0
56210.0
56211.0
56219.0
56226.0
56227.0
56249.0
56250.0
56251.0
56252.0
56253.0
56254.0
56270.0
56271.0
56275.0
56277.0
56279.0
56284.0
56309.0
56310.0
56311.0
56312.0
56313.0
56314.0
56329.0
56331.0
56335.0
56337.0
56338.0
56370.0
56373.0
56388.0
56390.0
56394.0
56429.0
56430.0
56431.0
56432.0
56433.0
56434.0
56449.0
56489.0
56490.0
56491.0
56492.0
56493.0
56507.0
56508.0
56509.0
56510.0
56512.0
56516.0
56518.0
56520.0
56526.0
56549.0
56550.0
56551.0
56553.0
56554.0
56555.0
56567.0
56568.0
56570.0
56571.0
56572.0
56573.0
56574.0
56576.0
56577.0
56609.0
56610.0
56611.0
56612.0
56613.0
56614.0
56669.0
56670.0
56671.0
56672.0
56673.0
56674.0
56729.0
56730.0
56731.0
56732.0
56733.0
56734.0
56735.0
56790.0
56849.0
56850.0
56851.0
56852.0
56853.0
56854.0
56855.0
56899.0
56909.0
56910.0
56911.0
56913.0
56914.0
56915.0
56970.0
56971.0
56974.0
57029.0
57030.0
57031.0
57032.0
57033.0
57034.0
57068.0
57070.0
57071.0
57073.0
57075.0
57076.0
57077.0
57080.0
57087.0
57088.0
57090.0
57091.0
57092.0
57093.0
57095.0
57128.0
57130.0
57133.0
57135.0
57138.0
57140.0
57149.0
57150.0
57151.0
57152.0
57153.0
57154.0
57189.0
57190.0
57193.0
57195.0
57198.0
57210.0
57211.0
57212.0
57248.0
57250.0
57251.0
57253.0
57255.0
57256.0
57259.0
57260.0
57267.0
57268.0
57269.0
57270.0
57271.0
57272.0
57273.0
57274.0
57275.0
57310.0
57313.0
57314.0
57315.0
57318.0
57320.0
57328.0
57330.0
57331.0
57332.0
57333.0
57334.0
57368.0
57370.0
57371.0
57373.0
57375.0
57376.0
57377.0
57379.0
57388.0
57389.0
57390.0
57391.0
57393.0
57428.0
57430.0
57431.0
57433.0
57435.0
57436.0
57438.0
57439.0
57440.0
57448.0
57449.0
57450.0
57451.0
57452.0
57453.0
57454.0
57455.0
57489.0
57490.0
57491.0
57493.0
57495.0
57496.0
57498.0
57499.0
57508.0
57510.0
57511.0
57512.0
57513.0
57514.0
57550.0
57553.0
57555.0
57558.0
57568.0
57569.0
57570.0
57571.0
57572.0
57573.0
57574.0
57608.0
57610.0
57612.0
57613.0
57615.0
57619.0
57628.0
57630.0
57631.0
57633.0
57634.0
57670.0
57673.0
57675.0
57676.0
57677.0
57678.0
57681.0
57688.0
57689.0
57690.0
57691.0
57692.0
57694.0
57695.0
57718.0
57720.0
57730.0
57733.0
57734.0
57735.0
57736.0
57739.0
57740.0
57748.0
57750.0
57751.0
57752.0
57753.0
57754.0
57789.0
57790.0
57793.0
57795.0
57799.0
57809.0
57810.0
57811.0
57812.0
57813.0
57814.0
57815.0
57850.0
57852.0
57853.0
57855.0
57856.0
57857.0
57858.0
57859.0
57860.0
57861.0
57867.0
57868.0
57869.0
57870.0
57871.0
57872.0
57873.0
57874.0
57875.0
57910.0
57913.0
57915.0
57916.0
57917.0
57919.0
57920.0
57928.0
57929.0
57930.0
57931.0
57932.0
57934.0
57969.0
57970.0
57971.0
57973.0
57974.0
57975.0
57976.0
57977.0
57979.0
57988.0
57990.0
57991.0
57992.0
57993.0
58030.0
58031.0
58033.0
58035.0
58038.0
58039.0
58050.0
58051.0
58052.0
58053.0
58054.0
58089.0
58093.0
58095.0
58096.0
58097.0
58098.0
58100.0
58108.0
58109.0
58110.0
58111.0
58112.0
58113.0
58114.0
58150.0
58151.0
58155.0
58157.0
58167.0
58168.0
58169.0
58170.0
58171.0
58172.0
58173.0
58174.0
58209.0
58210.0
58214.0
58215.0
58216.0
58228.0
58229.0
58230.0
58231.0
58232.0
58264.0
58275.0
58276.0
58278.0
58279.0
58281.0
58287.0
58288.0
58289.0
58290.0
58291.0
58292.0
58293.0
58294.0
58295.0
58335.0
58337.0
58339.0
58341.0
58348.0
58349.0
58350.0
58351.0
58353.0
58354.0
58355.0
58356.0
58395.0
58396.0
58397.0
58408.0
58409.0
58410.0
58411.0
58412.0
58413.0
58414.0
58415.0
58455.0
58468.0
58470.0
58471.0
58472.0
58473.0
58474.0
58515.0
58517.0
58518.0
58519.0
58520.0
58521.0
58528.0
58530.0
58531.0
58532.0
58533.0
58534.0
58535.0
58575.0
58577.0
58579.0
58580.0
58588.0
58589.0
58590.0
58591.0
58592.0
58635.0
58637.0
58638.0
58639.0
58647.0
58648.0
58649.0
58650.0
58651.0
58652.0
58654.0
58695.0
58696.0
58699.0
58707.0
58708.0
58709.0
58710.0
58711.0
58712.0
58713.0
58714.0
58715.0
58755.0
58757.0
58768.0
58769.0
58770.0
58771.0
58772.0
58773.0
58774.0
58775.0
58815.0
58818.0
58819.0
58822.0
58827.0
58828.0
58829.0
58830.0
58831.0
58832.0
58834.0
58835.0
58875.0
58876.0
58877.0
58879.0
58888.0
58890.0
58891.0
58935.0
58936.0
58948.0
58950.0
58952.0
58953.0
58995.0
58996.0
58997.0
59000.0
59008.0
59009.0
59011.0
59012.0
59055.0
59057.0
59059.0
59060.0
59068.0
59069.0
59094.0
59095.0
59117.0
59118.0
59119.0
59120.0
59128.0
59130.0
59131.0
59132.0
59164.0
59175.0
59176.0
59177.0
59178.0
59179.0
59180.0
59188.0
59189.0
59190.0
59235.0
59236.0
59237.0
59241.0
59248.0
59249.0
59252.0
59295.0
59296.0
59299.0
59300.0
59307.0
59308.0
59355.0
59368.0
59369.0
59370.0
59371.0
59372.0
59373.0
59415.0
59428.0
59430.0
59432.0
59433.0
59475.0
59476.0
59478.0
59488.0
59535.0
59537.0
59538.0
59548.0
59595.0
59596.0
59598.0
59599.0
59600.0
59607.0
59608.0
59611.0
59655.0
59656.0
59657.0
59668.0
59672.0
59715.0
59716.0
59718.0
59719.0
59721.0
59728.0
59729.0
59730.0
59731.0
59732.0
59733.0
59775.0
59777.0
59788.0
59789.0
59817.0
59835.0
59836.0
59837.0
59848.0
59849.0
59850.0
59851.0
59852.0
59853.0
59865.0
59866.0
59871.0
59872.0
59873.0
59874.0
59878.0
59880.0
59882.0
59883.0
59884.0
59889.0
59908.0
59910.0
59911.0
59912.0
59914.0
59931.0
59932.0
59939.0
59968.0
59970.0
59971.0
59972.0
59973.0
59975.0
59993.0
59994.0
60003.0
60005.0
60006.0
60012.0
60013.0
60030.0
60031.0
60032.0
60033.0
60034.0
60035.0
60036.0
60054.0
60056.0
60060.0
60062.0
60090.0
60093.0
60095.0
60117.0
60119.0
60120.0
60125.0
60150.0
60151.0
60152.0
60153.0
60154.0
60155.0
60177.0
60178.0
60181.0
60182.0
60186.0
60187.0
60189.0
60195.0
60210.0
60211.0
60213.0
60234.0
60235.0
60238.0
60239.0
60241.0
60242.0
60244.0
60270.0
60272.0
60273.0
60274.0
60292.0
60294.0
60295.0
60298.0
60299.0
60302.0
60303.0
60330.0
60332.0
60334.0
60354.0
60357.0
60358.0
60359.0
60360.0
60361.0
60362.0
60365.0
60367.0
60382.0
60390.0
60392.0
60393.0
60394.0
60417.0
60421.0
60422.0
60424.0
60426.0
60450.0
60477.0
60478.0
60479.0
60480.0
60483.0
60485.0
60486.0
60487.0
60488.0
60494.0
60495.0
60496.0
60497.0
60499.0
60504.0
60510.0
60511.0
60512.0
60513.0
60514.0
60515.0
60516.0
60527.0
60537.0
60538.0
60539.0
60543.0
60545.0
60546.0
60547.0
60570.0
60572.0
60574.0
60599.0
60601.0
60603.0
60604.0
60630.0
60631.0
60632.0
60633.0
60634.0
60635.0
60659.0
60660.0
60662.0
60664.0
60666.0
60668.0
60690.0
60691.0
60692.0
60693.0
60694.0
60695.0
60716.0
60717.0
60750.0
60751.0
60752.0
60753.0
60754.0
60755.0
60810.0
60811.0
60812.0
60813.0
60814.0
60815.0
60870.0
60872.0
60930.0
60931.0
60932.0
60933.0
60934.0
60935.0
60990.0
60991.0
60996.0
61050.0
61110.0
61111.0
61112.0
61113.0
61114.0
61115.0
61149.0
61150.0
61153.0
61154.0
61155.0
61157.0
61160.0
61167.0
61169.0
61170.0
61171.0
61173.0
61174.0
61175.0
61209.0
61211.0
61213.0
61214.0
61215.0
61228.0
61230.0
61231.0
61232.0
61268.0
61269.0
61273.0
61275.0
61276.0
61277.0
61279.0
61280.0
61287.0
61288.0
61290.0
61293.0
61294.0
61319.0
61329.0
61332.0
61333.0
61334.0
61335.0
61337.0
61338.0
61340.0
61348.0
61350.0
61352.0
61353.0
61389.0
61393.0
61394.0
61395.0
61396.0
61399.0
61407.0
61408.0
61409.0
61410.0
61411.0
61412.0
61413.0
61414.0
61449.0
61453.0
61454.0
61455.0
61460.0
61467.0
61468.0
61470.0
61471.0
61472.0
61473.0
61474.0
61475.0
61509.0
61510.0
61513.0
61514.0
61515.0
61518.0
61528.0
61529.0
61530.0
61532.0
61533.0
61534.0
61569.0
61573.0
61574.0
61575.0
61577.0
61579.0
61581.0
61588.0
61590.0
61591.0
61592.0
61629.0
61632.0
61633.0
61634.0
61635.0
61636.0
61638.0
61648.0
61650.0
61651.0
61689.0
61690.0
61693.0
61694.0
61695.0
61700.0
61708.0
61709.0
61710.0
61711.0
61712.0
61713.0
61714.0
61715.0
61716.0
61749.0
61753.0
61754.0
61755.0
61758.0
61759.0
61767.0
61768.0
61770.0
61771.0
61772.0
61773.0
61774.0
61775.0
61809.0
61811.0
61812.0
61813.0
61814.0
61815.0
61828.0
61829.0
61830.0
61831.0
61832.0
61869.0
61873.0
61875.0
61876.0
61878.0
61888.0
61890.0
61891.0
61929.0
61930.0
61933.0
61934.0
61935.0
61936.0
61938.0
61948.0
61950.0
61951.0
61989.0
61993.0
61994.0
61995.0
61996.0
61997.0
61999.0
62008.0
62010.0
62011.0
62013.0
62014.0
62015.0
62016.0
62049.0
62050.0
62053.0
62054.0
62056.0
62067.0
62068.0
62070.0
62071.0
62072.0
62073.0
62074.0
62075.0
62109.0
62110.0
62113.0
62114.0
62115.0
62118.0
62128.0
62130.0
62131.0
62132.0
62133.0
62134.0
62135.0
62169.0
62170.0
62173.0
62175.0
62176.0
62179.0
62180.0
62187.0
62188.0
62190.0
62191.0
62193.0
62194.0
62229.0
62230.0
62234.0
62235.0
62238.0
62248.0
62249.0
62250.0
62252.0
62289.0
62290.0
62294.0
62295.0
62296.0
62297.0
62298.0
62299.0
62308.0
62309.0
62310.0
62311.0
62312.0
62313.0
62314.0
62316.0
62355.0
62356.0
62357.0
62358.0
62359.0
62360.0
62368.0
62370.0
62371.0
62372.0
62373.0
62374.0
62375.0
62415.0
62416.0
62428.0
62430.0
62431.0
62432.0
62433.0
62434.0
62475.0
62476.0
62477.0
62479.0
62487.0
62488.0
62490.0
62491.0
62535.0
62536.0
62537.0
62539.0
62540.0
62541.0
62548.0
62550.0
62552.0
62553.0
62595.0
62596.0
62599.0
62608.0
62610.0
62611.0
62612.0
62613.0
62614.0
62615.0
62655.0
62656.0
62657.0
62658.0
62659.0
62660.0
62668.0
62670.0
62671.0
62672.0
62673.0
62715.0
62716.0
62728.0
62730.0
62731.0
62732.0
62733.0
62734.0
62735.0
62736.0
62775.0
62776.0
62780.0
62787.0
62788.0
62789.0
62790.0
62791.0
62792.0
62793.0
62794.0
62795.0
62796.0
62827.0
62835.0
62837.0
62839.0
62848.0
62850.0
62851.0
62895.0
62896.0
62897.0
62898.0
62900.0
62907.0
62908.0
62910.0
62911.0
62912.0
62913.0
62914.0
62915.0
62956.0
62957.0
62958.0
62959.0
62968.0
62970.0
62971.0
62972.0
62973.0
62974.0
62975.0
63015.0
63016.0
63028.0
63029.0
63030.0
63032.0
63033.0
63034.0
63075.0
63077.0
63088.0
63136.0
63137.0
63141.0
63147.0
63148.0
63195.0
63196.0
63197.0
63200.0
63208.0
63255.0
63256.0
63257.0
63268.0
63269.0
63271.0
63272.0
63315.0
63316.0
63318.0
63327.0
63328.0
63329.0
63377.0
63378.0
63379.0
63380.0
63388.0
63390.0
63435.0
63436.0
63438.0
63439.0
63448.0
63453.0
63495.0
63508.0
63512.0
63556.0
63557.0
63568.0
63569.0
63570.0
63571.0
63572.0
63573.0
63615.0
63616.0
63628.0
63675.0
63676.0
63677.0
63688.0
63689.0
63690.0
63692.0
63736.0
63739.0
63741.0
63742.0
63748.0
63749.0
63795.0
63796.0
63797.0
63799.0
63800.0
63808.0
63809.0
63811.0
63813.0
63855.0
63856.0
63857.0
63858.0
63859.0
63868.0
63869.0
63870.0
63871.0
63873.0
63913.0
63915.0
63917.0
63918.0
63920.0
63928.0
63931.0
63932.0
63940.0
63971.0
63972.0
63973.0
63975.0
63978.0
63988.0
63990.0
63991.0
63992.0
63993.0
63994.0
63995.0
64048.0
64049.0
64050.0
64051.0
64082.0
64099.0
64108.0
64109.0
64110.0
64111.0
64112.0
64113.0
64114.0
64115.0
64127.0
64139.0
64140.0
64144.0
64145.0
64149.0
64170.0
64171.0
64172.0
64173.0
64174.0
64175.0
64176.0
64195.0
64196.0
64198.0
64200.0
64201.0
64202.0
64204.0
64206.0
64230.0
64231.0
64232.0
64233.0
64234.0
64247.0
64252.0
64253.0
64254.0
64256.0
64257.0
64259.0
64290.0
64291.0
64292.0
64294.0
64310.0
64311.0
64312.0
64323.0
64325.0
64327.0
64333.0
64350.0
64351.0
64354.0
64355.0
64411.0
64434.0
64439.0
64440.0
64470.0
64471.0
64474.0
64486.0
64487.0
64491.0
64492.0
64493.0
64496.0
64497.0
64498.0
64500.0
64501.0
64502.0
64503.0
64505.0
64530.0
64531.0
64533.0
64534.0
64550.0
64552.0
64553.0
64560.0
64590.0
64591.0
64592.0
64593.0
64595.0
64607.0
64608.0
64611.0
64612.0
64613.0
64614.0
64620.0
64650.0
64651.0
64667.0
64668.0
64672.0
64673.0
64710.0
64711.0
64712.0
64714.0
64725.0
64726.0
64731.0
64732.0
64733.0
64737.0
64740.0
64741.0
64742.0
64770.0
64771.0
64774.0
64775.0
64797.0
64798.0
64801.0
64808.0
64830.0
64831.0
64833.0
64834.0
64835.0
64836.0
64854.0
64855.0
64857.0
64861.0
64862.0
64890.0
64891.0
64892.0
64893.0
64895.0
64950.0
64951.0
64952.0
64999.0
65010.0
65011.0
65012.0
65014.0
65015.0
65070.0
65071.0
65072.0
65073.0
65074.0
65075.0
65130.0
65131.0
65132.0
65135.0
65190.0
65191.0
65192.0
65193.0
65194.0
65195.0
65196.0
65248.0
65249.0
65250.0
65251.0
65252.0
65253.0
65290.0
65292.0
65293.0
65295.0
65297.0
65299.0
65300.0
65308.0
65310.0
65311.0
65313.0
65314.0
65315.0
65350.0
65351.0
65353.0
65356.0
65368.0
65369.0
65371.0
65372.0
65373.0
65374.0
65375.0
65376.0
65410.0
65413.0
65414.0
65415.0
65416.0
65417.0
65428.0
65429.0
65430.0
65431.0
65432.0
65433.0
65434.0
65435.0
65436.0
65470.0
65473.0
65476.0
65477.0
65488.0
65491.0
65492.0
65493.0
65533.0
65534.0
65535.0
65536.0
65548.0
65550.0
65551.0
65552.0
65553.0
65554.0
65555.0
65590.0
65591.0
65593.0
65594.0
65595.0
65596.0
65597.0
65598.0
65600.0
65608.0
65609.0
65610.0
65611.0
65612.0
65616.0
65650.0
65653.0
65654.0
65655.0
65656.0
65658.0
65669.0
65670.0
65671.0
65672.0
65673.0
65674.0
65709.0
65710.0
65711.0
65713.0
65714.0
65715.0
65716.0
65718.0
65719.0
65720.0
65728.0
65729.0
65730.0
65731.0
65732.0
65733.0
65734.0
65735.0
65770.0
65773.0
65774.0
65775.0
65776.0
65777.0
65778.0
65779.0
65788.0
65789.0
65790.0
65791.0
65794.0
65820.0
65830.0
65833.0
65834.0
65835.0
65836.0
65837.0
65838.0
65839.0
65841.0
65848.0
65849.0
65850.0
65851.0
65852.0
65890.0
65893.0
65895.0
65896.0
65897.0
65898.0
65899.0
65909.0
65910.0
65911.0
65912.0
65913.0
65950.0
65952.0
65953.0
65955.0
65956.0
65957.0
65961.0
65968.0
65969.0
65970.0
65971.0
65972.0
65973.0
65974.0
66010.0
66013.0
66014.0
66015.0
66016.0
66017.0
66018.0
66028.0
66030.0
66031.0
66032.0
66033.0
66034.0
66036.0
66070.0
66071.0
66073.0
66075.0
66076.0
66078.0
66079.0
66088.0
66090.0
66091.0
66092.0
66093.0
66094.0
66130.0
66131.0
66133.0
66135.0
66136.0
66137.0
66138.0
66139.0
66140.0
66148.0
66149.0
66150.0
66151.0
66152.0
66153.0
66154.0
66155.0
66190.0
66193.0
66194.0
66195.0
66196.0
66197.0
66200.0
66201.0
66208.0
66210.0
66211.0
66212.0
66213.0
66215.0
66216.0
66250.0
66253.0
66255.0
66256.0
66258.0
66268.0
66270.0
66271.0
66272.0
66273.0
66274.0
66275.0
66276.0
66295.0
66310.0
66312.0
66315.0
66316.0
66318.0
66319.0
66328.0
66329.0
66330.0
66331.0
66332.0
66333.0
66334.0
66364.0
66370.0
66375.0
66376.0
66378.0
66379.0
66380.0
66381.0
66388.0
66390.0
66391.0
66392.0
66393.0
66394.0
66395.0
66396.0
66430.0
66435.0
66436.0
66448.0
66450.0
66451.0
66452.0
66453.0
66495.0
66496.0
66498.0
66508.0
66509.0
66510.0
66511.0
66512.0
66513.0
66515.0
66555.0
66556.0
66558.0
66560.0
66568.0
66570.0
66571.0
66572.0
66573.0
66574.0
66575.0
66576.0
66616.0
66618.0
66628.0
66629.0
66630.0
66631.0
66632.0
66633.0
66634.0
66635.0
66636.0
66676.0
66677.0
66680.0
66681.0
66688.0
66689.0
66690.0
66691.0
66692.0
66729.0
66730.0
66735.0
66736.0
66748.0
66750.0
66751.0
66752.0
66755.0
66796.0
66798.0
66799.0
66800.0
66808.0
66810.0
66811.0
66812.0
66813.0
66814.0
66815.0
66816.0
66855.0
66856.0
66857.0
66858.0
66868.0
66870.0
66871.0
66872.0
66916.0
66920.0
66928.0
66929.0
66930.0
66931.0
66932.0
66934.0
66935.0
66977.0
66979.0
66980.0
66988.0
66990.0
66991.0
66992.0
66994.0
66995.0
67035.0
67036.0
67037.0
67048.0
67049.0
67051.0
67052.0
67053.0
67095.0
67096.0
67097.0
67099.0
67108.0
67109.0
67110.0
67111.0
67112.0
67113.0
67114.0
67115.0
67116.0
67155.0
67156.0
67158.0
67159.0
67169.0
67172.0
67173.0
67215.0
67216.0
67218.0
67219.0
67228.0
67231.0
67264.0
67276.0
67277.0
67279.0
67280.0
67281.0
67288.0
67335.0
67336.0
67337.0
67348.0
67350.0
67351.0
67396.0
67399.0
67400.0
67401.0
67408.0
67409.0
67410.0
67412.0
67413.0
67456.0
67457.0
67458.0
67468.0
67515.0
67516.0
67517.0
67528.0
67529.0
67530.0
67531.0
67532.0
67575.0
67576.0
67579.0
67588.0
67635.0
67636.0
67648.0
67649.0
67652.0
67696.0
67700.0
67708.0
67709.0
67712.0
67755.0
67756.0
67757.0
67758.0
67759.0
67761.0
67769.0
67770.0
67771.0
67773.0
67815.0
67816.0
67817.0
67828.0
67829.0
67830.0
67833.0
67834.0
67875.0
67876.0
67880.0
67888.0
67889.0
67891.0
67892.0
67948.0
67949.0
67951.0
67952.0
67995.0
67996.0
67997.0
67999.0
68001.0
68008.0
68009.0
68013.0
68055.0
68056.0
68057.0
68068.0
68070.0
68071.0
68074.0
68075.0
68096.0
68097.0
68098.0
68101.0
68103.0
68108.0
68128.0
68130.0
68131.0
68132.0
68133.0
68134.0
68136.0
68137.0
68148.0
68150.0
68153.0
68158.0
68160.0
68161.0
68164.0
68166.0
68167.0
68189.0
68190.0
68191.0
68192.0
68193.0
68194.0
68195.0
68196.0
68206.0
68207.0
68212.0
68215.0
68217.0
68219.0
68220.0
68251.0
68252.0
68253.0
68254.0
68268.0
68278.0
68280.0
68287.0
68310.0
68311.0
68314.0
68315.0
68332.0
68333.0
68334.0
68336.0
68338.0
68340.0
68342.0
68354.0
68356.0
68371.0
68373.0
68395.0
68399.0
68405.0
68412.0
68416.0
68430.0
68431.0
68432.0
68433.0
68434.0
68435.0
68436.0
68465.0
68466.0
68469.0
68470.0
68490.0
68491.0
68492.0
68493.0
68495.0
68527.0
68528.0
68533.0
68535.0
68536.0
68537.0
68551.0
68552.0
68553.0
68554.0
68555.0
68581.0
68582.0
68584.0
68585.0
68587.0
68598.0
68599.0
68600.0
68601.0
68610.0
68611.0
68612.0
68613.0
68614.0
68615.0
68616.0
68633.0
68644.0
68646.0
68648.0
68656.0
68657.0
68658.0
68660.0
68662.0
68663.0
68665.0
68666.0
68668.0
68671.0
68674.0
68675.0
68730.0
68731.0
68732.0
68733.0
68734.0
68735.0
68736.0
68737.0
68741.0
68751.0
68791.0
68792.0
68794.0
68795.0
68802.0
68803.0
68805.0
68820.0
68850.0
68851.0
68852.0
68853.0
68854.0
68859.0
68860.0
68864.0
68910.0
68911.0
68912.0
68913.0
68914.0
68915.0
68916.0
68917.0
68971.0
68972.0
68974.0
68975.0
68976.0
68977.0
69031.0
69032.0
69033.0
69034.0
69035.0
69036.0
69090.0
69091.0
69150.0
69151.0
69211.0
69212.0
69213.0
69214.0
69216.0
69270.0
69271.0
69272.0
69273.0
69275.0
69277.0
69331.0
69332.0
69334.0
69335.0
69370.0
69373.0
69374.0
69375.0
69376.0
69377.0
69378.0
69379.0
69381.0
69388.0
69389.0
69390.0
69391.0
69392.0
69393.0
69394.0
69395.0
69396.0
69397.0
69418.0
69419.0
69429.0
69432.0
69433.0
69434.0
69436.0
69437.0
69438.0
69439.0
69441.0
69448.0
69449.0
69450.0
69451.0
69452.0
69453.0
69454.0
69455.0
69489.0
69490.0
69493.0
69494.0
69495.0
69496.0
69498.0
69499.0
69500.0
69501.0
69508.0
69509.0
69510.0
69511.0
69512.0
69513.0
69514.0
69552.0
69553.0
69554.0
69556.0
69558.0
69559.0
69568.0
69569.0
69570.0
69571.0
69573.0
69574.0
69609.0
69610.0
69611.0
69613.0
69614.0
69616.0
69619.0
69620.0
69629.0
69630.0
69631.0
69632.0
69633.0
69634.0
69635.0
69669.0
69671.0
69673.0
69674.0
69676.0
69677.0
69679.0
69680.0
69688.0
69689.0
69690.0
69691.0
69692.0
69693.0
69694.0
69695.0
69696.0
69732.0
69733.0
69734.0
69736.0
69737.0
69738.0
69739.0
69748.0
69749.0
69750.0
69751.0
69752.0
69753.0
69789.0
69793.0
69794.0
69796.0
69798.0
69799.0
69808.0
69810.0
69811.0
69812.0
69813.0
69815.0
69816.0
69850.0
69853.0
69854.0
69855.0
69856.0
69857.0
69858.0
69859.0
69860.0
69861.0
69868.0
69869.0
69870.0
69871.0
69872.0
69873.0
69875.0
69876.0
69910.0
69912.0
69913.0
69915.0
69916.0
69917.0
69929.0
69930.0
69931.0
69932.0
69933.0
69935.0
69936.0
69964.0
69970.0
69971.0
69973.0
69974.0
69976.0
69977.0
69981.0
69989.0
69990.0
69991.0
69992.0
69993.0
69994.0
69995.0
70027.0
70029.0
70033.0
70034.0
70035.0
70036.0
70037.0
70038.0
70048.0
70049.0
70050.0
70051.0
70052.0
70053.0
70054.0
70055.0
70089.0
70093.0
70094.0
70098.0
70099.0
70108.0
70110.0
70111.0
70113.0
70116.0
70149.0
70150.0
70153.0
70154.0
70155.0
70156.0
70157.0
70159.0
70160.0
70169.0
70170.0
70171.0
70173.0
70174.0
70212.0
70213.0
70214.0
70215.0
70216.0
70218.0
70219.0
70220.0
70228.0
70229.0
70230.0
70231.0
70232.0
70270.0
70273.0
70274.0
70275.0
70276.0
70278.0
70289.0
70290.0
70291.0
70294.0
70296.0
70318.0
70329.0
70331.0
70333.0
70334.0
70336.0
70338.0
70348.0
70349.0
70350.0
70351.0
70352.0
70353.0
70354.0
70355.0
70389.0
70391.0
70393.0
70394.0
70396.0
70399.0
70408.0
70409.0
70411.0
70412.0
70413.0
70415.0
70450.0
70454.0
70455.0
70456.0
70468.0
70469.0
70470.0
70471.0
70472.0
70473.0
70474.0
70475.0
70509.0
70514.0
70515.0
70516.0
70519.0
70528.0
70529.0
70530.0
70531.0
70533.0
70535.0
70576.0
70589.0
70590.0
70591.0
70592.0
70593.0
70594.0
70596.0
70636.0
70638.0
70649.0
70650.0
70651.0
70652.0
70653.0
70695.0
70696.0
70699.0
70702.0
70708.0
70709.0
70711.0
70712.0
70755.0
70756.0
70757.0
70758.0
70761.0
70768.0
70769.0
70770.0
70771.0
70772.0
70774.0
70816.0
70817.0
70818.0
70828.0
70829.0
70831.0
70832.0
70864.0
70876.0
70888.0
70889.0
70890.0
70891.0
70892.0
70893.0
70936.0
70937.0
70940.0
70948.0
70949.0
70950.0
70951.0
70952.0
70953.0
70955.0
70956.0
70996.0
70997.0
70999.0
71008.0
71009.0
71011.0
71012.0
71013.0
71014.0
71055.0
71056.0
71057.0
71060.0
71062.0
71068.0
71069.0
71070.0
71071.0
71072.0
71073.0
71115.0
71116.0
71117.0
71119.0
71120.0
71129.0
71130.0
71131.0
71132.0
71133.0
71136.0
71176.0
71180.0
71188.0
71189.0
71190.0
71191.0
71192.0
71193.0
71194.0
71195.0
71196.0
71236.0
71237.0
71238.0
71239.0
71240.0
71250.0
71295.0
71296.0
71300.0
71309.0
71310.0
71311.0
71356.0
71357.0
71358.0
71359.0
71360.0
71368.0
71369.0
71370.0
71372.0
71374.0
71415.0
71416.0
71417.0
71418.0
71429.0
71432.0
71476.0
71489.0
71492.0
71493.0
71494.0
71536.0
71537.0
71538.0
71540.0
71542.0
71549.0
71553.0
71596.0
71597.0
71609.0
71655.0
71656.0
71658.0
71659.0
71668.0
71669.0
71673.0
71674.0
71715.0
71716.0
71719.0
71720.0
71721.0
71728.0
71729.0
71731.0
71776.0
71777.0
71778.0
71779.0
71780.0
71781.0
71789.0
71790.0
71791.0
71835.0
71836.0
71838.0
71840.0
71841.0
71849.0
71850.0
71851.0
71896.0
71897.0
71898.0
71900.0
71901.0
71909.0
71910.0
71911.0
71913.0
71956.0
71959.0
71961.0
71969.0
71970.0
71971.0
71972.0
71974.0
72016.0
72017.0
72018.0
72019.0
72020.0
72021.0
72028.0
72029.0
72076.0
72077.0
72088.0
72089.0
72090.0
72092.0
72093.0
72094.0
72095.0
72098.0
72099.0
72101.0
72103.0
72136.0
72139.0
72140.0
72141.0
72146.0
72148.0
72149.0
72150.0
72151.0
72152.0
72153.0
72154.0
72155.0
72156.0
72199.0
72208.0
72209.0
72211.0
72212.0
72213.0
72214.0
72215.0
72216.0
72220.0
72222.0
72228.0
72268.0
72270.0
72271.0
72272.0
72273.0
72274.0
72275.0
72276.0
72278.0
72280.0
72331.0
72333.0
72334.0
72336.0
72337.0
72340.0
72342.0
72343.0
72344.0
72345.0
72349.0
72350.0
72352.0
72359.0
72391.0
72392.0
72393.0
72394.0
72395.0
72396.0
72409.0
72410.0
72420.0
72423.0
72426.0
72427.0
72450.0
72451.0
72452.0
72453.0
72454.0
72455.0
72456.0
72476.0
72477.0
72478.0
72481.0
72485.0
72511.0
72512.0
72536.0
72538.0
72540.0
72542.0
72544.0
72545.0
72570.0
72571.0
72572.0
72573.0
72574.0
72575.0
72576.0
72589.0
72590.0
72593.0
72631.0
72632.0
72633.0
72634.0
72648.0
72649.0
72650.0
72653.0
72656.0
72657.0
72659.0
72663.0
72691.0
72702.0
72704.0
72709.0
72717.0
72751.0
72758.0
72805.0
72810.0
72811.0
72812.0
72813.0
72814.0
72815.0
72816.0
72820.0
72822.0
72826.0
72827.0
72870.0
72871.0
72873.0
72876.0
72931.0
72932.0
72933.0
72934.0
72935.0
72936.0
72938.0
72939.0
72941.0
72943.0
72947.0
72990.0
72991.0
72992.0
72993.0
72994.0
72995.0
72996.0
73051.0
73052.0
73053.0
73054.0
73055.0
73056.0
73057.0
73099.0
73111.0
73112.0
73170.0
73171.0
73172.0
73174.0
73175.0
73232.0
73291.0
73292.0
73350.0
73351.0
73352.0
73410.0
73411.0
73412.0
73413.0
73415.0
73416.0
73451.0
73453.0
73454.0
73455.0
73456.0
73457.0
73460.0
73468.0
73469.0
73471.0
73472.0
73473.0
73475.0
73495.0
73510.0
73511.0
73513.0
73515.0
73516.0
73518.0
73519.0
73521.0
73529.0
73530.0
73531.0
73532.0
73534.0
73535.0
73564.0
73570.0
73573.0
73575.0
73576.0
73578.0
73579.0
73580.0
73581.0
73589.0
73591.0
73592.0
73593.0
73594.0
73595.0
73627.0
73628.0
73633.0
73634.0
73635.0
73636.0
73637.0
73638.0
73649.0
73650.0
73651.0
73652.0
73653.0
73654.0
73692.0
73693.0
73695.0
73696.0
73700.0
73708.0
73709.0
73711.0
73712.0
73750.0
73753.0
73755.0
73756.0
73757.0
73758.0
73769.0
73771.0
73772.0
73773.0
73774.0
73813.0
73814.0
73815.0
73816.0
73817.0
73818.0
73819.0
73821.0
73828.0
73829.0
73831.0
73832.0
73833.0
73835.0
73836.0
73873.0
73874.0
73875.0
73876.0
73877.0
73878.0
73889.0
73891.0
73892.0
73894.0
73896.0
73923.0
73930.0
73932.0
73933.0
73934.0
73935.0
73936.0
73937.0
73938.0
73939.0
73940.0
73948.0
73950.0
73951.0
73952.0
73953.0
73954.0
73955.0
73956.0
73994.0
73995.0
73996.0
73997.0
73998.0
73999.0
74000.0
74009.0
74010.0
74011.0
74012.0
74013.0
74014.0
74016.0
74052.0
74053.0
74055.0
74056.0
74058.0
74060.0
74069.0
74071.0
74072.0
74073.0
74074.0
74075.0
74076.0
74112.0
74113.0
74115.0
74116.0
74118.0
74129.0
74131.0
74133.0
74171.0
74173.0
74174.0
74175.0
74176.0
74177.0
74178.0
74188.0
74189.0
74191.0
74192.0
74193.0
74233.0
74235.0
74236.0
74237.0
74238.0
74242.0
74249.0
74250.0
74251.0
74252.0
74253.0
74254.0
74255.0
74256.0
74257.0
74290.0
74291.0
74293.0
74295.0
74296.0
74297.0
74298.0
74299.0
74301.0
74308.0
74309.0
74310.0
74311.0
74312.0
74313.0
74350.0
74351.0
74353.0
74355.0
74356.0
74357.0
74359.0
74360.0
74369.0
74370.0
74371.0
74372.0
74373.0
74374.0
74375.0
74376.0
74411.0
74413.0
74414.0
74415.0
74416.0
74418.0
74419.0
74420.0
74421.0
74429.0
74431.0
74432.0
74433.0
74434.0
74435.0
74436.0
74437.0
74464.0
74471.0
74472.0
74473.0
74475.0
74476.0
74478.0
74488.0
74489.0
74490.0
74491.0
74492.0
74493.0
74494.0
74495.0
74530.0
74533.0
74535.0
74536.0
74537.0
74538.0
74549.0
74551.0
74552.0
74553.0
74554.0
74555.0
74591.0
74595.0
74596.0
74598.0
74599.0
74600.0
74608.0
74610.0
74611.0
74612.0
74614.0
74615.0
74616.0
74656.0
74658.0
74669.0
74671.0
74672.0
74673.0
74674.0
74675.0
74676.0
74716.0
74728.0
74730.0
74731.0
74732.0
74733.0
74734.0
74735.0
74736.0
74776.0
74779.0
74789.0
74791.0
74792.0
74793.0
74794.0
74795.0
74796.0
74836.0
74839.0
74841.0
74848.0
74849.0
74850.0
74851.0
74852.0
74854.0
74855.0
74896.0
74898.0
74899.0
74901.0
74903.0
74909.0
74911.0
74912.0
74913.0
74956.0
74957.0
74959.0
74968.0
74969.0
74970.0
74971.0
74972.0
74973.0
74974.0
74975.0
75016.0
75017.0
75028.0
75029.0
75030.0
75031.0
75032.0
75033.0
75034.0
75035.0
75036.0
75037.0
75076.0
75077.0
75078.0
75089.0
75091.0
75092.0
75094.0
75095.0
75136.0
75137.0
75140.0
75141.0
75149.0
75151.0
75152.0
75154.0
75155.0
75196.0
75197.0
75198.0
75199.0
75200.0
75201.0
75209.0
75211.0
75212.0
75256.0
75257.0
75258.0
75261.0
75268.0
75269.0
75270.0
75271.0
75272.0
75273.0
75274.0
75275.0
75276.0
75316.0
75317.0
75319.0
75329.0
75330.0
75332.0
75334.0
75376.0
75379.0
75381.0
75388.0
75389.0
75391.0
75392.0
75393.0
75394.0
75437.0
75439.0
75441.0
75449.0
75451.0
75454.0
75496.0
75497.0
75501.0
75508.0
75509.0
75510.0
75511.0
75512.0
75513.0
75556.0
75557.0
75558.0
75560.0
75569.0
75572.0
75616.0
75618.0
75620.0
75621.0
75628.0
75629.0
75630.0
75631.0
75634.0
75676.0
75677.0
75678.0
75689.0
75690.0
75692.0
75694.0
75736.0
75740.0
75748.0
75749.0
75750.0
75752.0
75797.0
75798.0
75800.0
75809.0
75810.0
75856.0
75858.0
75860.0
75868.0
75869.0
75872.0
75916.0
75918.0
75921.0
75929.0
75976.0
75977.0
75978.0
75980.0
75988.0
75989.0
75990.0
75992.0
76036.0
76037.0
76039.0
76049.0
76050.0
76051.0
76055.0
76096.0
76098.0
76101.0
76109.0
76110.0
76113.0
76158.0
76161.0
76169.0
76189.0
76198.0
76202.0
76205.0
76206.0
76207.0
76216.0
76219.0
76220.0
76221.0
76222.0
76229.0
76231.0
76232.0
76233.0
76234.0
76257.0
76259.0
76260.0
76264.0
76265.0
76289.0
76290.0
76291.0
76292.0
76294.0
76316.0
76318.0
76320.0
76322.0
76324.0
76325.0
76349.0
76350.0
76351.0
76352.0
76353.0
76355.0
76357.0
76369.0
76371.0
76372.0
76385.0
76397.0
76411.0
76412.0
76414.0
76415.0
76416.0
76427.0
76433.0
76434.0
76435.0
76437.0
76441.0
76442.0
76444.0
76446.0
76451.0
76471.0
76472.0
76498.0
76499.0
76500.0
76501.0
76502.0
76503.0
76505.0
76531.0
76532.0
76533.0
76534.0
76535.0
76536.0
76563.0
76564.0
76565.0
76568.0
76570.0
76571.0
76573.0
76574.0
76576.0
76578.0
76579.0
76591.0
76592.0
76593.0
76595.0
76596.0
76617.0
76618.0
76619.0
76621.0
76628.0
76631.0
76632.0
76651.0
76652.0
76654.0
76655.0
76656.0
76657.0
76667.0
76679.0
76681.0
76683.0
76685.0
76688.0
76690.0
76711.0
76712.0
76713.0
76714.0
76736.0
76740.0
76741.0
76742.0
76744.0
76746.0
76771.0
76772.0
76773.0
76774.0
76776.0
76790.0
76791.0
76792.0
76793.0
76831.0
76832.0
76833.0
76835.0
76836.0
76849.0
76851.0
76853.0
76854.0
76856.0
76857.0
76859.0
76861.0
76891.0
76893.0
76894.0
76896.0
76910.0
76912.0
76913.0
76914.0
76915.0
76917.0
76919.0
76920.0
76921.0
76922.0
76951.0
76952.0
76953.0
76954.0
76955.0
76973.0
76975.0
76978.0
76979.0
77011.0
77012.0
77035.0
77036.0
77037.0
77041.0
77071.0
77074.0
77075.0
77131.0
77132.0
77134.0
77191.0
77192.0
77193.0
77194.0
77195.0
77196.0
77251.0
77252.0
77254.0
77256.0
77311.0
77312.0
77313.0
77314.0
77371.0
77372.0
77376.0
77431.0
77433.0
77491.0
77492.0
77530.0
77533.0
77534.0
77536.0
77537.0
77539.0
77540.0
77541.0
77548.0
77549.0
77551.0
77552.0
77553.0
77554.0
77555.0
77556.0
77593.0
77594.0
77596.0
77598.0
77599.0
77609.0
77610.0
77611.0
77612.0
77613.0
77615.0
77616.0
77617.0
77653.0
77654.0
77656.0
77657.0
77658.0
77668.0
77669.0
77671.0
77672.0
77673.0
77674.0
77675.0
77676.0
77713.0
77714.0
77716.0
77717.0
77718.0
77719.0
77721.0
77729.0
77731.0
77732.0
77773.0
77774.0
77775.0
77776.0
77777.0
77778.0
77779.0
77781.0
77789.0
77791.0
77792.0
77793.0
77794.0
77795.0
77797.0
77831.0
77833.0
77834.0
77836.0
77838.0
77840.0
77849.0
77851.0
77852.0
77853.0
77855.0
77856.0
77893.0
77894.0
77896.0
77897.0
77898.0
77899.0
77900.0
77901.0
77909.0
77911.0
77912.0
77913.0
77915.0
77950.0
77953.0
77954.0
77956.0
77960.0
77969.0
77971.0
77972.0
77973.0
77974.0
77975.0
77976.0
78013.0
78014.0
78015.0
78016.0
78017.0
78018.0
78020.0
78021.0
78022.0
78029.0
78031.0
78032.0
78073.0
78074.0
78076.0
78077.0
78078.0
78079.0
78081.0
78089.0
78090.0
78091.0
78092.0
78094.0
78130.0
78132.0
78133.0
78134.0
78136.0
78142.0
78143.0
78149.0
78150.0
78151.0
78152.0
78153.0
78154.0
78155.0
78156.0
78157.0
78193.0
78194.0
78196.0
78197.0
78211.0
78212.0
78213.0
78214.0
78253.0
78254.0
78256.0
78257.0
78258.0
78259.0
78260.0
78269.0
78271.0
78272.0
78273.0
78274.0
78276.0
78313.0
78314.0
78315.0
78317.0
78318.0
78320.0
78329.0
78330.0
78331.0
78332.0
78333.0
78334.0
78335.0
78336.0
78349.0
78370.0
78373.0
78374.0
78376.0
78377.0
78378.0
78380.0
78381.0
78382.0
78389.0
78390.0
78391.0
78393.0
78394.0
78395.0
78396.0
78418.0
78423.0
78432.0
78433.0
78434.0
78436.0
78437.0
78438.0
78439.0
78440.0
78449.0
78451.0
78452.0
78453.0
78454.0
78455.0
78456.0
78457.0
78493.0
78494.0
78496.0
78500.0
78501.0
78509.0
78510.0
78511.0
78512.0
78513.0
78514.0
78516.0
78553.0
78554.0
78555.0
78556.0
78557.0
78570.0
78571.0
78572.0
78574.0
78575.0
78576.0
78578.0
78614.0
78616.0
78617.0
78619.0
78621.0
78629.0
78631.0
78632.0
78633.0
78635.0
78636.0
78637.0
78674.0
78675.0
78677.0
78679.0
78689.0
78691.0
78692.0
78693.0
78695.0
78736.0
78737.0
78749.0
78751.0
78752.0
78753.0
78754.0
78755.0
78756.0
78757.0
78796.0
78797.0
78800.0
78809.0
78811.0
78812.0
78813.0
78814.0
78815.0
78817.0
78856.0
78860.0
78869.0
78871.0
78872.0
78873.0
78875.0
78916.0
78918.0
78920.0
78921.0
78929.0
78931.0
78932.0
78933.0
78964.0
78976.0
78977.0
78979.0
78980.0
78981.0
78989.0
78991.0
78992.0
78993.0
78996.0
79036.0
79037.0
79038.0
79039.0
79042.0
79049.0
79051.0
79052.0
79055.0
79057.0
79058.0
79096.0
79097.0
79099.0
79109.0
79110.0
79111.0
79112.0
79113.0
79114.0
79115.0
79156.0
79158.0
79160.0
79171.0
79172.0
79174.0
79216.0
79217.0
79218.0
79219.0
79221.0
79222.0
79229.0
79230.0
79231.0
79232.0
79233.0
79234.0
79235.0
79276.0
79277.0
79279.0
79289.0
79291.0
79292.0
79293.0
79336.0
79337.0
79349.0
79350.0
79351.0
79352.0
79353.0
79354.0
79355.0
79396.0
79397.0
79398.0
79399.0
79400.0
79401.0
79409.0
79410.0
79457.0
79458.0
79469.0
79470.0
79516.0
79529.0
79530.0
79533.0
79576.0
79577.0
79580.0
79589.0
79591.0
79595.0
79637.0
79640.0
79649.0
79651.0
79652.0
79696.0
79697.0
79698.0
79709.0
79710.0
79712.0
79756.0
79757.0
79769.0
79816.0
79817.0
79818.0
79819.0
79822.0
79829.0
79831.0
79864.0
79877.0
79878.0
79879.0
79880.0
79881.0
79882.0
79889.0
79890.0
79892.0
79893.0
79936.0
79937.0
79949.0
79952.0
79953.0
79954.0
79996.0
79997.0
80009.0
80010.0
80011.0
80056.0
80057.0
80059.0
80060.0
80061.0
80069.0
80116.0
80117.0
80118.0
80119.0
80121.0
80130.0
80134.0
80176.0
80180.0
80189.0
80191.0
80194.0
80236.0
80237.0
80238.0
80249.0
80250.0
80251.0
80252.0
80254.0
80255.0
80271.0
80272.0
80275.0
80276.0
80279.0
80281.0
80284.0
80295.0
80296.0
80297.0
80298.0
80309.0
80310.0
80334.0
80335.0
80336.0
80337.0
80342.0
80357.0
80358.0
80359.0
80371.0
80372.0
80394.0
80396.0
80399.0
80401.0
80404.0
80409.0
80429.0
80430.0
80431.0
80432.0
80433.0
80435.0
80453.0
80455.0
80457.0
80459.0
80460.0
80463.0
80464.0
80489.0
80490.0
80492.0
80493.0
80494.0
80496.0
80497.0
80515.0
80516.0
80517.0
80525.0
80527.0
80531.0
80551.0
80552.0
80554.0
80556.0
80557.0
80574.0
80575.0
80576.0
80577.0
80578.0
80579.0
80583.0
80585.0
80611.0
80612.0
80614.0
80634.0
80637.0
80638.0
80671.0
80672.0
80695.0
80697.0
80702.0
80703.0
80704.0
80708.0
80709.0
80711.0
80731.0
80732.0
80735.0
80752.0
80753.0
80754.0
80755.0
80766.0
80773.0
80791.0
80792.0
80793.0
80795.0
80812.0
80814.0
80815.0
80817.0
80819.0
80851.0
80852.0
80853.0
80854.0
80855.0
80856.0
80857.0
80880.0
80888.0
80911.0
80912.0
80914.0
80917.0
80918.0
80935.0
80936.0
80937.0
80939.0
80971.0
80972.0
80994.0
81008.0
81009.0
81031.0
81032.0
81033.0
81035.0
81055.0
81056.0
81058.0
81059.0
81064.0
81092.0
81093.0
81094.0
81096.0
81114.0
81115.0
81119.0
81121.0
81122.0
81123.0
81127.0
81128.0
81130.0
81151.0
81152.0
81153.0
81154.0
81156.0
81163.0
81175.0
81177.0
81178.0
81183.0
81200.0
81211.0
81212.0
81213.0
81214.0
81215.0
81217.0
81234.0
81271.0
81272.0
81274.0
81275.0
81276.0
81331.0
81333.0
81334.0
81335.0
81336.0
81337.0
81391.0
81392.0
81394.0
81452.0
81454.0
81511.0
81512.0
81513.0
81515.0
81516.0
81572.0
81573.0
81622.0
81629.0
81631.0
81632.0
81633.0
81634.0
81635.0
81636.0
81637.0
81673.0
81674.0
81676.0
81677.0
81678.0
81679.0
81681.0
81689.0
81691.0
81692.0
81693.0
81694.0
81695.0
81733.0
81734.0
81736.0
81737.0
81738.0
81749.0
81751.0
81752.0
81753.0
81754.0
81793.0
81794.0
81796.0
81797.0
81798.0
81809.0
81810.0
81811.0
81812.0
81813.0
81814.0
81815.0
81817.0
81853.0
81854.0
81855.0
81856.0
81858.0
81859.0
81870.0
81871.0
81872.0
81874.0
81875.0
81914.0
81915.0
81916.0
81917.0
81918.0
81919.0
81920.0
81921.0
81930.0
81931.0
81932.0
81933.0
81935.0
81937.0
81950.0
81954.0
81974.0
81975.0
81976.0
81977.0
81978.0
81989.0
81990.0
81991.0
81992.0
81993.0
81994.0
81995.0
81996.0
81997.0
82020.0
82033.0
82034.0
82035.0
82036.0
82037.0
82039.0
82040.0
82049.0
82050.0
82052.0
82053.0
82054.0
82055.0
82056.0
82057.0
82094.0
82095.0
82097.0
82099.0
82100.0
82109.0
82110.0
82111.0
82112.0
82113.0
82114.0
82115.0
82153.0
82155.0
82156.0
82157.0
82159.0
82160.0
82161.0
82169.0
82170.0
82171.0
82172.0
82173.0
82213.0
82215.0
82216.0
82217.0
82218.0
82229.0
82231.0
82232.0
82233.0
82234.0
82235.0
82272.0
82273.0
82274.0
82275.0
82276.0
82289.0
82290.0
82291.0
82292.0
82294.0
82295.0
82296.0
82297.0
82331.0
82333.0
82334.0
82335.0
82336.0
82337.0
82349.0
82350.0
82352.0
82353.0
82354.0
82355.0
82356.0
82357.0
82392.0
82393.0
82394.0
82395.0
82396.0
82397.0
82398.0
82409.0
82411.0
82412.0
82413.0
82414.0
82415.0
82453.0
82454.0
82455.0
82456.0
82457.0
82458.0
82460.0
82462.0
82469.0
82470.0
82472.0
82473.0
82475.0
82511.0
82514.0
82515.0
82516.0
82517.0
82518.0
82519.0
82529.0
82530.0
82531.0
82532.0
82535.0
82536.0
82573.0
82574.0
82575.0
82577.0
82589.0
82590.0
82591.0
82592.0
82593.0
82594.0
82595.0
82596.0
82597.0
82634.0
82635.0
82636.0
82637.0
82638.0
82639.0
82640.0
82641.0
82642.0
82649.0
82651.0
82652.0
82653.0
82654.0
82655.0
82691.0
82695.0
82696.0
82697.0
82699.0
82700.0
82702.0
82703.0
82710.0
82711.0
82712.0
82755.0
82756.0
82758.0
82760.0
82769.0
82771.0
82772.0
82773.0
82776.0
82815.0
82816.0
82820.0
82829.0
82830.0
82831.0
82832.0
82834.0
82835.0
82836.0
82876.0
82878.0
82880.0
82881.0
82882.0
82889.0
82892.0
82893.0
82894.0
82896.0
82936.0
82937.0
82938.0
82949.0
82951.0
82952.0
82953.0
82958.0
82996.0
82997.0
83000.0
83001.0
83002.0
83009.0
83011.0
83012.0
83014.0
83056.0
83057.0
83069.0
83071.0
83072.0
83073.0
83074.0
83077.0
83078.0
83116.0
83117.0
83129.0
83131.0
83132.0
83133.0
83135.0
83136.0
83137.0
83139.0
83176.0
83189.0
83190.0
83191.0
83192.0
83194.0
83196.0
83236.0
83240.0
83250.0
83251.0
83252.0
83253.0
83254.0
83256.0
83296.0
83297.0
83298.0
83309.0
83310.0
83311.0
83312.0
83313.0
83314.0
83316.0
83357.0
83358.0
83359.0
83360.0
83361.0
83362.0
83363.0
83369.0
83371.0
83372.0
83373.0
83416.0
83417.0
83419.0
83429.0
83430.0
83432.0
83433.0
83435.0
83437.0
83464.0
83477.0
83480.0
83481.0
83489.0
83490.0
83491.0
83492.0
83536.0
83537.0
83538.0
83549.0
83552.0
83596.0
83597.0
83601.0
83609.0
83610.0
83611.0
83612.0
83614.0
83615.0
83656.0
83658.0
83659.0
83660.0
83669.0
83670.0
83671.0
83718.0
83719.0
83722.0
83729.0
83731.0
83733.0
83735.0
83776.0
83777.0
83780.0
83789.0
83790.0
83791.0
83793.0
83794.0
83836.0
83838.0
83839.0
83841.0
83849.0
83850.0
83851.0
83897.0
83898.0
83899.0
83900.0
83901.0
83902.0
83909.0
83910.0
83913.0
83956.0
83957.0
83969.0
83972.0
84017.0
84022.0
84029.0
84030.0
84032.0
84035.0
84076.0
84077.0
84078.0
84089.0
84136.0
84139.0
84149.0
84150.0
84152.0
84155.0
84196.0
84197.0
84209.0
84210.0
84257.0
84260.0
84262.0
84269.0
84272.0
84295.0
84316.0
84317.0
84318.0
84321.0
84329.0
84330.0
84364.0
84376.0
84377.0
84389.0
84390.0
84391.0
84393.0
84394.0
84415.0
84416.0
84420.0
84422.0
84424.0
84425.0
84436.0
84437.0
84438.0
84440.0
84449.0
84451.0
84452.0
84453.0
84454.0
84456.0
84470.0
84476.0
84477.0
84483.0
84497.0
84509.0
84510.0
84511.0
84512.0
84516.0
84536.0
84540.0
84544.0
84555.0
84569.0
84570.0
84572.0
84573.0
84574.0
84575.0
84596.0
84602.0
84631.0
84632.0
84634.0
84656.0
84658.0
84659.0
84660.0
84662.0
84666.0
84667.0
84668.0
84691.0
84692.0
84693.0
84694.0
84696.0
84697.0
84715.0
84716.0
84717.0
84719.0
84723.0
84730.0
84751.0
84752.0
84753.0
84754.0
84755.0
84757.0
84764.0
84776.0
84777.0
84780.0
84784.0
84786.0
84788.0
84800.0
84812.0
84816.0
84836.0
84837.0
84838.0
84840.0
84871.0
84872.0
84873.0
84874.0
84875.0
84877.0
84895.0
84896.0
84898.0
84901.0
84902.0
84906.0
84914.0
84932.0
84933.0
84934.0
84935.0
84936.0
84937.0
84956.0
84957.0
84958.0
84959.0
84960.0
84962.0
84964.0
84966.0
84992.0
84995.0
85016.0
85019.0
85020.0
85024.0
85026.0
85052.0
85053.0
85055.0
85056.0
85057.0
85077.0
85080.0
85081.0
85084.0
85112.0
85115.0
85116.0
85135.0
85137.0
85138.0
85139.0
85141.0
85172.0
85173.0
85174.0
85175.0
85190.0
85196.0
85197.0
85200.0
85202.0
85207.0
85231.0
85232.0
85233.0
85234.0
85236.0
85237.0
85238.0
85254.0
85258.0
85260.0
85292.0
85293.0
85294.0
85296.0
85313.0
85352.0
85353.0
85412.0
85413.0
85414.0
85417.0
85471.0
85472.0
85473.0
85532.0
85533.0
85534.0
85537.0
85591.0
85592.0
85596.0
85597.0
85652.0
85656.0
85700.0
85711.0
85712.0
85713.0
85714.0
85715.0
85716.0
85717.0
85753.0
85754.0
85755.0
85756.0
85757.0
85758.0
85760.0
85761.0
85769.0
85771.0
85772.0
85774.0
85775.0
85776.0
85811.0
85813.0
85814.0
85815.0
85817.0
85818.0
85820.0
85821.0
85829.0
85832.0
85836.0
85873.0
85874.0
85875.0
85876.0
85877.0
85878.0
85879.0
85881.0
85889.0
85890.0
85891.0
85892.0
85893.0
85894.0
85896.0
85933.0
85934.0
85935.0
85937.0
85938.0
85940.0
85949.0
85951.0
85952.0
85953.0
85954.0
85955.0
85957.0
85991.0
85993.0
85994.0
85996.0
85998.0
86009.0
86011.0
86012.0
86013.0
86017.0
86018.0
86053.0
86054.0
86056.0
86057.0
86058.0
86059.0
86060.0
86069.0
86070.0
86072.0
86075.0
86077.0
86078.0
86079.0
86113.0
86114.0
86115.0
86118.0
86120.0
86129.0
86131.0
86132.0
86133.0
86136.0
86164.0
86172.0
86173.0
86174.0
86175.0
86177.0
86178.0
86179.0
86189.0
86192.0
86193.0
86194.0
86195.0
86196.0
86233.0
86234.0
86235.0
86237.0
86238.0
86249.0
86250.0
86251.0
86252.0
86253.0
86254.0
86255.0
86256.0
86257.0
86291.0
86292.0
86294.0
86295.0
86296.0
86297.0
86298.0
86302.0
86309.0
86310.0
86312.0
86313.0
86315.0
86353.0
86354.0
86355.0
86356.0
86357.0
86369.0
86372.0
86374.0
86375.0
86413.0
86414.0
86417.0
86419.0
86420.0
86421.0
86432.0
86433.0
86434.0
86470.0
86473.0
86474.0
86476.0
86477.0
86478.0
86480.0
86481.0
86489.0
86490.0
86492.0
86493.0
86494.0
86519.0
86523.0
86533.0
86534.0
86536.0
86537.0
86538.0
86539.0
86540.0
86541.0
86549.0
86550.0
86551.0
86552.0
86553.0
86554.0
86555.0
86557.0
86590.0
86593.0
86594.0
86596.0
86598.0
86599.0
86600.0
86610.0
86612.0
86613.0
86617.0
86653.0
86654.0
86655.0
86656.0
86659.0
86669.0
86672.0
86673.0
86674.0
86713.0
86714.0
86715.0
86716.0
86717.0
86718.0
86719.0
86721.0
86729.0
86732.0
86733.0
86734.0
86735.0
86736.0
86738.0
86773.0
86774.0
86775.0
86776.0
86778.0
86779.0
86788.0
86789.0
86792.0
86794.0
86795.0
86834.0
86836.0
86848.0
86849.0
86850.0
86851.0
86852.0
86853.0
86854.0
86855.0
86856.0
86893.0
86894.0
86896.0
86897.0
86898.0
86899.0
86909.0
86910.0
86912.0
86914.0
86915.0
86916.0
86955.0
86956.0
86957.0
86959.0
86960.0
86969.0
86972.0
86973.0
86975.0
86977.0
87015.0
87016.0
87020.0
87028.0
87029.0
87031.0
87032.0
87033.0
87064.0
87076.0
87077.0
87080.0
87088.0
87089.0
87090.0
87091.0
87092.0
87135.0
87136.0
87138.0
87139.0
87140.0
87149.0
87151.0
87152.0
87153.0
87154.0
87155.0
87157.0
87199.0
87208.0
87210.0
87211.0
87212.0
87216.0
87256.0
87268.0
87269.0
87271.0
87272.0
87273.0
87274.0
87328.0
87329.0
87330.0
87331.0
87333.0
87334.0
87335.0
87336.0
87337.0
87376.0
87379.0
87389.0
87391.0
87392.0
87394.0
87397.0
87435.0
87436.0
87437.0
87451.0
87452.0
87454.0
87496.0
87497.0
87498.0
87499.0
87500.0
87509.0
87510.0
87511.0
87512.0
87513.0
87516.0
87555.0
87556.0
87558.0
87560.0
87561.0
87563.0
87569.0
87571.0
87572.0
87573.0
87616.0
87617.0
87619.0
87631.0
87633.0
87676.0
87678.0
87688.0
87689.0
87690.0
87691.0
87692.0
87693.0
87694.0
87736.0
87737.0
87738.0
87740.0
87742.0
87749.0
87752.0
87798.0
87799.0
87801.0
87808.0
87809.0
87811.0
87855.0
87856.0
87869.0
87873.0
87895.0
87916.0
87917.0
87919.0
87929.0
87930.0
87931.0
87964.0
87976.0
87988.0
87989.0
88028.0
88036.0
88037.0
88039.0
88040.0
88048.0
88049.0
88050.0
88052.0
88053.0
88054.0
88096.0
88097.0
88100.0
88108.0
88109.0
88155.0
88156.0
88157.0
88158.0
88161.0
88169.0
88172.0
88215.0
88216.0
88218.0
88219.0
88221.0
88228.0
88231.0
88233.0
88276.0
88277.0
88278.0
88280.0
88281.0
88288.0
88289.0
88293.0
88294.0
88295.0
88336.0
88339.0
88341.0
88349.0
88350.0
88353.0
88395.0
88396.0
88398.0
88400.0
88401.0
88411.0
88412.0
88456.0
88457.0
88468.0
88469.0
88470.0
88471.0
88473.0
88474.0
88498.0
88499.0
88501.0
88503.0
88504.0
88506.0
88508.0
88516.0
88519.0
88520.0
88521.0
88529.0
88530.0
88531.0
88532.0
88534.0
88535.0
88537.0
88547.0
88551.0
88567.0
88588.0
88589.0
88591.0
88592.0
88593.0
88594.0
88595.0
88596.0
88597.0
88610.0
88649.0
88650.0
88651.0
88652.0
88653.0
88654.0
88655.0
88656.0
88670.0
88683.0
88686.0
88687.0
88690.0
88711.0
88713.0
88715.0
88716.0
88737.0
88740.0
88741.0
88771.0
88772.0
88775.0
88776.0
88777.0
88788.0
88789.0
88790.0
88791.0
88792.0
88793.0
88796.0
88798.0
88831.0
88832.0
88837.0
88852.0
88853.0
88856.0
88858.0
88861.0
88862.0
88863.0
88864.0
88891.0
88892.0
88911.0
88916.0
88921.0
88927.0
88928.0
88951.0
88952.0
88953.0
88954.0
88955.0
88957.0
88975.0
88976.0
88986.0
89011.0
89015.0
89034.0
89035.0
89038.0
89041.0
89047.0
89048.0
89071.0
89072.0
89093.0
89095.0
89097.0
89099.0
89103.0
89109.0
89128.0
89154.0
89156.0
89157.0
89187.0
89188.0
89189.0
89190.0
89192.0
89193.0
89214.0
89215.0
89216.0
89217.0
89218.0
89221.0
89226.0
89230.0
89235.0
89247.0
89248.0
89250.0
89251.0
89252.0
89253.0
89263.0
89273.0
89275.0
89300.0
89307.0
89308.0
89309.0
89311.0
89312.0
89314.0
89335.0
89340.0
89347.0
89348.0
89368.0
89369.0
89370.0
89371.0
89373.0
89374.0
89428.0
89429.0
89430.0
89432.0
89434.0
89488.0
89489.0
89490.0
89548.0
89549.0
89550.0
89553.0
89556.0
89608.0
89609.0
89610.0
89611.0
89612.0
89668.0
89669.0
89672.0
89728.0
89729.0
89788.0
89789.0
89790.0
89792.0
89832.0
89833.0
89834.0
89835.0
89836.0
89838.0
89845.0
89846.0
89848.0
89849.0
89850.0
89851.0
89853.0
89854.0
89892.0
89893.0
89894.0
89897.0
89906.0
89908.0
89909.0
89910.0
89911.0
89913.0
89948.0
89949.0
89950.0
89952.0
89953.0
89954.0
89956.0
89958.0
89966.0
89967.0
89968.0
89969.0
89970.0
89971.0
90008.0
90009.0
90013.0
90014.0
90015.0
90016.0
90026.0
90028.0
90029.0
90030.0
90031.0
90032.0
90033.0
90034.0
90035.0
90036.0
90068.0
90069.0
90073.0
90074.0
90075.0
90076.0
90078.0
90080.0
90086.0
90087.0
90088.0
90089.0
90090.0
90091.0
90092.0
90093.0
90119.0
90123.0
90128.0
90129.0
90133.0
90134.0
90136.0
90138.0
90146.0
90147.0
90148.0
90149.0
90150.0
90151.0
90189.0
90190.0
90193.0
90194.0
90195.0
90196.0
90199.0
90200.0
90206.0
90208.0
90209.0
90210.0
90211.0
90212.0
90213.0
90214.0
90248.0
90249.0
90253.0
90254.0
90256.0
90266.0
90267.0
90268.0
90269.0
90270.0
90273.0
90274.0
90308.0
90309.0
90313.0
90314.0
90316.0
90325.0
90326.0
90327.0
90328.0
90329.0
90330.0
90331.0
90368.0
90369.0
90373.0
90374.0
90375.0
90376.0
90377.0
90378.0
90385.0
90386.0
90388.0
90389.0
90390.0
90394.0
90428.0
90429.0
90433.0
90434.0
90437.0
90438.0
90446.0
90447.0
90448.0
90449.0
90450.0
90453.0
90454.0
90488.0
90489.0
90490.0
90491.0
90493.0
90494.0
90505.0
90506.0
90507.0
90508.0
90509.0
90510.0
90511.0
90512.0
90513.0
90514.0
90516.0
90548.0
90549.0
90552.0
90553.0
90554.0
90555.0
90557.0
90569.0
90570.0
90571.0
90572.0
90573.0
90574.0
90607.0
90609.0
90613.0
90615.0
90626.0
90628.0
90629.0
90631.0
90632.0
90634.0
90665.0
90668.0
90669.0
90672.0
90673.0
90674.0
90678.0
90686.0
90688.0
90689.0
90690.0
90691.0
90692.0
90693.0
90727.0
90728.0
90729.0
90733.0
90734.0
90736.0
90737.0
90740.0
90746.0
90747.0
90748.0
90749.0
90750.0
90751.0
90788.0
90789.0
90791.0
90793.0
90794.0
90795.0
90796.0
90797.0
90798.0
90806.0
90807.0
90808.0
90809.0
90810.0
90811.0
90812.0
90813.0
90814.0
90848.0
90849.0
90851.0
90853.0
90854.0
90855.0
90857.0
90858.0
90866.0
90868.0
90869.0
90870.0
90871.0
90872.0
90873.0
90877.0
90910.0
90913.0
90914.0
90917.0
90918.0
90926.0
90928.0
90929.0
90930.0
90970.0
90971.0
90973.0
90974.0
90977.0
90979.0
90986.0
90988.0
90989.0
90990.0
91033.0
91035.0
91038.0
91046.0
91047.0
91048.0
91049.0
91050.0
91051.0
91052.0
91093.0
91100.0
91106.0
91107.0
91108.0
91109.0
91110.0
91111.0
91112.0
91113.0
91154.0
91155.0
91166.0
91167.0
91168.0
91169.0
91170.0
91172.0
91173.0
91213.0
91214.0
91216.0
91217.0
91218.0
91219.0
91225.0
91226.0
91228.0
91229.0
91230.0
91232.0
91234.0
91273.0
91274.0
91275.0
91276.0
91277.0
91278.0
91286.0
91287.0
91288.0
91289.0
91290.0
91291.0
91292.0
91293.0
91333.0
91336.0
91346.0
91348.0
91349.0
91350.0
91351.0
91352.0
91353.0
91393.0
91394.0
91395.0
91396.0
91397.0
91406.0
91408.0
91409.0
91410.0
91412.0
91413.0
91453.0
91454.0
91455.0
91456.0
91466.0
91468.0
91469.0
91470.0
91471.0
91472.0
91473.0
91513.0
91514.0
91516.0
91526.0
91527.0
91528.0
91529.0
91564.0
91573.0
91574.0
91575.0
91576.0
91578.0
91586.0
91588.0
91589.0
91590.0
91591.0
91627.0
91633.0
91635.0
91638.0
91646.0
91648.0
91649.0
91650.0
91652.0
91653.0
91654.0
91655.0
91693.0
91697.0
91706.0
91707.0
91711.0
91753.0
91754.0
91761.0
91762.0
91766.0
91767.0
91768.0
91771.0
91813.0
91815.0
91816.0
91818.0
91826.0
91873.0
91875.0
91888.0
91892.0
91894.0
91933.0
91935.0
91945.0
91946.0
91947.0
91949.0
91995.0
91996.0
91998.0
92011.0
92053.0
92055.0
92056.0
92057.0
92066.0
92068.0
92070.0
92113.0
92114.0
92115.0
92116.0
92118.0
92126.0
92127.0
92129.0
92130.0
92173.0
92175.0
92176.0
92178.0
92186.0
92187.0
92233.0
92234.0
92246.0
92248.0
92249.0
92251.0
92293.0
92294.0
92306.0
92308.0
92310.0
92311.0
92353.0
92356.0
92357.0
92366.0
92369.0
92370.0
92413.0
92415.0
92416.0
92418.0
92426.0
92473.0
92474.0
92477.0
92478.0
92479.0
92486.0
92487.0
92489.0
92533.0
92534.0
92535.0
92536.0
92546.0
92547.0
92548.0
92552.0
92572.0
92574.0
92576.0
92578.0
92584.0
92593.0
92594.0
92595.0
92596.0
92597.0
92606.0
92608.0
92609.0
92623.0
92631.0
92632.0
92633.0
92634.0
92635.0
92654.0
92666.0
92668.0
92669.0
92670.0
92673.0
92695.0
92697.0
92698.0
92699.0
92702.0
92703.0
92726.0
92728.0
92729.0
92730.0
92753.0
92755.0
92757.0
92759.0
92761.0
92763.0
92786.0
92788.0
92789.0
92791.0
92792.0
92793.0
92821.0
92823.0
92825.0
92828.0
92831.0
92832.0
92834.0
92835.0
92848.0
92849.0
92851.0
92852.0
92853.0
92854.0
92868.0
92875.0
92876.0
92878.0
92879.0
92880.0
92881.0
92882.0
92884.0
92900.0
92908.0
92909.0
92910.0
92912.0
92914.0
92930.0
92934.0
92935.0
92942.0
92943.0
92968.0
92969.0
92970.0
92971.0
92972.0
92973.0
92987.0
92990.0
92992.0
93028.0
93029.0
93030.0
93032.0
93033.0
93049.0
93061.0
93063.0
93075.0
93076.0
93088.0
93089.0
93090.0
93091.0
93092.0
93093.0
93094.0
93115.0
93117.0
93119.0
93120.0
93121.0
93123.0
93126.0
93148.0
93149.0
93150.0
93151.0
93152.0
93165.0
93167.0
93172.0
93173.0
93208.0
93209.0
93211.0
93212.0
93213.0
93234.0
93236.0
93239.0
93240.0
93242.0
93268.0
93269.0
93270.0
93271.0
93272.0
93273.0
93274.0
93275.0
93292.0
93293.0
93295.0
93297.0
93299.0
93300.0
93301.0
93328.0
93329.0
93351.0
93352.0
93354.0
93357.0
93359.0
93389.0
93390.0
93393.0
93394.0
93395.0
93412.0
93415.0
93418.0
93420.0
93421.0
93422.0
93423.0
93448.0
93449.0
93452.0
93453.0
93454.0
93473.0
93474.0
93475.0
93476.0
93477.0
93478.0
93481.0
93508.0
93509.0
93510.0
93512.0
93513.0
93568.0
93569.0
93571.0
93572.0
93573.0
93628.0
93629.0
93631.0
93632.0
93633.0
93688.0
93689.0
93690.0
93691.0
93692.0
93693.0
93748.0
93749.0
93750.0
93751.0
93753.0
93754.0
93800.0
93808.0
93809.0
93810.0
93811.0
93812.0
93868.0
93869.0
93870.0
93871.0
93872.0
93873.0
93908.0
93909.0
93910.0
93913.0
93915.0
93916.0
93917.0
93918.0
93926.0
93927.0
93928.0
93929.0
93930.0
93931.0
93968.0
93970.0
93971.0
93973.0
93974.0
93975.0
93977.0
93987.0
93988.0
93989.0
93990.0
93991.0
93992.0
93993.0
94028.0
94029.0
94030.0
94033.0
94034.0
94035.0
94038.0
94046.0
94047.0
94048.0
94049.0
94051.0
94052.0
94054.0
94055.0
94089.0
94090.0
94093.0
94094.0
94095.0
94106.0
94107.0
94108.0
94109.0
94110.0
94113.0
94114.0
94116.0
94148.0
94150.0
94152.0
94153.0
94158.0
94166.0
94167.0
94168.0
94169.0
94170.0
94171.0
94172.0
94173.0
94208.0
94210.0
94213.0
94214.0
94215.0
94217.0
94218.0
94226.0
94228.0
94229.0
94230.0
94233.0
94265.0
94269.0
94270.0
94273.0
94274.0
94275.0
94276.0
94277.0
94278.0
94286.0
94287.0
94288.0
94289.0
94290.0
94292.0
94293.0
94294.0
94328.0
94329.0
94330.0
94332.0
94333.0
94335.0
94346.0
94348.0
94349.0
94350.0
94351.0
94354.0
94388.0
94389.0
94390.0
94393.0
94394.0
94395.0
94397.0
94406.0
94408.0
94409.0
94410.0
94412.0
94413.0
94449.0
94450.0
94451.0
94453.0
94455.0
94457.0
94464.0
94465.0
94466.0
94469.0
94470.0
94471.0
94472.0
94473.0
94474.0
94509.0
94510.0
94511.0
94512.0
94513.0
94515.0
94517.0
94526.0
94528.0
94529.0
94530.0
94531.0
94569.0
94570.0
94573.0
94575.0
94576.0
94577.0
94578.0
94579.0
94586.0
94587.0
94588.0
94589.0
94591.0
94592.0
94593.0
94619.0
94623.0
94628.0
94629.0
94632.0
94633.0
94634.0
94635.0
94636.0
94637.0
94639.0
94645.0
94646.0
94648.0
94649.0
94650.0
94651.0
94652.0
94653.0
94688.0
94689.0
94693.0
94694.0
94695.0
94696.0
94697.0
94698.0
94699.0
94700.0
94706.0
94707.0
94708.0
94709.0
94710.0
94712.0
94713.0
94748.0
94749.0
94752.0
94753.0
94754.0
94756.0
94757.0
94758.0
94759.0
94763.0
94766.0
94767.0
94768.0
94771.0
94808.0
94809.0
94813.0
94814.0
94815.0
94816.0
94817.0
94818.0
94826.0
94828.0
94829.0
94830.0
94831.0
94832.0
94833.0
94868.0
94871.0
94872.0
94873.0
94874.0
94875.0
94876.0
94877.0
94878.0
94885.0
94886.0
94887.0
94888.0
94889.0
94890.0
94891.0
94893.0
94928.0
94929.0
94932.0
94933.0
94934.0
94938.0
94946.0
94947.0
94948.0
94949.0
94950.0
94951.0
94952.0
94991.0
94993.0
94995.0
94996.0
95006.0
95007.0
95008.0
95009.0
95010.0
95011.0
95012.0
95014.0
95049.0
95053.0
95054.0
95055.0
95056.0
95057.0
95059.0
95065.0
95066.0
95068.0
95069.0
95072.0
95074.0
95095.0
95115.0
95116.0
95118.0
95126.0
95128.0
95129.0
95131.0
95132.0
95133.0
95134.0
95173.0
95174.0
95175.0
95177.0
95186.0
95188.0
95189.0
95190.0
95191.0
95193.0
95194.0
95228.0
95233.0
95235.0
95236.0
95245.0
95246.0
95248.0
95249.0
95250.0
95252.0
95253.0
95254.0
95292.0
95293.0
95297.0
95306.0
95308.0
95309.0
95310.0
95311.0
95312.0
95313.0
95353.0
95356.0
95366.0
95367.0
95368.0
95369.0
95370.0
95371.0
95413.0
95414.0
95416.0
95426.0
95428.0
95429.0
95430.0
95432.0
95473.0
95486.0
95488.0
95489.0
95490.0
95491.0
95492.0
95493.0
95531.0
95533.0
95545.0
95546.0
95547.0
95548.0
95549.0
95550.0
95552.0
95553.0
95554.0
95593.0
95594.0
95600.0
95606.0
95607.0
95608.0
95609.0
95611.0
95612.0
95653.0
95655.0
95666.0
95668.0
95669.0
95670.0
95671.0
95672.0
95673.0
95713.0
95714.0
95715.0
95717.0
95718.0
95719.0
95725.0
95726.0
95728.0
95729.0
95730.0
95773.0
95777.0
95786.0
95788.0
95833.0
95848.0
95849.0
95851.0
95894.0
95906.0
95911.0
95953.0
95954.0
95957.0
95965.0
95966.0
95968.0
95969.0
96013.0
96014.0
96017.0
96026.0
96028.0
96030.0
96065.0
96073.0
96077.0
96078.0
96086.0
96087.0
96089.0
96133.0
96134.0
96145.0
96146.0
96147.0
96193.0
96196.0
96197.0
96198.0
96206.0
96207.0
96208.0
96211.0
96257.0
96265.0
96315.0
96316.0
96317.0
96318.0
96319.0
96326.0
96374.0
96375.0
96377.0
96379.0
96387.0
96388.0
96389.0
96390.0
96433.0
96446.0
96447.0
96448.0
96449.0
96450.0
96493.0
96495.0
96497.0
96498.0
96506.0
96507.0
96509.0
96510.0
96552.0
96566.0
96613.0
96614.0
96615.0
96616.0
96617.0
96618.0
96626.0
96627.0
96629.0
96652.0
96653.0
96660.0
96672.0
96674.0
96677.0
96678.0
96684.0
96685.0
96707.0
96711.0
96713.0
96717.0
96721.0
96722.0
96723.0
96726.0
96732.0
96733.0
96734.0
96737.0
96745.0
96746.0
96748.0
96749.0
96750.0
96751.0
96773.0
96779.0
96805.0
96806.0
96807.0
96808.0
96809.0
96810.0
96811.0
96814.0
96831.0
96834.0
96865.0
96867.0
96868.0
96869.0
96870.0
96891.0
96893.0
96894.0
96896.0
96897.0
96899.0
96928.0
96929.0
96931.0
96950.0
96956.0
96957.0
96968.0
96984.0
96987.0
96988.0
97008.0
97012.0
97013.0
97015.0
97018.0
97020.0
97035.0
97047.0
97048.0
97049.0
97050.0
97051.0
97053.0
97071.0
97078.0
97079.0
97082.0
97083.0
97084.0
97107.0
97108.0
97109.0
97110.0
97112.0
97132.0
97133.0
97134.0
97152.0
97168.0
97169.0
97203.0
97204.0
97227.0
97228.0
97229.0
97231.0
97233.0
97249.0
97253.0
97257.0
97258.0
97262.0
97264.0
97288.0
97289.0
97290.0
97291.0
97292.0
97293.0
97312.0
97314.0
97320.0
97347.0
97348.0
97350.0
97352.0
97353.0
97354.0
97364.0
97373.0
97376.0
97378.0
97382.0
97383.0
97384.0
97400.0
97407.0
97408.0
97411.0
97412.0
97413.0
97431.0
97432.0
97434.0
97467.0
97468.0
97470.0
97492.0
97493.0
97503.0
97517.0
97527.0
97528.0
97532.0
97553.0
97555.0
97558.0
97561.0
97573.0
97586.0
97587.0
97588.0
97612.0
97648.0
97651.0
97652.0
97654.0
97707.0
97708.0
97709.0
97710.0
97711.0
97713.0
97714.0
97767.0
97768.0
97769.0
97770.0
97771.0
97772.0
97827.0
97829.0
97831.0
97833.0
97874.0
97878.0
97879.0
97938.0
97939.0
97940.0
97941.0
97943.0
97944.0
97998.0
97999.0
98043.0
98048.0
98049.0
98053.0
98055.0
98056.0
98058.0
98059.0
98060.0
98061.0
98062.0
98103.0
98104.0
98105.0
98106.0
98108.0
98109.0
98113.0
98114.0
98116.0
98117.0
98118.0
98119.0
98120.0
98123.0
98163.0
98164.0
98167.0
98168.0
98169.0
98170.0
98173.0
98174.0
98176.0
98178.0
98179.0
98182.0
98183.0
98219.0
98223.0
98224.0
98226.0
98228.0
98229.0
98233.0
98234.0
98236.0
98238.0
98239.0
98240.0
98241.0
98242.0
98243.0
98283.0
98285.0
98286.0
98288.0
98289.0
98291.0
98293.0
98294.0
98296.0
98297.0
98298.0
98299.0
98301.0
98302.0
98344.0
98345.0
98348.0
98349.0
98350.0
98354.0
98358.0
98359.0
98360.0
98361.0
98403.0
98408.0
98409.0
98412.0
98416.0
98418.0
98419.0
98420.0
98421.0
98423.0
98464.0
98466.0
98467.0
98468.0
98469.0
98473.0
98474.0
98476.0
98477.0
98478.0
98479.0
98520.0
98521.0
98529.0
98531.0
98532.0
98533.0
98534.0
98536.0
98538.0
98539.0
98540.0
98541.0
98543.0
98583.0
98584.0
98585.0
98588.0
98589.0
98590.0
98594.0
98596.0
98598.0
98599.0
98600.0
98605.0
98641.0
98646.0
98648.0
98649.0
98653.0
98654.0
98658.0
98659.0
98661.0
98663.0
98697.0
98699.0
98701.0
98713.0
98715.0
98719.0
98720.0
98722.0
98724.0
98757.0
98758.0
98759.0
98761.0
98763.0
98764.0
98766.0
98767.0
98773.0
98774.0
98776.0
98777.0
98779.0
98818.0
98819.0
98821.0
98823.0
98825.0
98828.0
98833.0
98834.0
98836.0
98839.0
98842.0
98843.0
98878.0
98879.0
98880.0
98881.0
98883.0
98885.0
98895.0
98896.0
98897.0
98898.0
98899.0
98900.0
98901.0
98902.0
98903.0
98938.0
98939.0
98940.0
98941.0
98943.0
98944.0
98954.0
98955.0
98956.0
98957.0
98999.0
99000.0
99001.0
99003.0
99004.0
99014.0
99016.0
99017.0
99018.0
99020.0
99021.0
99059.0
99061.0
99062.0
99063.0
99064.0
99073.0
99074.0
99075.0
99076.0
99077.0
99078.0
99079.0
99080.0
99119.0
99120.0
99121.0
99124.0
99134.0
99135.0
99136.0
99137.0
99139.0
99140.0
99150.0
99179.0
99180.0
99181.0
99183.0
99184.0
99185.0
99186.0
99187.0
99193.0
99194.0
99196.0
99197.0
99198.0
99199.0
99200.0
99202.0
99241.0
99242.0
99243.0
99245.0
99254.0
99256.0
99257.0
99301.0
99302.0
99303.0
99304.0
99305.0
99314.0
99316.0
99317.0
99318.0
99319.0
99320.0
99321.0
99361.0
99362.0
99363.0
99364.0
99366.0
99373.0
99374.0
99375.0
99376.0
99377.0
99378.0
99379.0
99381.0
99382.0
99421.0
99422.0
99434.0
99436.0
99437.0
99438.0
99439.0
99440.0
99481.0
99482.0
99493.0
99494.0
99496.0
99497.0
99498.0
99501.0
99541.0
99543.0
99544.0
99554.0
99556.0
99557.0
99601.0
99613.0
99614.0
99616.0
99617.0
99620.0
99622.0
99661.0
99662.0
99663.0
99664.0
99665.0
99666.0
99673.0
99674.0
99675.0
99676.0
99677.0
99679.0
99681.0
99721.0
99733.0
99734.0
99736.0
99737.0
99738.0
99739.0
99740.0
99741.0
99781.0
99782.0
99783.0
99784.0
99786.0
99794.0
99796.0
99797.0
99799.0
99800.0
99801.0
99841.0
99842.0
99844.0
99853.0
99854.0
99857.0
99901.0
99902.0
99903.0
99904.0
99906.0
99907.0
99908.0
99914.0
99915.0
99916.0
99961.0
99963.0
99965.0
99966.0
99974.0
100022.0
100023.0
100027.0
100034.0
100035.0
100038.0
100039.0
100081.0
100084.0
100086.0
100095.0
100098.0
100099.0
100141.0
100142.0
100143.0
100144.0
100145.0
100154.0
100157.0
100160.0
100201.0
100202.0
100205.0
100214.0
100215.0
100216.0
100218.0
100261.0
100262.0
100266.0
100274.0
100275.0
100321.0
100334.0
100335.0
100338.0
100381.0
100382.0
100384.0
100394.0
100395.0
100396.0
100397.0
100399.0
100441.0
100442.0
100444.0
100454.0
100501.0
100502.0
100503.0
100504.0
100514.0
100517.0
100518.0
100519.0
100561.0
100562.0
100563.0
100564.0
100565.0
100566.0
100574.0
100576.0
100621.0
100624.0
100625.0
100634.0
100637.0
100681.0
100683.0
100694.0
100695.0
100696.0
100698.0
100741.0
100744.0
100754.0
100781.0
100782.0
100801.0
100802.0
100803.0
100804.0
100814.0
100815.0
100816.0
100817.0
100818.0
100819.0
100820.0
100821.0
100840.0
100841.0
100843.0
100849.0
100874.0
100877.0
100878.0
100879.0
100880.0
100900.0
100901.0
100903.0
100905.0
100906.0
100909.0
100911.0
100934.0
100936.0
100937.0
100938.0
100939.0
100941.0
100961.0
100962.0
100963.0
100964.0
100965.0
100966.0
100970.0
100973.0
100996.0
100997.0
100998.0
101000.0
101002.0
101021.0
101022.0
101023.0
101057.0
101058.0
101085.0
101086.0
101088.0
101089.0
101090.0
101092.0
101116.0
101117.0
101119.0
101141.0
101144.0
101145.0
101148.0
101177.0
101178.0
101200.0
101204.0
101206.0
101209.0
101210.0
101211.0
101213.0
101236.0
101237.0
101238.0
101239.0
101240.0
101241.0
101261.0
101263.0
101264.0
101265.0
101267.0
101271.0
101272.0
101280.0
101281.0
101287.0
101289.0
101296.0
101297.0
101298.0
101299.0
101300.0
101301.0
101320.0
101322.0
101323.0
101328.0
101357.0
101358.0
101381.0
101382.0
101385.0
101386.0
101387.0
101389.0
101403.0
101417.0
101419.0
101423.0
101442.0
101443.0
101445.0
101446.0
101447.0
101449.0
101450.0
101477.0
101478.0
101479.0
101480.0
101481.0
101483.0
101500.0
101501.0
101502.0
101504.0
101512.0
101520.0
101537.0
101538.0
101539.0
101542.0
101545.0
101546.0
101551.0
101559.0
101562.0
101563.0
101565.0
101569.0
101571.0
101598.0
101599.0
101621.0
101622.0
101623.0
101659.0
101660.0
101661.0
101662.0
101663.0
101664.0
101680.0
101719.0
101720.0
101723.0
101724.0
101777.0
101779.0
101780.0
101781.0
101783.0
101837.0
101839.0
101840.0
101841.0
101842.0
101844.0
101899.0
101900.0
101901.0
101957.0
101959.0
101960.0
101963.0
101964.0
102017.0
102019.0
102020.0
102022.0
102023.0
102024.0
102077.0
102079.0
102081.0
102083.0
102084.0
102111.0
102112.0
102118.0
102120.0
102121.0
102123.0
102124.0
102125.0
102126.0
102129.0
102130.0
102136.0
102139.0
102140.0
102142.0
102143.0
102178.0
102180.0
102184.0
102185.0
102186.0
102189.0
102190.0
102196.0
102199.0
102237.0
102238.0
102239.0
102240.0
102243.0
102244.0
102246.0
102256.0
102257.0
102259.0
102260.0
102261.0
102268.0
102269.0
102279.0
102297.0
102298.0
102300.0
102303.0
102316.0
102317.0
102319.0
102320.0
102322.0
102323.0
102329.0
102330.0
102331.0
102332.0
102333.0
102334.0
102358.0
102359.0
102360.0
102362.0
102363.0
102365.0
102366.0
102367.0
102368.0
102373.0
102389.0
102391.0
102393.0
102418.0
102419.0
102420.0
102421.0
102427.0
102428.0
102429.0
102430.0
102431.0
102432.0
102433.0
102435.0
102449.0
102450.0
102451.0
102452.0
102454.0
102466.0
102467.0
102478.0
102480.0
102483.0
102484.0
102485.0
102486.0
102487.0
102488.0
102489.0
102490.0
102492.0
102498.0
102501.0
102540.0
102541.0
102543.0
102545.0
102547.0
102548.0
102549.0
102550.0
102553.0
102554.0
102561.0
102563.0
102564.0
102566.0
102567.0
102571.0
102572.0
102581.0
102600.0
102601.0
102603.0
102605.0
102608.0
102610.0
102611.0
102621.0
102622.0
102624.0
102631.0
102632.0
102633.0
102634.0
102636.0
102637.0
102658.0
102660.0
102663.0
102665.0
102668.0
102669.0
102671.0
102673.0
102681.0
102682.0
102683.0
102686.0
102687.0
102688.0
102691.0
102692.0
102694.0
102695.0
102696.0
102698.0
102718.0
102719.0
102720.0
102723.0
102725.0
102728.0
102731.0
102741.0
102742.0
102745.0
102746.0
102752.0
102753.0
102754.0
102755.0
102757.0
102766.0
102770.0
102778.0
102780.0
102781.0
102783.0
102785.0
102788.0
102789.0
102791.0
102792.0
102796.0
102800.0
102801.0
102802.0
102803.0
102805.0
102840.0
102843.0
102845.0
102848.0
102849.0
102851.0
102852.0
102861.0
102862.0
102863.0
102864.0
102865.0
102867.0
102869.0
102870.0
102888.0
102889.0
102898.0
102900.0
102903.0
102905.0
102921.0
102923.0
102924.0
102925.0
102926.0
102927.0
102928.0
102949.0
102950.0
102952.0
102959.0
102963.0
102964.0
102965.0
102981.0
102982.0
102984.0
102985.0
102986.0
102990.0
103010.0
103012.0
103015.0
103018.0
103020.0
103022.0
103043.0
103044.0
103045.0
103046.0
103048.0
103069.0
103070.0
103071.0
103074.0
103078.0
103079.0
103081.0
103083.0
103085.0
103086.0
103087.0
103104.0
103106.0
103107.0
103129.0
103130.0
103132.0
103134.0
103135.0
103138.0
103140.0
103143.0
103145.0
103149.0
103164.0
103165.0
103189.0
103192.0
103193.0
103194.0
103202.0
103203.0
103204.0
103206.0
103224.0
103225.0
103227.0
103229.0
103230.0
103249.0
103250.0
103251.0
103255.0
103262.0
103263.0
103264.0
103265.0
103266.0
103268.0
103284.0
103285.0
103286.0
103310.0
103315.0
103322.0
103323.0
103325.0
103370.0
103383.0
103384.0
103385.0
103386.0
103387.0
103388.0
103398.0
103430.0
103431.0
103432.0
103433.0
103442.0
103443.0
103444.0
103445.0
103446.0
103447.0
103450.0
103452.0
103490.0
103503.0
103506.0
103508.0
103550.0
103562.0
103563.0
103565.0
103566.0
103567.0
103568.0
103569.0
103570.0
103571.0
103609.0
103610.0
103613.0
103614.0
103622.0
103623.0
103625.0
103626.0
103670.0
103672.0
103675.0
103682.0
103683.0
103686.0
103689.0
103730.0
103734.0
103743.0
103745.0
103746.0
103748.0
103750.0
103760.0
103789.0
103790.0
103803.0
103804.0
103805.0
103806.0
103808.0
103851.0
103852.0
103863.0
103864.0
103865.0
103866.0
103867.0
103869.0
103921.0
103922.0
103924.0
103925.0
103926.0
103981.0
103983.0
103984.0
103985.0
103986.0
104041.0
104042.0
104044.0
104054.0
104056.0
104058.0
104059.0
104101.0
104102.0
104103.0
104105.0
104114.0
104115.0
104116.0
104162.0
104163.0
104165.0
104166.0
104174.0
104175.0
104178.0
104221.0
104225.0
104235.0
104237.0
104281.0
104282.0
104284.0
104285.0
104287.0
104294.0
104297.0
104298.0
104341.0
104343.0
104344.0
104345.0
104347.0
104354.0
104356.0
104357.0
104359.0
104360.0
104401.0
104403.0
104405.0
104414.0
104415.0
104416.0
104417.0
104419.0
104461.0
104474.0
104475.0
104476.0
104479.0
104521.0
104535.0
104581.0
104582.0
104583.0
104584.0
104586.0
104594.0
104641.0
104643.0
104644.0
104654.0
104657.0
104701.0
104706.0
104714.0
104715.0
104717.0
104719.0
104761.0
104762.0
104774.0
104777.0
104779.0
104780.0
104821.0
104824.0
104834.0
104836.0
104848.0
104850.0
104851.0
104881.0
104883.0
104894.0
104895.0
104896.0
104897.0
104899.0
104909.0
104910.0
104917.0
104918.0
104922.0
104923.0
104954.0
104955.0
104956.0
104957.0
104958.0
104959.0
104961.0
104962.0
104970.0
104971.0
104972.0
104980.0
104982.0
105014.0
105016.0
105017.0
105018.0
105019.0
105021.0
105030.0
105045.0
105077.0
105079.0
105081.0
105082.0
105089.0
105090.0
105092.0
105137.0
105147.0
105153.0
105154.0
105197.0
105198.0
105199.0
105200.0
105201.0
105203.0
105207.0
105220.0
105222.0
105226.0
105228.0
105230.0
105231.0
105257.0
105258.0
105259.0
105263.0
105281.0
105283.0
105290.0
105291.0
105292.0
105293.0
105298.0
105317.0
105318.0
105319.0
105320.0
105321.0
105322.0
105340.0
105341.0
105343.0
105345.0
105346.0
105348.0
105349.0
105377.0
105378.0
105379.0
105380.0
105381.0
105382.0
105383.0
105401.0
105402.0
105403.0
105406.0
105411.0
105416.0
105418.0
105437.0
105439.0
105440.0
105441.0
105442.0
105460.0
105462.0
105464.0
105465.0
105470.0
105497.0
105501.0
105521.0
105527.0
105531.0
105533.0
105537.0
105557.0
105558.0
105559.0
105561.0
105562.0
105563.0
105580.0
105581.0
105583.0
105585.0
105587.0
105589.0
105591.0
105593.0
105617.0
105618.0
105619.0
105620.0
105622.0
105623.0
105639.0
105641.0
105643.0
105649.0
105651.0
105656.0
105658.0
105677.0
105678.0
105679.0
105680.0
105682.0
105683.0
105700.0
105702.0
105703.0
105705.0
105709.0
105737.0
105738.0
105739.0
105761.0
105797.0
105798.0
105801.0
105802.0
105857.0
105858.0
105859.0
105860.0
105917.0
105918.0
105919.0
105920.0
105921.0
105922.0
105977.0
105978.0
105979.0
105981.0
105982.0
105998.0
106037.0
106038.0
106039.0
106040.0
106097.0
106157.0
106158.0
106159.0
106160.0
106162.0
106196.0
106197.0
106198.0
106199.0
106201.0
106202.0
106203.0
106204.0
106205.0
106206.0
106209.0
106214.0
106215.0
106217.0
106219.0
106220.0
106221.0
106222.0
106258.0
106259.0
106261.0
106262.0
106263.0
106264.0
106274.0
106275.0
106277.0
106278.0
106279.0
106280.0
106281.0
106318.0
106319.0
106321.0
106322.0
106323.0
106325.0
106326.0
106331.0
106334.0
106335.0
106336.0
106337.0
106338.0
106339.0
106342.0
106343.0
106351.0
106378.0
106379.0
106381.0
106382.0
106383.0
106384.0
106385.0
106386.0
106394.0
106395.0
106397.0
106398.0
106399.0
106400.0
106402.0
106438.0
106439.0
106441.0
106443.0
106444.0
106454.0
106455.0
106456.0
106457.0
106458.0
106462.0
106463.0
106497.0
106498.0
106499.0
106501.0
106502.0
106503.0
106504.0
106505.0
106507.0
106508.0
106514.0
106515.0
106516.0
106517.0
106518.0
106519.0
106521.0
106522.0
106523.0
106558.0
106559.0
106560.0
106561.0
106562.0
106563.0
106564.0
106574.0
106578.0
106579.0
106580.0
106582.0
106618.0
106619.0
106621.0
106623.0
106624.0
106625.0
106634.0
106635.0
106637.0
106638.0
106640.0
106641.0
106642.0
106678.0
106679.0
106681.0
106682.0
106683.0
106684.0
106685.0
106694.0
106695.0
106697.0
106698.0
106699.0
106700.0
106738.0
106739.0
106740.0
106741.0
106743.0
106744.0
106746.0
106754.0
106755.0
106757.0
106759.0
106760.0
106761.0
106762.0
106798.0
106799.0
106800.0
106801.0
106803.0
106815.0
106816.0
106817.0
106819.0
106820.0
106822.0
106823.0
106857.0
106858.0
106859.0
106861.0
106862.0
106863.0
106864.0
106865.0
106874.0
106875.0
106876.0
106877.0
106878.0
106879.0
106917.0
106918.0
106919.0
106921.0
106922.0
106923.0
106924.0
106934.0
106937.0
106938.0
106939.0
106940.0
106942.0
106978.0
106979.0
106981.0
106983.0
106984.0
106985.0
106995.0
106997.0
106998.0
106999.0
107000.0
107001.0
107002.0
107037.0
107038.0
107039.0
107041.0
107042.0
107043.0
107044.0
107045.0
107048.0
107054.0
107057.0
107060.0
107098.0
107099.0
107100.0
107101.0
107102.0
107103.0
107104.0
107107.0
107114.0
107115.0
107116.0
107117.0
107118.0
107119.0
107120.0
107121.0
107122.0
107153.0
107158.0
107159.0
107161.0
107162.0
107163.0
107164.0
107174.0
107177.0
107178.0
107179.0
107180.0
107181.0
107218.0
107219.0
107221.0
107223.0
107224.0
107225.0
107234.0
107235.0
107236.0
107237.0
107238.0
107239.0
107278.0
107279.0
107281.0
107282.0
107283.0
107284.0
107297.0
107298.0
107301.0
107339.0
107340.0
107341.0
107343.0
107344.0
107346.0
107354.0
107355.0
107357.0
107358.0
107360.0
107361.0
107402.0
107404.0
107414.0
107415.0
107416.0
107417.0
107418.0
107419.0
107420.0
107422.0
107461.0
107463.0
107474.0
107477.0
107478.0
107479.0
107480.0
107481.0
107521.0
107522.0
107523.0
107535.0
107537.0
107538.0
107539.0
107540.0
107541.0
107542.0
107543.0
107581.0
107594.0
107597.0
107599.0
107641.0
107642.0
107643.0
107654.0
107655.0
107657.0
107658.0
107659.0
107660.0
107661.0
107662.0
107701.0
107702.0
107714.0
107715.0
107716.0
107717.0
107718.0
107719.0
107721.0
107723.0
107724.0
107761.0
107762.0
107763.0
107765.0
107766.0
107774.0
107777.0
107778.0
107779.0
107782.0
107821.0
107822.0
107825.0
107834.0
107837.0
107838.0
107839.0
107840.0
107841.0
107842.0
107881.0
107882.0
107885.0
107886.0
107894.0
107896.0
107897.0
107898.0
107899.0
107941.0
107942.0
107943.0
107944.0
107946.0
107954.0
107955.0
107957.0
107958.0
107960.0
107961.0
107962.0
107963.0
108002.0
108003.0
108004.0
108005.0
108014.0
108016.0
108017.0
108018.0
108019.0
108020.0
108021.0
108061.0
108062.0
108074.0
108077.0
108078.0
108079.0
108121.0
108122.0
108125.0
108134.0
108135.0
108139.0
108140.0
108181.0
108195.0
108198.0
108244.0
108246.0
108254.0
108255.0
108257.0
108301.0
108302.0
108304.0
108314.0
108315.0
108361.0
108362.0
108374.0
108376.0
108378.0
108379.0
108380.0
108381.0
108422.0
108424.0
108436.0
108482.0
108494.0
108495.0
108541.0
108542.0
108544.0
108545.0
108546.0
108549.0
108550.0
108554.0
108555.0
108559.0
108609.0
108612.0
108614.0
108615.0
108616.0
108617.0
108618.0
108619.0
108620.0
108665.0
108669.0
108670.0
108675.0
108676.0
108678.0
108682.0
108683.0
108730.0
108731.0
108743.0
108744.0
108745.0
108746.0
108747.0
108748.0
108790.0
108792.0
108793.0
108798.0
108802.0
108803.0
108804.0
108806.0
108807.0
108849.0
108850.0
108852.0
108863.0
108867.0
108868.0
108909.0
108910.0
108913.0
108914.0
108922.0
108923.0
108924.0
108928.0
108942.0
108944.0
108951.0
108970.0
108972.0
108974.0
108975.0
108982.0
108983.0
108986.0
109002.0
109003.0
109004.0
109006.0
109030.0
109034.0
109035.0
109043.0
109044.0
109045.0
109046.0
109047.0
109048.0
109049.0
109050.0
109051.0
109062.0
109063.0
109064.0
109066.0
109067.0
109069.0
109070.0
109072.0
109101.0
109102.0
109103.0
109104.0
109105.0
109106.0
109107.0
109109.0
109110.0
109122.0
109123.0
109124.0
109126.0
109131.0
109163.0
109166.0
109167.0
109181.0
109182.0
109183.0
109184.0
109186.0
109187.0
109189.0
109191.0
109203.0
109205.0
109225.0
109226.0
109227.0
109228.0
109230.0
109231.0
109234.0
109241.0
109242.0
109243.0
109244.0
109245.0
109247.0
109248.0
109249.0
109250.0
109251.0
109253.0
109285.0
109286.0
109287.0
109302.0
109304.0
109306.0
109308.0
109309.0
109310.0
109311.0
109345.0
109346.0
109347.0
109349.0
109351.0
109362.0
109366.0
109367.0
109369.0
109405.0
109406.0
109407.0
109408.0
109409.0
109410.0
109419.0
109420.0
109423.0
109425.0
109430.0
109466.0
109467.0
109472.0
109482.0
109483.0
109525.0
109526.0
109527.0
109528.0
109529.0
109530.0
109531.0
109532.0
109541.0
109544.0
109549.0
109554.0
109586.0
109602.0
109604.0
109605.0
109606.0
109607.0
109608.0
109645.0
109646.0
109647.0
109648.0
109651.0
109653.0
109661.0
109662.0
109663.0
109664.0
109705.0
109706.0
109707.0
109710.0
109712.0
109713.0
109722.0
109723.0
109724.0
109726.0
109730.0
109766.0
109770.0
109771.0
109776.0
109777.0
109782.0
109784.0
109786.0
109788.0
109790.0
109804.0
109825.0
109826.0
109827.0
109829.0
109830.0
109849.0
109850.0
109852.0
109885.0
109886.0
109887.0
109888.0
109889.0
109891.0
109896.0
109898.0
109899.0
109902.0
109904.0
109905.0
109906.0
109946.0
109948.0
109951.0
110001.0
110005.0
110006.0
110007.0
110009.0
110011.0
110012.0
110066.0
110068.0
110125.0
110126.0
110127.0
110128.0
110129.0
110131.0
110186.0
110245.0
110246.0
110247.0
110248.0
110249.0
110250.0
110289.0
110293.0
110295.0
110302.0
110303.0
110305.0
110306.0
110307.0
110308.0
110309.0
110310.0
110348.0
110349.0
110350.0
110355.0
110363.0
110364.0
110365.0
110366.0
110367.0
110368.0
110369.0
110406.0
110408.0
110409.0
110410.0
110415.0
110423.0
110426.0
110427.0
110428.0
110429.0
110430.0
110465.0
110467.0
110469.0
110470.0
110473.0
110475.0
110483.0
110486.0
110487.0
110526.0
110528.0
110529.0
110530.0
110533.0
110535.0
110542.0
110543.0
110544.0
110545.0
110546.0
110547.0
110548.0
110549.0
110588.0
110589.0
110590.0
110593.0
110603.0
110605.0
110606.0
110607.0
110609.0
110646.0
110647.0
110648.0
110649.0
110650.0
110651.0
110653.0
110654.0
110655.0
110656.0
110662.0
110663.0
110666.0
110667.0
110670.0
110708.0
110709.0
110710.0
110711.0
110713.0
110716.0
110723.0
110725.0
110726.0
110728.0
110730.0
110731.0
110751.0
110753.0
110767.0
110768.0
110770.0
110771.0
110773.0
110775.0
110783.0
110785.0
110786.0
110787.0
110789.0
110824.0
110827.0
110828.0
110829.0
110830.0
110831.0
110833.0
110834.0
110835.0
110843.0
110844.0
110845.0
110846.0
110847.0
110848.0
110849.0
110850.0
110851.0
110886.0
110890.0
110892.0
110894.0
110901.0
110903.0
110904.0
110905.0
110906.0
110907.0
110908.0
110910.0
110911.0
110949.0
110950.0
110953.0
110963.0
110966.0
110967.0
110968.0
111008.0
111010.0
111011.0
111013.0
111023.0
111024.0
111025.0
111026.0
111027.0
111029.0
111068.0
111069.0
111070.0
111071.0
111072.0
111073.0
111074.0
111075.0
111082.0
111083.0
111086.0
111087.0
111088.0
111089.0
111090.0
111091.0
111092.0
111127.0
111128.0
111129.0
111130.0
111133.0
111134.0
111135.0
111143.0
111146.0
111147.0
111148.0
111150.0
111151.0
111152.0
111189.0
111190.0
111194.0
111203.0
111206.0
111207.0
111208.0
111209.0
111210.0
111213.0
111245.0
111246.0
111248.0
111250.0
111251.0
111255.0
111263.0
111264.0
111265.0
111266.0
111267.0
111308.0
111309.0
111310.0
111311.0
111314.0
111323.0
111324.0
111326.0
111327.0
111328.0
111329.0
111330.0
111331.0
111370.0
111384.0
111385.0
111386.0
111387.0
111389.0
111426.0
111429.0
111430.0
111431.0
111433.0
111434.0
111442.0
111443.0
111444.0
111446.0
111447.0
111450.0
111486.0
111490.0
111495.0
111496.0
111498.0
111503.0
111505.0
111506.0
111507.0
111508.0
111509.0
111510.0
111511.0
111550.0
111551.0
111562.0
111564.0
111565.0
111566.0
111567.0
111568.0
111569.0
111570.0
111610.0
111611.0
111613.0
111614.0
111622.0
111623.0
111624.0
111625.0
111626.0
111627.0
111628.0
111629.0
111631.0
111669.0
111670.0
111671.0
111672.0
111673.0
111674.0
111683.0
111684.0
111686.0
111687.0
111688.0
111690.0
111691.0
111730.0
111732.0
111743.0
111745.0
111746.0
111747.0
111749.0
111750.0
111790.0
111794.0
111801.0
111803.0
111804.0
111805.0
111806.0
111807.0
111808.0
111850.0
111852.0
111854.0
111855.0
111863.0
111865.0
111866.0
111867.0
111868.0
111869.0
111870.0
111871.0
111872.0
111910.0
111912.0
111923.0
111925.0
111926.0
111927.0
111928.0
111930.0
111931.0
111932.0
111970.0
111973.0
111983.0
111985.0
111986.0
111987.0
111988.0
112030.0
112034.0
112043.0
112044.0
112046.0
112047.0
112049.0
112050.0
112051.0
112090.0
112092.0
112094.0
112103.0
112106.0
112107.0
112108.0
112109.0
112110.0
112111.0
112149.0
112150.0
112151.0
112162.0
112163.0
112165.0
112166.0
112167.0
112210.0
112211.0
112212.0
112213.0
112223.0
112224.0
112225.0
112226.0
112228.0
112265.0
112270.0
112271.0
112272.0
112273.0
112274.0
112284.0
112330.0
112335.0
112343.0
112390.0
112394.0
112403.0
112408.0
112450.0
112463.0
112464.0
112466.0
112468.0
112510.0
112511.0
112513.0
112523.0
112524.0
112528.0
112570.0
112573.0
112582.0
112583.0
112586.0
112630.0
112631.0
112634.0
112635.0
112636.0
112642.0
112643.0
112645.0
112690.0
112703.0
112707.0
112708.0
112709.0
112750.0
112752.0
112763.0
112766.0
112767.0
112768.0
112810.0
112811.0
112812.0
112814.0
112815.0
112823.0
112870.0
112871.0
112874.0
112883.0
112885.0
112930.0
112932.0
112934.0
112935.0
112943.0
112944.0
112945.0
112948.0
112949.0
112990.0
112992.0
113003.0
113005.0
113007.0
113037.0
113039.0
113050.0
113051.0
113053.0
113056.0
113057.0
113063.0
113064.0
113066.0
113091.0
113095.0
113097.0
113110.0
113111.0
113112.0
113114.0
113123.0
113125.0
113126.0
113127.0
113151.0
113152.0
113155.0
113157.0
113161.0
113183.0
113185.0
113186.0
113187.0
113188.0
113209.0
113210.0
113218.0
113243.0
113244.0
113246.0
113247.0
113248.0
113250.0
113251.0
113252.0
113268.0
113269.0
113270.0
113276.0
113278.0
113306.0
113307.0
113308.0
113309.0
113310.0
113311.0
113324.0
113330.0
113331.0
113332.0
113365.0
113366.0
113367.0
113368.0
113369.0
113370.0
113391.0
113393.0
113394.0
113395.0
113397.0
113399.0
113400.0
113402.0
113426.0
113428.0
113429.0
113442.0
113447.0
113450.0
113451.0
113485.0
113486.0
113487.0
113488.0
113490.0
113492.0
113509.0
113518.0
113519.0
113524.0
113531.0
113546.0
113548.0
113550.0
113566.0
113570.0
113571.0
113573.0
113574.0
113576.0
113577.0
113579.0
113594.0
113601.0
113606.0
113623.0
113630.0
113631.0
113632.0
113639.0
113645.0
113666.0
113667.0
113669.0
113690.0
113693.0
113698.0
113725.0
113726.0
113727.0
113728.0
113729.0
113731.0
113732.0
113748.0
113749.0
113757.0
113758.0
113785.0
113786.0
113787.0
113788.0
113810.0
113812.0
113846.0
113847.0
113849.0
113851.0
113852.0
113868.0
113870.0
113871.0
113874.0
113877.0
113906.0
113907.0
113909.0
113910.0
113926.0
113929.0
113933.0
113936.0
113938.0
113940.0
113966.0
113969.0
113971.0
114025.0
114026.0
114028.0
114029.0
114086.0
114087.0
114145.0
114146.0
114147.0
114148.0
114205.0
114206.0
114207.0
114208.0
114209.0
114210.0
114211.0
114265.0
114266.0
114267.0
114271.0
114326.0
114327.0
114328.0
114329.0
114330.0
114331.0
114332.0
114386.0
114387.0
114388.0
114424.0
114428.0
114429.0
114430.0
114433.0
114443.0
114445.0
114446.0
114447.0
114448.0
114449.0
114450.0
114451.0
114488.0
114489.0
114490.0
114492.0
114493.0
114501.0
114503.0
114504.0
114505.0
114506.0
114508.0
114509.0
114547.0
114548.0
114549.0
114550.0
114552.0
114553.0
114563.0
114564.0
114566.0
114567.0
114568.0
114605.0
114606.0
114608.0
114610.0
114612.0
114614.0
114623.0
114625.0
114626.0
114627.0
114628.0
114629.0
114630.0
114631.0
114632.0
114668.0
114669.0
114670.0
114672.0
114673.0
114674.0
114683.0
114684.0
114685.0
114686.0
114687.0
114689.0
114690.0
114691.0
114728.0
114729.0
114730.0
114735.0
114743.0
114744.0
114746.0
114747.0
114750.0
114788.0
114789.0
114790.0
114803.0
114806.0
114807.0
114808.0
114809.0
114810.0
114848.0
114849.0
114850.0
114851.0
114854.0
114863.0
114864.0
114866.0
114867.0
114869.0
114908.0
114909.0
114910.0
114923.0
114924.0
114926.0
114927.0
114928.0
114929.0
114930.0
114965.0
114969.0
114970.0
114971.0
114973.0
114974.0
114976.0
114983.0
114985.0
114986.0
114987.0
114988.0
115028.0
115029.0
115030.0
115031.0
115033.0
115034.0
115043.0
115044.0
115046.0
115047.0
115049.0
115088.0
115089.0
115090.0
115103.0
115104.0
115105.0
115106.0
115107.0
115108.0
115109.0
115110.0
115148.0
115149.0
115150.0
115151.0
115153.0
115163.0
115166.0
115167.0
115168.0
115170.0
115206.0
115208.0
115210.0
115211.0
115212.0
115223.0
115225.0
115226.0
115227.0
115268.0
115269.0
115270.0
115271.0
115273.0
115275.0
115283.0
115286.0
115288.0
115289.0
115291.0
115324.0
115328.0
115329.0
115330.0
115332.0
115333.0
115334.0
115335.0
115343.0
115344.0
115346.0
115347.0
115388.0
115389.0
115390.0
115393.0
115401.0
115403.0
115405.0
115406.0
115407.0
115408.0
115409.0
115410.0
115411.0
115412.0
115448.0
115449.0
115450.0
115451.0
115452.0
115453.0
115454.0
115463.0
115465.0
115466.0
115467.0
115468.0
115470.0
115505.0
115509.0
115510.0
115512.0
115514.0
115523.0
115524.0
115526.0
115527.0
115530.0
115569.0
115570.0
115571.0
115572.0
115573.0
115574.0
115583.0
115586.0
115587.0
115588.0
115589.0
115630.0
115631.0
115632.0
115633.0
115634.0
115636.0
115643.0
115644.0
115646.0
115647.0
115648.0
115649.0
115651.0
115690.0
115691.0
115703.0
115704.0
115705.0
115706.0
115707.0
115708.0
115709.0
115710.0
115711.0
115750.0
115752.0
115753.0
115763.0
115764.0
115765.0
115766.0
115767.0
115768.0
115769.0
115770.0
115771.0
115772.0
115810.0
115811.0
115812.0
115813.0
115814.0
115823.0
115825.0
115826.0
115827.0
115828.0
115830.0
115865.0
115870.0
115872.0
115875.0
115883.0
115884.0
115886.0
115887.0
115891.0
115930.0
115943.0
115946.0
115948.0
115949.0
115990.0
115991.0
115992.0
115995.0
116003.0
116005.0
116006.0
116007.0
116009.0
116010.0
116011.0
116012.0
116051.0
116055.0
116063.0
116065.0
116066.0
116067.0
116068.0
116069.0
116070.0
116071.0
116072.0
116110.0
116123.0
116124.0
116126.0
116127.0
116128.0
116130.0
116170.0
116172.0
116173.0
116175.0
116183.0
116184.0
116186.0
116187.0
116189.0
116230.0
116243.0
116244.0
116246.0
116247.0
116248.0
116290.0
116291.0
116292.0
116295.0
116301.0
116303.0
116304.0
116305.0
116306.0
116307.0
116350.0
116351.0
116353.0
116363.0
116410.0
116411.0
116412.0
116414.0
116415.0
116423.0
116424.0
116425.0
116426.0
116427.0
116428.0
116470.0
116471.0
116483.0
116486.0
116487.0
116530.0
116531.0
116532.0
116533.0
116534.0
116543.0
116544.0
116545.0
116546.0
116548.0
116590.0
116593.0
116594.0
116595.0
116603.0
116604.0
116606.0
116650.0
116651.0
116652.0
116653.0
116655.0
116663.0
116664.0
116667.0
116668.0
116696.0
116710.0
116712.0
116714.0
116724.0
116725.0
116729.0
116765.0
116770.0
116771.0
116772.0
116774.0
116776.0
116783.0
116784.0
116785.0
116786.0
116788.0
116830.0
116832.0
116833.0
116834.0
116845.0
116846.0
116890.0
116893.0
116894.0
116895.0
116896.0
116903.0
116904.0
116906.0
116907.0
116908.0
116950.0
116951.0
116952.0
116954.0
116963.0
116964.0
116967.0
116968.0
117010.0
117011.0
117012.0
117013.0
117014.0
117015.0
117023.0
117024.0
117025.0
117026.0
117070.0
117071.0
117072.0
117073.0
117074.0
117075.0
117083.0
117084.0
117087.0
117130.0
117131.0
117143.0
117146.0
117177.0
117179.0
117180.0
117182.0
117190.0
117191.0
117194.0
117195.0
117201.0
117203.0
117205.0
117206.0
117207.0
117208.0
117209.0
117210.0
117211.0
117236.0
117263.0
117264.0
117265.0
117266.0
117267.0
117268.0
117269.0
117270.0
117272.0
117302.0
117303.0
117304.0
117310.0
117323.0
117324.0
117325.0
117326.0
117327.0
117328.0
117329.0
117330.0
117331.0
117357.0
117358.0
117359.0
117361.0
117363.0
117365.0
117366.0
117386.0
117387.0
117389.0
117390.0
117405.0
117409.0
117410.0
117411.0
117413.0
117414.0
117419.0
117429.0
117446.0
117447.0
117448.0
117450.0
117451.0
117457.0
117460.0
117463.0
117465.0
117466.0
117467.0
117472.0
117473.0
117482.0
117483.0
117506.0
117507.0
117509.0
117510.0
117511.0
117515.0
117519.0
117521.0
117522.0
117566.0
117567.0
117570.0
117574.0
117579.0
117580.0
117582.0
117626.0
117627.0
117629.0
117630.0
117631.0
117634.0
117635.0
117638.0
117639.0
117640.0
117641.0
117685.0
117686.0
117687.0
117688.0
117689.0
117690.0
117691.0
117692.0
117693.0
117694.0
117695.0
117707.0
117743.0
117744.0
117746.0
117747.0
117748.0
117750.0
117751.0
117752.0
117803.0
117806.0
117807.0
117808.0
117810.0
117811.0
117812.0
117813.0
117814.0
117815.0
117816.0
117818.0
117865.0
117866.0
117867.0
117869.0
117870.0
117872.0
117873.0
117874.0
117875.0
117876.0
117877.0
117880.0
117890.0
117891.0
117926.0
117927.0
117929.0
117931.0
117944.0
117945.0
117946.0
117949.0
117953.0
117972.0
117975.0
117986.0
117987.0
117988.0
117989.0
117990.0
118046.0
118047.0
118049.0
118050.0
118051.0
118069.0
118070.0
118075.0
118076.0
118078.0
118079.0
118101.0
118106.0
118107.0
118108.0
118109.0
118111.0
118166.0
118167.0
118168.0
118169.0
118170.0
118171.0
118226.0
118227.0
118286.0
118287.0
118288.0
118290.0
118291.0
118346.0
118347.0
118348.0
118349.0
118350.0
118351.0
118406.0
118407.0
118408.0
118409.0
118410.0
118411.0
118466.0
118467.0
118468.0
118469.0
118470.0
118471.0
118508.0
118509.0
118510.0
118511.0
118513.0
118515.0
118523.0
118524.0
118525.0
118526.0
118527.0
118528.0
118529.0
118530.0
118531.0
118568.0
118569.0
118570.0
118571.0
118573.0
118575.0
118583.0
118584.0
118585.0
118586.0
118587.0
118588.0
118589.0
118590.0
118628.0
118629.0
118630.0
118631.0
118633.0
118635.0
118643.0
118644.0
118645.0
118646.0
118647.0
118648.0
118649.0
118650.0
118651.0
118688.0
118689.0
118690.0
118691.0
118692.0
118693.0
118698.0
118704.0
118706.0
118708.0
118709.0
118748.0
118750.0
118751.0
118752.0
118753.0
118754.0
118755.0
118763.0
118764.0
118765.0
118766.0
118767.0
118768.0
118769.0
118771.0
118806.0
118808.0
118809.0
118810.0
118811.0
118812.0
118813.0
118814.0
118816.0
118823.0
118824.0
118826.0
118827.0
118869.0
118870.0
118871.0
118873.0
118883.0
118886.0
118887.0
118888.0
118889.0
118890.0
118891.0
118924.0
118928.0
118930.0
118931.0
118933.0
118935.0
118943.0
118944.0
118945.0
118946.0
118947.0
118948.0
118949.0
118951.0
118988.0
118990.0
118991.0
118992.0
118993.0
118994.0
118995.0
119001.0
119003.0
119004.0
119006.0
119007.0
119009.0
119010.0
119046.0
119048.0
119050.0
119051.0
119052.0
119054.0
119058.0
119063.0
119064.0
119065.0
119066.0
119067.0
119068.0
119069.0
119070.0
119071.0
119108.0
119109.0
119110.0
119111.0
119112.0
119113.0
119114.0
119115.0
119125.0
119126.0
119127.0
119128.0
119130.0
119134.0
119168.0
119170.0
119171.0
119172.0
119173.0
119174.0
119175.0
119176.0
119183.0
119184.0
119185.0
119186.0
119187.0
119188.0
119189.0
119190.0
119228.0
119230.0
119231.0
119232.0
119233.0
119234.0
119235.0
119244.0
119246.0
119247.0
119248.0
119249.0
119250.0
119251.0
119288.0
119290.0
119291.0
119293.0
119294.0
119295.0
119303.0
119304.0
119305.0
119306.0
119307.0
119308.0
119348.0
119349.0
119350.0
119351.0
119352.0
119353.0
119354.0
119364.0
119365.0
119366.0
119367.0
119368.0
119369.0
119370.0
119371.0
119408.0
119410.0
119411.0
119412.0
119413.0
119414.0
119423.0
119424.0
119425.0
119426.0
119427.0
119428.0
119429.0
119430.0
119431.0
119465.0
119468.0
119470.0
119471.0
119472.0
119473.0
119474.0
119475.0
119484.0
119486.0
119487.0
119488.0
119489.0
119490.0
119491.0
119492.0
119528.0
119530.0
119531.0
119532.0
119533.0
119534.0
119543.0
119544.0
119546.0
119547.0
119548.0
119549.0
119550.0
119551.0
119590.0
119591.0
119592.0
119603.0
119606.0
119607.0
119608.0
119609.0
119610.0
119611.0
119650.0
119651.0
119652.0
119654.0
119663.0
119664.0
119666.0
119667.0
119668.0
119669.0
119670.0
119671.0
119711.0
119712.0
119713.0
119714.0
119723.0
119724.0
119725.0
119726.0
119727.0
119728.0
119729.0
119730.0
119731.0
119732.0
119771.0
119772.0
119773.0
119775.0
119784.0
119786.0
119787.0
119788.0
119789.0
119790.0
119791.0
119831.0
119833.0
119835.0
119843.0
119844.0
119846.0
119847.0
119848.0
119851.0
119890.0
119891.0
119901.0
119903.0
119904.0
119906.0
119907.0
119909.0
119950.0
119951.0
119952.0
119954.0
119955.0
119963.0
119964.0
119965.0
119966.0
119967.0
119968.0
119971.0
120010.0
120014.0
120023.0
120024.0
120026.0
120027.0
120028.0
120029.0
120031.0
120070.0
120071.0
120072.0
120074.0
120084.0
120086.0
120087.0
120088.0
120089.0
120130.0
120131.0
120134.0
120143.0
120144.0
120146.0
120147.0
120148.0
120150.0
120151.0
120152.0
120191.0
120195.0
120203.0
120204.0
120205.0
120206.0
120207.0
120209.0
120250.0
120251.0
120252.0
120254.0
120263.0
120264.0
120265.0
120266.0
120267.0
120268.0
120269.0
120270.0
120271.0
120296.0
120311.0
120313.0
120323.0
120324.0
120326.0
120327.0
120328.0
120365.0
120370.0
120371.0
120384.0
120385.0
120386.0
120387.0
120388.0
120389.0
120430.0
120431.0
120443.0
120444.0
120445.0
120447.0
120448.0
120490.0
120491.0
120492.0
120495.0
120498.0
120503.0
120504.0
120505.0
120507.0
120550.0
120551.0
120553.0
120563.0
120564.0
120565.0
120566.0
120610.0
120623.0
120624.0
120625.0
120626.0
120628.0
120674.0
120683.0
120684.0
120730.0
120731.0
120732.0
120733.0
120743.0
120790.0
120791.0
120792.0
120794.0
120803.0
120804.0
120805.0
120807.0
120808.0
120809.0
120850.0
120851.0
120852.0
120853.0
120854.0
120864.0
120865.0
120910.0
120911.0
120912.0
120914.0
120923.0
120924.0
120925.0
120928.0
120970.0
120971.0
120973.0
120975.0
120984.0
121030.0
121031.0
121034.0
121036.0
121043.0
121044.0
121091.0
121092.0
121093.0
121094.0
121095.0
121104.0
121105.0
121106.0
121108.0
121150.0
121151.0
121152.0
121153.0
121154.0
121156.0
121164.0
121165.0
121166.0
121167.0
121168.0
121170.0
121211.0
121223.0
121224.0
121265.0
121270.0
121272.0
121284.0
121286.0
121287.0
121288.0
121290.0
121304.0
121305.0
121308.0
121317.0
121319.0
121320.0
121321.0
121344.0
121347.0
121348.0
121349.0
121352.0
121355.0
121356.0
121357.0
121358.0
121359.0
121360.0
121371.0
121404.0
121406.0
121407.0
121408.0
121409.0
121410.0
121411.0
121412.0
121419.0
121420.0
121423.0
121458.0
121462.0
121465.0
121466.0
121467.0
121468.0
121469.0
121471.0
121472.0
121526.0
121527.0
121528.0
121529.0
121530.0
121531.0
121532.0
121533.0
121534.0
121535.0
121541.0
121565.0
121566.0
121586.0
121587.0
121588.0
121590.0
121591.0
121592.0
121597.0
121598.0
121602.0
121603.0
121604.0
121605.0
121646.0
121647.0
121665.0
121667.0
121670.0
121701.0
121706.0
121707.0
121708.0
121709.0
121710.0
121711.0
121731.0
121735.0
121766.0
121767.0
121768.0
121769.0
121770.0
121784.0
121790.0
121793.0
121794.0
121795.0
121797.0
121799.0
121800.0
121801.0
121826.0
121827.0
121828.0
121829.0
121830.0
121831.0
121832.0
121843.0
121845.0
121856.0
121857.0
121858.0
121886.0
121887.0
121888.0
121889.0
121899.0
121900.0
121901.0
121946.0
121947.0
121948.0
121949.0
121953.0
121954.0
121955.0
121957.0
121959.0
122004.0
122006.0
122007.0
122009.0
122010.0
122013.0
122027.0
122066.0
122067.0
122068.0
122069.0
122070.0
122071.0
122127.0
122128.0
122130.0
122186.0
122187.0
122188.0
122190.0
122246.0
122247.0
122306.0
122307.0
122308.0
122309.0
122366.0
122367.0
122369.0
122372.0
122426.0
122427.0
122428.0
122486.0
122487.0
122488.0
122491.0
122546.0
122547.0
122548.0
122550.0
122551.0
122588.0
122589.0
122590.0
122591.0
122592.0
122593.0
122594.0
122601.0
122603.0
122604.0
122606.0
122607.0
122608.0
122609.0
122611.0
122648.0
122649.0
122650.0
122651.0
122653.0
122654.0
122664.0
122665.0
122666.0
122667.0
122669.0
122670.0
122671.0
122707.0
122708.0
122709.0
122710.0
122711.0
122712.0
122713.0
122723.0
122724.0
122727.0
122728.0
122729.0
122730.0
122732.0
122768.0
122769.0
122770.0
122771.0
122773.0
122784.0
122786.0
122787.0
122788.0
122789.0
122790.0
122791.0
122792.0
122828.0
122829.0
122830.0
122831.0
122832.0
122834.0
122835.0
122837.0
122843.0
122844.0
122846.0
122847.0
122888.0
122889.0
122890.0
122891.0
122892.0
122893.0
122895.0
122896.0
122904.0
122906.0
122907.0
122908.0
122948.0
122949.0
122950.0
122951.0
122952.0
122953.0
122964.0
122965.0
122966.0
122967.0
122968.0
122969.0
122970.0
122971.0
122972.0
123008.0
123009.0
123010.0
123011.0
123014.0
123024.0
123026.0
123027.0
123028.0
123030.0
123067.0
123068.0
123069.0
123070.0
123071.0
123074.0
123084.0
123087.0
123088.0
123089.0
123129.0
123130.0
123131.0
123133.0
123135.0
123143.0
123144.0
123146.0
123147.0
123148.0
123188.0
123189.0
123191.0
123192.0
123193.0
123194.0
123198.0
123203.0
123204.0
123206.0
123207.0
123208.0
123209.0
123248.0
123249.0
123250.0
123251.0
123252.0
123253.0
123256.0
123264.0
123266.0
123267.0
123268.0
123269.0
123271.0
123272.0
123273.0
123308.0
123310.0
123311.0
123312.0
123313.0
123314.0
123323.0
123324.0
123326.0
123327.0
123328.0
123329.0
123330.0
123331.0
123332.0
123368.0
123369.0
123370.0
123371.0
123372.0
123373.0
123374.0
123384.0
123385.0
123387.0
123389.0
123390.0
123391.0
123424.0
123427.0
123428.0
123429.0
123430.0
123431.0
123432.0
123433.0
123436.0
123443.0
123444.0
123446.0
123447.0
123448.0
123488.0
123489.0
123491.0
123492.0
123493.0
123495.0
123501.0
123504.0
123505.0
123506.0
123507.0
123508.0
123509.0
123548.0
123549.0
123550.0
123551.0
123553.0
123554.0
123555.0
123563.0
123564.0
123566.0
123567.0
123568.0
123569.0
123570.0
123572.0
123608.0
123609.0
123611.0
123613.0
123614.0
123623.0
123624.0
123625.0
123626.0
123627.0
123628.0
123629.0
123669.0
123671.0
123674.0
123684.0
123686.0
123687.0
123688.0
123690.0
123691.0
123692.0
123729.0
123730.0
123731.0
123734.0
123743.0
123744.0
123746.0
123747.0
123748.0
123749.0
123750.0
123751.0
123752.0
123791.0
123792.0
123794.0
123804.0
123807.0
123808.0
123809.0
123811.0
123850.0
123851.0
123852.0
123853.0
123855.0
123856.0
123863.0
123864.0
123866.0
123867.0
123868.0
123869.0
123870.0
123871.0
123896.0
123911.0
123912.0
123924.0
123926.0
123927.0
123928.0
123929.0
123930.0
123932.0
123965.0
123971.0
123973.0
123974.0
123984.0
123985.0
123986.0
123987.0
123988.0
123989.0
123990.0
124029.0
124031.0
124034.0
124043.0
124045.0
124046.0
124047.0
124091.0
124093.0
124094.0
124095.0
124098.0
124104.0
124105.0
124107.0
124108.0
124109.0
124150.0
124151.0
124155.0
124156.0
124163.0
124164.0
124165.0
124166.0
124167.0
124168.0
124169.0
124171.0
124211.0
124224.0
124227.0
124228.0
124229.0
124230.0
124231.0
124232.0
124270.0
124271.0
124272.0
124286.0
124287.0
124288.0
124289.0
124290.0
124291.0
124292.0
124330.0
124331.0
124332.0
124333.0
124334.0
124335.0
124336.0
124344.0
124345.0
124346.0
124347.0
124348.0
124349.0
124351.0
124352.0
124391.0
124392.0
124403.0
124404.0
124406.0
124451.0
124452.0
124454.0
124455.0
124463.0
124464.0
124466.0
124467.0
124510.0
124511.0
124512.0
124513.0
124514.0
124515.0
124516.0
124517.0
124524.0
124571.0
124573.0
124583.0
124584.0
124585.0
124631.0
124632.0
124635.0
124644.0
124645.0
124647.0
124649.0
124650.0
124691.0
124704.0
124708.0
124750.0
124751.0
124753.0
124754.0
124764.0
124765.0
124811.0
124824.0
124825.0
124827.0
124871.0
124872.0
124873.0
124874.0
124876.0
124883.0
124884.0
124885.0
124887.0
124888.0
124930.0
124931.0
124932.0
124933.0
124935.0
124943.0
124944.0
124945.0
124991.0
124998.0
125004.0
125006.0
125050.0
125051.0
125052.0
125055.0
125064.0
125065.0
125067.0
125068.0
125110.0
125111.0
125113.0
125124.0
125171.0
125183.0
125184.0
125185.0
125186.0
125187.0
125188.0
125231.0
125232.0
125244.0
125247.0
125248.0
125291.0
125292.0
125294.0
125304.0
125305.0
125307.0
125308.0
125328.0
125333.0
125337.0
125349.0
125350.0
125351.0
125352.0
125354.0
125364.0
125366.0
125396.0
125397.0
125398.0
125400.0
125406.0
125410.0
125411.0
125412.0
125424.0
125426.0
125427.0
125429.0
125431.0
125456.0
125461.0
125462.0
125464.0
125468.0
125470.0
125471.0
125479.0
125483.0
125484.0
125485.0
125486.0
125487.0
125488.0
125489.0
125490.0
125491.0
125492.0
125516.0
125524.0
125526.0
125527.0
125528.0
125531.0
125545.0
125546.0
125547.0
125550.0
125551.0
125577.0
125579.0
125607.0
125609.0
125610.0
125642.0
125643.0
125648.0
125649.0
125666.0
125667.0
125668.0
125670.0
125671.0
125696.0
125697.0
125698.0
125704.0
125712.0
125727.0
125729.0
125731.0
125751.0
125758.0
125760.0
125787.0
125788.0
125789.0
125791.0
125792.0
125799.0
125800.0
125801.0
125806.0
125807.0
125808.0
125809.0
125813.0
125847.0
125848.0
125852.0
125853.0
125857.0
125863.0
125872.0
125903.0
125904.0
125907.0
125909.0
125910.0
125912.0
125913.0
125926.0
125962.0
125966.0
125967.0
125968.0
125969.0
125971.0
125972.0
125974.0
126022.0
126026.0
126027.0
126028.0
126029.0
126031.0
126032.0
126033.0
126034.0
126087.0
126088.0
126089.0
126090.0
126091.0
126094.0
126095.0
126096.0
126097.0
126147.0
126148.0
126149.0
126150.0
126151.0
126152.0
126153.0
126155.0
126157.0
126160.0
126161.0
126163.0
126164.0
126166.0
126172.0
126201.0
126207.0
126210.0
126267.0
126269.0
126270.0
126271.0
126296.0
126298.0
126299.0
126300.0
126327.0
126328.0
126329.0
126330.0
126331.0
126332.0
126387.0
126388.0
126389.0
126390.0
126391.0
126392.0
126393.0
126447.0
126448.0
126449.0
126507.0
126509.0
126510.0
126511.0
126512.0
126567.0
126568.0
126569.0
126570.0
126572.0
126627.0
126629.0
126630.0
126683.0
126684.0
126686.0
126687.0
126688.0
126689.0
126690.0
126691.0
126725.0
126728.0
126730.0
126731.0
126733.0
126734.0
126735.0
126736.0
126744.0
126745.0
126747.0
126748.0
126749.0
126750.0
126751.0
126752.0
126788.0
126789.0
126790.0
126791.0
126792.0
126793.0
126795.0
126805.0
126806.0
126807.0
126808.0
126809.0
126811.0
126848.0
126849.0
126850.0
126851.0
126853.0
126854.0
126864.0
126865.0
126867.0
126868.0
126869.0
126870.0
126871.0
126872.0
126909.0
126910.0
126911.0
126913.0
126914.0
126915.0
126923.0
126924.0
126926.0
126927.0
126928.0
126929.0
126930.0
126931.0
126932.0
126967.0
126968.0
126970.0
126971.0
126973.0
126975.0
126984.0
126985.0
126987.0
126988.0
126991.0
127023.0
127028.0
127029.0
127031.0
127033.0
127043.0
127044.0
127047.0
127048.0
127049.0
127090.0
127091.0
127092.0
127093.0
127096.0
127101.0
127104.0
127105.0
127107.0
127108.0
127109.0
127111.0
127148.0
127149.0
127150.0
127151.0
127152.0
127153.0
127155.0
127163.0
127164.0
127167.0
127168.0
127169.0
127171.0
127172.0
127208.0
127209.0
127210.0
127211.0
127212.0
127213.0
127215.0
127223.0
127224.0
127225.0
127227.0
127228.0
127229.0
127230.0
127231.0
127232.0
127267.0
127268.0
127270.0
127271.0
127272.0
127273.0
127274.0
127275.0
127285.0
127287.0
127288.0
127289.0
127290.0
127291.0
127292.0
127328.0
127329.0
127330.0
127331.0
127333.0
127335.0
127344.0
127347.0
127349.0
127350.0
127351.0
127352.0
127387.0
127388.0
127390.0
127391.0
127392.0
127393.0
127395.0
127396.0
127403.0
127404.0
127406.0
127407.0
127410.0
127448.0
127449.0
127450.0
127451.0
127452.0
127453.0
127464.0
127466.0
127467.0
127468.0
127508.0
127509.0
127510.0
127511.0
127513.0
127514.0
127524.0
127525.0
127527.0
127528.0
127529.0
127530.0
127531.0
127532.0
127565.0
127568.0
127570.0
127571.0
127573.0
127575.0
127583.0
127585.0
127586.0
127587.0
127588.0
127589.0
127590.0
127628.0
127629.0
127630.0
127631.0
127632.0
127633.0
127634.0
127635.0
127644.0
127647.0
127649.0
127650.0
127688.0
127690.0
127691.0
127693.0
127695.0
127704.0
127705.0
127707.0
127708.0
127710.0
127711.0
127750.0
127751.0
127752.0
127753.0
127755.0
127763.0
127764.0
127765.0
127766.0
127767.0
127768.0
127769.0
127770.0
127771.0
127809.0
127810.0
127811.0
127814.0
127824.0
127825.0
127827.0
127828.0
127829.0
127831.0
127832.0
127833.0
127868.0
127870.0
127871.0
127872.0
127874.0
127883.0
127884.0
127887.0
127888.0
127889.0
127890.0
127931.0
127932.0
127936.0
127943.0
127944.0
127945.0
127947.0
127990.0
127991.0
127992.0
127993.0
128001.0
128003.0
128007.0
128008.0
128009.0
128010.0
128051.0
128053.0
128064.0
128065.0
128066.0
128067.0
128068.0
128069.0
128070.0
128071.0
128112.0
128114.0
128115.0
128124.0
128127.0
128129.0
128130.0
128171.0
128175.0
128184.0
128185.0
128187.0
128190.0
128231.0
128232.0
128233.0
128234.0
128235.0
128236.0
128243.0
128244.0
128246.0
128247.0
128248.0
128249.0
128250.0
128291.0
128292.0
128295.0
128303.0
128304.0
128305.0
128306.0
128307.0
128308.0
128311.0
128351.0
128354.0
128355.0
128364.0
128365.0
128367.0
128368.0
128369.0
128371.0
128372.0
128373.0
128411.0
128414.0
128423.0
128424.0
128425.0
128426.0
128427.0
128428.0
128429.0
128465.0
128470.0
128471.0
128472.0
128474.0
128475.0
128476.0
128484.0
128487.0
128488.0
128489.0
128531.0
128533.0
128534.0
128535.0
128544.0
128547.0
128590.0
128591.0
128593.0
128596.0
128598.0
128604.0
128605.0
128607.0
128650.0
128651.0
128654.0
128656.0
128664.0
128711.0
128712.0
128723.0
128725.0
128727.0
128770.0
128771.0
128772.0
128784.0
128785.0
128786.0
128788.0
128789.0
128830.0
128831.0
128832.0
128834.0
128835.0
128836.0
128844.0
128846.0
128890.0
128891.0
128894.0
128904.0
128906.0
128908.0
128951.0
128963.0
128964.0
128965.0
128966.0
128968.0
128969.0
129011.0
129012.0
129013.0
129014.0
129015.0
129024.0
129026.0
129071.0
129072.0
129075.0
129084.0
129086.0
129131.0
129132.0
129135.0
129144.0
129145.0
129147.0
129148.0
129190.0
129191.0
129192.0
129193.0
129195.0
129196.0
129197.0
129204.0
129206.0
129251.0
129255.0
129256.0
129263.0
129264.0
129311.0
129314.0
129324.0
129325.0
129326.0
129327.0
129328.0
129370.0
129371.0
129384.0
129386.0
129388.0
129430.0
129431.0
129432.0
129435.0
129444.0
129475.0
129477.0
129478.0
129484.0
129491.0
129493.0
129494.0
129496.0
129498.0
129504.0
129505.0
129506.0
129507.0
129508.0
129510.0
129526.0
129531.0
129535.0
129536.0
129540.0
129542.0
129564.0
129565.0
129566.0
129567.0
129568.0
129570.0
129571.0
129587.0
129591.0
129594.0
129595.0
129597.0
129598.0
129599.0
129600.0
129601.0
129602.0
129624.0
129625.0
129626.0
129627.0
129628.0
129629.0
129630.0
129631.0
129632.0
129646.0
129651.0
129658.0
129662.0
129665.0
129687.0
129688.0
129689.0
129690.0
129691.0
129715.0
129721.0
129747.0
129750.0
129778.0
129779.0
129780.0
129783.0
129784.0
129790.0
129801.0
129807.0
129808.0
129809.0
129811.0
129812.0
129830.0
129836.0
129837.0
129838.0
129840.0
129843.0
129867.0
129868.0
129869.0
129870.0
129871.0
129872.0
129897.0
129900.0
129901.0
129904.0
129927.0
129928.0
129929.0
129930.0
129931.0
129932.0
129960.0
129968.0
129969.0
129972.0
129976.0
129978.0
129987.0
129988.0
129989.0
129990.0
130020.0
130023.0
130025.0
130027.0
130047.0
130048.0
130050.0
130051.0
130078.0
130079.0
130080.0
130107.0
130108.0
130109.0
130112.0
130123.0
130124.0
130128.0
130129.0
130131.0
130132.0
130134.0
130135.0
130139.0
130141.0
130143.0
130167.0
130168.0
130169.0
130170.0
130171.0
130172.0
130178.0
130182.0
130183.0
130184.0
130195.0
130197.0
130227.0
130228.0
130229.0
130242.0
130245.0
130247.0
130248.0
130287.0
130288.0
130289.0
130290.0
130291.0
130292.0
130347.0
130348.0
130351.0
130352.0
130375.0
130407.0
130408.0
130467.0
130468.0
130469.0
130472.0
130527.0
130528.0
130529.0
130530.0
130532.0
130587.0
130589.0
130647.0
130648.0
130649.0
130650.0
130652.0
130701.0
130707.0
130708.0
130711.0
130767.0
130768.0
130769.0
130771.0
130772.0
130808.0
130809.0
130810.0
130811.0
130812.0
130814.0
130824.0
130827.0
130828.0
130829.0
130868.0
130869.0
130870.0
130871.0
130873.0
130874.0
130884.0
130887.0
130888.0
130889.0
130890.0
130891.0
130892.0
130928.0
130929.0
130930.0
130931.0
130932.0
130934.0
130936.0
130944.0
130946.0
130947.0
130948.0
130988.0
130989.0
130990.0
130991.0
130993.0
130994.0
130996.0
130997.0
131004.0
131007.0
131008.0
131010.0
131011.0
131012.0
131048.0
131049.0
131050.0
131051.0
131055.0
131064.0
131065.0
131066.0
131067.0
131068.0
131070.0
131071.0
131108.0
131109.0
131111.0
131113.0
131114.0
131124.0
131125.0
131127.0
131128.0
131129.0
131168.0
131169.0
131170.0
131171.0
131172.0
131173.0
131174.0
131186.0
131187.0
131188.0
131189.0
131190.0
131191.0
131192.0
131193.0
131228.0
131229.0
131230.0
131231.0
131232.0
131233.0
131234.0
131235.0
131237.0
131244.0
131245.0
131247.0
131248.0
131250.0
131288.0
131289.0
131291.0
131293.0
131294.0
131295.0
131298.0
131304.0
131305.0
131306.0
131307.0
131308.0
131348.0
131349.0
131350.0
131351.0
131353.0
131354.0
131364.0
131365.0
131368.0
131369.0
131370.0
131371.0
131373.0
131408.0
131409.0
131410.0
131411.0
131412.0
131414.0
131415.0
131424.0
131427.0
131428.0
131429.0
131431.0
131432.0
131433.0
131434.0
131468.0
131469.0
131470.0
131471.0
131473.0
131474.0
131484.0
131487.0
131488.0
131490.0
131491.0
131492.0
131523.0
131524.0
131528.0
131529.0
131530.0
131531.0
131532.0
131534.0
131535.0
131544.0
131547.0
131548.0
131550.0
131552.0
131588.0
131589.0
131590.0
131591.0
131593.0
131594.0
131596.0
131601.0
131604.0
131607.0
131608.0
131609.0
131610.0
131612.0
131648.0
131649.0
131651.0
131653.0
131654.0
131656.0
131664.0
131667.0
131668.0
131669.0
131670.0
131671.0
131673.0
131709.0
131710.0
131711.0
131713.0
131714.0
131716.0
131724.0
131726.0
131727.0
131728.0
131729.0
131730.0
131731.0
131732.0
131768.0
131769.0
131771.0
131774.0
131775.0
131784.0
131785.0
131787.0
131788.0
131789.0
131791.0
131828.0
131829.0
131831.0
131832.0
131833.0
131834.0
131844.0
131845.0
131846.0
131847.0
131848.0
131889.0
131890.0
131891.0
131892.0
131893.0
131894.0
131904.0
131905.0
131907.0
131908.0
131949.0
131950.0
131951.0
131952.0
131954.0
131955.0
131956.0
131964.0
131967.0
131968.0
131970.0
131971.0
132011.0
132013.0
132024.0
132026.0
132027.0
132028.0
132029.0
132030.0
132031.0
132032.0
132065.0
132071.0
132084.0
132086.0
132087.0
132088.0
132089.0
132091.0
132131.0
132132.0
132134.0
132135.0
132136.0
132144.0
132145.0
132147.0
132148.0
132149.0
132150.0
132151.0
132152.0
132191.0
132193.0
132194.0
132196.0
132198.0
132204.0
132207.0
132208.0
132209.0
132210.0
132212.0
132251.0
132255.0
132264.0
132266.0
132267.0
132268.0
132269.0
132270.0
132271.0
132311.0
132313.0
132324.0
132325.0
132326.0
132327.0
132328.0
132329.0
132330.0
132331.0
132332.0
132371.0
132374.0
132375.0
132384.0
132387.0
132388.0
132389.0
132390.0
132392.0
132393.0
132431.0
132432.0
132433.0
132444.0
132445.0
132446.0
132448.0
132449.0
132451.0
132452.0
132491.0
132492.0
132501.0
132504.0
132505.0
132506.0
132507.0
132508.0
132551.0
132552.0
132564.0
132567.0
132568.0
132569.0
132570.0
132571.0
132572.0
132573.0
132611.0
132613.0
132614.0
132616.0
132624.0
132627.0
132628.0
132629.0
132630.0
132631.0
132633.0
132671.0
132684.0
132687.0
132731.0
132732.0
132733.0
132734.0
132735.0
132736.0
132744.0
132745.0
132747.0
132748.0
132749.0
132791.0
132792.0
132794.0
132795.0
132804.0
132851.0
132852.0
132864.0
132865.0
132869.0
132911.0
132912.0
132913.0
132916.0
132924.0
132927.0
132928.0
132965.0
132971.0
132974.0
132984.0
133031.0
133035.0
133036.0
133044.0
133046.0
133047.0
133049.0
133091.0
133092.0
133093.0
133095.0
133098.0
133104.0
133105.0
133151.0
133164.0
133167.0
133211.0
133212.0
133215.0
133224.0
133225.0
133227.0
133228.0
133229.0
133271.0
133284.0
133285.0
133288.0
133331.0
133344.0
133345.0
133347.0
133348.0
133391.0
133392.0
133393.0
133395.0
133396.0
133404.0
133405.0
133451.0
133453.0
133464.0
133465.0
133466.0
133467.0
133468.0
133469.0
133511.0
133514.0
133524.0
133525.0
133527.0
133528.0
133529.0
133530.0
133544.0
133545.0
133550.0
133560.0
133571.0
133584.0
133587.0
133588.0
133590.0
133591.0
133601.0
133607.0
133608.0
133609.0
133610.0
133613.0
133615.0
133617.0
133644.0
133645.0
133647.0
133648.0
133650.0
133663.0
133665.0
133666.0
133668.0
133671.0
133673.0
133704.0
133705.0
133706.0
133707.0
133708.0
133709.0
133727.0
133728.0
133729.0
133730.0
133735.0
133740.0
133767.0
133768.0
133769.0
133770.0
133771.0
133787.0
133788.0
133793.0
133794.0
133827.0
133828.0
133829.0
133830.0
133831.0
133832.0
133833.0
133845.0
133847.0
133851.0
133852.0
133888.0
133889.0
133892.0
133902.0
133906.0
133909.0
133911.0
133913.0
133914.0
133915.0
133947.0
133948.0
133950.0
133951.0
133952.0
133966.0
134007.0
134008.0
134009.0
134010.0
134011.0
134012.0
134029.0
134030.0
134032.0
134033.0
134035.0
134037.0
134040.0
134042.0
134067.0
134068.0
134069.0
134070.0
134071.0
134072.0
134083.0
134085.0
134093.0
134094.0
134095.0
134096.0
134098.0
134099.0
134101.0
134105.0
134127.0
134128.0
134129.0
134130.0
134131.0
134132.0
134133.0
134152.0
134159.0
134187.0
134188.0
134191.0
134213.0
134214.0
134215.0
134219.0
134221.0
134224.0
134228.0
134229.0
134247.0
134248.0
134251.0
134267.0
134273.0
134275.0
134278.0
134281.0
134301.0
134307.0
134308.0
134336.0
134337.0
134338.0
134340.0
134342.0
134367.0
134368.0
134369.0
134370.0
134371.0
134372.0
134401.0
134403.0
134406.0
134409.0
134410.0
134411.0
134412.0
134413.0
134415.0
134417.0
134427.0
134428.0
134429.0
134430.0
134431.0
134432.0
134433.0
134487.0
134488.0
134489.0
134491.0
134547.0
134548.0
134550.0
134552.0
134607.0
134608.0
134610.0
134611.0
134667.0
134668.0
134669.0
134670.0
134672.0
134673.0
134674.0
134727.0
134728.0
134729.0
134731.0
134787.0
134788.0
134789.0
134790.0
134791.0
134792.0
134793.0
134847.0
134848.0
134849.0
134850.0
134851.0
134852.0
134889.0
134890.0
134891.0
134892.0
134893.0
134894.0
134895.0
134896.0
134904.0
134905.0
134906.0
134907.0
134908.0
134910.0
134949.0
134950.0
134951.0
134953.0
134954.0
134955.0
134964.0
134965.0
134967.0
134968.0
134969.0
134970.0
134971.0
134973.0
135009.0
135010.0
135011.0
135012.0
135013.0
135014.0
135015.0
135016.0
135024.0
135025.0
135026.0
135027.0
135028.0
135030.0
135031.0
135069.0
135070.0
135071.0
135072.0
135073.0
135075.0
135084.0
135086.0
135087.0
135088.0
135089.0
135090.0
135091.0
135123.0
135128.0
135130.0
135131.0
135132.0
135133.0
135134.0
135136.0
135146.0
135147.0
135148.0
135149.0
135150.0
135151.0
135189.0
135190.0
135191.0
135192.0
135193.0
135194.0
135195.0
135196.0
135197.0
135201.0
135205.0
135207.0
135208.0
135210.0
135211.0
135248.0
135249.0
135250.0
135251.0
135254.0
135255.0
135264.0
135266.0
135267.0
135268.0
135269.0
135270.0
135271.0
135272.0
135308.0
135310.0
135311.0
135315.0
135325.0
135327.0
135328.0
135329.0
135330.0
135331.0
135332.0
135333.0
135369.0
135370.0
135371.0
135372.0
135374.0
135384.0
135387.0
135388.0
135428.0
135429.0
135430.0
135431.0
135432.0
135433.0
135434.0
135435.0
135437.0
135444.0
135445.0
135447.0
135448.0
135449.0
135450.0
135451.0
135452.0
135453.0
135489.0
135490.0
135491.0
135494.0
135495.0
135504.0
135505.0
135507.0
135508.0
135509.0
135550.0
135551.0
135552.0
135554.0
135555.0
135556.0
135565.0
135567.0
135568.0
135569.0
135570.0
135571.0
135572.0
135608.0
135610.0
135611.0
135612.0
135613.0
135614.0
135615.0
135616.0
135617.0
135627.0
135628.0
135629.0
135630.0
135631.0
135632.0
135633.0
135668.0
135669.0
135670.0
135671.0
135672.0
135674.0
135675.0
135684.0
135685.0
135687.0
135688.0
135728.0
135730.0
135731.0
135732.0
135733.0
135734.0
135735.0
135745.0
135746.0
135747.0
135748.0
135749.0
135750.0
135788.0
135789.0
135790.0
135791.0
135792.0
135793.0
135794.0
135795.0
135796.0
135798.0
135804.0
135805.0
135807.0
135808.0
135810.0
135812.0
135848.0
135850.0
135851.0
135852.0
135853.0
135854.0
135855.0
135856.0
135864.0
135865.0
135867.0
135868.0
135869.0
135870.0
135871.0
135872.0
135873.0
135908.0
135909.0
135910.0
135911.0
135912.0
135913.0
135914.0
135915.0
135916.0
135924.0
135925.0
135927.0
135928.0
135929.0
135953.0
135955.0
135970.0
135971.0
135972.0
135973.0
135974.0
135975.0
135984.0
135985.0
135986.0
135987.0
135988.0
135990.0
135991.0
136025.0
136030.0
136031.0
136032.0
136033.0
136034.0
136035.0
136046.0
136047.0
136048.0
136049.0
136051.0
136052.0
136053.0
136091.0
136092.0
136101.0
136104.0
136105.0
136106.0
136107.0
136108.0
136109.0
136151.0
136152.0
136156.0
136164.0
136165.0
136167.0
136168.0
136169.0
136170.0
136171.0
136172.0
136211.0
136213.0
136214.0
136225.0
136227.0
136228.0
136229.0
136230.0
136231.0
136271.0
136272.0
136273.0
136284.0
136286.0
136287.0
136288.0
136289.0
136291.0
136292.0
136333.0
136335.0
136344.0
136345.0
136346.0
136347.0
136348.0
136349.0
136350.0
136351.0
136352.0
136392.0
136393.0
136395.0
136396.0
136404.0
136405.0
136406.0
136407.0
136408.0
136409.0
136410.0
136411.0
136412.0
136451.0
136452.0
136453.0
136464.0
136465.0
136467.0
136468.0
136469.0
136470.0
136471.0
136472.0
136512.0
136514.0
136524.0
136525.0
136526.0
136527.0
136528.0
136529.0
136530.0
136531.0
136532.0
136565.0
136571.0
136573.0
136577.0
136584.0
136585.0
136587.0
136588.0
136589.0
136590.0
136591.0
136633.0
136635.0
136636.0
136644.0
136646.0
136647.0
136648.0
136649.0
136650.0
136651.0
136652.0
136692.0
136693.0
136694.0
136696.0
136704.0
136705.0
136707.0
136708.0
136709.0
136710.0
136751.0
136752.0
136753.0
136755.0
136757.0
136764.0
136765.0
136767.0
136768.0
136769.0
136811.0
136812.0
136814.0
136816.0
136824.0
136825.0
136828.0
136872.0
136873.0
136884.0
136885.0
136886.0
136890.0
136931.0
136934.0
136944.0
136945.0
136946.0
136949.0
136991.0
136992.0
137004.0
137005.0
137006.0
137052.0
137055.0
137056.0
137064.0
137065.0
137066.0
137069.0
137112.0
137115.0
137124.0
137125.0
137171.0
137172.0
137174.0
137175.0
137184.0
137185.0
137186.0
137233.0
137236.0
137245.0
137247.0
137291.0
137293.0
137294.0
137295.0
137297.0
137305.0
137351.0
137352.0
137354.0
137355.0
137364.0
137365.0
137368.0
137411.0
137412.0
137413.0
137424.0
137425.0
137430.0
137472.0
137473.0
137484.0
137485.0
137486.0
137533.0
137534.0
137545.0
137549.0
137591.0
137592.0
137595.0
137598.0
137604.0
137605.0
137607.0
137614.0
137617.0
137652.0
137654.0
137655.0
137664.0
137665.0
137667.0
137668.0
137669.0
137670.0
137672.0
137677.0
137678.0
137680.0
137681.0
137682.0
137685.0
137687.0
137689.0
137724.0
137725.0
137726.0
137727.0
137728.0
137729.0
137730.0
137731.0
137733.0
137734.0
137754.0
137755.0
137756.0
137760.0
137761.0
137784.0
137785.0
137786.0
137787.0
137788.0
137789.0
137790.0
137792.0
137817.0
137818.0
137819.0
137823.0
137824.0
137848.0
137849.0
137850.0
137851.0
137866.0
137871.0
137872.0
137875.0
137881.0
137884.0
137889.0
137901.0
137907.0
137908.0
137909.0
137910.0
137936.0
137938.0
137939.0
137940.0
137941.0
137943.0
137944.0
137968.0
137969.0
137970.0
137971.0
137972.0
137973.0
137992.0
137994.0
137996.0
137998.0
138000.0
138002.0
138027.0
138028.0
138030.0
138032.0
138047.0
138048.0
138053.0
138057.0
138058.0
138062.0
138088.0
138089.0
138090.0
138091.0
138092.0
138093.0
138106.0
138107.0
138108.0
138110.0
138112.0
138114.0
138147.0
138148.0
138149.0
138150.0
138151.0
138169.0
138173.0
138208.0
138209.0
138211.0
138212.0
138213.0
138232.0
138240.0
138248.0
138259.0
138260.0
138262.0
138263.0
138264.0
138268.0
138269.0
138270.0
138271.0
138272.0
138292.0
138293.0
138327.0
138328.0
138329.0
138330.0
138331.0
138332.0
138333.0
138352.0
138353.0
138354.0
138355.0
138359.0
138363.0
138372.0
138387.0
138388.0
138389.0
138390.0
138391.0
138392.0
138420.0
138422.0
138423.0
138429.0
138448.0
138449.0
138450.0
138452.0
138453.0
138475.0
138476.0
138484.0
138508.0
138509.0
138510.0
138528.0
138529.0
138567.0
138568.0
138569.0
138570.0
138572.0
138627.0
138628.0
138629.0
138630.0
138631.0
138632.0
138633.0
138634.0
138688.0
138689.0
138691.0
138692.0
138732.0
138747.0
138748.0
138749.0
138750.0
138751.0
138752.0
138753.0
138802.0
138807.0
138808.0
138809.0
138810.0
138811.0
138812.0
138813.0
138868.0
138870.0
138927.0
138928.0
138930.0
138932.0
138933.0
138970.0
138971.0
138972.0
138973.0
138974.0
138976.0
138984.0
138985.0
138987.0
138988.0
138989.0
139028.0
139029.0
139031.0
139033.0
139034.0
139035.0
139044.0
139047.0
139048.0
139049.0
139050.0
139051.0
139052.0
139054.0
139079.0
139083.0
139084.0
139085.0
139088.0
139090.0
139091.0
139092.0
139094.0
139104.0
139105.0
139107.0
139108.0
139109.0
139110.0
139111.0
139148.0
139149.0
139151.0
139152.0
139153.0
139154.0
139164.0
139165.0
139166.0
139168.0
139169.0
139170.0
139171.0
139173.0
139208.0
139211.0
139212.0
139213.0
139214.0
139215.0
139216.0
139217.0
139225.0
139226.0
139228.0
139229.0
139230.0
139231.0
139232.0
139265.0
139269.0
139271.0
139272.0
139273.0
139274.0
139284.0
139285.0
139287.0
139288.0
139289.0
139290.0
139328.0
139329.0
139331.0
139332.0
139334.0
139336.0
139345.0
139348.0
139351.0
139352.0
139388.0
139389.0
139390.0
139392.0
139394.0
139406.0
139407.0
139408.0
139409.0
139410.0
139412.0
139413.0
139448.0
139449.0
139452.0
139454.0
139455.0
139456.0
139465.0
139467.0
139468.0
139469.0
139470.0
139471.0
139508.0
139509.0
139510.0
139511.0
139512.0
139513.0
139514.0
139515.0
139516.0
139525.0
139528.0
139531.0
139532.0
139553.0
139568.0
139569.0
139570.0
139571.0
139572.0
139573.0
139574.0
139584.0
139585.0
139586.0
139587.0
139588.0
139589.0
139590.0
139592.0
139623.0
139624.0
139628.0
139629.0
139630.0
139631.0
139632.0
139633.0
139634.0
139636.0
139644.0
139645.0
139646.0
139648.0
139649.0
139650.0
139651.0
139652.0
139688.0
139689.0
139691.0
139692.0
139694.0
139695.0
139696.0
139701.0
139702.0
139704.0
139705.0
139706.0
139707.0
139708.0
139709.0
139710.0
139711.0
139748.0
139749.0
139750.0
139752.0
139753.0
139754.0
139765.0
139766.0
139767.0
139768.0
139769.0
139770.0
139772.0
139808.0
139809.0
139811.0
139812.0
139813.0
139814.0
139815.0
139816.0
139825.0
139828.0
139829.0
139831.0
139868.0
139869.0
139871.0
139872.0
139873.0
139874.0
139875.0
139884.0
139885.0
139888.0
139889.0
139890.0
139891.0
139892.0
139893.0
139929.0
139930.0
139931.0
139932.0
139933.0
139934.0
139945.0
139946.0
139947.0
139948.0
139949.0
139950.0
139951.0
139952.0
139988.0
139989.0
139990.0
139991.0
139992.0
139993.0
139994.0
139995.0
139997.0
140005.0
140006.0
140008.0
140009.0
140011.0
140012.0
140049.0
140051.0
140052.0
140053.0
140054.0
140055.0
140056.0
140065.0
140067.0
140068.0
140069.0
140070.0
140071.0
140073.0
140109.0
140110.0
140111.0
140112.0
140114.0
140115.0
140124.0
140125.0
140126.0
140128.0
140129.0
140130.0
140131.0
140132.0
140165.0
140171.0
140172.0
140173.0
140185.0
140186.0
140187.0
140188.0
140189.0
140190.0
140191.0
140192.0
140231.0
140232.0
140233.0
140245.0
140247.0
140248.0
140249.0
140250.0
140251.0
140252.0
140253.0
140291.0
140293.0
140295.0
140298.0
140305.0
140308.0
140309.0
140311.0
140351.0
140353.0
140366.0
140368.0
140369.0
140371.0
140372.0
140411.0
140412.0
140413.0
140424.0
140425.0
140427.0
140428.0
140429.0
140430.0
140431.0
140432.0
140433.0
140472.0
140473.0
140485.0
140486.0
140487.0
140488.0
140489.0
140490.0
140491.0
140492.0
140531.0
140532.0
140533.0
140534.0
140545.0
140548.0
140549.0
140550.0
140551.0
140591.0
140592.0
140593.0
140594.0
140602.0
140605.0
140607.0
140608.0
140610.0
140611.0
140652.0
140654.0
140655.0
140656.0
140657.0
140664.0
140665.0
140668.0
140669.0
140672.0
140673.0
140711.0
140712.0
140725.0
140726.0
140727.0
140728.0
140729.0
140730.0
140731.0
140732.0
140771.0
140772.0
140774.0
140785.0
140787.0
140788.0
140789.0
140790.0
140791.0
140792.0
140793.0
140831.0
140833.0
140834.0
140837.0
140845.0
140846.0
140848.0
140851.0
140892.0
140895.0
140905.0
140907.0
140908.0
140909.0
140910.0
140911.0
140952.0
140953.0
140954.0
140956.0
140964.0
140965.0
140966.0
140968.0
140969.0
140971.0
141011.0
141014.0
141015.0
141025.0
141026.0
141071.0
141072.0
141084.0
141085.0
141087.0
141088.0
141134.0
141135.0
141145.0
141146.0
141147.0
141148.0
141149.0
141150.0
141192.0
141194.0
141195.0
141198.0
141205.0
141206.0
141208.0
141251.0
141252.0
141253.0
141254.0
141255.0
141264.0
141265.0
141266.0
141268.0
141269.0
141270.0
141311.0
141312.0
141313.0
141315.0
141316.0
141325.0
141328.0
141371.0
141372.0
141374.0
141384.0
141385.0
141389.0
141390.0
141431.0
141432.0
141433.0
141435.0
141436.0
141437.0
141445.0
141446.0
141449.0
141491.0
141492.0
141496.0
141497.0
141505.0
141506.0
141508.0
141509.0
141551.0
141552.0
141565.0
141566.0
141567.0
141612.0
141616.0
141625.0
141626.0
141627.0
141628.0
141671.0
141672.0
141674.0
141675.0
141685.0
141686.0
141687.0
141732.0
141733.0
141736.0
141744.0
141746.0
141747.0
141749.0
141792.0
141793.0
141795.0
141796.0
141799.0
141800.0
141804.0
141805.0
141806.0
141807.0
141808.0
141809.0
141810.0
141811.0
141812.0
141813.0
141857.0
141859.0
141864.0
141865.0
141866.0
141867.0
141868.0
141869.0
141870.0
141871.0
141872.0
141873.0
141920.0
141924.0
141925.0
141926.0
141927.0
141928.0
141929.0
141930.0
141931.0
141932.0
141933.0
141934.0
141947.0
141980.0
141981.0
141982.0
141985.0
141986.0
141987.0
141988.0
141989.0
141991.0
142036.0
142040.0
142041.0
142042.0
142043.0
142048.0
142049.0
142051.0
142053.0
142091.0
142093.0
142097.0
142098.0
142099.0
142100.0
142102.0
142103.0
142108.0
142109.0
142110.0
142112.0
142116.0
142155.0
142156.0
142159.0
142161.0
142168.0
142170.0
142172.0
142214.0
142216.0
142217.0
142220.0
142221.0
142222.0
142224.0
142225.0
142228.0
142229.0
142230.0
142231.0
142233.0
142235.0
142236.0
142280.0
142281.0
142285.0
142286.0
142287.0
142288.0
142289.0
142307.0
142332.0
142343.0
142345.0
142348.0
142349.0
142350.0
142351.0
142352.0
142353.0
142354.0
142402.0
142408.0
142409.0
142410.0
142411.0
142415.0
142420.0
142421.0
142422.0
142423.0
142424.0
142425.0
142426.0
142468.0
142470.0
142471.0
142472.0
142483.0
142485.0
142486.0
142487.0
142528.0
142529.0
142531.0
142588.0
142589.0
142590.0
142591.0
142592.0
142614.0
142615.0
142617.0
142618.0
142619.0
142620.0
142622.0
142623.0
142625.0
142648.0
142650.0
142651.0
142677.0
142678.0
142679.0
142708.0
142709.0
142710.0
142712.0
142768.0
142769.0
142770.0
142771.0
142772.0
142828.0
142830.0
142833.0
142888.0
142889.0
142948.0
142949.0
142950.0
142951.0
143008.0
143012.0
143064.0
143065.0
143068.0
143069.0
143070.0
143072.0
143073.0
143108.0
143109.0
143111.0
143112.0
143113.0
143125.0
143127.0
143128.0
143129.0
143130.0
143154.0
143168.0
143169.0
143170.0
143172.0
143173.0
143174.0
143175.0
143186.0
143187.0
143188.0
143190.0
143192.0
143224.0
143225.0
143228.0
143230.0
143231.0
143232.0
143234.0
143235.0
143245.0
143247.0
143248.0
143249.0
143250.0
143251.0
143252.0
143253.0
143289.0
143290.0
143294.0
143295.0
143302.0
143305.0
143306.0
143308.0
143309.0
143310.0
143311.0
143312.0
143349.0
143350.0
143351.0
143352.0
143354.0
143355.0
143356.0
143365.0
143367.0
143368.0
143370.0
143371.0
143373.0
143409.0
143410.0
143412.0
143413.0
143414.0
143415.0
143417.0
143419.0
143425.0
143426.0
143428.0
143429.0
143430.0
143468.0
143469.0
143470.0
143471.0
143472.0
143474.0
143485.0
143487.0
143488.0
143489.0
143491.0
143492.0
143493.0
143530.0
143532.0
143534.0
143535.0
143544.0
143545.0
143546.0
143547.0
143548.0
143549.0
143550.0
143552.0
143590.0
143591.0
143592.0
143594.0
143595.0
143597.0
143605.0
143608.0
143610.0
143611.0
143613.0
143649.0
143650.0
143651.0
143652.0
143654.0
143655.0
143664.0
143665.0
143668.0
143672.0
143709.0
143710.0
143712.0
143713.0
143716.0
143725.0
143726.0
143727.0
143728.0
143729.0
143730.0
143731.0
143733.0
143765.0
143768.0
143769.0
143770.0
143771.0
143772.0
143774.0
143775.0
143776.0
143777.0
143785.0
143788.0
143789.0
143791.0
143792.0
143828.0
143830.0
143831.0
143832.0
143833.0
143834.0
143835.0
143836.0
143837.0
143845.0
143848.0
143849.0
143851.0
143852.0
143853.0
143854.0
143890.0
143892.0
143893.0
143894.0
143895.0
143905.0
143907.0
143908.0
143909.0
143910.0
143911.0
143948.0
143950.0
143951.0
143952.0
143953.0
143954.0
143955.0
143956.0
143968.0
144008.0
144010.0
144011.0
144012.0
144014.0
144015.0
144025.0
144026.0
144028.0
144029.0
144030.0
144031.0
144035.0
144068.0
144069.0
144070.0
144072.0
144074.0
144075.0
144076.0
144085.0
144086.0
144088.0
144089.0
144090.0
144125.0
144130.0
144131.0
144132.0
144135.0
144145.0
144146.0
144147.0
144148.0
144149.0
144150.0
144151.0
144190.0
144191.0
144192.0
144193.0
144194.0
144195.0
144202.0
144205.0
144206.0
144207.0
144208.0
144209.0
144210.0
144211.0
144212.0
144213.0
144250.0
144251.0
144252.0
144255.0
144265.0
144268.0
144269.0
144270.0
144271.0
144272.0
144312.0
144313.0
144316.0
144317.0
144325.0
144328.0
144330.0
144331.0
144332.0
144372.0
144373.0
144375.0
144377.0
144385.0
144388.0
144389.0
144390.0
144432.0
144445.0
144446.0
144448.0
144449.0
144450.0
144451.0
144452.0
144492.0
144495.0
144496.0
144497.0
144505.0
144507.0
144508.0
144509.0
144510.0
144511.0
144512.0
144513.0
144514.0
144552.0
144553.0
144554.0
144555.0
144557.0
144565.0
144568.0
144569.0
144612.0
144613.0
144614.0
144616.0
144617.0
144625.0
144626.0
144627.0
144628.0
144629.0
144630.0
144631.0
144632.0
144633.0
144671.0
144672.0
144673.0
144676.0
144685.0
144687.0
144688.0
144689.0
144732.0
144745.0
144746.0
144747.0
144748.0
144749.0
144750.0
144752.0
144753.0
144754.0
144792.0
144793.0
144798.0
144805.0
144807.0
144808.0
144809.0
144810.0
144812.0
144814.0
144852.0
144853.0
144854.0
144856.0
144857.0
144858.0
144865.0
144866.0
144869.0
144872.0
144911.0
144913.0
144914.0
144915.0
144917.0
144925.0
144927.0
144928.0
144929.0
144930.0
144972.0
144973.0
144976.0
144985.0
144986.0
144987.0
144988.0
144989.0
145032.0
145034.0
145035.0
145045.0
145046.0
145047.0
145049.0
145050.0
145092.0
145094.0
145105.0
145108.0
145151.0
145152.0
145153.0
145154.0
145156.0
145165.0
145167.0
145169.0
145212.0
145214.0
145215.0
145225.0
145228.0
145272.0
145273.0
145274.0
145275.0
145276.0
145277.0
145285.0
145286.0
145287.0
145289.0
145290.0
145331.0
145332.0
145345.0
145346.0
145348.0
145349.0
145392.0
145394.0
145405.0
145407.0
145410.0
145452.0
145455.0
145456.0
145465.0
145512.0
145515.0
145516.0
145525.0
145527.0
145528.0
145529.0
145565.0
145572.0
145576.0
145585.0
145586.0
145629.0
145632.0
145634.0
145645.0
145646.0
145691.0
145692.0
145697.0
145698.0
145705.0
145706.0
145707.0
145752.0
145754.0
145755.0
145765.0
145768.0
145770.0
145805.0
145812.0
145814.0
145816.0
145825.0
145826.0
145827.0
145829.0
145831.0
145852.0
145853.0
145854.0
145855.0
145857.0
145858.0
145859.0
145860.0
145861.0
145862.0
145872.0
145873.0
145875.0
145885.0
145886.0
145888.0
145889.0
145890.0
145891.0
145893.0
145913.0
145915.0
145916.0
145917.0
145919.0
145920.0
145922.0
145933.0
145945.0
145946.0
145948.0
145949.0
145950.0
145953.0
145972.0
145976.0
145978.0
145980.0
145983.0
145986.0
145987.0
145988.0
146002.0
146005.0
146006.0
146007.0
146008.0
146009.0
146011.0
146033.0
146037.0
146039.0
146068.0
146069.0
146070.0
146072.0
146098.0
146100.0
146128.0
146129.0
146130.0
146131.0
146133.0
146134.0
146159.0
146160.0
146161.0
146163.0
146165.0
146166.0
146167.0
146168.0
146188.0
146189.0
146191.0
146193.0
146217.0
146218.0
146219.0
146221.0
146223.0
146224.0
146226.0
146248.0
146249.0
146251.0
146263.0
146264.0
146267.0
146268.0
146269.0
146271.0
146274.0
146275.0
146276.0
146278.0
146282.0
146286.0
146291.0
146293.0
146308.0
146309.0
146310.0
146311.0
146318.0
146319.0
146323.0
146325.0
146335.0
146368.0
146369.0
146370.0
146373.0
146376.0
146389.0
146421.0
146428.0
146429.0
146430.0
146431.0
146432.0
146434.0
146435.0
146438.0
146443.0
146483.0
146485.0
146488.0
146489.0
146490.0
146491.0
146492.0
146493.0
146494.0
146495.0
146541.0
146546.0
146547.0
146548.0
146549.0
146550.0
146551.0
146553.0
146563.0
146606.0
146607.0
146608.0
146609.0
146612.0
146668.0
146669.0
146670.0
146671.0
146672.0
146673.0
146728.0
146729.0
146730.0
146731.0
146732.0
146733.0
146788.0
146789.0
146790.0
146792.0
146848.0
146849.0
146850.0
146852.0
146902.0
146908.0
146909.0
146911.0
146968.0
146969.0
147028.0
147029.0
147030.0
147031.0
147032.0
147033.0
147088.0
147089.0
147090.0
147091.0
147092.0
147148.0
147149.0
147150.0
147151.0
147154.0
147189.0
147191.0
147192.0
147193.0
147194.0
147204.0
147205.0
147207.0
147209.0
147210.0
147211.0
147212.0
147213.0
147214.0
147248.0
147250.0
147252.0
147255.0
147256.0
147265.0
147266.0
147268.0
147269.0
147270.0
147271.0
147309.0
147312.0
147313.0
147315.0
147316.0
147318.0
147325.0
147328.0
147329.0
147331.0
147365.0
147369.0
147371.0
147372.0
147373.0
147375.0
147376.0
147385.0
147386.0
147387.0
147388.0
147389.0
147391.0
147392.0
147429.0
147430.0
147432.0
147433.0
147435.0
147436.0
147445.0
147446.0
147448.0
147449.0
147450.0
147451.0
147452.0
147453.0
147489.0
147491.0
147492.0
147493.0
147494.0
147495.0
147498.0
147505.0
147506.0
147507.0
147508.0
147509.0
147510.0
147511.0
147512.0
147514.0
147549.0
147550.0
147552.0
147553.0
147554.0
147565.0
147566.0
147568.0
147569.0
147609.0
147611.0
147612.0
147613.0
147615.0
147616.0
147617.0
147618.0
147625.0
147628.0
147629.0
147631.0
147632.0
147668.0
147669.0
147672.0
147673.0
147674.0
147675.0
147685.0
147686.0
147688.0
147689.0
147690.0
147691.0
147692.0
147693.0
147723.0
147728.0
147729.0
147731.0
147732.0
147733.0
147745.0
147746.0
147747.0
147748.0
147749.0
147750.0
147751.0
147752.0
147753.0
147754.0
147789.0
147792.0
147793.0
147794.0
147796.0
147802.0
147805.0
147806.0
147808.0
147809.0
147810.0
147811.0
147812.0
147813.0
147814.0
147850.0
147851.0
147852.0
147853.0
147854.0
147855.0
147856.0
147865.0
147866.0
147869.0
147870.0
147871.0
147872.0
147873.0
147908.0
147909.0
147911.0
147912.0
147913.0
147914.0
147915.0
147916.0
147925.0
147926.0
147928.0
147929.0
147931.0
147932.0
147933.0
147969.0
147972.0
147973.0
147977.0
147985.0
147988.0
147989.0
147991.0
147993.0
148029.0
148030.0
148031.0
148032.0
148033.0
148034.0
148035.0
148037.0
148045.0
148048.0
148049.0
148050.0
148051.0
148052.0
148053.0
148054.0
148088.0
148089.0
148091.0
148092.0
148093.0
148094.0
148105.0
148108.0
148109.0
148110.0
148111.0
148112.0
148149.0
148150.0
148152.0
148153.0
148155.0
148156.0
148165.0
148167.0
148168.0
148169.0
148170.0
148209.0
148211.0
148212.0
148213.0
148214.0
148215.0
148225.0
148226.0
148227.0
148228.0
148229.0
148230.0
148231.0
148232.0
148233.0
148265.0
148269.0
148270.0
148271.0
148272.0
148273.0
148275.0
148276.0
148285.0
148286.0
148287.0
148288.0
148289.0
148290.0
148291.0
148292.0
148329.0
148331.0
148332.0
148334.0
148335.0
148345.0
148346.0
148347.0
148348.0
148349.0
148350.0
148352.0
148393.0
148394.0
148395.0
148396.0
148405.0
148406.0
148408.0
148409.0
148410.0
148411.0
148412.0
148413.0
148414.0
148452.0
148453.0
148455.0
148457.0
148465.0
148467.0
148468.0
148469.0
148470.0
148471.0
148472.0
148512.0
148516.0
148525.0
148526.0
148527.0
148528.0
148529.0
148530.0
148531.0
148532.0
148533.0
148572.0
148573.0
148575.0
148585.0
148588.0
148589.0
148590.0
148591.0
148592.0
148593.0
148594.0
148632.0
148633.0
148634.0
148635.0
148636.0
148637.0
148645.0
148649.0
148650.0
148652.0
148653.0
148692.0
148693.0
148702.0
148705.0
148706.0
148708.0
148709.0
148712.0
148713.0
148752.0
148755.0
148765.0
148768.0
148769.0
148771.0
148811.0
148813.0
148818.0
148825.0
148826.0
148828.0
148829.0
148830.0
148831.0
148834.0
148835.0
148871.0
148872.0
148874.0
148885.0
148888.0
148889.0
148891.0
148892.0
148893.0
148894.0
148932.0
148933.0
148934.0
148945.0
148946.0
148948.0
148949.0
148950.0
148951.0
148991.0
148992.0
148993.0
149005.0
149006.0
149052.0
149054.0
149065.0
149112.0
149125.0
149126.0
149172.0
149185.0
149188.0
149229.0
149232.0
149234.0
149245.0
149292.0
149294.0
149296.0
149298.0
149309.0
149351.0
149352.0
149354.0
149357.0
149365.0
149369.0
149412.0
149413.0
149415.0
149417.0
149426.0
149427.0
149472.0
149473.0
149474.0
149475.0
149485.0
149486.0
149487.0
149488.0
149489.0
149490.0
149532.0
149533.0
149534.0
149545.0
149546.0
149548.0
149549.0
149592.0
149594.0
149598.0
149605.0
149652.0
149665.0
149712.0
149714.0
149715.0
149716.0
149725.0
149729.0
149731.0
149772.0
149775.0
149785.0
149786.0
149832.0
149835.0
149845.0
149846.0
149848.0
149850.0
149892.0
149895.0
149905.0
149909.0
149937.0
149938.0
149939.0
149940.0
149944.0
149945.0
149947.0
149951.0
149952.0
149953.0
149956.0
149965.0
149968.0
149969.0
149970.0
149971.0
149998.0
149999.0
150000.0
150001.0
150002.0
150003.0
150005.0
150006.0
150007.0
150019.0
150021.0
150025.0
150028.0
150029.0
150030.0
150033.0
150034.0
150035.0
150055.0
150056.0
150058.0
150060.0
150086.0
150088.0
150089.0
150118.0
150122.0
150127.0
150131.0
150148.0
150149.0
150150.0
150151.0
150153.0
150154.0
150162.0
150165.0
150167.0
150168.0
150176.0
150177.0
150180.0
150181.0
150182.0
150183.0
150184.0
150186.0
150187.0
150208.0
150209.0
150226.0
150228.0
150229.0
150269.0
150271.0
150286.0
150288.0
150290.0
150291.0
150292.0
150329.0
150330.0
150387.0
150388.0
150389.0
150391.0
150392.0
150393.0
150422.0
150423.0
150425.0
150429.0
150448.0
150449.0
150450.0
150451.0
150452.0
150453.0
150454.0
150455.0
150485.0
150486.0
150496.0
150509.0
150533.0
150542.0
150543.0
150544.0
150548.0
150549.0
150568.0
150569.0
150570.0
150571.0
150601.0
150602.0
150603.0
150629.0
150630.0
150631.0
150633.0
150660.0
150662.0
150663.0
150665.0
150668.0
150689.0
150690.0
150691.0
150692.0
150693.0
150701.0
150702.0
150706.0
150707.0
150708.0
150709.0
150713.0
150715.0
150716.0
150717.0
150718.0
150719.0
150721.0
150748.0
150749.0
150750.0
150751.0
150752.0
150753.0
150754.0
150809.0
150811.0
150812.0
150813.0
150868.0
150869.0
150870.0
150871.0
150873.0
150929.0
150930.0
150931.0
150932.0
150933.0
150988.0
150989.0
150990.0
150991.0
150992.0
150993.0
150994.0
151049.0
151051.0
151052.0
151108.0
151109.0
151110.0
151112.0
151113.0
151114.0
151168.0
151169.0
151170.0
151171.0
151228.0
151229.0
151230.0
151231.0
151233.0
151270.0
151272.0
151273.0
151274.0
151275.0
151279.0
151285.0
151286.0
151287.0
151289.0
151291.0
151292.0
151324.0
151325.0
151330.0
151332.0
151333.0
151334.0
151335.0
151345.0
151346.0
151347.0
151348.0
151349.0
151350.0
151351.0
151352.0
151353.0
151354.0
151355.0
151390.0
151392.0
151393.0
151394.0
151395.0
151396.0
151402.0
151405.0
151406.0
151409.0
151410.0
151412.0
151450.0
151451.0
151452.0
151453.0
151454.0
151455.0
151465.0
151466.0
151467.0
151468.0
151469.0
151471.0
151473.0
151510.0
151512.0
151513.0
151514.0
151515.0
151516.0
151517.0
151525.0
151526.0
151528.0
151529.0
151530.0
151531.0
151532.0
151570.0
151571.0
151572.0
151573.0
151574.0
151575.0
151578.0
151585.0
151587.0
151588.0
151589.0
151592.0
151593.0
151630.0
151632.0
151634.0
151635.0
151636.0
151645.0
151648.0
151649.0
151650.0
151651.0
151652.0
151653.0
151654.0
151655.0
151689.0
151690.0
151691.0
151693.0
151695.0
151705.0
151708.0
151709.0
151710.0
151712.0
151750.0
151751.0
151752.0
151753.0
151754.0
151755.0
151757.0
151765.0
151766.0
151767.0
151769.0
151770.0
151771.0
151772.0
151809.0
151810.0
151812.0
151813.0
151815.0
151816.0
151820.0
151825.0
151826.0
151827.0
151828.0
151829.0
151830.0
151832.0
151865.0
151869.0
151870.0
151871.0
151872.0
151873.0
151874.0
151875.0
151876.0
151885.0
151889.0
151890.0
151891.0
151893.0
151930.0
151932.0
151933.0
151934.0
151935.0
151945.0
151946.0
151947.0
151949.0
151950.0
151952.0
151953.0
151990.0
151992.0
151993.0
151995.0
151998.0
152005.0
152007.0
152009.0
152010.0
152011.0
152013.0
152014.0
152050.0
152052.0
152053.0
152055.0
152065.0
152066.0
152067.0
152068.0
152069.0
152070.0
152071.0
152073.0
152074.0
152110.0
152111.0
152112.0
152113.0
152114.0
152115.0
152116.0
152125.0
152127.0
152129.0
152130.0
152131.0
152132.0
152170.0
152172.0
152173.0
152174.0
152175.0
152177.0
152179.0
152185.0
152186.0
152188.0
152189.0
152190.0
152191.0
152192.0
152193.0
152194.0
152225.0
152229.0
152230.0
152231.0
152232.0
152233.0
152234.0
152235.0
152236.0
152245.0
152247.0
152249.0
152250.0
152252.0
152254.0
152290.0
152292.0
152293.0
152295.0
152302.0
152305.0
152306.0
152307.0
152309.0
152310.0
152311.0
152312.0
152314.0
152351.0
152352.0
152354.0
152355.0
152356.0
152365.0
152366.0
152367.0
152369.0
152370.0
152371.0
152372.0
152410.0
152411.0
152416.0
152418.0
152427.0
152429.0
152430.0
152472.0
152474.0
152475.0
152485.0
152487.0
152489.0
152490.0
152491.0
152532.0
152534.0
152545.0
152546.0
152547.0
152548.0
152549.0
152550.0
152551.0
152553.0
152554.0
152592.0
152593.0
152594.0
152605.0
152606.0
152609.0
152611.0
152612.0
152613.0
152615.0
152652.0
152653.0
152654.0
152665.0
152666.0
152668.0
152669.0
152670.0
152671.0
152672.0
152712.0
152713.0
152714.0
152725.0
152726.0
152728.0
152729.0
152730.0
152731.0
152733.0
152772.0
152773.0
152775.0
152777.0
152786.0
152787.0
152789.0
152790.0
152791.0
152792.0
152829.0
152832.0
152845.0
152849.0
152850.0
152851.0
152852.0
152853.0
152854.0
152855.0
152892.0
152893.0
152894.0
152896.0
152898.0
152905.0
152907.0
152909.0
152911.0
152912.0
152954.0
152955.0
152956.0
152957.0
152965.0
152966.0
152968.0
152969.0
152970.0
152971.0
152972.0
153012.0
153015.0
153025.0
153026.0
153028.0
153029.0
153030.0
153031.0
153033.0
153072.0
153074.0
153075.0
153076.0
153085.0
153086.0
153087.0
153088.0
153089.0
153090.0
153091.0
153092.0
153093.0
153132.0
153133.0
153135.0
153145.0
153146.0
153147.0
153149.0
153150.0
153152.0
153153.0
153194.0
153196.0
153205.0
153206.0
153207.0
153208.0
153209.0
153252.0
153265.0
153266.0
153267.0
153269.0
153312.0
153313.0
153325.0
153326.0
153327.0
153328.0
153329.0
153330.0
153331.0
153372.0
153373.0
153374.0
153375.0
153385.0
153389.0
153432.0
153433.0
153434.0
153438.0
153445.0
153446.0
153450.0
153452.0
153492.0
153493.0
153494.0
153495.0
153496.0
153497.0
153505.0
153507.0
153508.0
153509.0
153510.0
153552.0
153554.0
153555.0
153567.0
153569.0
153612.0
153614.0
153615.0
153616.0
153617.0
153625.0
153628.0
153629.0
153665.0
153672.0
153676.0
153677.0
153685.0
153686.0
153687.0
153688.0
153689.0
153691.0
153732.0
153734.0
153735.0
153736.0
153745.0
153746.0
153750.0
153751.0
153792.0
153805.0
153806.0
153807.0
153808.0
153852.0
153854.0
153856.0
153865.0
153868.0
153869.0
153912.0
153913.0
153914.0
153916.0
153925.0
153926.0
153929.0
153930.0
153972.0
153974.0
153975.0
153985.0
153986.0
153988.0
153990.0
154032.0
154033.0
154034.0
154035.0
154036.0
154037.0
154043.0
154045.0
154046.0
154048.0
154049.0
154050.0
154053.0
154054.0
154057.0
154060.0
154069.0
154102.0
154105.0
154106.0
154108.0
154109.0
154110.0
154111.0
154112.0
154113.0
154115.0
154119.0
154121.0
154166.0
154167.0
154168.0
154169.0
154170.0
154172.0
154173.0
154175.0
154177.0
154180.0
154190.0
154226.0
154227.0
154228.0
154229.0
154230.0
154231.0
154232.0
154234.0
154235.0
154239.0
154240.0
154241.0
154281.0
154286.0
154287.0
154289.0
154290.0
154292.0
154293.0
154332.0
154333.0
154334.0
154336.0
154338.0
154340.0
154349.0
154350.0
154351.0
154352.0
154353.0
154391.0
154409.0
154410.0
154412.0
154413.0
154414.0
154469.0
154470.0
154471.0
154472.0
154473.0
154507.0
154509.0
154514.0
154515.0
154529.0
154530.0
154532.0
154558.0
154559.0
154561.0
154562.0
154564.0
154566.0
154567.0
154589.0
154590.0
154591.0
154593.0
154594.0
154595.0
154602.0
154608.0
154609.0
154623.0
154624.0
154626.0
154627.0
154649.0
154652.0
154653.0
154667.0
154709.0
154710.0
154711.0
154712.0
154713.0
154714.0
154734.0
154738.0
154741.0
154742.0
154744.0
154746.0
154748.0
154769.0
154770.0
154771.0
154772.0
154773.0
154794.0
154796.0
154798.0
154799.0
154801.0
154803.0
154805.0
154829.0
154832.0
154833.0
154847.0
154854.0
154855.0
154856.0
154858.0
154859.0
154861.0
154864.0
154877.0
154889.0
154890.0
154891.0
154893.0
154894.0
154895.0
154918.0
154921.0
154922.0
154923.0
154925.0
154928.0
154930.0
154931.0
154949.0
154950.0
154951.0
154952.0
154953.0
154954.0
154981.0
154983.0
154984.0
154987.0
155002.0
155009.0
155010.0
155069.0
155070.0
155071.0
155072.0
155073.0
155074.0
155129.0
155130.0
155132.0
155134.0
155135.0
155189.0
155192.0
155193.0
155249.0
155250.0
155251.0
155252.0
155253.0
155254.0
155255.0
155309.0
155310.0
155311.0
155349.0
155350.0
155351.0
155352.0
155353.0
155354.0
155355.0
155358.0
155365.0
155367.0
155369.0
155371.0
155372.0
155373.0
155374.0
155410.0
155411.0
155412.0
155413.0
155414.0
155415.0
155417.0
155418.0
155426.0
155427.0
155428.0
155429.0
155430.0
155431.0
155432.0
155433.0
155434.0
155465.0
155469.0
155472.0
155473.0
155474.0
155475.0
155478.0
155486.0
155487.0
155488.0
155489.0
155490.0
155491.0
155529.0
155532.0
155533.0
155534.0
155535.0
155538.0
155545.0
155546.0
155549.0
155550.0
155551.0
155553.0
155589.0
155590.0
155592.0
155593.0
155594.0
155595.0
155599.0
155605.0
155606.0
155608.0
155609.0
155610.0
155611.0
155612.0
155613.0
155614.0
155649.0
155650.0
155652.0
155653.0
155654.0
155655.0
155656.0
155665.0
155666.0
155668.0
155669.0
155670.0
155709.0
155712.0
155713.0
155715.0
155716.0
155718.0
155725.0
155729.0
155730.0
155731.0
155732.0
155733.0
155734.0
155769.0
155770.0
155771.0
155772.0
155773.0
155774.0
155775.0
155777.0
155778.0
155786.0
155788.0
155789.0
155790.0
155791.0
155792.0
155794.0
155795.0
155823.0
155824.0
155829.0
155832.0
155833.0
155834.0
155845.0
155847.0
155849.0
155850.0
155851.0
155852.0
155853.0
155889.0
155892.0
155893.0
155894.0
155896.0
155902.0
155906.0
155907.0
155908.0
155909.0
155910.0
155911.0
155912.0
155913.0
155949.0
155952.0
155953.0
155954.0
155955.0
155965.0
155966.0
155969.0
155970.0
155973.0
156009.0
156010.0
156012.0
156013.0
156026.0
156029.0
156069.0
156070.0
156072.0
156073.0
156074.0
156075.0
156076.0
156077.0
156085.0
156086.0
156087.0
156088.0
156089.0
156090.0
156091.0
156092.0
156093.0
156130.0
156133.0
156134.0
156135.0
156137.0
156138.0
156146.0
156148.0
156149.0
156150.0
156151.0
156152.0
156153.0
156154.0
156192.0
156193.0
156194.0
156206.0
156207.0
156209.0
156210.0
156211.0
156212.0
156213.0
156214.0
156215.0
156249.0
156252.0
156253.0
156254.0
156255.0
156256.0
156257.0
156258.0
156265.0
156266.0
156267.0
156268.0
156269.0
156270.0
156271.0
156296.0
156309.0
156310.0
156312.0
156313.0
156314.0
156316.0
156325.0
156329.0
156330.0
156334.0
156365.0
156369.0
156372.0
156373.0
156374.0
156375.0
156378.0
156386.0
156387.0
156388.0
156389.0
156390.0
156391.0
156429.0
156432.0
156433.0
156434.0
156437.0
156438.0
156445.0
156446.0
156447.0
156449.0
156450.0
156451.0
156453.0
156454.0
156489.0
156491.0
156492.0
156493.0
156494.0
156496.0
156505.0
156506.0
156507.0
156508.0
156509.0
156510.0
156511.0
156512.0
156513.0
156552.0
156553.0
156554.0
156555.0
156565.0
156567.0
156569.0
156570.0
156571.0
156573.0
156574.0
156575.0
156613.0
156614.0
156615.0
156617.0
156625.0
156626.0
156629.0
156673.0
156674.0
156675.0
156686.0
156687.0
156689.0
156690.0
156691.0
156692.0
156694.0
156732.0
156733.0
156734.0
156735.0
156736.0
156745.0
156746.0
156748.0
156749.0
156750.0
156751.0
156752.0
156753.0
156792.0
156802.0
156805.0
156806.0
156809.0
156810.0
156811.0
156812.0
156813.0
156814.0
156853.0
156855.0
156865.0
156866.0
156869.0
156870.0
156871.0
156872.0
156873.0
156874.0
156875.0
156912.0
156913.0
156914.0
156916.0
156918.0
156925.0
156926.0
156929.0
156930.0
156932.0
156972.0
156973.0
156975.0
156976.0
156977.0
156986.0
156989.0
156990.0
156991.0
156992.0
156993.0
156994.0
157032.0
157033.0
157034.0
157046.0
157048.0
157049.0
157050.0
157051.0
157052.0
157053.0
157054.0
157092.0
157093.0
157094.0
157096.0
157105.0
157108.0
157109.0
157111.0
157113.0
157114.0
157152.0
157153.0
157154.0
157155.0
157156.0
157166.0
157167.0
157169.0
157214.0
157215.0
157216.0
157217.0
157226.0
157227.0
157228.0
157229.0
157230.0
157265.0
157273.0
157275.0
157277.0
157286.0
157287.0
157289.0
157290.0
157334.0
157335.0
157336.0
157337.0
157345.0
157346.0
157350.0
157392.0
157393.0
157399.0
157405.0
157406.0
157408.0
157453.0
157454.0
157455.0
157457.0
157466.0
157467.0
157471.0
157513.0
157526.0
157573.0
157574.0
157575.0
157576.0
157577.0
157585.0
157586.0
157587.0
157589.0
157590.0
157632.0
157633.0
157635.0
157646.0
157648.0
157649.0
157692.0
157693.0
157705.0
157706.0
157707.0
157708.0
157709.0
157710.0
157711.0
157753.0
157754.0
157755.0
157756.0
157757.0
157758.0
157766.0
157770.0
157812.0
157813.0
157814.0
157816.0
157818.0
157826.0
157830.0
157872.0
157873.0
157874.0
157875.0
157876.0
157877.0
157885.0
157886.0
157888.0
157933.0
157934.0
157935.0
157937.0
157938.0
157946.0
157948.0
157974.0
157992.0
157993.0
158005.0
158006.0
158008.0
158010.0
158052.0
158053.0
158055.0
158057.0
158066.0
158067.0
158069.0
158100.0
158103.0
158104.0
158105.0
158107.0
158110.0
158112.0
158113.0
158114.0
158115.0
158117.0
158119.0
158126.0
158166.0
158172.0
158173.0
158175.0
158176.0
158177.0
158179.0
158180.0
158182.0
158184.0
158186.0
158187.0
158189.0
158190.0
158191.0
158192.0
158193.0
158194.0
158220.0
158221.0
158243.0
158246.0
158248.0
158249.0
158250.0
158251.0
158252.0
158253.0
158254.0
158255.0
158299.0
158306.0
158309.0
158310.0
158311.0
158312.0
158313.0
158314.0
158315.0
158325.0
158327.0
158330.0
158335.0
158345.0
158369.0
158370.0
158371.0
158373.0
158374.0
158398.0
158399.0
158400.0
158401.0
158402.0
158403.0
158405.0
158408.0
158429.0
158430.0
158457.0
158459.0
158462.0
158463.0
158464.0
158465.0
158466.0
158469.0
158470.0
158489.0
158490.0
158491.0
158492.0
158493.0
158495.0
158516.0
158517.0
158518.0
158520.0
158522.0
158523.0
158524.0
158525.0
158526.0
158549.0
158550.0
158551.0
158552.0
158553.0
158554.0
158555.0
158570.0
158576.0
158577.0
158578.0
158580.0
158582.0
158584.0
158602.0
158609.0
158610.0
158611.0
158640.0
158641.0
158642.0
158644.0
158645.0
158649.0
158669.0
158670.0
158671.0
158673.0
158694.0
158729.0
158730.0
158731.0
158733.0
158747.0
158752.0
158753.0
158754.0
158755.0
158756.0
158758.0
158760.0
158789.0
158790.0
158792.0
158811.0
158817.0
158849.0
158850.0
158851.0
158852.0
158853.0
158862.0
158864.0
158865.0
158866.0
158868.0
158870.0
158871.0
158873.0
158874.0
158909.0
158910.0
158911.0
158912.0
158913.0
158914.0
158918.0
158920.0
158969.0
158970.0
158985.0
158990.0
159029.0
159030.0
159089.0
159090.0
159092.0
159093.0
159149.0
159150.0
159151.0
159152.0
159153.0
159154.0
159155.0
159209.0
159210.0
159211.0
159212.0
159214.0
159269.0
159270.0
159272.0
159273.0
159274.0
159329.0
159330.0
159331.0
159333.0
159334.0
159335.0
159389.0
159390.0
159391.0
159392.0
159393.0
159394.0
159448.0
159449.0
159450.0
159451.0
159452.0
159454.0
159490.0
159491.0
159492.0
159493.0
159494.0
159495.0
159497.0
159502.0
159505.0
159506.0
159509.0
159510.0
159511.0
159512.0
159513.0
159553.0
159554.0
159555.0
159565.0
159566.0
159567.0
159569.0
159570.0
159571.0
159572.0
159573.0
159574.0
159575.0
159610.0
159611.0
159612.0
159614.0
159615.0
159616.0
159618.0
159626.0
159627.0
159629.0
159630.0
159671.0
159672.0
159673.0
159674.0
159675.0
159676.0
159677.0
159679.0
159685.0
159686.0
159687.0
159689.0
159690.0
159691.0
159732.0
159733.0
159734.0
159735.0
159746.0
159747.0
159748.0
159749.0
159750.0
159752.0
159753.0
159790.0
159791.0
159792.0
159793.0
159794.0
159795.0
159796.0
159798.0
159805.0
159806.0
159807.0
159808.0
159809.0
159810.0
159813.0
159814.0
159850.0
159852.0
159853.0
159854.0
159855.0
159866.0
159868.0
159869.0
159870.0
159871.0
159874.0
159896.0
159910.0
159911.0
159913.0
159914.0
159915.0
159916.0
159919.0
159926.0
159928.0
159929.0
159930.0
159931.0
159932.0
159970.0
159972.0
159973.0
159974.0
159975.0
159976.0
159977.0
159978.0
159986.0
159989.0
159990.0
159992.0
160032.0
160033.0
160034.0
160035.0
160036.0
160046.0
160048.0
160049.0
160050.0
160051.0
160052.0
160053.0
160055.0
160090.0
160092.0
160093.0
160094.0
160095.0
160096.0
160097.0
160098.0
160099.0
160100.0
160105.0
160106.0
160107.0
160109.0
160110.0
160111.0
160112.0
160113.0
160114.0
160115.0
160152.0
160153.0
160154.0
160155.0
160158.0
160166.0
160169.0
160170.0
160173.0
160210.0
160212.0
160213.0
160214.0
160215.0
160217.0
160218.0
160226.0
160227.0
160228.0
160229.0
160230.0
160231.0
160232.0
160233.0
160234.0
160235.0
160270.0
160271.0
160273.0
160275.0
160276.0
160286.0
160288.0
160289.0
160290.0
160291.0
160332.0
160333.0
160334.0
160335.0
160337.0
160338.0
160346.0
160348.0
160349.0
160350.0
160352.0
160390.0
160392.0
160393.0
160394.0
160395.0
160397.0
160398.0
160400.0
160402.0
160406.0
160408.0
160410.0
160411.0
160412.0
160413.0
160414.0
160415.0
160450.0
160452.0
160453.0
160455.0
160466.0
160467.0
160469.0
160470.0
160471.0
160472.0
160510.0
160512.0
160513.0
160514.0
160526.0
160529.0
160530.0
160531.0
160532.0
160533.0
160535.0
160570.0
160571.0
160572.0
160573.0
160574.0
160575.0
160576.0
160585.0
160586.0
160589.0
160590.0
160591.0
160592.0
160594.0
160595.0
160631.0
160633.0
160635.0
160636.0
160637.0
160646.0
160649.0
160650.0
160651.0
160652.0
160653.0
160654.0
160693.0
160694.0
160695.0
160696.0
160706.0
160709.0
160710.0
160753.0
160754.0
160755.0
160766.0
160768.0
160769.0
160770.0
160771.0
160772.0
160773.0
160774.0
160813.0
160814.0
160815.0
160817.0
160826.0
160828.0
160829.0
160830.0
160831.0
160832.0
160833.0
160834.0
160873.0
160878.0
160885.0
160886.0
160887.0
160888.0
160889.0
160890.0
160933.0
160934.0
160935.0
160937.0
160946.0
160948.0
160949.0
160950.0
160951.0
160953.0
160992.0
160993.0
160994.0
160997.0
160999.0
161005.0
161006.0
161007.0
161008.0
161009.0
161010.0
161011.0
161012.0
161053.0
161066.0
161068.0
161069.0
161070.0
161071.0
161072.0
161073.0
161074.0
161075.0
161112.0
161113.0
161114.0
161127.0
161128.0
161129.0
161130.0
161131.0
161132.0
161133.0
161134.0
161172.0
161173.0
161174.0
161176.0
161186.0
161189.0
161190.0
161191.0
161192.0
161193.0
161194.0
161233.0
161234.0
161235.0
161246.0
161248.0
161249.0
161250.0
161251.0
161252.0
161253.0
161254.0
161294.0
161295.0
161296.0
161306.0
161308.0
161309.0
161311.0
161353.0
161355.0
161366.0
161413.0
161414.0
161415.0
161417.0
161426.0
161427.0
161430.0
161472.0
161473.0
161474.0
161476.0
161477.0
161486.0
161488.0
161489.0
161490.0
161492.0
161532.0
161533.0
161536.0
161538.0
161546.0
161549.0
161551.0
161593.0
161594.0
161596.0
161606.0
161608.0
161610.0
161611.0
161652.0
161653.0
161666.0
161667.0
161668.0
161670.0
161713.0
161716.0
161726.0
161727.0
161731.0
161765.0
161773.0
161774.0
161775.0
161777.0
161778.0
161786.0
161832.0
161833.0
161846.0
161847.0
161848.0
161893.0
161894.0
161895.0
161899.0
161906.0
161908.0
161909.0
161952.0
161954.0
161955.0
161957.0
161966.0
162013.0
162015.0
162016.0
162026.0
162073.0
162074.0
162076.0
162078.0
162086.0
162087.0
162132.0
162133.0
162134.0
162135.0
162136.0
162137.0
162146.0
162150.0
162173.0
162193.0
162194.0
162195.0
162196.0
162198.0
162206.0
162207.0
162225.0
162233.0
162235.0
162236.0
162243.0
162244.0
162250.0
162252.0
162253.0
162254.0
162260.0
162266.0
162269.0
162270.0
162306.0
162309.0
162310.0
162312.0
162313.0
162314.0
162326.0
162329.0
162330.0
162331.0
162333.0
162380.0
162383.0
162385.0
162386.0
162389.0
162390.0
162391.0
162392.0
162393.0
162395.0
162444.0
162445.0
162446.0
162447.0
162449.0
162450.0
162451.0
162452.0
162453.0
162455.0
162457.0
162458.0
162459.0
162510.0
162511.0
162512.0
162514.0
162515.0
162516.0
162519.0
162561.0
162568.0
162569.0
162570.0
162572.0
162573.0
162574.0
162575.0
162576.0
162580.0
162588.0
162630.0
162631.0
162632.0
162634.0
162635.0
162636.0
162637.0
162639.0
162645.0
162658.0
162683.0
162689.0
162690.0
162691.0
162693.0
162695.0
162696.0
162697.0
162701.0
162707.0
162745.0
162746.0
162747.0
162750.0
162751.0
162752.0
162753.0
162754.0
162755.0
162802.0
162803.0
162804.0
162806.0
162808.0
162809.0
162810.0
162811.0
162812.0
162813.0
162814.0
162863.0
162865.0
162867.0
162868.0
162870.0
162919.0
162925.0
162929.0
162930.0
162931.0
162932.0
162933.0
162934.0
162936.0
162986.0
162988.0
162989.0
162990.0
162991.0
162993.0
162994.0
163041.0
163047.0
163048.0
163049.0
163050.0
163051.0
163052.0
163054.0
163057.0
163058.0
163102.0
163109.0
163110.0
163111.0
163113.0
163114.0
163115.0
163170.0
163173.0
163229.0
163230.0
163232.0
163233.0
163290.0
163291.0
163349.0
163350.0
163352.0
163353.0
163409.0
163410.0
163411.0
163412.0
163413.0
163415.0
163470.0
163471.0
163472.0
163473.0
163474.0
163475.0
163476.0
163477.0
163529.0
163530.0
163531.0
163532.0
163533.0
163534.0
163536.0
163565.0
163572.0
163573.0
163574.0
163575.0
163578.0
163579.0
163586.0
163588.0
163590.0
163591.0
163592.0
163593.0
163594.0
163629.0
163630.0
163633.0
163634.0
163635.0
163636.0
163637.0
163638.0
163646.0
163649.0
163650.0
163652.0
163654.0
163655.0
163656.0
163690.0
163693.0
163694.0
163695.0
163697.0
163706.0
163709.0
163710.0
163711.0
163753.0
163754.0
163755.0
163756.0
163757.0
163758.0
163759.0
163766.0
163769.0
163770.0
163771.0
163772.0
163773.0
163774.0
163775.0
163813.0
163814.0
163816.0
163818.0
163828.0
163829.0
163830.0
163831.0
163832.0
163833.0
163834.0
163835.0
163869.0
163870.0
163872.0
163873.0
163874.0
163875.0
163878.0
163886.0
163887.0
163888.0
163890.0
163891.0
163924.0
163933.0
163934.0
163935.0
163936.0
163937.0
163938.0
163939.0
163946.0
163948.0
163949.0
163950.0
163952.0
163953.0
163954.0
163989.0
163990.0
163993.0
163994.0
163995.0
163996.0
163997.0
163998.0
164002.0
164006.0
164009.0
164010.0
164011.0
164012.0
164015.0
164050.0
164053.0
164054.0
164055.0
164066.0
164067.0
164069.0
164070.0
164071.0
164072.0
164073.0
164074.0
164109.0
164112.0
164113.0
164114.0
164115.0
164116.0
164126.0
164127.0
164130.0
164131.0
164132.0
164133.0
164135.0
164170.0
164173.0
164174.0
164175.0
164177.0
164178.0
164186.0
164188.0
164189.0
164190.0
164191.0
164192.0
164193.0
164194.0
164233.0
164234.0
164235.0
164238.0
164239.0
164246.0
164247.0
164249.0
164250.0
164251.0
164252.0
164253.0
164254.0
164255.0
164256.0
164292.0
164293.0
164294.0
164295.0
164298.0
164306.0
164308.0
164309.0
164310.0
164311.0
164312.0
164313.0
164314.0
164316.0
164351.0
164352.0
164353.0
164354.0
164356.0
164358.0
164359.0
164360.0
164366.0
164367.0
164369.0
164370.0
164371.0
164372.0
164373.0
164374.0
164410.0
164412.0
164413.0
164414.0
164416.0
164418.0
164426.0
164429.0
164430.0
164432.0
164433.0
164434.0
164435.0
164471.0
164472.0
164473.0
164474.0
164475.0
164476.0
164477.0
164478.0
164479.0
164486.0
164487.0
164488.0
164489.0
164490.0
164492.0
164532.0
164533.0
164534.0
164535.0
164546.0
164547.0
164550.0
164551.0
164552.0
164553.0
164555.0
164556.0
164593.0
164594.0
164595.0
164596.0
164597.0
164598.0
164599.0
164606.0
164607.0
164608.0
164609.0
164610.0
164611.0
164613.0
164614.0
164653.0
164654.0
164655.0
164666.0
164669.0
164670.0
164671.0
164673.0
164711.0
164712.0
164713.0
164714.0
164726.0
164730.0
164733.0
164773.0
164786.0
164787.0
164788.0
164790.0
164791.0
164792.0
164793.0
164794.0
164795.0
164796.0
164833.0
164837.0
164838.0
164846.0
164849.0
164850.0
164853.0
164893.0
164895.0
164906.0
164908.0
164910.0
164911.0
164912.0
164913.0
164914.0
164915.0
164953.0
164954.0
164956.0
164957.0
164958.0
164962.0
164966.0
164967.0
164969.0
164970.0
165013.0
165030.0
165031.0
165073.0
165074.0
165075.0
165076.0
165077.0
165078.0
165086.0
165087.0
165088.0
165089.0
165090.0
165091.0
165092.0
165133.0
165135.0
165137.0
165146.0
165147.0
165149.0
165150.0
165152.0
165153.0
165193.0
165196.0
165197.0
165206.0
165207.0
165209.0
165210.0
165211.0
165213.0
165253.0
165254.0
165255.0
165267.0
165268.0
165269.0
165270.0
165271.0
165272.0
165274.0
165276.0
165313.0
165317.0
165326.0
165329.0
165330.0
165332.0
165334.0
165373.0
165374.0
165376.0
165378.0
165386.0
165388.0
165390.0
165391.0
165393.0
165394.0
165395.0
165433.0
165434.0
165435.0
165436.0
165437.0
165438.0
165446.0
165447.0
165448.0
165493.0
165494.0
165496.0
165499.0
165506.0
165507.0
165510.0
165511.0
165553.0
165566.0
165567.0
165568.0
165569.0
165571.0
165613.0
165614.0
165615.0
165617.0
165618.0
165627.0
165632.0
165673.0
165674.0
165675.0
165677.0
165678.0
165679.0
165688.0
165733.0
165734.0
165736.0
165740.0
165747.0
165750.0
165751.0
165793.0
165795.0
165797.0
165798.0
165806.0
165807.0
165808.0
165809.0
165810.0
165853.0
165866.0
165867.0
165869.0
165872.0
165913.0
165926.0
165927.0
165975.0
165977.0
165986.0
165987.0
166033.0
166034.0
166036.0
166037.0
166038.0
166046.0
166093.0
166094.0
166097.0
166106.0
166107.0
166110.0
166111.0
166112.0
166153.0
166166.0
166167.0
166168.0
166170.0
166213.0
166215.0
166216.0
166217.0
166226.0
166228.0
166230.0
166266.0
166273.0
166274.0
166275.0
166276.0
166278.0
166287.0
166316.0
166317.0
166322.0
166323.0
166325.0
166327.0
166333.0
166346.0
166347.0
166349.0
166350.0
166351.0
166352.0
166375.0
166376.0
166377.0
166378.0
166379.0
166380.0
166385.0
166388.0
166393.0
166394.0
166399.0
166406.0
166407.0
166408.0
166410.0
166411.0
166412.0
166413.0
166414.0
166435.0
166436.0
166439.0
166441.0
166443.0
166445.0
166466.0
166467.0
166470.0
166471.0
166472.0
166474.0
166475.0
166476.0
166494.0
166495.0
166499.0
166505.0
166530.0
166532.0
166533.0
166536.0
166553.0
166556.0
166557.0
166560.0
166590.0
166615.0
166616.0
166617.0
166625.0
166650.0
166651.0
166652.0
166653.0
166654.0
166656.0
166667.0
166674.0
166675.0
166676.0
166677.0
166679.0
166681.0
166682.0
166685.0
166686.0
166687.0
166703.0
166710.0
166711.0
166713.0
166714.0
166716.0
166735.0
166737.0
166739.0
166743.0
166745.0
166752.0
166770.0
166794.0
166796.0
166798.0
166805.0
166830.0
166855.0
166856.0
166861.0
166873.0
166890.0
166891.0
166892.0
166893.0
166894.0
166896.0
166907.0
166915.0
166918.0
166919.0
166921.0
166922.0
166923.0
166924.0
166950.0
166974.0
166976.0
166978.0
166980.0
166984.0
166985.0
166994.0
167010.0
167011.0
167012.0
167015.0
167033.0
167037.0
167038.0
167041.0
167043.0
167044.0
167045.0
167049.0
167070.0
167072.0
167073.0
167074.0
167075.0
167076.0
167095.0
167113.0
167114.0
167130.0
167131.0
167133.0
167135.0
167154.0
167155.0
167165.0
167166.0
167190.0
167191.0
167192.0
167193.0
167194.0
167250.0
167251.0
167252.0
167253.0
167254.0
167310.0
167311.0
167314.0
167370.0
167371.0
167373.0
167430.0
167432.0
167433.0
167490.0
167491.0
167533.0
167550.0
167553.0
167603.0
167610.0
167611.0
167612.0
167613.0
167614.0
167615.0
167651.0
167653.0
167654.0
167656.0
167666.0
167667.0
167670.0
167671.0
167673.0
167674.0
167675.0
167713.0
167714.0
167715.0
167718.0
167719.0
167727.0
167730.0
167731.0
167732.0
167733.0
167734.0
167735.0
167772.0
167773.0
167774.0
167778.0
167789.0
167790.0
167791.0
167794.0
167833.0
167834.0
167835.0
167838.0
167846.0
167847.0
167850.0
167851.0
167852.0
167853.0
167855.0
167893.0
167894.0
167895.0
167898.0
167906.0
167907.0
167908.0
167910.0
167911.0
167912.0
167913.0
167914.0
167915.0
167952.0
167953.0
167954.0
167955.0
167957.0
167958.0
167966.0
167967.0
167970.0
167971.0
168013.0
168014.0
168015.0
168016.0
168018.0
168019.0
168027.0
168028.0
168030.0
168031.0
168072.0
168073.0
168074.0
168075.0
168078.0
168079.0
168086.0
168087.0
168090.0
168091.0
168092.0
168133.0
168134.0
168135.0
168136.0
168147.0
168148.0
168149.0
168150.0
168151.0
168152.0
168193.0
168194.0
168195.0
168197.0
168198.0
168199.0
168206.0
168207.0
168209.0
168210.0
168211.0
168212.0
168214.0
168215.0
168253.0
168254.0
168255.0
168257.0
168266.0
168267.0
168270.0
168273.0
168274.0
168314.0
168315.0
168316.0
168319.0
168320.0
168328.0
168329.0
168330.0
168331.0
168333.0
168334.0
168355.0
168373.0
168374.0
168375.0
168376.0
168378.0
168386.0
168387.0
168389.0
168390.0
168391.0
168393.0
168394.0
168395.0
168425.0
168433.0
168434.0
168435.0
168436.0
168437.0
168438.0
168439.0
168440.0
168446.0
168447.0
168448.0
168450.0
168451.0
168452.0
168453.0
168454.0
168493.0
168494.0
168495.0
168496.0
168497.0
168498.0
168499.0
168500.0
168503.0
168507.0
168508.0
168510.0
168511.0
168512.0
168513.0
168514.0
168553.0
168554.0
168555.0
168558.0
168566.0
168567.0
168568.0
168570.0
168572.0
168611.0
168613.0
168615.0
168616.0
168627.0
168630.0
168631.0
168632.0
168633.0
168634.0
168635.0
168673.0
168674.0
168675.0
168676.0
168677.0
168679.0
168687.0
168688.0
168690.0
168691.0
168693.0
168695.0
168733.0
168734.0
168735.0
168740.0
168747.0
168749.0
168750.0
168751.0
168752.0
168792.0
168793.0
168795.0
168797.0
168806.0
168807.0
168808.0
168810.0
168811.0
168813.0
168815.0
168853.0
168854.0
168855.0
168866.0
168870.0
168871.0
168873.0
168875.0
168877.0
168913.0
168914.0
168926.0
168927.0
168929.0
168930.0
168931.0
168932.0
168933.0
168934.0
168935.0
168936.0
168965.0
168972.0
168973.0
168975.0
168977.0
168986.0
168987.0
168988.0
168989.0
168990.0
168991.0
168993.0
169033.0
169034.0
169036.0
169037.0
169038.0
169046.0
169048.0
169050.0
169052.0
169053.0
169093.0
169095.0
169107.0
169108.0
169110.0
169111.0
169112.0
169115.0
169153.0
169155.0
169166.0
169167.0
169168.0
169170.0
169171.0
169213.0
169215.0
169226.0
169227.0
169228.0
169229.0
169230.0
169231.0
169232.0
169233.0
169234.0
169235.0
169273.0
169274.0
169275.0
169277.0
169278.0
169286.0
169289.0
169290.0
169291.0
169292.0
169294.0
169295.0
169333.0
169334.0
169337.0
169338.0
169346.0
169347.0
169350.0
169351.0
169393.0
169394.0
169403.0
169406.0
169408.0
169410.0
169411.0
169412.0
169413.0
169414.0
169415.0
169453.0
169466.0
169467.0
169468.0
169469.0
169470.0
169471.0
169472.0
169474.0
169476.0
169513.0
169514.0
169526.0
169527.0
169573.0
169575.0
169577.0
169587.0
169633.0
169635.0
169636.0
169637.0
169639.0
169646.0
169647.0
169648.0
169693.0
169694.0
169695.0
169697.0
169698.0
169706.0
169753.0
169754.0
169755.0
169757.0
169766.0
169768.0
169769.0
169770.0
169813.0
169828.0
169830.0
169865.0
169873.0
169877.0
169886.0
169887.0
169933.0
169935.0
169936.0
169939.0
169946.0
169947.0
169993.0
169994.0
169999.0
170006.0
170007.0
170008.0
170053.0
170054.0
170057.0
170067.0
170071.0
170113.0
170114.0
170115.0
170126.0
170127.0
170173.0
170178.0
170186.0
170187.0
170188.0
170189.0
170190.0
170191.0
170233.0
170234.0
170236.0
170237.0
170238.0
170246.0
170247.0
170248.0
170293.0
170296.0
170308.0
170309.0
170310.0
170311.0
170353.0
170357.0
170359.0
170366.0
170367.0
170368.0
170369.0
170370.0
170371.0
170395.0
170397.0
170399.0
170400.0
170402.0
170404.0
170413.0
170415.0
170426.0
170429.0
170456.0
170461.0
170486.0
170487.0
170488.0
170489.0
170490.0
170491.0
170492.0
170493.0
170494.0
170495.0
170514.0
170515.0
170516.0
170522.0
170523.0
170546.0
170547.0
170549.0
170550.0
170551.0
170552.0
170576.0
170578.0
170580.0
170582.0
170584.0
170591.0
170606.0
170607.0
170608.0
170610.0
170611.0
170613.0
170615.0
170616.0
170637.0
170639.0
170641.0
170643.0
170645.0
170647.0
170648.0
170670.0
170671.0
170672.0
170673.0
170675.0
170676.0
170695.0
170697.0
170710.0
170711.0
170730.0
170731.0
170735.0
170755.0
170756.0
170790.0
170791.0
170792.0
170793.0
170794.0
170795.0
170797.0
170815.0
170816.0
170818.0
170850.0
170851.0
170852.0
170854.0
170874.0
170876.0
170879.0
170884.0
170910.0
170911.0
170912.0
170935.0
170936.0
170946.0
170949.0
170970.0
170971.0
170972.0
170973.0
170975.0
170994.0
170996.0
170999.0
171001.0
171004.0
171031.0
171032.0
171054.0
171055.0
171056.0
171057.0
171064.0
171065.0
171066.0
171072.0
171090.0
171091.0
171092.0
171094.0
171095.0
171096.0
171115.0
171116.0
171118.0
171120.0
171134.0
171150.0
171151.0
171152.0
171153.0
171167.0
171175.0
171176.0
171181.0
171203.0
171210.0
171211.0
171212.0
171214.0
171215.0
171235.0
171236.0
171239.0
171243.0
171246.0
171270.0
171271.0
171272.0
171275.0
171295.0
171296.0
171330.0
171331.0
171332.0
171333.0
171334.0
171336.0
171390.0
171391.0
171392.0
171393.0
171395.0
171450.0
171451.0
171452.0
171454.0
171456.0
171457.0
171510.0
171511.0
171512.0
171513.0
171514.0
171516.0
171570.0
171571.0
171572.0
171573.0
171574.0
171631.0
171632.0
171634.0
171690.0
171691.0
171692.0
171693.0
171694.0
171695.0
171696.0
171731.0
171732.0
171733.0
171735.0
171736.0
171746.0
171747.0
171748.0
171750.0
171751.0
171752.0
171793.0
171795.0
171798.0
171807.0
171808.0
171810.0
171811.0
171812.0
171813.0
171815.0
171816.0
171817.0
171853.0
171854.0
171855.0
171857.0
171866.0
171867.0
171870.0
171871.0
171873.0
171912.0
171913.0
171914.0
171915.0
171918.0
171926.0
171927.0
171928.0
171929.0
171930.0
171931.0
171932.0
171934.0
171935.0
171954.0
171972.0
171973.0
171974.0
171976.0
171987.0
171990.0
171991.0
171992.0
171993.0
171995.0
172024.0
172033.0
172034.0
172035.0
172038.0
172047.0
172050.0
172051.0
172053.0
172093.0
172094.0
172095.0
172096.0
172103.0
172106.0
172111.0
172112.0
172113.0
172115.0
172153.0
172154.0
172157.0
172158.0
172159.0
172167.0
172169.0
172170.0
172171.0
172172.0
172173.0
172175.0
172213.0
172214.0
172215.0
172216.0
172217.0
172218.0
172219.0
172220.0
172226.0
172227.0
172228.0
172229.0
172230.0
172231.0
172233.0
172273.0
172274.0
172278.0
172279.0
172280.0
172286.0
172287.0
172289.0
172290.0
172291.0
172293.0
172295.0
172333.0
172334.0
172335.0
172338.0
172339.0
172347.0
172348.0
172350.0
172351.0
172393.0
172394.0
172395.0
172397.0
172398.0
172406.0
172407.0
172408.0
172409.0
172410.0
172411.0
172453.0
172454.0
172455.0
172456.0
172458.0
172459.0
172466.0
172467.0
172470.0
172471.0
172472.0
172474.0
172475.0
172513.0
172514.0
172515.0
172518.0
172519.0
172526.0
172527.0
172529.0
172530.0
172531.0
172534.0
172535.0
172565.0
172571.0
172573.0
172574.0
172587.0
172589.0
172590.0
172591.0
172592.0
172595.0
172633.0
172634.0
172635.0
172636.0
172638.0
172639.0
172646.0
172647.0
172648.0
172650.0
172651.0
172652.0
172653.0
172654.0
172655.0
172693.0
172694.0
172695.0
172698.0
172699.0
172706.0
172707.0
172710.0
172711.0
172713.0
172714.0
172716.0
172753.0
172754.0
172758.0
172759.0
172766.0
172767.0
172770.0
172771.0
172772.0
172774.0
172775.0
172776.0
172813.0
172814.0
172815.0
172816.0
172819.0
172826.0
172827.0
172830.0
172831.0
172832.0
172834.0
172835.0
172871.0
172873.0
172874.0
172875.0
172887.0
172888.0
172890.0
172891.0
172892.0
172893.0
172895.0
172896.0
172924.0
172933.0
172934.0
172935.0
172936.0
172938.0
172947.0
172950.0
172951.0
172954.0
172993.0
172994.0
172996.0
172998.0
173003.0
173006.0
173007.0
173009.0
173010.0
173011.0
173012.0
173053.0
173055.0
173056.0
173066.0
173067.0
173069.0
173070.0
173071.0
173073.0
173074.0
173075.0
173113.0
173114.0
173127.0
173129.0
173130.0
173131.0
173132.0
173133.0
173135.0
173136.0
173174.0
173187.0
173190.0
173191.0
173193.0
173233.0
173247.0
173251.0
173252.0
173253.0
173255.0
173293.0
173294.0
173296.0
173297.0
173298.0
173299.0
173306.0
173307.0
173310.0
173311.0
173312.0
173313.0
173314.0
173315.0
173353.0
173354.0
173358.0
173366.0
173367.0
173370.0
173371.0
173372.0
173373.0
173374.0
173375.0
173413.0
173416.0
173426.0
173427.0
173428.0
173430.0
173431.0
173433.0
173435.0
173465.0
173473.0
173475.0
173476.0
173478.0
173487.0
173489.0
173491.0
173492.0
173494.0
173534.0
173535.0
173537.0
173547.0
173549.0
173550.0
173551.0
173593.0
173594.0
173599.0
173607.0
173608.0
173609.0
173610.0
173611.0
173653.0
173655.0
173667.0
173713.0
173714.0
173726.0
173727.0
173773.0
173774.0
173787.0
173788.0
173789.0
173790.0
173792.0
173834.0
173835.0
173846.0
173847.0
173848.0
173893.0
173894.0
173895.0
173897.0
173906.0
173907.0
173953.0
173954.0
173955.0
173956.0
173966.0
174013.0
174014.0
174015.0
174017.0
174027.0
174073.0
174074.0
174077.0
174087.0
174133.0
174136.0
174147.0
174151.0
174193.0
174194.0
174195.0
174198.0
174206.0
174207.0
174208.0
174209.0
174211.0
174212.0
174213.0
174254.0
174255.0
174267.0
174296.0
174313.0
174315.0
174317.0
174327.0
174329.0
174366.0
174373.0
174374.0
174386.0
174387.0
174433.0
174438.0
174446.0
174447.0
174448.0
174451.0
174476.0
174477.0
174478.0
174489.0
174506.0
174507.0
174508.0
174535.0
174537.0
174538.0
174546.0
174550.0
174553.0
174554.0
174566.0
174567.0
174568.0
174569.0
174570.0
174571.0
174572.0
174574.0
174575.0
174584.0
174596.0
174598.0
174600.0
174602.0
174603.0
174604.0
174605.0
174606.0
174607.0
174622.0
174623.0
174630.0
174631.0
174632.0
174635.0
174655.0
174656.0
174657.0
174658.0
174659.0
174660.0
174663.0
174664.0
174683.0
174684.0
174687.0
174690.0
174691.0
174696.0
174716.0
174717.0
174718.0
174723.0
174725.0
174734.0
174750.0
174751.0
174754.0
174755.0
174771.0
174778.0
174779.0
174781.0
174782.0
174783.0
174785.0
174789.0
174803.0
174810.0
174811.0
174812.0
174837.0
174838.0
174842.0
174844.0
174870.0
174871.0
174873.0
174874.0
174888.0
174896.0
174907.0
174923.0
174926.0
174927.0
174955.0
174956.0
174958.0
174960.0
174962.0
174965.0
174966.0
174987.0
174988.0
174989.0
174992.0
175014.0
175017.0
175018.0
175021.0
175024.0
175047.0
175048.0
175049.0
175051.0
175077.0
175078.0
175107.0
175108.0
175109.0
175110.0
175112.0
175135.0
175139.0
175143.0
175145.0
175166.0
175167.0
175168.0
175170.0
175190.0
175195.0
175196.0
175197.0
175198.0
175227.0
175228.0
175229.0
175230.0
175232.0
175255.0
175257.0
175261.0
175287.0
175288.0
175289.0
175316.0
175317.0
175318.0
175321.0
175322.0
175324.0
175347.0
175348.0
175349.0
175350.0
175351.0
175352.0
175378.0
175379.0
175381.0
175383.0
175385.0
175388.0
175407.0
175408.0
175409.0
175411.0
175412.0
175413.0
175467.0
175469.0
175527.0
175587.0
175588.0
175589.0
175590.0
175591.0
175592.0
175593.0
175647.0
175648.0
175650.0
175651.0
175652.0
175653.0
175703.0
175707.0
175708.0
175709.0
175710.0
175712.0
175767.0
175768.0
175772.0
175773.0
175827.0
175828.0
175829.0
175830.0
175842.0
175868.0
175869.0
175870.0
175871.0
175872.0
175873.0
175874.0
175875.0
175883.0
175886.0
175887.0
175888.0
175890.0
175893.0
175928.0
175929.0
175931.0
175932.0
175933.0
175934.0
175935.0
175936.0
175937.0
175943.0
175945.0
175946.0
175947.0
175948.0
175949.0
175950.0
175952.0
175953.0
175989.0
175990.0
175993.0
176003.0
176004.0
176006.0
176007.0
176008.0
176009.0
176012.0
176013.0
176048.0
176049.0
176050.0
176051.0
176052.0
176053.0
176054.0
176065.0
176067.0
176068.0
176071.0
176107.0
176108.0
176109.0
176110.0
176112.0
176113.0
176115.0
176123.0
176124.0
176126.0
176127.0
176128.0
176168.0
176169.0
176170.0
176171.0
176172.0
176173.0
176174.0
176183.0
176184.0
176186.0
176187.0
176188.0
176189.0
176190.0
176191.0
176192.0
176193.0
176228.0
176229.0
176230.0
176232.0
176233.0
176234.0
176244.0
176245.0
176247.0
176248.0
176249.0
176250.0
176251.0
176252.0
176253.0
176288.0
176289.0
176290.0
176291.0
176294.0
176299.0
176303.0
176304.0
176307.0
176308.0
176310.0
176311.0
176312.0
176313.0
176348.0
176349.0
176350.0
176351.0
176354.0
176363.0
176364.0
176365.0
176367.0
176368.0
176369.0
176371.0
176373.0
176374.0
176375.0
176408.0
176409.0
176410.0
176412.0
176413.0
176414.0
176415.0
176423.0
176424.0
176427.0
176428.0
176429.0
176468.0
176469.0
176470.0
176472.0
176473.0
176474.0
176475.0
176483.0
176487.0
176488.0
176489.0
176490.0
176491.0
176492.0
176493.0
176523.0
176524.0
176528.0
176529.0
176530.0
176531.0
176533.0
176534.0
176536.0
176543.0
176547.0
176548.0
176549.0
176550.0
176552.0
176553.0
176589.0
176590.0
176593.0
176594.0
176597.0
176598.0
176601.0
176602.0
176603.0
176604.0
176606.0
176607.0
176608.0
176609.0
176612.0
176649.0
176650.0
176651.0
176653.0
176654.0
176655.0
176665.0
176666.0
176667.0
176668.0
176669.0
176671.0
176672.0
176709.0
176710.0
176711.0
176713.0
176714.0
176715.0
176719.0
176724.0
176727.0
176728.0
176735.0
176769.0
176770.0
176771.0
176772.0
176773.0
176774.0
176775.0
176783.0
176784.0
176787.0
176788.0
176790.0
176791.0
176829.0
176830.0
176832.0
176834.0
176835.0
176839.0
176844.0
176845.0
176846.0
176847.0
176848.0
176850.0
176851.0
176853.0
176890.0
176891.0
176894.0
176904.0
176907.0
176908.0
176909.0
176910.0
176911.0
176912.0
176913.0
176914.0
176949.0
176950.0
176951.0
176963.0
176964.0
176966.0
176967.0
176968.0
176970.0
176971.0
176972.0
177010.0
177011.0
177012.0
177013.0
177015.0
177016.0
177023.0
177024.0
177027.0
177028.0
177034.0
177035.0
177036.0
177038.0
177039.0
177040.0
177070.0
177075.0
177083.0
177086.0
177087.0
177088.0
177130.0
177133.0
177135.0
177143.0
177144.0
177147.0
177148.0
177149.0
177150.0
177151.0
177191.0
177199.0
177203.0
177204.0
177207.0
177208.0
177209.0
177210.0
177250.0
177253.0
177254.0
177255.0
177263.0
177267.0
177268.0
177269.0
177270.0
177273.0
177310.0
177311.0
177312.0
177313.0
177314.0
177315.0
177324.0
177325.0
177326.0
177327.0
177328.0
177371.0
177372.0
177373.0
177374.0
177384.0
177385.0
177387.0
177388.0
177389.0
177430.0
177432.0
177444.0
177446.0
177447.0
177448.0
177449.0
177450.0
177451.0
177452.0
177453.0
177490.0
177491.0
177492.0
177493.0
177495.0
177505.0
177506.0
177507.0
177508.0
177513.0
177550.0
177551.0
177552.0
177554.0
177563.0
177564.0
177566.0
177567.0
177568.0
177571.0
177572.0
177610.0
177612.0
177613.0
177614.0
177623.0
177624.0
177625.0
177627.0
177628.0
177629.0
177630.0
177631.0
177632.0
177670.0
177673.0
177683.0
177684.0
177686.0
177687.0
177688.0
177689.0
177691.0
177692.0
177730.0
177731.0
177743.0
177744.0
177745.0
177746.0
177747.0
177791.0
177792.0
177793.0
177795.0
177804.0
177805.0
177808.0
177850.0
177851.0
177864.0
177910.0
177911.0
177912.0
177913.0
177914.0
177915.0
177923.0
177924.0
177927.0
177928.0
177971.0
177973.0
177974.0
177984.0
178030.0
178031.0
178035.0
178043.0
178044.0
178045.0
178047.0
178048.0
178049.0
178090.0
178091.0
178099.0
178103.0
178104.0
178105.0
178106.0
178107.0
178150.0
178152.0
178154.0
178163.0
178164.0
178166.0
178167.0
178169.0
178210.0
178212.0
178213.0
178215.0
178224.0
178227.0
178228.0
178270.0
178273.0
178283.0
178284.0
178288.0
178330.0
178332.0
178343.0
178344.0
178345.0
178346.0
178347.0
178348.0
178390.0
178391.0
178393.0
178395.0
178406.0
178450.0
178451.0
178452.0
178464.0
178465.0
178510.0
178511.0
178512.0
178514.0
178515.0
178516.0
178523.0
178524.0
178526.0
178527.0
178528.0
178570.0
178573.0
178574.0
178575.0
178584.0
178585.0
178587.0
178612.0
178615.0
178619.0
178621.0
178623.0
178625.0
178630.0
178631.0
178644.0
178645.0
178646.0
178647.0
178648.0
178649.0
178650.0
178651.0
178652.0
178671.0
178673.0
178674.0
178675.0
178678.0
178680.0
178683.0
178685.0
178703.0
178704.0
178705.0
178706.0
178707.0
178709.0
178710.0
178712.0
178731.0
178732.0
178733.0
178736.0
178742.0
178743.0
178763.0
178764.0
178767.0
178768.0
178769.0
178785.0
178793.0
178795.0
178796.0
178799.0
178802.0
178803.0
178805.0
178827.0
178828.0
178829.0
178830.0
178831.0
178832.0
178851.0
178860.0
178862.0
178864.0
178865.0
178887.0
178888.0
178889.0
178913.0
178915.0
178917.0
178918.0
178923.0
178947.0
178948.0
178949.0
178950.0
178951.0
178952.0
178971.0
178975.0
178980.0
178982.0
178983.0
178987.0
179007.0
179008.0
179009.0
179010.0
179011.0
179012.0
179013.0
179033.0
179034.0
179035.0
179067.0
179068.0
179085.0
179090.0
179091.0
179093.0
179094.0
179099.0
179101.0
179106.0
179127.0
179128.0
179129.0
179132.0
179153.0
179154.0
179155.0
179187.0
179188.0
179190.0
179213.0
179217.0
179221.0
179223.0
179225.0
179239.0
179247.0
179248.0
179249.0
179251.0
179252.0
179269.0
179272.0
179274.0
179275.0
179277.0
179279.0
179283.0
179303.0
179307.0
179308.0
179309.0
179311.0
179332.0
179333.0
179334.0
179341.0
179344.0
179367.0
179368.0
179390.0
179393.0
179395.0
179399.0
179427.0
179428.0
179430.0
179452.0
179453.0
179454.0
179460.0
179461.0
179463.0
179464.0
179487.0
179488.0
179489.0
179490.0
179491.0
179492.0
179493.0
179547.0
179548.0
179607.0
179608.0
179609.0
179610.0
179667.0
179668.0
179670.0
179671.0
179673.0
179674.0
179675.0
179727.0
179728.0
179729.0
179731.0
179787.0
179788.0
179792.0
179793.0
179794.0
179795.0
179847.0
179848.0
179849.0
179851.0
179852.0
179907.0
179908.0
179910.0
179911.0
179913.0
179948.0
179949.0
179950.0
179952.0
179953.0
179955.0
179963.0
179964.0
179967.0
179968.0
180008.0
180009.0
180010.0
180011.0
180012.0
180013.0
180014.0
180015.0
180024.0
180025.0
180026.0
180027.0
180028.0
180029.0
180030.0
180031.0
180068.0
180070.0
180071.0
180072.0
180073.0
180074.0
180083.0
180084.0
180085.0
180087.0
180088.0
180089.0
180092.0
180123.0
180128.0
180130.0
180131.0
180132.0
180133.0
180135.0
180143.0
180146.0
180147.0
180148.0
180151.0
180153.0
180188.0
180190.0
180191.0
180192.0
180193.0
180194.0
180203.0
180204.0
180207.0
180208.0
180209.0
180212.0
180248.0
180249.0
180250.0
180251.0
180253.0
180256.0
180264.0
180267.0
180268.0
180308.0
180309.0
180310.0
180311.0
180312.0
180313.0
180314.0
180315.0
180323.0
180324.0
180328.0
180329.0
180330.0
180331.0
180332.0
180333.0
180368.0
180369.0
180370.0
180372.0
180373.0
180374.0
180384.0
180387.0
180388.0
180390.0
180391.0
180392.0
180428.0
180430.0
180431.0
180432.0
180433.0
180435.0
180443.0
180444.0
180447.0
180448.0
180449.0
180451.0
180452.0
180488.0
180489.0
180490.0
180491.0
180492.0
180493.0
180494.0
180495.0
180498.0
180500.0
180504.0
180505.0
180507.0
180508.0
180510.0
180512.0
180548.0
180549.0
180550.0
180551.0
180553.0
180554.0
180555.0
180563.0
180564.0
180565.0
180567.0
180568.0
180569.0
180608.0
180609.0
180611.0
180612.0
180613.0
180614.0
180615.0
180618.0
180619.0
180623.0
180627.0
180628.0
180666.0
180668.0
180669.0
180670.0
180671.0
180672.0
180673.0
180674.0
180675.0
180683.0
180684.0
180688.0
180690.0
180728.0
180729.0
180730.0
180731.0
180733.0
180734.0
180735.0
180744.0
180745.0
180747.0
180748.0
180749.0
180750.0
180788.0
180789.0
180790.0
180792.0
180793.0
180794.0
180795.0
180804.0
180807.0
180808.0
180810.0
180811.0
180848.0
180849.0
180850.0
180852.0
180853.0
180854.0
180863.0
180866.0
180867.0
180868.0
180869.0
180871.0
180872.0
180874.0
180908.0
180909.0
180910.0
180911.0
180912.0
180913.0
180914.0
180915.0
180924.0
180926.0
180927.0
180928.0
180929.0
180930.0
180931.0
180968.0
180969.0
180970.0
180971.0
180973.0
180974.0
180976.0
180984.0
180987.0
180988.0
180989.0
180991.0
181024.0
181029.0
181030.0
181034.0
181043.0
181047.0
181048.0
181049.0
181050.0
181051.0
181052.0
181053.0
181089.0
181090.0
181091.0
181092.0
181093.0
181096.0
181103.0
181107.0
181108.0
181109.0
181111.0
181150.0
181151.0
181152.0
181154.0
181163.0
181164.0
181167.0
181168.0
181170.0
181210.0
181211.0
181212.0
181213.0
181214.0
181215.0
181223.0
181224.0
181225.0
181226.0
181227.0
181228.0
181229.0
181230.0
181231.0
181232.0
181233.0
181270.0
181271.0
181272.0
181283.0
181285.0
181287.0
181288.0
181289.0
181331.0
181332.0
181333.0
181343.0
181344.0
181347.0
181348.0
181349.0
181350.0
181351.0
181352.0
181390.0
181405.0
181407.0
181408.0
181409.0
181450.0
181452.0
181453.0
181455.0
181465.0
181466.0
181467.0
181468.0
181469.0
181479.0
181496.0
181523.0
181526.0
181527.0
181528.0
181529.0
181530.0
181531.0
181533.0
181539.0
181541.0
181544.0
181545.0
181566.0
181583.0
181584.0
181585.0
181587.0
181588.0
181590.0
181591.0
181593.0
181599.0
181600.0
181602.0
181607.0
181612.0
181613.0
181629.0
181647.0
181648.0
181649.0
181650.0
181651.0
181652.0
181660.0
181661.0
181662.0
181665.0
181673.0
181674.0
181678.0
181699.0
181707.0
181708.0
181709.0
181710.0
181733.0
181735.0
181767.0
181768.0
181770.0
181780.0
181781.0
181793.0
181795.0
181796.0
181797.0
181840.0
181843.0
181853.0
181854.0
181855.0
181857.0
181900.0
181902.0
181913.0
181915.0
181917.0
181918.0
181959.0
181960.0
181961.0
181962.0
181964.0
181973.0
181977.0
182019.0
182020.0
182033.0
182034.0
182080.0
182093.0
182095.0
182139.0
182140.0
182141.0
182142.0
182153.0
182200.0
182201.0
182202.0
182204.0
182213.0
182260.0
182263.0
182273.0
182274.0
182276.0
182277.0
182319.0
182320.0
182321.0
182322.0
182323.0
182324.0
182325.0
182333.0
182337.0
182338.0
182380.0
182381.0
182382.0
182393.0
182394.0
182395.0
182396.0
182397.0
182398.0
182439.0
182440.0
182442.0
182443.0
182453.0
182455.0
182456.0
182466.0
182500.0
182501.0
182504.0
182505.0
182513.0
182515.0
182517.0
182518.0
182560.0
182562.0
182563.0
182565.0
182573.0
182574.0
182576.0
182577.0
182620.0
182622.0
182623.0
182624.0
182625.0
182634.0
182635.0
182636.0
182680.0
182693.0
182694.0
182695.0
182696.0
182697.0
182698.0
182704.0
182739.0
182740.0
182741.0
182742.0
182743.0
182744.0
182745.0
182752.0
182753.0
182754.0
182755.0
182757.0
182758.0
182759.0
182760.0
182761.0
182762.0
182781.0
182783.0
182788.0
182790.0
182792.0
182793.0
182798.0
182813.0
182817.0
182818.0
182819.0
182821.0
182838.0
182843.0
182844.0
182845.0
182847.0
182848.0
182852.0
182873.0
182876.0
182877.0
182878.0
182879.0
182880.0
182881.0
182902.0
182903.0
182905.0
182909.0
182916.0
182937.0
182938.0
182939.0
182941.0
182961.0
182962.0
182963.0
182964.0
182965.0
182966.0
182967.0
182968.0
182970.0
182972.0
182989.0
182997.0
182998.0
182999.0
183000.0
183001.0
183002.0
183022.0
183033.0
183034.0
183057.0
183058.0
183060.0
183061.0
183081.0
183083.0
183084.0
183086.0
183087.0
183088.0
183089.0
183091.0
183107.0
183117.0
183142.0
183154.0
183177.0
183179.0
183180.0
183181.0
183182.0
183183.0
183203.0
183211.0
183237.0
183238.0
183239.0
183240.0
183262.0
183263.0
183267.0
183271.0
183273.0
183274.0
183297.0
183298.0
183299.0
183300.0
183323.0
183324.0
183325.0
183357.0
183358.0
183359.0
183361.0
183382.0
183383.0
183388.0
183417.0
183418.0
183421.0
183448.0
183450.0
183452.0
183454.0
183455.0
183458.0
183477.0
183478.0
183479.0
183483.0
183504.0
183505.0
183509.0
183510.0
183512.0
183537.0
183539.0
183540.0
183542.0
183557.0
183558.0
183559.0
183560.0
183562.0
183563.0
183564.0
183565.0
183567.0
183597.0
183598.0
183600.0
183657.0
183659.0
183660.0
183717.0
183718.0
183777.0
183779.0
183780.0
183781.0
183782.0
183803.0
183837.0
183838.0
183839.0
183840.0
183841.0
183842.0
183897.0
183899.0
183901.0
183904.0
183957.0
183958.0
183959.0
183960.0
183961.0
184017.0
184018.0
184019.0
184058.0
184059.0
184060.0
184061.0
184062.0
184063.0
184064.0
184065.0
184073.0
184074.0
184075.0
184077.0
184078.0
184079.0
184080.0
184081.0
184118.0
184119.0
184120.0
184121.0
184123.0
184124.0
184133.0
184134.0
184135.0
184136.0
184137.0
184140.0
184179.0
184180.0
184184.0
184193.0
184194.0
184195.0
184196.0
184197.0
184199.0
184200.0
184239.0
184240.0
184241.0
184242.0
184244.0
184253.0
184254.0
184255.0
184256.0
184257.0
184258.0
184259.0
184261.0
184262.0
184298.0
184299.0
184300.0
184301.0
184302.0
184303.0
184313.0
184317.0
184318.0
184358.0
184359.0
184360.0
184363.0
184364.0
184373.0
184374.0
184377.0
184378.0
184380.0
184381.0
184382.0
184399.0
184418.0
184419.0
184420.0
184423.0
184433.0
184434.0
184435.0
184436.0
184437.0
184438.0
184439.0
184440.0
184441.0
184478.0
184479.0
184480.0
184481.0
184484.0
184494.0
184497.0
184498.0
184499.0
184500.0
184501.0
184502.0
184503.0
184538.0
184539.0
184541.0
184542.0
184543.0
184553.0
184554.0
184555.0
184557.0
184558.0
184559.0
184560.0
184562.0
184598.0
184599.0
184600.0
184603.0
184604.0
184613.0
184614.0
184617.0
184624.0
184658.0
184659.0
184660.0
184661.0
184662.0
184663.0
184664.0
184665.0
184673.0
184674.0
184677.0
184678.0
184680.0
184703.0
184718.0
184719.0
184720.0
184721.0
184722.0
184723.0
184724.0
184727.0
184733.0
184734.0
184736.0
184737.0
184738.0
184739.0
184740.0
184741.0
184742.0
184743.0
184778.0
184779.0
184780.0
184781.0
184782.0
184783.0
184784.0
184786.0
184793.0
184794.0
184795.0
184797.0
184798.0
184799.0
184801.0
184838.0
184839.0
184840.0
184843.0
184853.0
184854.0
184857.0
184858.0
184859.0
184861.0
184898.0
184899.0
184900.0
184901.0
184902.0
184903.0
184904.0
184905.0
184913.0
184914.0
184917.0
184918.0
184919.0
184959.0
184960.0
184961.0
184964.0
184965.0
184973.0
184974.0
184977.0
184978.0
184979.0
185019.0
185020.0
185021.0
185024.0
185025.0
185026.0
185037.0
185038.0
185039.0
185040.0
185041.0
185042.0
185079.0
185080.0
185081.0
185083.0
185084.0
185085.0
185093.0
185094.0
185095.0
185096.0
185097.0
185098.0
185099.0
185100.0
185101.0
185102.0
185103.0
185139.0
185140.0
185142.0
185143.0
185144.0
185150.0
185153.0
185154.0
185155.0
185156.0
185157.0
185158.0
185159.0
185160.0
185162.0
185163.0
185166.0
185200.0
185205.0
185213.0
185215.0
185217.0
185218.0
185219.0
185220.0
185221.0
185223.0
185230.0
185260.0
185261.0
185264.0
185265.0
185276.0
185277.0
185278.0
185280.0
185281.0
185284.0
185320.0
185321.0
185322.0
185324.0
185337.0
185338.0
185340.0
185341.0
185380.0
185381.0
185394.0
185395.0
185396.0
185397.0
185440.0
185441.0
185442.0
185444.0
185453.0
185454.0
185457.0
185458.0
185459.0
185461.0
185462.0
185463.0
185464.0
185500.0
185501.0
185503.0
185504.0
185513.0
185514.0
185517.0
185518.0
185519.0
185534.0
185560.0
185562.0
185564.0
185565.0
185573.0
185574.0
185578.0
185579.0
185580.0
185582.0
185584.0
185586.0
185590.0
185594.0
185603.0
185620.0
185634.0
185636.0
185637.0
185638.0
185680.0
185681.0
185682.0
185693.0
185694.0
185695.0
185697.0
185698.0
185699.0
185700.0
185702.0
185703.0
185739.0
185740.0
185741.0
185742.0
185743.0
185753.0
185754.0
185757.0
185758.0
185760.0
185761.0
185763.0
185800.0
185801.0
185813.0
185815.0
185817.0
185818.0
185819.0
185823.0
185860.0
185874.0
185876.0
185877.0
185878.0
185880.0
185881.0
185920.0
185921.0
185925.0
185933.0
185934.0
185980.0
185981.0
185982.0
185993.0
185994.0
185998.0
186040.0
186041.0
186042.0
186053.0
186054.0
186055.0
186057.0
186059.0
186066.0
186100.0
186114.0
186116.0
186118.0
186160.0
186161.0
186162.0
186173.0
186178.0
186220.0
186221.0
186222.0
186224.0
186233.0
186234.0
186280.0
186281.0
186282.0
186293.0
186295.0
186297.0
186340.0
186342.0
186354.0
186356.0
186357.0
186400.0
186401.0
186402.0
186413.0
186414.0
186415.0
186460.0
186462.0
186463.0
186474.0
186520.0
186522.0
186524.0
186525.0
186533.0
186534.0
186535.0
186536.0
186537.0
186539.0
186580.0
186581.0
186583.0
186584.0
186585.0
186593.0
186594.0
186596.0
186597.0
186598.0
186640.0
186642.0
186643.0
186644.0
186653.0
186654.0
186655.0
186657.0
186659.0
186700.0
186703.0
186704.0
186713.0
186714.0
186718.0
186760.0
186761.0
186763.0
186773.0
186774.0
186775.0
186778.0
186803.0
186804.0
186805.0
186807.0
186811.0
186813.0
186820.0
186821.0
186822.0
186833.0
186834.0
186836.0
186837.0
186838.0
186840.0
186842.0
186863.0
186865.0
186868.0
186870.0
186873.0
186893.0
186894.0
186897.0
186898.0
186899.0
186900.0
186901.0
186902.0
186903.0
186920.0
186921.0
186923.0
186924.0
186954.0
186955.0
186957.0
186958.0
186959.0
186960.0
186962.0
186983.0
186985.0
186987.0
187017.0
187018.0
187019.0
187020.0
187021.0
187022.0
187043.0
187045.0
187047.0
187048.0
187052.0
187064.0
187077.0
187078.0
187079.0
187080.0
187082.0
187083.0
187102.0
187110.0
187111.0
187137.0
187138.0
187139.0
187140.0
187145.0
187162.0
187163.0
187166.0
187197.0
187198.0
187225.0
187227.0
187230.0
187231.0
187235.0
187257.0
187258.0
187259.0
187261.0
187278.0
187282.0
187283.0
187285.0
187286.0
187287.0
187292.0
187294.0
187301.0
187317.0
187318.0
187319.0
187320.0
187341.0
187343.0
187345.0
187347.0
187349.0
187371.0
187377.0
187378.0
187379.0
187380.0
187381.0
187382.0
187403.0
187404.0
187424.0
187437.0
187438.0
187439.0
187442.0
187462.0
187463.0
187465.0
187466.0
187468.0
187470.0
187497.0
187498.0
187499.0
187500.0
187501.0
187502.0
187523.0
187525.0
187527.0
187532.0
187533.0
187557.0
187558.0
187559.0
187561.0
187562.0
187582.0
187583.0
187584.0
187587.0
187590.0
187617.0
187618.0
187619.0
187620.0
187621.0
187623.0
187643.0
187645.0
187646.0
187649.0
187651.0
187652.0
187677.0
187678.0
187679.0
187681.0
187682.0
187683.0
187702.0
187737.0
187738.0
187739.0
187740.0
187743.0
187798.0
187799.0
187800.0
187801.0
187802.0
187857.0
187858.0
187859.0
187862.0
187918.0
187977.0
187978.0
188037.0
188038.0
188040.0
188041.0
188042.0
188043.0
188097.0
188098.0
188099.0
188100.0
188102.0
188103.0
188138.0
188140.0
188143.0
188144.0
188145.0
188153.0
188154.0
188156.0
188157.0
188158.0
188159.0
188160.0
188161.0
188163.0
188198.0
188200.0
188201.0
188204.0
188205.0
188214.0
188216.0
188217.0
188218.0
188219.0
188221.0
188222.0
188223.0
188225.0
188228.0
188258.0
188259.0
188260.0
188261.0
188262.0
188263.0
188265.0
188274.0
188277.0
188278.0
188281.0
188303.0
188319.0
188320.0
188321.0
188323.0
188325.0
188333.0
188337.0
188338.0
188339.0
188378.0
188380.0
188383.0
188385.0
188393.0
188394.0
188395.0
188396.0
188397.0
188398.0
188400.0
188438.0
188440.0
188443.0
188444.0
188445.0
188446.0
188453.0
188456.0
188457.0
188458.0
188459.0
188460.0
188462.0
188498.0
188500.0
188503.0
188504.0
188505.0
188508.0
188514.0
188517.0
188518.0
188519.0
188521.0
188558.0
188560.0
188561.0
188563.0
188564.0
188565.0
188573.0
188574.0
188575.0
188576.0
188578.0
188579.0
188581.0
188620.0
188621.0
188623.0
188624.0
188625.0
188634.0
188635.0
188637.0
188638.0
188639.0
188640.0
188642.0
188678.0
188680.0
188681.0
188683.0
188684.0
188685.0
188693.0
188694.0
188697.0
188698.0
188699.0
188700.0
188701.0
188702.0
188738.0
188740.0
188741.0
188742.0
188753.0
188754.0
188757.0
188758.0
188759.0
188760.0
188761.0
188762.0
188766.0
188798.0
188799.0
188800.0
188801.0
188802.0
188803.0
188804.0
188805.0
188806.0
188813.0
188814.0
188817.0
188818.0
188819.0
188820.0
188821.0
188858.0
188859.0
188860.0
188861.0
188862.0
188863.0
188865.0
188868.0
188874.0
188877.0
188878.0
188879.0
188880.0
188881.0
188882.0
188883.0
188884.0
188885.0
188918.0
188919.0
188920.0
188923.0
188925.0
188928.0
188933.0
188935.0
188937.0
188938.0
188940.0
188941.0
188978.0
188979.0
188980.0
188983.0
188985.0
188994.0
188995.0
188997.0
188998.0
188999.0
189002.0
189039.0
189040.0
189043.0
189045.0
189053.0
189054.0
189056.0
189057.0
189058.0
189059.0
189060.0
189098.0
189099.0
189100.0
189101.0
189103.0
189114.0
189115.0
189116.0
189117.0
189118.0
189120.0
189121.0
189123.0
189128.0
189135.0
189158.0
189159.0
189160.0
189161.0
189163.0
189164.0
189165.0
189173.0
189174.0
189176.0
189177.0
189178.0
189220.0
189224.0
189233.0
189234.0
189235.0
189236.0
189237.0
189238.0
189239.0
189240.0
189241.0
189243.0
189279.0
189280.0
189283.0
189284.0
189293.0
189294.0
189295.0
189296.0
189297.0
189298.0
189299.0
189300.0
189301.0
189302.0
189303.0
189340.0
189353.0
189354.0
189357.0
189358.0
189359.0
189400.0
189401.0
189404.0
189413.0
189414.0
189415.0
189416.0
189417.0
189418.0
189419.0
189421.0
189460.0
189462.0
189464.0
189465.0
189467.0
189474.0
189477.0
189478.0
189520.0
189525.0
189526.0
189534.0
189536.0
189537.0
189538.0
189580.0
189595.0
189597.0
189598.0
189599.0
189602.0
189640.0
189644.0
189645.0
189653.0
189654.0
189656.0
189657.0
189658.0
189660.0
189666.0
189700.0
189714.0
189717.0
189718.0
189719.0
189720.0
189721.0
189723.0
189760.0
189763.0
189764.0
189773.0
189774.0
189775.0
189778.0
189821.0
189822.0
189823.0
189825.0
189826.0
189833.0
189834.0
189836.0
189837.0
189838.0
189840.0
189880.0
189881.0
189883.0
189893.0
189894.0
189896.0
189898.0
189899.0
189901.0
189902.0
189903.0
189940.0
189953.0
189954.0
189957.0
189958.0
189959.0
189960.0
189963.0
189964.0
190000.0
190001.0
190003.0
190004.0
190013.0
190014.0
190015.0
190017.0
190018.0
190060.0
190073.0
190074.0
190120.0
190121.0
190123.0
190124.0
190125.0
190134.0
190135.0
190137.0
190138.0
190180.0
190181.0
190182.0
190183.0
190184.0
190185.0
190194.0
190199.0
190240.0
190244.0
190253.0
190254.0
190255.0
190257.0
190300.0
190301.0
190303.0
190304.0
190314.0
190315.0
190317.0
190360.0
190361.0
190362.0
190363.0
190364.0
190373.0
190375.0
190376.0
190379.0
190421.0
190422.0
190425.0
190426.0
190433.0
190434.0
190437.0
190480.0
190484.0
190494.0
190498.0
190540.0
190553.0
190554.0
190558.0
190560.0
190604.0
190605.0
190613.0
190614.0
190618.0
190660.0
190661.0
190662.0
190664.0
190666.0
190673.0
190674.0
190699.0
190721.0
190733.0
190734.0
190736.0
190737.0
190740.0
190741.0
190780.0
190781.0
190782.0
190785.0
190793.0
190794.0
190797.0
190840.0
190841.0
190842.0
190843.0
190853.0
190854.0
190858.0
190878.0
190880.0
190881.0
190884.0
190900.0
190901.0
190904.0
190905.0
190913.0
190914.0
190915.0
190916.0
190917.0
190918.0
190944.0
190948.0
190951.0
190970.0
190974.0
190977.0
190978.0
190979.0
191003.0
191004.0
191005.0
191006.0
191010.0
191011.0
191016.0
191034.0
191035.0
191036.0
191037.0
191038.0
191039.0
191040.0
191041.0
191042.0
191043.0
191045.0
191064.0
191066.0
191069.0
191071.0
191076.0
191098.0
191101.0
191104.0
191124.0
191126.0
191131.0
191133.0
191135.0
191136.0
191158.0
191160.0
191162.0
191183.0
191184.0
191185.0
191186.0
191187.0
191188.0
191190.0
191194.0
191205.0
191218.0
191220.0
191221.0
191222.0
191223.0
191242.0
191244.0
191245.0
191256.0
191277.0
191278.0
191279.0
191281.0
191303.0
191304.0
191305.0
191306.0
191308.0
191309.0
191311.0
191315.0
191318.0
191330.0
191337.0
191338.0
191339.0
191340.0
191341.0
191343.0
191344.0
191363.0
191364.0
191371.0
191398.0
191400.0
191417.0
191423.0
191425.0
191426.0
191428.0
191430.0
191458.0
191459.0
191460.0
191461.0
191462.0
191463.0
191481.0
191486.0
191488.0
191490.0
191492.0
191493.0
191495.0
191517.0
191518.0
191519.0
191520.0
191521.0
191522.0
191542.0
191543.0
191544.0
191545.0
191546.0
191547.0
191549.0
191566.0
191567.0
191577.0
191578.0
191580.0
191603.0
191607.0
191609.0
191638.0
191639.0
191664.0
191665.0
191666.0
191667.0
191671.0
191687.0
191697.0
191698.0
191700.0
191701.0
191702.0
191703.0
191704.0
191723.0
191724.0
191728.0
191730.0
191733.0
191734.0
191736.0
191738.0
191739.0
191757.0
191758.0
191759.0
191760.0
191761.0
191763.0
191764.0
191782.0
191817.0
191818.0
191820.0
191821.0
191822.0
191823.0
191878.0
191879.0
191880.0
191881.0
191904.0
191937.0
191938.0
191939.0
191941.0
191963.0
191998.0
191999.0
192002.0
192003.0
192057.0
192058.0
192059.0
192061.0
192062.0
192118.0
192119.0
192120.0
192121.0
192122.0
192123.0
192178.0
192179.0
192218.0
192219.0
192220.0
192221.0
192223.0
192224.0
192233.0
192234.0
192236.0
192237.0
192238.0
192239.0
192240.0
192279.0
192280.0
192281.0
192282.0
192283.0
192284.0
192285.0
192294.0
192295.0
192298.0
192299.0
192300.0
192339.0
192340.0
192341.0
192343.0
192344.0
192353.0
192354.0
192355.0
192356.0
192357.0
192358.0
192359.0
192360.0
192361.0
192362.0
192366.0
192398.0
192400.0
192401.0
192402.0
192403.0
192414.0
192415.0
192417.0
192418.0
192419.0
192423.0
192430.0
192459.0
192460.0
192461.0
192463.0
192465.0
192474.0
192475.0
192477.0
192478.0
192479.0
192481.0
192482.0
192518.0
192519.0
192520.0
192521.0
192523.0
192524.0
192525.0
192527.0
192528.0
192533.0
192534.0
192536.0
192537.0
192538.0
192539.0
192540.0
192541.0
192542.0
192543.0
192579.0
192580.0
192583.0
192584.0
192595.0
192598.0
192600.0
192601.0
192602.0
192603.0
192639.0
192640.0
192641.0
192642.0
192643.0
192644.0
192646.0
192653.0
192654.0
192658.0
192659.0
192660.0
192663.0
192698.0
192699.0
192700.0
192703.0
192704.0
192713.0
192714.0
192716.0
192717.0
192718.0
192719.0
192720.0
192722.0
192728.0
192734.0
192758.0
192759.0
192760.0
192761.0
192762.0
192763.0
192764.0
192774.0
192775.0
192778.0
192779.0
192780.0
192804.0
192818.0
192819.0
192820.0
192822.0
192823.0
192824.0
192834.0
192836.0
192837.0
192838.0
192841.0
192878.0
192879.0
192880.0
192881.0
192882.0
192883.0
192884.0
192886.0
192894.0
192897.0
192898.0
192900.0
192901.0
192903.0
192904.0
192938.0
192939.0
192940.0
192941.0
192942.0
192943.0
192944.0
192948.0
192954.0
192957.0
192958.0
192959.0
192960.0
192964.0
192998.0
192999.0
193000.0
193001.0
193002.0
193003.0
193004.0
193014.0
193015.0
193017.0
193018.0
193020.0
193021.0
193022.0
193059.0
193060.0
193061.0
193062.0
193063.0
193064.0
193065.0
193075.0
193078.0
193079.0
193080.0
193118.0
193119.0
193120.0
193121.0
193122.0
193124.0
193126.0
193133.0
193134.0
193137.0
193138.0
193140.0
193179.0
193180.0
193182.0
193183.0
193184.0
193185.0
193186.0
193193.0
193194.0
193195.0
193196.0
193197.0
193198.0
193199.0
193200.0
193201.0
193202.0
193203.0
193239.0
193240.0
193242.0
193243.0
193244.0
193245.0
193253.0
193256.0
193257.0
193258.0
193259.0
193260.0
193261.0
193266.0
193299.0
193300.0
193302.0
193303.0
193304.0
193305.0
193306.0
193314.0
193315.0
193316.0
193317.0
193318.0
193319.0
193320.0
193322.0
193323.0
193325.0
193359.0
193360.0
193364.0
193365.0
193366.0
193374.0
193376.0
193377.0
193378.0
193379.0
193380.0
193399.0
193423.0
193434.0
193436.0
193437.0
193438.0
193439.0
193440.0
193441.0
193442.0
193443.0
193480.0
193481.0
193482.0
193483.0
193484.0
193494.0
193495.0
193498.0
193499.0
193500.0
193501.0
193502.0
193503.0
193540.0
193542.0
193553.0
193554.0
193555.0
193556.0
193558.0
193559.0
193560.0
193562.0
193563.0
193600.0
193601.0
193602.0
193603.0
193605.0
193614.0
193618.0
193619.0
193620.0
193621.0
193622.0
193623.0
193660.0
193674.0
193675.0
193678.0
193679.0
193680.0
193681.0
193682.0
193703.0
193720.0
193721.0
193724.0
193725.0
193734.0
193736.0
193737.0
193738.0
193739.0
193740.0
193741.0
193743.0
193780.0
193781.0
193782.0
193784.0
193785.0
193786.0
193787.0
193794.0
193795.0
193798.0
193799.0
193800.0
193801.0
193803.0
193840.0
193841.0
193842.0
193844.0
193845.0
193853.0
193854.0
193855.0
193856.0
193858.0
193859.0
193860.0
193861.0
193862.0
193863.0
193900.0
193901.0
193903.0
193913.0
193916.0
193917.0
193918.0
193919.0
193920.0
193922.0
193960.0
193961.0
193974.0
193978.0
193979.0
193980.0
194034.0
194038.0
194039.0
194040.0
194041.0
194042.0
194044.0
194080.0
194082.0
194083.0
194084.0
194085.0
194094.0
194096.0
194140.0
194142.0
194153.0
194154.0
194155.0
194156.0
194157.0
194158.0
194200.0
194202.0
194207.0
194213.0
194214.0
194216.0
194260.0
194263.0
194264.0
194265.0
194273.0
194274.0
194275.0
194276.0
194299.0
194320.0
194321.0
194323.0
194325.0
194334.0
194336.0
194338.0
194339.0
194380.0
194383.0
194394.0
194395.0
194396.0
194397.0
194440.0
194441.0
194443.0
194454.0
194456.0
194458.0
194500.0
194501.0
194502.0
194503.0
194505.0
194507.0
194514.0
194515.0
194516.0
194517.0
194518.0
194519.0
194560.0
194574.0
194576.0
194578.0
194579.0
194620.0
194621.0
194622.0
194624.0
194633.0
194634.0
194636.0
194637.0
194639.0
194682.0
194683.0
194694.0
194697.0
194740.0
194741.0
194753.0
194754.0
194755.0
194757.0
194759.0
194760.0
194800.0
194802.0
194813.0
194814.0
194815.0
194817.0
194818.0
194819.0
194860.0
194861.0
194862.0
194863.0
194874.0
194876.0
194920.0
194921.0
194922.0
194925.0
194934.0
194935.0
194937.0
194938.0
194963.0
194964.0
194968.0
194972.0
194980.0
194996.0
194998.0
195022.0
195024.0
195025.0
195026.0
195029.0
195033.0
195040.0
195042.0
195043.0
195044.0
195045.0
195055.0
195058.0
195060.0
195061.0
195062.0
195063.0
195064.0
195065.0
195066.0
195081.0
195084.0
195086.0
195088.0
195090.0
195091.0
195092.0
195093.0
195095.0
195114.0
195118.0
195119.0
195120.0
195122.0
195123.0
195143.0
195144.0
195146.0
195163.0
195174.0
195177.0
195178.0
195179.0
195180.0
195181.0
195204.0
195238.0
195239.0
195241.0
195243.0
195263.0
195264.0
195271.0
195282.0
195298.0
195300.0
195301.0
195303.0
195304.0
195323.0
195325.0
195326.0
195327.0
195328.0
195332.0
195336.0
195358.0
195359.0
195360.0
195383.0
195384.0
195386.0
195387.0
195390.0
195392.0
195401.0
195418.0
195420.0
195421.0
195442.0
195444.0
195447.0
195448.0
195455.0
195469.0
195478.0
195479.0
195480.0
195482.0
195483.0
195484.0
195504.0
195506.0
195514.0
195516.0
195518.0
195522.0
195538.0
195539.0
195540.0
195563.0
195564.0
195565.0
195566.0
195568.0
195569.0
195570.0
195598.0
195600.0
195601.0
195606.0
195607.0
195622.0
195623.0
195624.0
195625.0
195626.0
195627.0
195632.0
195636.0
195642.0
195643.0
195658.0
195659.0
195660.0
195662.0
195663.0
195682.0
195684.0
195686.0
195688.0
195690.0
195692.0
195694.0
195695.0
195718.0
195719.0
195720.0
195722.0
195723.0
195744.0
195746.0
195747.0
195748.0
195751.0
195754.0
195762.0
195778.0
195779.0
195783.0
195804.0
195805.0
195808.0
195809.0
195810.0
195811.0
195813.0
195814.0
195815.0
195838.0
195839.0
195842.0
195863.0
195864.0
195865.0
195868.0
195873.0
195898.0
195900.0
195958.0
195959.0
195961.0
195963.0
196018.0
196078.0
196079.0
196080.0
196081.0
196138.0
196139.0
196141.0
196143.0
196198.0
196199.0
196200.0
196202.0
196203.0
196258.0
196260.0
196262.0
196313.0
196314.0
196315.0
196317.0
196318.0
196319.0
196320.0
196324.0
196325.0
196329.0
196335.0
196360.0
196362.0
196363.0
196364.0
196368.0
196374.0
196376.0
196377.0
196378.0
196380.0
196382.0
196383.0
196420.0
196421.0
196422.0
196423.0
196425.0
196426.0
196428.0
196434.0
196436.0
196437.0
196438.0
196439.0
196464.0
196479.0
196480.0
196483.0
196485.0
196494.0
196495.0
196496.0
196498.0
196499.0
196500.0
196501.0
196502.0
196540.0
196541.0
196543.0
196544.0
196545.0
196548.0
196553.0
196554.0
196558.0
196559.0
196560.0
196562.0
196563.0
196599.0
196600.0
196601.0
196603.0
196604.0
196605.0
196606.0
196614.0
196617.0
196618.0
196619.0
196620.0
196621.0
196622.0
196623.0
196624.0
196629.0
196660.0
196661.0
196662.0
196663.0
196665.0
196674.0
196675.0
196678.0
196679.0
196682.0
196683.0
196720.0
196721.0
196722.0
196723.0
196724.0
196725.0
196726.0
196734.0
196737.0
196738.0
196739.0
196740.0
196741.0
196742.0
196780.0
196781.0
196783.0
196784.0
196785.0
196789.0
196794.0
196795.0
196797.0
196798.0
196799.0
196800.0
196801.0
196803.0
196840.0
196841.0
196843.0
196854.0
196856.0
196857.0
196858.0
196859.0
196900.0
196901.0
196903.0
196904.0
196905.0
196914.0
196918.0
196919.0
196920.0
196921.0
196960.0
196961.0
196962.0
196963.0
196965.0
196974.0
196978.0
196982.0
196999.0
197020.0
197021.0
197022.0
197023.0
197024.0
197025.0
197034.0
197035.0
197036.0
197038.0
197039.0
197040.0
197041.0
197042.0
197043.0
197078.0
197079.0
197080.0
197081.0
197083.0
197085.0
197086.0
197094.0
197098.0
197099.0
197100.0
197101.0
197102.0
197103.0
197140.0
197141.0
197142.0
197143.0
197144.0
197145.0
197154.0
197155.0
197156.0
197157.0
197158.0
197159.0
197160.0
197161.0
197162.0
197163.0
197198.0
197199.0
197200.0
197201.0
197202.0
197203.0
197205.0
197214.0
197215.0
197216.0
197219.0
197225.0
197228.0
197261.0
197262.0
197263.0
197264.0
197274.0
197275.0
197276.0
197277.0
197278.0
197279.0
197304.0
197320.0
197323.0
197325.0
197328.0
197334.0
197336.0
197338.0
197340.0
197342.0
197343.0
197344.0
197380.0
197381.0
197383.0
197384.0
197385.0
197386.0
197390.0
197395.0
197396.0
197398.0
197399.0
197400.0
197403.0
197404.0
197440.0
197441.0
197444.0
197445.0
197450.0
197458.0
197459.0
197460.0
197461.0
197462.0
197463.0
197464.0
197500.0
197501.0
197502.0
197503.0
197505.0
197514.0
197515.0
197517.0
197518.0
197520.0
197560.0
197561.0
197563.0
197565.0
197572.0
197573.0
197574.0
197578.0
197579.0
197580.0
197581.0
197582.0
197583.0
197620.0
197621.0
197622.0
197625.0
197634.0
197638.0
197639.0
197640.0
197642.0
197643.0
197644.0
197680.0
197681.0
197683.0
197684.0
197685.0
197686.0
197694.0
197697.0
197699.0
197700.0
197741.0
197742.0
197743.0
197746.0
197747.0
197755.0
197756.0
197757.0
197759.0
197800.0
197801.0
197802.0
197804.0
197814.0
197815.0
197817.0
197818.0
197819.0
197820.0
197821.0
197822.0
197823.0
197825.0
197860.0
197861.0
197863.0
197864.0
197874.0
197876.0
197878.0
197879.0
197899.0
197920.0
197921.0
197923.0
197926.0
197935.0
197936.0
197938.0
197939.0
197940.0
197942.0
197943.0
197980.0
197981.0
197983.0
197984.0
197994.0
197998.0
197999.0
198000.0
198002.0
198003.0
198004.0
198040.0
198041.0
198055.0
198057.0
198058.0
198059.0
198060.0
198061.0
198063.0
198100.0
198101.0
198103.0
198105.0
198114.0
198117.0
198118.0
198119.0
198120.0
198121.0
198122.0
198124.0
198163.0
198174.0
198175.0
198178.0
198179.0
198180.0
198181.0
198183.0
198220.0
198221.0
198224.0
198234.0
198236.0
198237.0
198238.0
198239.0
198281.0
198282.0
198294.0
198340.0
198341.0
198343.0
198344.0
198345.0
198354.0
198356.0
198400.0
198401.0
198403.0
198414.0
198415.0
198461.0
198462.0
198463.0
198464.0
198465.0
198466.0
198468.0
198474.0
198475.0
198476.0
198520.0
198521.0
198522.0
198525.0
198526.0
198534.0
198580.0
198581.0
198582.0
198583.0
198594.0
198595.0
198596.0
198640.0
198641.0
198642.0
198654.0
198655.0
198657.0
198658.0
198666.0
198700.0
198701.0
198704.0
198714.0
198716.0
198718.0
198719.0
198760.0
198761.0
198763.0
198764.0
198774.0
198775.0
198820.0
198821.0
198822.0
198834.0
198880.0
198881.0
198882.0
198884.0
198894.0
198895.0
198941.0
198943.0
198944.0
198946.0
198947.0
198954.0
198958.0
198959.0
199001.0
199003.0
199004.0
199015.0
199016.0
199020.0
199055.0
199060.0
199061.0
199063.0
199067.0
199071.0
199072.0
199074.0
199075.0
199076.0
199104.0
199105.0
199106.0
199107.0
199109.0
199111.0
199120.0
199121.0
199123.0
199134.0
199136.0
199137.0
199138.0
199141.0
199161.0
199164.0
199168.0
199169.0
199170.0
199184.0
199194.0
199195.0
199197.0
199198.0
199199.0
199200.0
199204.0
199214.0
199215.0
199217.0
199219.0
199221.0
199222.0
199224.0
199225.0
199226.0
199254.0
199255.0
199258.0
199260.0
199261.0
199274.0
199276.0
199277.0
199279.0
199280.0
199282.0
199284.0
199318.0
199319.0
199320.0
199321.0
199324.0
199325.0
199336.0
199337.0
199338.0
199378.0
199379.0
199380.0
199381.0
199383.0
199385.0
199390.0
199395.0
199396.0
199398.0
199401.0
199403.0
199405.0
199438.0
199439.0
199440.0
199441.0
199442.0
199443.0
199464.0
199465.0
199471.0
199498.0
199499.0
199500.0
199502.0
199505.0
199522.0
199523.0
199526.0
199532.0
199542.0
199558.0
199561.0
199576.0
199582.0
199583.0
199584.0
199588.0
199618.0
199619.0
199620.0
199621.0
199622.0
199624.0
199645.0
199646.0
199649.0
199650.0
199651.0
199654.0
199678.0
199679.0
199680.0
199696.0
199703.0
199704.0
199705.0
199706.0
199708.0
199738.0
199739.0
199742.0
199765.0
199766.0
199768.0
199770.0
199773.0
199774.0
199776.0
199798.0
199799.0
199800.0
199802.0
199803.0
199804.0
199826.0
199827.0
199829.0
199831.0
199833.0
199834.0
199842.0
199858.0
199859.0
199860.0
199861.0
199862.0
199863.0
199881.0
199882.0
199883.0
199884.0
199886.0
199888.0
199889.0
199891.0
199893.0
199918.0
199919.0
199920.0
199921.0
199922.0
199935.0
199940.0
199941.0
199942.0
199943.0
199969.0
199978.0
199979.0
199980.0
199983.0
200003.0
200038.0
200039.0
200040.0
200041.0
200042.0
200043.0
200044.0
200045.0
200098.0
200099.0
200102.0
200158.0
200159.0
200163.0
200218.0
200219.0
200220.0
200221.0
200222.0
200278.0
200279.0
200280.0
200338.0
200339.0
200340.0
200342.0
200343.0
200344.0
200398.0
200399.0
200400.0
200403.0
200404.0
200439.0
200440.0
200441.0
200442.0
200443.0
200444.0
200448.0
200454.0
200458.0
200459.0
200460.0
200461.0
200462.0
200463.0
200464.0
200500.0
200501.0
200502.0
200503.0
200504.0
200506.0
200514.0
200515.0
200517.0
200518.0
200519.0
200520.0
200521.0
200522.0
200523.0
200525.0
200559.0
200561.0
200563.0
200564.0
200568.0
200574.0
200575.0
200576.0
200578.0
200579.0
200580.0
200582.0
200583.0
200584.0
200599.0
200619.0
200621.0
200622.0
200623.0
200627.0
200628.0
200636.0
200637.0
200638.0
200639.0
200640.0
200679.0
200680.0
200681.0
200682.0
200683.0
200684.0
200695.0
200698.0
200699.0
200700.0
200701.0
200702.0
200703.0
200738.0
200739.0
200741.0
200742.0
200743.0
200744.0
200748.0
200755.0
200756.0
200757.0
200758.0
200759.0
200760.0
200802.0
200803.0
200804.0
200815.0
200816.0
200818.0
200819.0
200820.0
200821.0
200823.0
200824.0
200828.0
200859.0
200861.0
200862.0
200863.0
200864.0
200865.0
200866.0
200869.0
200875.0
200877.0
200878.0
200879.0
200880.0
200903.0
200904.0
200919.0
200920.0
200921.0
200922.0
200923.0
200924.0
200935.0
200937.0
200938.0
200939.0
200940.0
200941.0
200943.0
200979.0
200982.0
200983.0
200984.0
200985.0
200986.0
200995.0
200997.0
200998.0
200999.0
201000.0
201001.0
201002.0
201039.0
201040.0
201041.0
201043.0
201044.0
201055.0
201056.0
201058.0
201059.0
201060.0
201061.0
201063.0
201064.0
201099.0
201101.0
201102.0
201103.0
201104.0
201106.0
201107.0
201115.0
201117.0
201119.0
201120.0
201161.0
201162.0
201163.0
201164.0
201165.0
201168.0
201169.0
201175.0
201176.0
201179.0
201182.0
201222.0
201223.0
201224.0
201225.0
201226.0
201228.0
201229.0
201235.0
201236.0
201238.0
201239.0
201240.0
201241.0
201243.0
201244.0
201279.0
201282.0
201283.0
201284.0
201285.0
201287.0
201288.0
201295.0
201299.0
201300.0
201302.0
201304.0
201305.0
201339.0
201341.0
201342.0
201343.0
201344.0
201348.0
201354.0
201355.0
201356.0
201358.0
201359.0
201360.0
201361.0
201362.0
201364.0
201398.0
201399.0
201400.0
201402.0
201403.0
201404.0
201406.0
201407.0
201408.0
201414.0
201415.0
201416.0
201417.0
201418.0
201419.0
201420.0
201421.0
201422.0
201423.0
201424.0
201459.0
201460.0
201461.0
201463.0
201464.0
201466.0
201475.0
201478.0
201479.0
201480.0
201499.0
201519.0
201521.0
201522.0
201524.0
201525.0
201532.0
201534.0
201535.0
201539.0
201540.0
201541.0
201542.0
201543.0
201544.0
201545.0
201548.0
201580.0
201581.0
201582.0
201585.0
201595.0
201596.0
201597.0
201598.0
201599.0
201600.0
201602.0
201641.0
201642.0
201643.0
201655.0
201656.0
201657.0
201658.0
201659.0
201660.0
201661.0
201662.0
201663.0
201664.0
201665.0
201701.0
201702.0
201705.0
201715.0
201717.0
201719.0
201720.0
201721.0
201722.0
201724.0
201725.0
201761.0
201762.0
201775.0
201777.0
201779.0
201782.0
201783.0
201804.0
201821.0
201822.0
201824.0
201827.0
201835.0
201836.0
201837.0
201839.0
201840.0
201841.0
201843.0
201844.0
201845.0
201852.0
201881.0
201882.0
201883.0
201884.0
201885.0
201886.0
201895.0
201899.0
201900.0
201901.0
201902.0
201903.0
201904.0
201941.0
201942.0
201943.0
201945.0
201947.0
201955.0
201959.0
201960.0
201961.0
201962.0
202001.0
202002.0
202004.0
202006.0
202015.0
202017.0
202019.0
202020.0
202021.0
202024.0
202025.0
202062.0
202075.0
202077.0
202078.0
202079.0
202080.0
202081.0
202121.0
202122.0
202124.0
202135.0
202137.0
202139.0
202140.0
202141.0
202142.0
202143.0
202145.0
202181.0
202183.0
202195.0
202196.0
202198.0
202199.0
202201.0
202242.0
202243.0
202244.0
202255.0
202259.0
202260.0
202261.0
202262.0
202266.0
202302.0
202315.0
202316.0
202318.0
202361.0
202362.0
202364.0
202365.0
202375.0
202377.0
202421.0
202422.0
202423.0
202424.0
202426.0
202435.0
202437.0
202481.0
202482.0
202483.0
202485.0
202487.0
202495.0
202542.0
202543.0
202555.0
202557.0
202559.0
202560.0
202601.0
202602.0
202615.0
202616.0
202617.0
202618.0
202619.0
202621.0
202661.0
202662.0
202675.0
202722.0
202724.0
202726.0
202782.0
202785.0
202795.0
202841.0
202842.0
202843.0
202855.0
202856.0
202859.0
202860.0
202901.0
202902.0
202903.0
202905.0
202915.0
202917.0
202920.0
202955.0
202956.0
202957.0
202958.0
202959.0
202975.0
202976.0
202977.0
202978.0
202999.0
203014.0
203015.0
203035.0
203037.0
203038.0
203074.0
203079.0
203090.0
203091.0
203092.0
203134.0
203135.0
203147.0
203148.0
203149.0
203150.0
203151.0
203153.0
203193.0
203194.0
203195.0
203196.0
203197.0
203198.0
203200.0
203201.0
203207.0
203208.0
203209.0
203210.0
203211.0
203219.0
203220.0
203222.0
203225.0
203229.0
203250.0
203251.0
203253.0
203256.0
203257.0
203259.0
203267.0
203268.0
203271.0
203273.0
203279.0
203280.0
203281.0
203282.0
203301.0
203304.0
203306.0
203309.0
203319.0
203323.0
203327.0
203328.0
203329.0
203331.0
203332.0
203339.0
203340.0
203341.0
203342.0
203343.0
203344.0
203368.0
203369.0
203370.0
203375.0
203378.0
203392.0
203393.0
203394.0
203395.0
203396.0
203397.0
203398.0
203433.0
203434.0
203436.0
203441.0
203452.0
203454.0
203455.0
203456.0
203457.0
203493.0
203495.0
203496.0
203497.0
203500.0
203512.0
203513.0
203514.0
203515.0
203516.0
203534.0
203553.0
203555.0
203557.0
203571.0
203572.0
203575.0
203576.0
203611.0
203612.0
203613.0
203618.0
203631.0
203632.0
203633.0
203634.0
203635.0
203636.0
203637.0
203664.0
203665.0
203668.0
203679.0
203681.0
203691.0
203693.0
203696.0
203698.0
203723.0
203724.0
203725.0
203726.0
203728.0
203730.0
203731.0
203752.0
203753.0
203754.0
203755.0
203756.0
203757.0
203779.0
203781.0
203787.0
203788.0
203789.0
203790.0
203794.0
203796.0
203811.0
203812.0
203813.0
203815.0
203833.0
203834.0
203872.0
203875.0
203876.0
203881.0
203882.0
203931.0
203932.0
203985.0
203986.0
203991.0
203992.0
203993.0
203994.0
203995.0
203996.0
203997.0
204052.0
204053.0
204054.0
204056.0
204057.0
204058.0
204093.0
204094.0
204095.0
204097.0
204100.0
204112.0
204172.0
204173.0
204174.0
204175.0
204176.0
204231.0
204232.0
204233.0
204234.0
204235.0
204236.0
204237.0
204292.0
204293.0
204294.0
204295.0
204296.0
204298.0
204351.0
204352.0
204353.0
204354.0
204355.0
204356.0
204357.0
204412.0
204413.0
204414.0
204415.0
204416.0
204417.0
204472.0
204473.0
204474.0
204475.0
204477.0
204512.0
204514.0
204515.0
204516.0
204517.0
204518.0
204527.0
204530.0
204531.0
204532.0
204533.0
204537.0
204573.0
204574.0
204575.0
204576.0
204577.0
204578.0
204580.0
204582.0
204587.0
204588.0
204589.0
204591.0
204592.0
204593.0
204595.0
204596.0
204633.0
204634.0
204635.0
204636.0
204637.0
204640.0
204647.0
204652.0
204653.0
204654.0
204656.0
204694.0
204695.0
204696.0
204697.0
204698.0
204699.0
204705.0
204708.0
204709.0
204710.0
204711.0
204712.0
204713.0
204714.0
204715.0
204716.0
204753.0
204754.0
204755.0
204756.0
204757.0
204767.0
204768.0
204772.0
204773.0
204775.0
204776.0
204781.0
204814.0
204815.0
204816.0
204818.0
204819.0
204820.0
204828.0
204831.0
204832.0
204833.0
204834.0
204835.0
204836.0
204837.0
204873.0
204874.0
204875.0
204878.0
204880.0
204887.0
204888.0
204890.0
204891.0
204892.0
204893.0
204894.0
204895.0
204933.0
204934.0
204935.0
204937.0
204938.0
204939.0
204948.0
204950.0
204951.0
204952.0
204953.0
204954.0
204955.0
204993.0
204994.0
204995.0
204998.0
204999.0
205000.0
205007.0
205008.0
205012.0
205013.0
205014.0
205015.0
205016.0
205017.0
205019.0
205053.0
205054.0
205055.0
205056.0
205058.0
205060.0
205067.0
205068.0
205072.0
205076.0
205113.0
205114.0
205115.0
205118.0
205120.0
205127.0
205128.0
205129.0
205130.0
205132.0
205134.0
205136.0
205173.0
205174.0
205175.0
205176.0
205177.0
205178.0
205180.0
205187.0
205188.0
205191.0
205192.0
205193.0
205194.0
205196.0
205197.0
205234.0
205235.0
205236.0
205237.0
205238.0
205240.0
205243.0
205247.0
205252.0
205253.0
205254.0
205255.0
205256.0
205293.0
205294.0
205295.0
205296.0
205298.0
205300.0
205308.0
205309.0
205312.0
205353.0
205354.0
205355.0
205356.0
205357.0
205358.0
205367.0
205368.0
205371.0
205372.0
205374.0
205377.0
205414.0
205415.0
205416.0
205418.0
205420.0
205428.0
205430.0
205431.0
205432.0
205433.0
205435.0
205437.0
205473.0
205474.0
205475.0
205476.0
205478.0
205479.0
205480.0
205488.0
205492.0
205495.0
205535.0
205536.0
205538.0
205539.0
205540.0
205547.0
205548.0
205551.0
205552.0
205554.0
205594.0
205595.0
205596.0
205599.0
205605.0
205607.0
205608.0
205612.0
205613.0
205614.0
205615.0
205616.0
205617.0
205654.0
205655.0
205660.0
205668.0
205671.0
205672.0
205673.0
205674.0
205675.0
205676.0
205677.0
205681.0
205714.0
205728.0
205732.0
205733.0
205734.0
205735.0
205736.0
205737.0
205774.0
205775.0
205777.0
205779.0
205787.0
205788.0
205789.0
205791.0
205792.0
205793.0
205795.0
205796.0
205834.0
205835.0
205838.0
205839.0
205848.0
205852.0
205854.0
205856.0
205857.0
205858.0
205894.0
205896.0
205898.0
205907.0
205908.0
205910.0
205911.0
205912.0
205913.0
205915.0
205954.0
205967.0
205969.0
205971.0
205972.0
205973.0
205974.0
205976.0
205977.0
206022.0
206028.0
206032.0
206033.0
206034.0
206036.0
206082.0
206083.0
206084.0
206086.0
206088.0
206092.0
206094.0
206095.0
206096.0
206142.0
206143.0
206152.0
206155.0
206202.0
206205.0
206212.0
206213.0
206214.0
206215.0
206216.0
206217.0
206219.0
206220.0
206221.0
206262.0
206263.0
206272.0
206273.0
206274.0
206275.0
206276.0
206277.0
206278.0
206322.0
206332.0
206333.0
206335.0
206336.0
206339.0
206382.0
206385.0
206386.0
206396.0
206397.0
206400.0
206442.0
206443.0
206444.0
206446.0
206455.0
206456.0
206502.0
206503.0
206504.0
206505.0
206506.0
206516.0
206518.0
206520.0
206562.0
206564.0
206566.0
206568.0
206575.0
206576.0
206577.0
206578.0
206580.0
206622.0
206623.0
206625.0
206627.0
206636.0
206637.0
206640.0
206683.0
206696.0
206697.0
206698.0
206701.0
206702.0
206742.0
206743.0
206745.0
206747.0
206748.0
206756.0
206757.0
206758.0
206759.0
206760.0
206761.0
206802.0
206803.0
206804.0
206806.0
206807.0
206816.0
206862.0
206864.0
206866.0
206867.0
206876.0
206877.0
206878.0
206880.0
206882.0
206922.0
206936.0
206938.0
206940.0
206982.0
206985.0
206996.0
206997.0
206998.0
206999.0
207001.0
207043.0
207044.0
207045.0
207046.0
207047.0
207056.0
207102.0
207103.0
207104.0
207105.0
207106.0
207107.0
207116.0
207119.0
207162.0
207163.0
207164.0
207165.0
207177.0
207180.0
207181.0
207222.0
207223.0
207239.0
207240.0
207273.0
207274.0
207285.0
207287.0
207288.0
207296.0
207299.0
207300.0
207301.0
207302.0
207303.0
207304.0
207305.0
207331.0
207347.0
207350.0
207351.0
207353.0
207355.0
207356.0
207357.0
207360.0
207405.0
207418.0
207419.0
207420.0
207421.0
207422.0
207423.0
207424.0
207480.0
207481.0
207482.0
207483.0
207484.0
207485.0
207517.0
207518.0
207524.0
207525.0
207540.0
207542.0
207543.0
207544.0
207545.0
207575.0
207576.0
207582.0
207583.0
207600.0
207601.0
207602.0
207603.0
207604.0
207605.0
207628.0
207634.0
207635.0
207636.0
207660.0
207661.0
207681.0
207685.0
207688.0
207689.0
207723.0
207724.0
207725.0
207726.0
207727.0
207734.0
207738.0
207740.0
207741.0
207742.0
207744.0
207745.0
207749.0
207755.0
207783.0
207785.0
207787.0
207797.0
207799.0
207800.0
207801.0
207802.0
207803.0
207843.0
207844.0
207845.0
207846.0
207848.0
207855.0
207857.0
207861.0
207863.0
207864.0
207865.0
207903.0
207905.0
207919.0
207924.0
207931.0
207937.0
207963.0
207981.0
207988.0
207990.0
207993.0
207994.0
207995.0
208000.0
208022.0
208023.0
208026.0
208027.0
208046.0
208047.0
208050.0
208051.0
208052.0
208053.0
208054.0
208057.0
208083.0
208085.0
208087.0
208100.0
208108.0
208109.0
208112.0
208113.0
208118.0
208142.0
208143.0
208144.0
208145.0
208146.0
208147.0
208166.0
208167.0
208169.0
208171.0
208174.0
208176.0
208203.0
208204.0
208226.0
208227.0
208263.0
208264.0
208265.0
208266.0
208267.0
208322.0
208323.0
208324.0
208325.0
208326.0
208327.0
208328.0
208381.0
208383.0
208384.0
208385.0
208386.0
208387.0
208443.0
208444.0
208445.0
208446.0
208447.0
208448.0
208503.0
208504.0
208505.0
208506.0
208507.0
208508.0
208563.0
208604.0
208605.0
208606.0
208608.0
208609.0
208618.0
208619.0
208620.0
208621.0
208623.0
208624.0
208625.0
208627.0
208664.0
208665.0
208666.0
208667.0
208668.0
208669.0
208679.0
208680.0
208683.0
208684.0
208685.0
208686.0
208687.0
208688.0
208724.0
208725.0
208726.0
208728.0
208729.0
208739.0
208740.0
208741.0
208743.0
208744.0
208745.0
208746.0
208747.0
208785.0
208786.0
208787.0
208788.0
208789.0
208790.0
208791.0
208799.0
208801.0
208803.0
208804.0
208805.0
208806.0
208807.0
208808.0
208845.0
208846.0
208848.0
208850.0
208859.0
208860.0
208863.0
208864.0
208865.0
208866.0
208867.0
208904.0
208905.0
208906.0
208908.0
208918.0
208919.0
208920.0
208921.0
208922.0
208923.0
208924.0
208925.0
208926.0
208927.0
208928.0
208964.0
208965.0
208968.0
208969.0
208977.0
208979.0
208980.0
208981.0
208982.0
208983.0
208984.0
208986.0
208987.0
208988.0
209024.0
209025.0
209027.0
209028.0
209029.0
209030.0
209032.0
209039.0
209041.0
209043.0
209045.0
209046.0
209047.0
209084.0
209085.0
209086.0
209088.0
209089.0
209090.0
209099.0
209102.0
209103.0
209104.0
209106.0
209107.0
209108.0
209144.0
209145.0
209146.0
209148.0
209149.0
209153.0
209159.0
209161.0
209162.0
209163.0
209164.0
209203.0
209204.0
209205.0
209206.0
209207.0
209208.0
209209.0
209218.0
209219.0
209220.0
209222.0
209223.0
209224.0
209225.0
209226.0
209227.0
209228.0
209229.0
209264.0
209265.0
209266.0
209267.0
209268.0
209269.0
209270.0
209273.0
209279.0
209280.0
209281.0
209282.0
209283.0
209284.0
209285.0
209286.0
209287.0
209324.0
209328.0
209329.0
209339.0
209341.0
209343.0
209344.0
209345.0
209346.0
209347.0
209384.0
209385.0
209386.0
209387.0
209388.0
209399.0
209400.0
209401.0
209402.0
209403.0
209404.0
209405.0
209407.0
209444.0
209445.0
209448.0
209449.0
209458.0
209459.0
209460.0
209463.0
209465.0
209466.0
209467.0
209468.0
209469.0
209504.0
209505.0
209508.0
209509.0
209510.0
209519.0
209523.0
209525.0
209527.0
209564.0
209565.0
209566.0
209567.0
209568.0
209569.0
209570.0
209573.0
209578.0
209579.0
209583.0
209585.0
209587.0
209588.0
209624.0
209625.0
209627.0
209628.0
209629.0
209639.0
209640.0
209642.0
209643.0
209644.0
209645.0
209646.0
209647.0
209684.0
209685.0
209686.0
209689.0
209698.0
209699.0
209700.0
209702.0
209703.0
209704.0
209705.0
209706.0
209707.0
209708.0
209744.0
209745.0
209746.0
209748.0
209749.0
209750.0
209759.0
209760.0
209763.0
209764.0
209805.0
209806.0
209808.0
209809.0
209810.0
209819.0
209823.0
209824.0
209825.0
209865.0
209866.0
209867.0
209868.0
209869.0
209877.0
209879.0
209880.0
209881.0
209883.0
209884.0
209886.0
209888.0
209925.0
209926.0
209939.0
209940.0
209941.0
209943.0
209944.0
209945.0
209946.0
209947.0
209985.0
209987.0
209988.0
209989.0
209999.0
210003.0
210004.0
210006.0
210008.0
210009.0
210045.0
210047.0
210049.0
210059.0
210060.0
210063.0
210064.0
210066.0
210067.0
210105.0
210106.0
210107.0
210108.0
210118.0
210119.0
210121.0
210123.0
210124.0
210127.0
210165.0
210166.0
210179.0
210181.0
210182.0
210183.0
210184.0
210185.0
210186.0
210187.0
210188.0
210225.0
210226.0
210227.0
210228.0
210229.0
210242.0
210243.0
210244.0
210245.0
210246.0
210247.0
210248.0
210285.0
210286.0
210288.0
210290.0
210296.0
210299.0
210303.0
210305.0
210307.0
210308.0
210346.0
210359.0
210361.0
210362.0
210363.0
210364.0
210365.0
210405.0
210406.0
210407.0
210410.0
210419.0
210420.0
210422.0
210423.0
210424.0
210425.0
210426.0
210427.0
210465.0
210467.0
210468.0
210479.0
210480.0
210481.0
210482.0
210483.0
210484.0
210485.0
210486.0
210487.0
210488.0
210525.0
210528.0
210539.0
210542.0
210543.0
210585.0
210586.0
210590.0
210643.0
210645.0
210649.0
210659.0
210661.0
210706.0
210708.0
210709.0
210710.0
210719.0
210721.0
210722.0
210765.0
210766.0
210770.0
210777.0
210779.0
210780.0
210781.0
210825.0
210829.0
210839.0
210842.0
210885.0
210886.0
210887.0
210888.0
210889.0
210899.0
210901.0
210902.0
210903.0
210945.0
210946.0
210948.0
210950.0
210959.0
210960.0
210961.0
211005.0
211011.0
211018.0
211019.0
211020.0
211022.0
211024.0
211065.0
211068.0
211079.0
211080.0
211082.0
211083.0
211126.0
211127.0
211128.0
211138.0
211139.0
211140.0
211141.0
211143.0
211144.0
211185.0
211188.0
211199.0
211200.0
211201.0
211203.0
211204.0
211246.0
211247.0
211248.0
211249.0
211250.0
211259.0
211260.0
211305.0
211308.0
211319.0
211321.0
211325.0
211367.0
211369.0
211378.0
211379.0
211380.0
211382.0
211385.0
211392.0
211393.0
211395.0
211396.0
211398.0
211425.0
211426.0
211428.0
211430.0
211439.0
211441.0
211443.0
211444.0
211445.0
211446.0
211447.0
211448.0
211449.0
211450.0
211451.0
211454.0
211463.0
211499.0
211500.0
211501.0
211503.0
211504.0
211505.0
211506.0
211507.0
211508.0
211514.0
211516.0
211518.0
211521.0
211522.0
211524.0
211527.0
211528.0
211558.0
211559.0
211560.0
211561.0
211563.0
211564.0
211565.0
211566.0
211569.0
211575.0
211577.0
211578.0
211579.0
211583.0
211585.0
211623.0
211624.0
211625.0
211627.0
211628.0
211637.0
211639.0
211640.0
211642.0
211644.0
211660.0
211683.0
211684.0
211685.0
211686.0
211688.0
211701.0
211703.0
211705.0
211708.0
211711.0
211743.0
211745.0
211747.0
211767.0
211773.0
211803.0
211804.0
211805.0
211806.0
211807.0
211808.0
211809.0
211823.0
211824.0
211825.0
211829.0
211863.0
211864.0
211866.0
211867.0
211868.0
211885.0
211886.0
211887.0
211888.0
211891.0
211893.0
211894.0
211908.0
211923.0
211924.0
211925.0
211926.0
211928.0
211946.0
211947.0
211948.0
211949.0
211951.0
211953.0
211956.0
211957.0
211981.0
211983.0
211984.0
211986.0
211987.0
212004.0
212007.0
212009.0
212011.0
212043.0
212044.0
212046.0
212047.0
212073.0
212076.0
212077.0
212084.0
212098.0
212103.0
212106.0
212107.0
212132.0
212134.0
212137.0
212139.0
212142.0
212163.0
212164.0
212165.0
212166.0
212167.0
212181.0
212182.0
212184.0
212186.0
212200.0
212201.0
212223.0
212224.0
212225.0
212227.0
212239.0
212241.0
212242.0
212244.0
212245.0
212246.0
212248.0
212283.0
212285.0
212286.0
212287.0
212288.0
212343.0
212344.0
212345.0
212346.0
212347.0
212349.0
212403.0
212404.0
212405.0
212407.0
212408.0
212409.0
212463.0
212464.0
212466.0
212467.0
212523.0
212524.0
212525.0
212526.0
212527.0
212528.0
212583.0
212584.0
212585.0
212586.0
212587.0
212588.0
212643.0
212644.0
212647.0
212698.0
212699.0
212700.0
212701.0
212702.0
212703.0
212704.0
212705.0
212706.0
212707.0
212708.0
212745.0
212746.0
212747.0
212748.0
212749.0
212750.0
212759.0
212760.0
212761.0
212763.0
212764.0
212765.0
212767.0
212805.0
212806.0
212807.0
212808.0
212809.0
212810.0
212819.0
212820.0
212823.0
212825.0
212826.0
212865.0
212866.0
212869.0
212870.0
212879.0
212880.0
212881.0
212883.0
212884.0
212885.0
212886.0
212887.0
212888.0
212925.0
212926.0
212927.0
212929.0
212930.0
212938.0
212939.0
212940.0
212943.0
212944.0
212946.0
212947.0
212985.0
212986.0
212987.0
212988.0
212989.0
212990.0
212999.0
213003.0
213004.0
213005.0
213006.0
213007.0
213008.0
213045.0
213046.0
213048.0
213049.0
213050.0
213053.0
213059.0
213062.0
213063.0
213064.0
213065.0
213066.0
213067.0
213068.0
213105.0
213106.0
213107.0
213108.0
213109.0
213110.0
213118.0
213119.0
213123.0
213124.0
213125.0
213127.0
213165.0
213167.0
213168.0
213169.0
213170.0
213171.0
213173.0
213179.0
213180.0
213181.0
213183.0
213184.0
213185.0
213186.0
213188.0
213189.0
213225.0
213226.0
213227.0
213228.0
213230.0
213233.0
213239.0
213241.0
213243.0
213244.0
213245.0
213246.0
213248.0
213285.0
213286.0
213289.0
213290.0
213299.0
213300.0
213303.0
213304.0
213306.0
213345.0
213346.0
213347.0
213348.0
213349.0
213350.0
213351.0
213353.0
213359.0
213363.0
213364.0
213365.0
213366.0
213367.0
213405.0
213406.0
213408.0
213409.0
213410.0
213419.0
213420.0
213423.0
213424.0
213427.0
213428.0
213465.0
213466.0
213467.0
213468.0
213469.0
213470.0
213473.0
213477.0
213479.0
213480.0
213484.0
213485.0
213486.0
213487.0
213488.0
213525.0
213526.0
213528.0
213529.0
213530.0
213539.0
213543.0
213544.0
213546.0
213547.0
213585.0
213586.0
213587.0
213588.0
213589.0
213590.0
213592.0
213599.0
213603.0
213604.0
213605.0
213606.0
213607.0
213608.0
213609.0
213645.0
213646.0
213648.0
213650.0
213658.0
213659.0
213660.0
213662.0
213663.0
213664.0
213665.0
213667.0
213668.0
213705.0
213706.0
213707.0
213708.0
213709.0
213710.0
213719.0
213723.0
213724.0
213726.0
213727.0
213765.0
213766.0
213767.0
213779.0
213781.0
213783.0
213784.0
213785.0
213786.0
213787.0
213788.0
213789.0
213825.0
213827.0
213830.0
213839.0
213840.0
213841.0
213842.0
213843.0
213844.0
213845.0
213847.0
213885.0
213886.0
213887.0
213890.0
213896.0
213899.0
213900.0
213901.0
213903.0
213904.0
213906.0
213907.0
213908.0
213945.0
213947.0
213959.0
213962.0
213963.0
213964.0
213965.0
213967.0
213968.0
214006.0
214009.0
214018.0
214019.0
214020.0
214021.0
214022.0
214023.0
214024.0
214026.0
214028.0
214065.0
214066.0
214067.0
214079.0
214080.0
214083.0
214084.0
214086.0
214125.0
214128.0
214130.0
214138.0
214139.0
214141.0
214143.0
214144.0
214146.0
214147.0
214149.0
214185.0
214190.0
214203.0
214204.0
214243.0
214245.0
214246.0
214248.0
214259.0
214261.0
214262.0
214263.0
214264.0
214265.0
214267.0
214268.0
214305.0
214306.0
214307.0
214318.0
214319.0
214320.0
214322.0
214323.0
214324.0
214325.0
214326.0
214327.0
214328.0
214365.0
214366.0
214367.0
214369.0
214377.0
214379.0
214382.0
214383.0
214384.0
214386.0
214387.0
214425.0
214426.0
214439.0
214443.0
214444.0
214445.0
214446.0
214447.0
214448.0
214449.0
214485.0
214486.0
214487.0
214489.0
214490.0
214499.0
214501.0
214503.0
214504.0
214507.0
214508.0
214545.0
214558.0
214559.0
214560.0
214563.0
214564.0
214565.0
214566.0
214568.0
214605.0
214606.0
214607.0
214608.0
214610.0
214619.0
214620.0
214621.0
214624.0
214666.0
214667.0
214668.0
214679.0
214681.0
214725.0
214727.0
214728.0
214738.0
214739.0
214742.0
214743.0
214785.0
214798.0
214799.0
214800.0
214802.0
214803.0
214804.0
214845.0
214859.0
214861.0
214905.0
214906.0
214907.0
214919.0
214965.0
214966.0
214979.0
214981.0
214982.0
215025.0
215027.0
215041.0
215044.0
215085.0
215087.0
215090.0
215099.0
215143.0
215145.0
215146.0
215148.0
215159.0
215162.0
215205.0
215209.0
215210.0
215211.0
215219.0
215265.0
215266.0
215269.0
215277.0
215278.0
215279.0
215280.0
215283.0
215325.0
215326.0
215327.0
215328.0
215329.0
215330.0
215339.0
215340.0
215342.0
215343.0
215385.0
215399.0
215401.0
215445.0
215446.0
215447.0
215448.0
215449.0
215459.0
215461.0
215462.0
215465.0
215483.0
215489.0
215491.0
215493.0
215494.0
215496.0
215498.0
215505.0
215506.0
215508.0
215510.0
215511.0
215519.0
215523.0
215524.0
215526.0
215527.0
215544.0
215545.0
215546.0
215547.0
215552.0
215553.0
215578.0
215579.0
215580.0
215583.0
215584.0
215586.0
215601.0
215602.0
215604.0
215608.0
215639.0
215640.0
215641.0
215642.0
215643.0
215644.0
215645.0
215646.0
215647.0
215648.0
215649.0
215660.0
215662.0
215664.0
215665.0
215666.0
215668.0
215669.0
215674.0
215703.0
215704.0
215705.0
215707.0
215708.0
215714.0
215715.0
215716.0
215763.0
215764.0
215765.0
215766.0
215767.0
215768.0
215769.0
215771.0
215774.0
215776.0
215778.0
215822.0
215823.0
215824.0
215827.0
215829.0
215880.0
215883.0
215884.0
215885.0
215886.0
215887.0
215888.0
215932.0
215939.0
215940.0
215942.0
215943.0
215944.0
215945.0
215946.0
215947.0
215948.0
215957.0
215997.0
215999.0
216000.0
216003.0
216004.0
216005.0
216006.0
216007.0
216008.0
216050.0
216054.0
216055.0
216063.0
216064.0
216065.0
216066.0
216067.0
216068.0
216069.0
216116.0
216118.0
216124.0
216125.0
216127.0
216129.0
216130.0
216175.0
216176.0
216177.0
216178.0
216180.0
216181.0
216182.0
216183.0
216184.0
216185.0
216186.0
216187.0
216237.0
216239.0
216243.0
216244.0
216245.0
216247.0
216248.0
216249.0
216250.0
216290.0
216293.0
216294.0
216296.0
216298.0
216303.0
216304.0
216305.0
216306.0
216307.0
216309.0
216363.0
216364.0
216423.0
216424.0
216482.0
216483.0
216484.0
216485.0
216486.0
216487.0
216488.0
216543.0
216544.0
216545.0
216546.0
216547.0
216548.0
216549.0
216550.0
216604.0
216605.0
216606.0
216607.0
216608.0
216609.0
216664.0
216665.0
216667.0
216723.0
216724.0
216725.0
216726.0
216727.0
216729.0
216784.0
216785.0
216786.0
216787.0
216788.0
216824.0
216825.0
216826.0
216827.0
216828.0
216829.0
216830.0
216839.0
216843.0
216844.0
216845.0
216846.0
216847.0
216848.0
216849.0
216884.0
216885.0
216887.0
216888.0
216889.0
216890.0
216891.0
216893.0
216899.0
216902.0
216903.0
216904.0
216905.0
216943.0
216944.0
216945.0
216946.0
216948.0
216949.0
216953.0
216959.0
216961.0
216962.0
216963.0
216964.0
216965.0
216968.0
216969.0
216970.0
217004.0
217006.0
217008.0
217009.0
217019.0
217020.0
217023.0
217024.0
217025.0
217064.0
217065.0
217066.0
217068.0
217069.0
217073.0
217074.0
217079.0
217081.0
217082.0
217083.0
217084.0
217085.0
217087.0
217124.0
217125.0
217126.0
217127.0
217128.0
217129.0
217133.0
217139.0
217141.0
217143.0
217144.0
217147.0
217184.0
217185.0
217186.0
217187.0
217188.0
217189.0
217200.0
217201.0
217202.0
217204.0
217205.0
217206.0
217208.0
217244.0
217245.0
217246.0
217247.0
217248.0
217260.0
217263.0
217264.0
217266.0
217267.0
217268.0
217269.0
217303.0
217304.0
217305.0
217306.0
217307.0
217308.0
217309.0
217310.0
217313.0
217319.0
217320.0
217323.0
217324.0
217325.0
217326.0
217327.0
217328.0
217329.0
217366.0
217367.0
217368.0
217369.0
217370.0
217371.0
217373.0
217375.0
217379.0
217382.0
217384.0
217385.0
217386.0
217387.0
217388.0
217389.0
217426.0
217427.0
217428.0
217429.0
217433.0
217435.0
217439.0
217440.0
217443.0
217444.0
217445.0
217447.0
217484.0
217485.0
217486.0
217488.0
217489.0
217493.0
217497.0
217499.0
217500.0
217501.0
217503.0
217504.0
217505.0
217506.0
217507.0
217508.0
217544.0
217545.0
217546.0
217548.0
217549.0
217550.0
217553.0
217559.0
217564.0
217565.0
217566.0
217567.0
217569.0
217605.0
217606.0
217608.0
217609.0
217610.0
217613.0
217619.0
217621.0
217623.0
217624.0
217630.0
217664.0
217665.0
217666.0
217667.0
217668.0
217669.0
217673.0
217674.0
217679.0
217683.0
217684.0
217687.0
217724.0
217725.0
217726.0
217728.0
217730.0
217739.0
217741.0
217743.0
217744.0
217745.0
217746.0
217748.0
217749.0
217784.0
217785.0
217786.0
217787.0
217788.0
217789.0
217793.0
217799.0
217802.0
217803.0
217804.0
217805.0
217806.0
217808.0
217809.0
217843.0
217845.0
217848.0
217849.0
217863.0
217864.0
217866.0
217904.0
217906.0
217908.0
217909.0
217910.0
217919.0
217920.0
217924.0
217926.0
217927.0
217928.0
217935.0
217966.0
217967.0
217968.0
217969.0
217970.0
217977.0
217979.0
217981.0
217982.0
217983.0
217984.0
217985.0
217987.0
217988.0
218025.0
218026.0
218039.0
218043.0
218044.0
218045.0
218046.0
218047.0
218048.0
218049.0
218086.0
218087.0
218091.0
218099.0
218100.0
218101.0
218104.0
218107.0
218145.0
218146.0
218147.0
218148.0
218159.0
218163.0
218164.0
218166.0
218167.0
218205.0
218206.0
218209.0
218219.0
218221.0
218222.0
218223.0
218224.0
218225.0
218265.0
218266.0
218267.0
218268.0
218269.0
218270.0
218279.0
218282.0
218284.0
218286.0
218287.0
218288.0
218289.0
218326.0
218329.0
218330.0
218339.0
218343.0
218344.0
218345.0
218347.0
218385.0
218386.0
218399.0
218400.0
218403.0
218404.0
218405.0
218406.0
218407.0
218408.0
218409.0
218445.0
218446.0
218448.0
218449.0
218459.0
218461.0
218462.0
218464.0
218505.0
218506.0
218507.0
218509.0
218511.0
218519.0
218520.0
218523.0
218524.0
218525.0
218526.0
218528.0
218529.0
218565.0
218566.0
218567.0
218569.0
218570.0
218580.0
218583.0
218584.0
218585.0
218625.0
218626.0
218628.0
218629.0
218630.0
218639.0
218685.0
218686.0
218687.0
218688.0
218689.0
218699.0
218701.0
218706.0
218708.0
218745.0
218746.0
218747.0
218749.0
218759.0
218761.0
218763.0
218764.0
218805.0
218806.0
218808.0
218809.0
218810.0
218819.0
218820.0
218822.0
218824.0
218865.0
218866.0
218867.0
218869.0
218870.0
218877.0
218880.0
218881.0
218883.0
218884.0
218925.0
218926.0
218928.0
218930.0
218939.0
218942.0
218943.0
218985.0
218986.0
218999.0
219002.0
219046.0
219048.0
219049.0
219059.0
219060.0
219061.0
219064.0
219105.0
219106.0
219119.0
219121.0
219166.0
219179.0
219181.0
219225.0
219226.0
219228.0
219239.0
219285.0
219286.0
219288.0
219299.0
219300.0
219302.0
219303.0
219304.0
219305.0
219346.0
219347.0
219348.0
219350.0
219359.0
219360.0
219361.0
219362.0
219365.0
219406.0
219407.0
219419.0
219421.0
219465.0
219466.0
219468.0
219470.0
219479.0
219480.0
219482.0
219483.0
219484.0
219525.0
219526.0
219528.0
219530.0
219531.0
219534.0
219539.0
219542.0
219544.0
219576.0
219578.0
219580.0
219586.0
219587.0
219588.0
219590.0
219593.0
219594.0
219599.0
219600.0
219601.0
219602.0
219603.0
219604.0
219605.0
219606.0
219607.0
219608.0
219609.0
219610.0
219644.0
219645.0
219647.0
219649.0
219657.0
219658.0
219659.0
219660.0
219661.0
219663.0
219664.0
219665.0
219666.0
219667.0
219668.0
219718.0
219719.0
219721.0
219724.0
219725.0
219726.0
219727.0
219728.0
219732.0
219784.0
219785.0
219786.0
219787.0
219788.0
219795.0
219797.0
219798.0
219799.0
219801.0
219805.0
219815.0
219844.0
219845.0
219847.0
219848.0
219862.0
219868.0
219869.0
219871.0
219873.0
219875.0
219876.0
219904.0
219905.0
219906.0
219907.0
219909.0
219928.0
219929.0
219930.0
219932.0
219933.0
219937.0
219938.0
219939.0
219948.0
219949.0
219964.0
219965.0
219966.0
219967.0
219968.0
219969.0
219970.0
219991.0
219993.0
219995.0
219997.0
219998.0
220000.0
220024.0
220025.0
220026.0
220047.0
220048.0
220049.0
220050.0
220051.0
220053.0
220055.0
220069.0
220070.0
220082.0
220084.0
220086.0
220087.0
220088.0
220089.0
220103.0
220104.0
220105.0
220106.0
220107.0
220108.0
220111.0
220113.0
220122.0
220144.0
220145.0
220146.0
220147.0
220148.0
220159.0
220161.0
220163.0
220164.0
220165.0
220167.0
220169.0
220171.0
220173.0
220204.0
220206.0
220207.0
220215.0
220220.0
220221.0
220222.0
220223.0
220225.0
220229.0
220264.0
220275.0
220278.0
220324.0
220325.0
220326.0
220327.0
220328.0
220330.0
220342.0
220344.0
220345.0
220348.0
220349.0
220351.0
220384.0
220385.0
220386.0
220389.0
220410.0
220411.0
220444.0
220445.0
220446.0
220448.0
220449.0
220503.0
220504.0
220505.0
220506.0
220507.0
220509.0
220564.0
220565.0
220623.0
220624.0
220625.0
220626.0
220684.0
220743.0
220744.0
220745.0
220746.0
220748.0
220749.0
220803.0
220804.0
220805.0
220806.0
220807.0
220808.0
220809.0
220864.0
220865.0
220866.0
220867.0
220868.0
220869.0
220904.0
220905.0
220906.0
220909.0
220910.0
220911.0
220914.0
220919.0
220920.0
220921.0
220922.0
220923.0
220924.0
220925.0
220926.0
220965.0
220966.0
220969.0
220970.0
220979.0
220981.0
220984.0
220985.0
220986.0
220987.0
220988.0
220989.0
221025.0
221026.0
221027.0
221029.0
221030.0
221039.0
221040.0
221043.0
221044.0
221046.0
221047.0
221048.0
221085.0
221086.0
221088.0
221089.0
221090.0
221091.0
221099.0
221100.0
221101.0
221102.0
221103.0
221104.0
221106.0
221107.0
221108.0
221109.0
221145.0
221146.0
221148.0
221149.0
221150.0
221151.0
221159.0
221160.0
221164.0
221165.0
221166.0
221167.0
221169.0
221205.0
221206.0
221208.0
221209.0
221210.0
221211.0
221219.0
221220.0
221224.0
221225.0
221226.0
221230.0
221265.0
221266.0
221267.0
221268.0
221269.0
221270.0
221274.0
221280.0
221281.0
221283.0
221284.0
221286.0
221287.0
221325.0
221326.0
221328.0
221329.0
221330.0
221331.0
221334.0
221339.0
221340.0
221342.0
221343.0
221344.0
221345.0
221346.0
221348.0
221385.0
221386.0
221387.0
221388.0
221389.0
221390.0
221400.0
221402.0
221403.0
221404.0
221405.0
221406.0
221407.0
221408.0
221443.0
221445.0
221449.0
221450.0
221460.0
221461.0
221463.0
221464.0
221466.0
221467.0
221505.0
221506.0
221507.0
221508.0
221509.0
221510.0
221519.0
221520.0
221524.0
221527.0
221534.0
221535.0
221566.0
221567.0
221569.0
221570.0
221577.0
221579.0
221580.0
221581.0
221582.0
221583.0
221584.0
221585.0
221586.0
221587.0
221588.0
221626.0
221627.0
221628.0
221629.0
221630.0
221632.0
221639.0
221640.0
221641.0
221643.0
221644.0
221648.0
221685.0
221686.0
221687.0
221689.0
221690.0
221694.0
221695.0
221699.0
221700.0
221701.0
221702.0
221703.0
221704.0
221705.0
221706.0
221707.0
221708.0
221709.0
221745.0
221746.0
221747.0
221748.0
221749.0
221750.0
221759.0
221760.0
221762.0
221764.0
221767.0
221768.0
221769.0
221804.0
221805.0
221806.0
221807.0
221808.0
221809.0
221810.0
221814.0
221819.0
221820.0
221822.0
221823.0
221824.0
221827.0
221866.0
221868.0
221869.0
221870.0
221871.0
221873.0
221880.0
221881.0
221882.0
221883.0
221884.0
221885.0
221886.0
221887.0
221888.0
221889.0
221926.0
221929.0
221930.0
221933.0
221941.0
221942.0
221943.0
221944.0
221945.0
221946.0
221947.0
221948.0
221949.0
221986.0
221987.0
221989.0
221990.0
221995.0
221999.0
222000.0
222001.0
222003.0
222004.0
222005.0
222006.0
222007.0
222009.0
222046.0
222047.0
222048.0
222050.0
222051.0
222059.0
222060.0
222061.0
222064.0
222065.0
222066.0
222068.0
222069.0
222070.0
222106.0
222107.0
222108.0
222119.0
222123.0
222124.0
222125.0
222126.0
222127.0
222128.0
222129.0
222166.0
222167.0
222168.0
222169.0
222170.0
222171.0
222179.0
222180.0
222182.0
222183.0
222184.0
222185.0
222186.0
222187.0
222188.0
222189.0
222226.0
222229.0
222239.0
222241.0
222244.0
222245.0
222246.0
222247.0
222248.0
222249.0
222285.0
222286.0
222287.0
222288.0
222291.0
222299.0
222300.0
222304.0
222306.0
222307.0
222343.0
222346.0
222347.0
222348.0
222350.0
222351.0
222359.0
222360.0
222362.0
222363.0
222364.0
222366.0
222367.0
222405.0
222406.0
222420.0
222422.0
222424.0
222426.0
222427.0
222466.0
222469.0
222479.0
222483.0
222484.0
222485.0
222486.0
222487.0
222488.0
222489.0
222490.0
222491.0
222526.0
222527.0
222529.0
222530.0
222531.0
222539.0
222540.0
222544.0
222546.0
222547.0
222586.0
222589.0
222600.0
222601.0
222602.0
222604.0
222605.0
222606.0
222607.0
222608.0
222609.0
222646.0
222647.0
222648.0
222649.0
222650.0
222651.0
222659.0
222660.0
222661.0
222662.0
222663.0
222664.0
222665.0
222667.0
222668.0
222706.0
222708.0
222710.0
222719.0
222720.0
222723.0
222724.0
222725.0
222726.0
222727.0
222728.0
222766.0
222769.0
222779.0
222780.0
222783.0
222784.0
222826.0
222827.0
222830.0
222840.0
222841.0
222843.0
222886.0
222887.0
222889.0
222891.0
222900.0
222901.0
222904.0
222946.0
222947.0
222949.0
222951.0
222960.0
222961.0
222962.0
222963.0
223006.0
223022.0
223024.0
223065.0
223066.0
223068.0
223079.0
223080.0
223084.0
223126.0
223129.0
223130.0
223131.0
223139.0
223140.0
223141.0
223142.0
223185.0
223186.0
223187.0
223188.0
223190.0
223199.0
223200.0
223202.0
223243.0
223246.0
223248.0
223249.0
223259.0
223260.0
223261.0
223262.0
223264.0
223305.0
223306.0
223308.0
223310.0
223319.0
223320.0
223321.0
223322.0
223366.0
223367.0
223368.0
223377.0
223379.0
223380.0
223383.0
223425.0
223426.0
223427.0
223428.0
223440.0
223442.0
223486.0
223490.0
223503.0
223546.0
223547.0
223548.0
223551.0
223560.0
223564.0
223606.0
223619.0
223620.0
223648.0
223650.0
223651.0
223653.0
223655.0
223657.0
223658.0
223660.0
223666.0
223668.0
223669.0
223670.0
223671.0
223679.0
223680.0
223681.0
223683.0
223684.0
223685.0
223687.0
223688.0
223689.0
223697.0
223704.0
223709.0
223739.0
223740.0
223741.0
223742.0
223744.0
223747.0
223748.0
223758.0
223759.0
223760.0
223764.0
223765.0
223799.0
223800.0
223801.0
223803.0
223804.0
223805.0
223806.0
223808.0
223809.0
223813.0
223815.0
223817.0
223819.0
223821.0
223822.0
223824.0
223825.0
223864.0
223865.0
223866.0
223868.0
223869.0
223871.0
223875.0
223920.0
223921.0
223922.0
223924.0
223926.0
223927.0
223929.0
223969.0
223971.0
223972.0
223974.0
223976.0
223977.0
223980.0
223984.0
223985.0
223986.0
223987.0
223988.0
224044.0
224048.0
224104.0
224105.0
224106.0
224107.0
224108.0
224138.0
224141.0
224143.0
224164.0
224166.0
224167.0
224168.0
224184.0
224189.0
224190.0
224191.0
224192.0
224193.0
224194.0
224196.0
224198.0
224199.0
224224.0
224225.0
224228.0
224245.0
224249.0
224251.0
224253.0
224255.0
224257.0
224259.0
224264.0
224284.0
224285.0
224286.0
224288.0
224289.0
224311.0
224312.0
224315.0
224317.0
224319.0
224320.0
224322.0
224335.0
224337.0
224343.0
224344.0
224345.0
224346.0
224348.0
224349.0
224350.0
224376.0
224391.0
224392.0
224393.0
224394.0
224396.0
224397.0
224399.0
224400.0
224401.0
224402.0
224404.0
224405.0
224406.0
224408.0
224416.0
224445.0
224446.0
224447.0
224448.0
224452.0
224454.0
224460.0
224464.0
224465.0
224466.0
224467.0
224468.0
224469.0
224470.0
224520.0
224524.0
224525.0
224526.0
224527.0
224528.0
224530.0
