0.0
1.0
57.0
59.0
62.0
75.0
118.0
119.0
120.0
129.0
130.0
133.0
183.0
186.0
188.0
191.0
194.0
203.0
254.0
262.0
263.0
273.0
274.0
275.0
276.0
277.0
315.0
316.0
318.0
335.0
336.0
345.0
347.0
348.0
349.0
362.0
377.0
406.0
407.0
419.0
420.0
421.0
422.0
434.0
436.0
437.0
481.0
483.0
490.0
491.0
492.0
493.0
494.0
495.0
554.0
555.0
563.0
564.0
601.0
602.0
615.0
616.0
619.0
620.0
622.0
623.0
636.0
661.0
662.0
689.0
690.0
691.0
708.0
722.0
723.0
732.0
734.0
738.0
749.0
780.0
781.0
783.0
794.0
795.0
809.0
810.0
811.0
822.0
823.0
849.0
852.0
854.0
855.0
856.0
869.0
881.0
882.0
900.0
901.0
913.0
916.0
917.0
923.0
924.0
925.0
929.0
930.0
942.0
960.0
962.0
982.0
995.0
997.0
1001.0
1002.0
1021.0
1033.0
1034.0
1035.0
1036.0
1037.0
1038.0
1062.0
1065.0
1067.0
1094.0
1095.0
1096.0
1122.0
1123.0
1124.0
1126.0
1127.0
1129.0
1139.0
1141.0
1156.0
1182.0
1183.0
1194.0
1198.0
1199.0
1200.0
1205.0
1214.0
1215.0
1239.0
1244.0
1245.0
1270.0
1271.0
1273.0
1276.0
1277.0
1281.0
1283.0
1302.0
1303.0
1324.0
1334.0
1337.0
1339.0
1342.0
1344.0
1345.0
1353.0
1354.0
1356.0
1363.0
1364.0
1385.0
1394.0
1395.0
1408.0
1409.0
1415.0
1416.0
1426.0
1428.0
1429.0
1430.0
1431.0
1454.0
1455.0
1456.0
1486.0
1497.0
1498.0
1499.0
1501.0
1517.0
1562.0
1570.0
1571.0
1572.0
1573.0
1574.0
1575.0
1629.0
1630.0
1634.0
1635.0
1638.0
1639.0
1641.0
1644.0
1646.0
1647.0
1702.0
1703.0
1709.0
1710.0
1715.0
1716.0
1717.0
1740.0
1741.0
1756.0
1757.0
1758.0
1759.0
1761.0
1775.0
1776.0
1777.0
1787.0
1802.0
1818.0
1819.0
1846.0
1847.0
1860.0
1862.0
1870.0
1871.0
1873.0
1875.0
1919.0
1920.0
1930.0
1931.0
1934.0
1983.0
1991.0
2002.0
2003.0
2044.0
2062.0
2064.0
2076.0
2077.0
2115.0
2116.0
2134.0
2146.0
2147.0
2166.0
2176.0
2177.0
2206.0
2208.0
2278.0
2279.0
2280.0
2284.0
2286.0
2290.0
2291.0
2298.0
2343.0
2350.0
2351.0
2361.0
2363.0
2400.0
2401.0
2413.0
2419.0
2424.0
2435.0
2436.0
2460.0
2475.0
2496.0
2506.0
2507.0
2521.0
2533.0
2568.0
2580.0
2581.0
2593.0
2640.0
2641.0
2649.0
2650.0
2651.0
2654.0
2703.0
2704.0
2710.0
2713.0
2723.0
2760.0
2774.0
2783.0
2795.0
2797.0
2824.0
2834.0
2835.0
2836.0
2854.0
2855.0
2856.0
2858.0
2867.0
2868.0
2869.0
2893.0
2894.0
2895.0
2896.0
2897.0
2922.0
2925.0
2926.0
2927.0
2940.0
2941.0
2955.0
2956.0
3000.0
3001.0
3002.0
3009.0
3013.0
3014.0
3036.0
3069.0
3070.0
3071.0
3073.0
3075.0
3084.0
3085.0
3097.0
3127.0
3137.0
3141.0
3142.0
3143.0
3155.0
3157.0
3194.0
3203.0
3226.0
3227.0
3228.0
3258.0
3280.0
3286.0
3287.0
3288.0
3300.0
3314.0
3315.0
3340.0
3341.0
3363.0
3370.0
3371.0
3372.0
3373.0
3374.0
3375.0
3380.0
3381.0
3429.0
3430.0
3432.0
3443.0
3444.0
3462.0
3498.0
3499.0
3503.0
3509.0
3516.0
3563.0
3567.0
3569.0
3572.0
3573.0
3574.0
3581.0
3582.0
3587.0
3588.0
3589.0
3590.0
3597.0
3623.0
3647.0
3648.0
3659.0
3660.0
3669.0
3670.0
3683.0
3684.0
3719.0
3720.0
3730.0
3731.0
3732.0
3733.0
3799.0
3800.0
3801.0
3804.0
3805.0
3806.0
3807.0
3857.0
3875.0
3876.0
3877.0
3947.0
3948.0
3975.0
4020.0
4021.0
4022.0
4023.0
4036.0
4091.0
4092.0
4093.0
4113.0
4118.0
4119.0
4120.0
4133.0
4135.0
4152.0
4153.0
4154.0
4155.0
4159.0
4162.0
4190.0
4193.0
4195.0
4217.0
4219.0
4221.0
4223.0
4234.0
4235.0
4236.0
4251.0
4261.0
4263.0
4265.0
4275.0
4276.0
4277.0
4294.0
4300.0
4303.0
4305.0
4306.0
4307.0
4323.0
4325.0
4333.0
4335.0
4336.0
4337.0
4338.0
4366.0
4367.0
4368.0
4377.0
4378.0
4383.0
4385.0
4389.0
4390.0
4394.0
4396.0
4408.0
4410.0
4412.0
4435.0
4437.0
4439.0
4440.0
4452.0
4454.0
4455.0
4456.0
4458.0
4459.0
4473.0
4474.0
4478.0
4480.0
4502.0
4503.0
4504.0
4505.0
4510.0
4524.0
4525.0
4539.0
4545.0
4550.0
4553.0
4555.0
4582.0
4584.0
4585.0
4586.0
4593.0
4595.0
4596.0
4606.0
4615.0
4618.0
4620.0
4623.0
4624.0
4625.0
4629.0
4654.0
4656.0
4657.0
4659.0
4667.0
4668.0
4669.0
4671.0
4678.0
4680.0
4693.0
4695.0
4726.0
4729.0
4730.0
4733.0
4735.0
4737.0
4738.0
4739.0
4741.0
4765.0
4768.0
4779.0
4791.0
4793.0
4795.0
4797.0
4798.0
4799.0
4809.0
4811.0
4812.0
4840.0
4843.0
4845.0
4846.0
4847.0
4855.0
4858.0
4871.0
4872.0
4876.0
4883.0
4885.0
4887.0
4899.0
4907.0
4911.0
4913.0
4915.0
4942.0
4943.0
4944.0
4957.0
4958.0
4959.0
4973.0
4974.0
4977.0
5003.0
5008.0
5014.0
5016.0
5019.0
5026.0
5027.0
5029.0
5031.0
5032.0
5035.0
5036.0
5038.0
5040.0
5043.0
5079.0
5087.0
5089.0
5091.0
5093.0
5095.0
5097.0
5098.0
5099.0
5101.0
5102.0
5123.0
5151.0
5153.0
5155.0
5157.0
5158.0
5160.0
5162.0
5170.0
5172.0
5173.0
5174.0
5186.0
5188.0
5202.0
5211.0
5212.0
5213.0
5214.0
5215.0
5230.0
5231.0
5232.0
5241.0
5242.0
5244.0
5245.0
5246.0
5275.0
5279.0
5309.0
5310.0
5311.0
5313.0
5315.0
5316.0
5317.0
5319.0
5331.0
5332.0
5333.0
5334.0
5345.0
5377.0
5380.0
5381.0
5382.0
5387.0
5388.0
5391.0
5392.0
5438.0
5446.0
5447.0
5448.0
5452.0
5459.0
5463.0
5483.0
5495.0
5509.0
5512.0
5513.0
5519.0
5521.0
5529.0
5530.0
5531.0
5532.0
5533.0
5556.0
5570.0
5571.0
5573.0
5594.0
5595.0
5603.0
5604.0
5608.0
5614.0
5616.0
5617.0
5619.0
5620.0
5627.0
5632.0
5635.0
5662.0
5663.0
5672.0
5674.0
5682.0
5688.0
5733.0
5734.0
5735.0
5745.0
5746.0
5747.0
5748.0
5749.0
5795.0
5799.0
5805.0
5806.0
5811.0
5814.0
5818.0
5820.0
5822.0
5866.0
5872.0
5878.0
5879.0
5891.0
5895.0
5896.0
5897.0
5912.0
5930.0
5942.0
5943.0
5955.0
5961.0
5962.0
5963.0
5964.0
5973.0
6022.0
6036.0
6045.0
6094.0
6106.0
6153.0
6166.0
6167.0
6168.0
6188.0
6189.0
6212.0
6213.0
6238.0
6252.0
6279.0
6285.0
6310.0
6321.0
6322.0
6345.0
6383.0
6385.0
6405.0
6411.0
6434.0
6454.0
6462.0
6465.0
6474.0
6483.0
6523.0
6537.0
6539.0
6565.0
6566.0
6595.0
6598.0
6609.0
6615.0
6640.0
6641.0
6655.0
6670.0
6671.0
6700.0
6727.0
6741.0
6742.0
6754.0
6823.0
6826.0
6832.0
6833.0
6859.0
6881.0
6882.0
6883.0
6884.0
6886.0
6887.0
6892.0
6896.0
6897.0
6899.0
6900.0
6917.0
6929.0
6942.0
6943.0
6955.0
6956.0
6957.0
6958.0
6959.0
6971.0
6972.0
6998.0
7016.0
7029.0
7030.0
7031.0
7042.0
7043.0
7059.0
7062.0
7074.0
7075.0
7087.0
7090.0
7101.0
7102.0
7115.0
7117.0
7118.0
7133.0
7134.0
7135.0
7147.0
7160.0
7177.0
7178.0
7187.0
7188.0
7193.0
7208.0
7245.0
7246.0
7247.0
7257.0
7260.0
7261.0
7301.0
7302.0
7305.0
7317.0
7320.0
7322.0
7332.0
7333.0
7334.0
7390.0
7391.0
7404.0
7412.0
7413.0
7415.0
7416.0
7456.0
7457.0
7460.0
7461.0
7462.0
7479.0
7518.0
7537.0
7538.0
7542.0
7543.0
7544.0
7547.0
7564.0
7577.0
7604.0
7605.0
7606.0
7608.0
7619.0
7634.0
7636.0
7638.0
7665.0
7677.0
7683.0
7685.0
7687.0
7688.0
7692.0
7693.0
7744.0
7747.0
7763.0
7764.0
7773.0
7789.0
7790.0
7822.0
7823.0
7915.0
7918.0
7928.0
7932.0
7933.0
7934.0
7977.0
7992.0
7994.0
7995.0
7998.0
8001.0
8005.0
8023.0
8052.0
8058.0
8062.0
8101.0
8124.0
8162.0
8194.0
8195.0
8196.0
8197.0
8203.0
8212.0
8223.0
8226.0
8229.0
8233.0
8238.0
8245.0
8256.0
8266.0
8267.0
8268.0
8277.0
8278.0
8279.0
8282.0
8283.0
8284.0
8287.0
8294.0
8299.0
8325.0
8326.0
8338.0
8339.0
8340.0
8341.0
8361.0
8362.0
8369.0
8383.0
8384.0
8398.0
8399.0
8409.0
8411.0
8412.0
8420.0
8437.0
8438.0
8439.0
8440.0
8442.0
8463.0
8464.0
8469.0
8471.0
8472.0
8481.0
8482.0
8483.0
8500.0
8503.0
8504.0
8508.0
8509.0
8514.0
8515.0
8524.0
8529.0
8541.0
8542.0
8543.0
8545.0
8556.0
8563.0
8564.0
8581.0
8582.0
8583.0
8584.0
8589.0
8601.0
8602.0
8627.0
8643.0
8644.0
8645.0
8646.0
8647.0
8649.0
8654.0
8657.0
8658.0
8661.0
8662.0
8663.0
8670.0
8671.0
8699.0
8700.0
8708.0
8710.0
8711.0
8712.0
8713.0
8721.0
8738.0
8739.0
8746.0
8748.0
8753.0
8754.0
8768.0
8772.0
8773.0
8781.0
8782.0
8802.0
8811.0
8813.0
8814.0
8816.0
8820.0
8821.0
8825.0
8842.0
8843.0
8844.0
8846.0
8847.0
8849.0
8873.0
8874.0
8879.0
8880.0
8881.0
8882.0
8884.0
8887.0
8888.0
8901.0
8902.0
8903.0
8919.0
8943.0
8944.0
8946.0
8947.0
8948.0
8957.0
8958.0
8962.0
8964.0
8983.0
8984.0
9009.0
9013.0
9014.0
9015.0
9016.0
9018.0
9020.0
9022.0
9023.0
9032.0
9043.0
9044.0
9067.0
9074.0
9077.0
9079.0
9082.0
9088.0
9089.0
9096.0
9098.0
9104.0
9105.0
9133.0
9134.0
9141.0
9144.0
9146.0
9157.0
9158.0
9159.0
9162.0
9163.0
9164.0
9179.0
9181.0
9182.0
9184.0
9199.0
9200.0
9202.0
9229.0
9230.0
9232.0
9233.0
9239.0
9241.0
9243.0
9248.0
9249.0
9250.0
9262.0
9291.0
9301.0
9303.0
9304.0
9309.0
9315.0
9316.0
9317.0
9321.0
9362.0
9363.0
9374.0
9376.0
9379.0
9380.0
9381.0
9420.0
9421.0
9422.0
9429.0
9435.0
9441.0
9442.0
9464.0
9465.0
9466.0
9488.0
9489.0
9495.0
9496.0
9501.0
9532.0
9533.0
9552.0
9553.0
9555.0
9561.0
9564.0
9566.0
9568.0
9592.0
9593.0
9621.0
9622.0
9623.0
9635.0
9636.0
9669.0
9675.0
9676.0
9677.0
9682.0
9685.0
9687.0
9694.0
9695.0
9705.0
9708.0
9735.0
9736.0
9742.0
9743.0
9766.0
9778.0
9780.0
9786.0
9787.0
9795.0
9797.0
9801.0
9839.0
9840.0
9841.0
9847.0
9848.0
9854.0
9855.0
9862.0
9908.0
9912.0
9919.0
9921.0
9922.0
9923.0
9924.0
9970.0
9972.0
9974.0
9980.0
9983.0
9984.0
9986.0
9988.0
9995.0
9996.0
9997.0
9998.0
10040.0
10054.0
10065.0
10066.0
10086.0
10105.0
10106.0
10107.0
10126.0
10128.0
10138.0
10139.0
10140.0
10156.0
10197.0
10198.0
10211.0
10214.0
10215.0
10219.0
10269.0
10271.0
10272.0
10276.0
10337.0
10344.0
10347.0
10353.0
10354.0
10401.0
10403.0
10408.0
10414.0
10415.0
10426.0
10469.0
10486.0
10498.0
10532.0
10533.0
10534.0
10559.0
10629.0
10630.0
10636.0
10644.0
10665.0
10698.0
10702.0
10703.0
10704.0
10746.0
10768.0
10769.0
10774.0
10775.0
10776.0
10778.0
10779.0
10830.0
10833.0
10876.0
10878.0
10881.0
10893.0
10911.0
10934.0
10959.0
10964.0
10965.0
10989.0
10990.0
10993.0
11001.0
11002.0
11003.0
11004.0
11005.0
11025.0
11026.0
11043.0
11044.0
11061.0
11064.0
11069.0
11070.0
11075.0
11076.0
11077.0
11083.0
11091.0
11131.0
11134.0
11135.0
11136.0
11137.0
11145.0
11179.0
11180.0
11183.0
11184.0
11204.0
11206.0
11207.0
11208.0
11212.0
11242.0
11243.0
11247.0
11265.0
11266.0
11267.0
11268.0
11272.0
11282.0
11283.0
11326.0
11327.0
11344.0
11345.0
11350.0
11351.0
11392.0
11420.0
11421.0
11435.0
11436.0
11460.0
11461.0
11468.0
11472.0
11494.0
11507.0
11508.0
11522.0
11523.0
11566.0
11567.0
11579.0
11580.0
11582.0
11601.0
11632.0
11638.0
11639.0
11651.0
11652.0
11653.0
11663.0
11673.0
11693.0
11696.0
11698.0
11700.0
11706.0
11707.0
11709.0
11710.0
11724.0
11725.0
11729.0
11782.0
11783.0
11800.0
11826.0
11854.0
11865.0
11867.0
11868.0
11937.0
11940.0
11941.0
11969.0
12011.0
12012.0
12030.0
12083.0
12088.0
12089.0
12154.0
12157.0
12158.0
12209.0
12231.0
12288.0
12297.0
12299.0
12300.0
12309.0
12323.0
12327.0
12328.0
12329.0
12343.0
12344.0
12348.0
12352.0
12357.0
12358.0
12370.0
12371.0
12372.0
12374.0
12375.0
12397.0
12399.0
12411.0
12412.0
12431.0
12432.0
12441.0
12442.0
12443.0
12444.0
12445.0
12453.0
12455.0
12470.0
12473.0
12474.0
12475.0
12478.0
12502.0
12503.0
12513.0
12514.0
12515.0
12516.0
12517.0
12519.0
12520.0
12543.0
12545.0
12573.0
12574.0
12575.0
12583.0
12585.0
12586.0
12587.0
12588.0
12589.0
12614.0
12615.0
12618.0
12645.0
12646.0
12648.0
12650.0
12658.0
12659.0
12660.0
12688.0
12690.0
12698.0
12699.0
12712.0
12715.0
12718.0
12719.0
12729.0
12731.0
12732.0
12733.0
12736.0
12743.0
12755.0
12758.0
12760.0
12763.0
12777.0
12790.0
12791.0
12802.0
12803.0
12804.0
12805.0
12809.0
12830.0
12831.0
12834.0
12835.0
12848.0
12850.0
12863.0
12864.0
12868.0
12873.0
12874.0
12875.0
12876.0
12877.0
12908.0
12910.0
12935.0
12936.0
12938.0
12945.0
12946.0
12947.0
12948.0
12949.0
12972.0
12974.0
12975.0
12978.0
12979.0
12980.0
12996.0
13003.0
13005.0
13006.0
13013.0
13014.0
13017.0
13019.0
13020.0
13045.0
13047.0
13049.0
13050.0
13053.0
13071.0
13077.0
13078.0
13090.0
13091.0
13092.0
13113.0
13115.0
13118.0
13120.0
13132.0
13133.0
13138.0
13151.0
13152.0
13161.0
13162.0
13163.0
13169.0
13170.0
13194.0
13195.0
13198.0
13223.0
13235.0
13236.0
13237.0
13238.0
13251.0
13262.0
13263.0
13265.0
13293.0
13294.0
13295.0
13296.0
13297.0
13305.0
13306.0
13307.0
13308.0
13330.0
13331.0
13332.0
13333.0
13335.0
13338.0
13340.0
13357.0
13367.0
13368.0
13372.0
13377.0
13378.0
13379.0
13380.0
13408.0
13410.0
13420.0
13423.0
13424.0
13425.0
13428.0
13429.0
13434.0
13437.0
13438.0
13451.0
13452.0
13453.0
13454.0
13469.0
13470.0
13480.0
13489.0
13509.0
13510.0
13521.0
13522.0
13523.0
13524.0
13552.0
13558.0
13583.0
13593.0
13594.0
13595.0
13596.0
13653.0
13654.0
13655.0
13666.0
13667.0
13668.0
13669.0
13670.0
13717.0
13726.0
13727.0
13739.0
13778.0
13791.0
13792.0
13794.0
13799.0
13809.0
13811.0
13812.0
13821.0
13838.0
13849.0
13853.0
13857.0
13859.0
13869.0
13870.0
13883.0
13884.0
13885.0
13886.0
13911.0
13942.0
13953.0
13954.0
13955.0
13956.0
13971.0
14014.0
14015.0
14018.0
14019.0
14025.0
14027.0
14028.0
14079.0
14083.0
14085.0
14086.0
14093.0
14095.0
14098.0
14099.0
14100.0
14101.0
14151.0
14157.0
14158.0
14159.0
14169.0
14170.0
14198.0
14212.0
14215.0
14216.0
14217.0
14230.0
14231.0
14241.0
14301.0
14302.0
14315.0
14317.0
14331.0
14373.0
14375.0
14386.0
14436.0
14447.0
14448.0
14449.0
14450.0
14457.0
14499.0
14503.0
14505.0
14507.0
14518.0
14530.0
14568.0
14590.0
14601.0
14602.0
14636.0
14638.0
14662.0
14663.0
14664.0
14673.0
14674.0
14734.0
14743.0
14745.0
14746.0
14806.0
14817.0
14858.0
14872.0
14875.0
14876.0
14878.0
14879.0
14889.0
14890.0
14918.0
14950.0
14963.0
14964.0
14990.0
14991.0
15021.0
15022.0
15024.0
15033.0
15034.0
15050.0
15051.0
15079.0
15093.0
15094.0
15095.0
15096.0
15101.0
15104.0
15107.0
15108.0
15111.0
15117.0
15135.0
15156.0
15157.0
15164.0
15165.0
15166.0
15177.0
15179.0
15180.0
15211.0
15237.0
15238.0
15241.0
15251.0
15252.0
15279.0
15292.0
15309.0
15310.0
15323.0
15344.0
15352.0
15355.0
15380.0
15383.0
15396.0
15397.0
15404.0
15452.0
15458.0
15467.0
15513.0
15525.0
15526.0
15541.0
15542.0
15573.0
15574.0
15597.0
15610.0
15612.0
15613.0
15635.0
15673.0
15674.0
15679.0
15683.0
15684.0
15713.0
15745.0
15755.0
15756.0
15757.0
15761.0
15796.0
15812.0
15813.0
15828.0
15829.0
15830.0
15835.0
15885.0
15886.0
15889.0
15890.0
15891.0
15895.0
15920.0
15923.0
15925.0
15950.0
15955.0
15956.0
15971.0
15972.0
15973.0
15981.0
16017.0
16018.0
16044.0
16046.0
16048.0
16109.0
16110.0
16115.0
16116.0
16187.0
16188.0
16218.0
16256.0
16257.0
16258.0
16259.0
16261.0
16262.0
16288.0
16331.0
16332.0
16372.0
16389.0
16391.0
16393.0
16394.0
16397.0
16401.0
16402.0
16403.0
16404.0
16407.0
16433.0
16434.0
16453.0
16458.0
16461.0
16462.0
16463.0
16475.0
16476.0
16477.0
16491.0
16503.0
16504.0
16533.0
16534.0
16536.0
16537.0
16538.0
16545.0
16546.0
16547.0
16568.0
16574.0
16578.0
16579.0
16598.0
16599.0
16608.0
16617.0
16618.0
16619.0
16620.0
16648.0
16649.0
16663.0
16665.0
16668.0
16669.0
16676.0
16678.0
16691.0
16692.0
16708.0
16709.0
16710.0
16712.0
16713.0
16720.0
16725.0
16730.0
16731.0
16740.0
16743.0
16746.0
16749.0
16761.0
16762.0
16763.0
16769.0
16771.0
16792.0
16793.0
16794.0
16795.0
16822.0
16823.0
16833.0
16834.0
16836.0
16837.0
16839.0
16864.0
16866.0
16868.0
16869.0
16893.0
16894.0
16895.0
16902.0
16906.0
16908.0
16909.0
16928.0
16929.0
16933.0
16934.0
16958.0
16965.0
16966.0
16970.0
16977.0
16978.0
16979.0
17001.0
17008.0
17009.0
17029.0
17032.0
17033.0
17038.0
17039.0
17050.0
17051.0
17052.0
17075.0
17077.0
17078.0
17079.0
17082.0
17083.0
17084.0
17090.0
17093.0
17097.0
17098.0
17109.0
17110.0
17122.0
17123.0
17124.0
17129.0
17149.0
17154.0
17182.0
17193.0
17194.0
17195.0
17196.0
17211.0
17224.0
17253.0
17254.0
17255.0
17256.0
17265.0
17266.0
17267.0
17294.0
17298.0
17299.0
17321.0
17324.0
17325.0
17326.0
17330.0
17333.0
17338.0
17339.0
17340.0
17358.0
17359.0
17368.0
17369.0
17387.0
17392.0
17398.0
17410.0
17411.0
17412.0
17418.0
17419.0
17438.0
17439.0
17451.0
17455.0
17471.0
17481.0
17482.0
17483.0
17484.0
17499.0
17512.0
17514.0
17541.0
17542.0
17554.0
17555.0
17556.0
17557.0
17571.0
17584.0
17613.0
17614.0
17616.0
17625.0
17626.0
17627.0
17658.0
17678.0
17687.0
17688.0
17689.0
17698.0
17742.0
17743.0
17748.0
17755.0
17757.0
17758.0
17769.0
17772.0
17773.0
17810.0
17811.0
17830.0
17841.0
17843.0
17871.0
17872.0
17877.0
17903.0
17913.0
17915.0
17916.0
17973.0
17974.0
17982.0
17987.0
17988.0
17989.0
18045.0
18046.0
18049.0
18050.0
18059.0
18060.0
18061.0
18080.0
18092.0
18112.0
18115.0
18116.0
18117.0
18119.0
18129.0
18130.0
18131.0
18132.0
18153.0
18177.0
18179.0
18193.0
18204.0
18205.0
18215.0
18224.0
18261.0
18278.0
18285.0
18286.0
18301.0
18302.0
18338.0
18347.0
18361.0
18362.0
18398.0
18410.0
18421.0
18434.0
18458.0
18470.0
18490.0
18493.0
18494.0
18518.0
18530.0
18531.0
18554.0
18561.0
18562.0
18590.0
18622.0
18623.0
18634.0
18650.0
18693.0
18694.0
18705.0
18706.0
18709.0
18755.0
18765.0
18766.0
18769.0
18770.0
18777.0
18838.0
18839.0
18842.0
18849.0
18895.0
18896.0
18902.0
18909.0
18963.0
18981.0
18982.0
18999.0
19000.0
19003.0
19009.0
19013.0
19024.0
19028.0
19030.0
19054.0
19058.0
19065.0
19070.0
19071.0
19103.0
19125.0
19126.0
19132.0
19133.0
19134.0
19135.0
19137.0
19138.0
19142.0
19144.0
19164.0
19166.0
19190.0
19196.0
19197.0
19203.0
19204.0
19209.0
19210.0
19211.0
19235.0
19239.0
19240.0
19264.0
19265.0
19269.0
19270.0
19282.0
19283.0
19296.0
19317.0
19327.0
19329.0
19331.0
19342.0
19356.0
19392.0
19410.0
19411.0
19418.0
19427.0
19433.0
19434.0
19437.0
19443.0
19444.0
19446.0
19447.0
19449.0
19480.0
19485.0
19486.0
19504.0
19505.0
19537.0
19539.0
19571.0
19572.0
19598.0
19604.0
19605.0
19644.0
19658.0
19659.0
19665.0
19666.0
19672.0
19703.0
19715.0
19716.0
19718.0
19719.0
19720.0
19726.0
19777.0
19780.0
19781.0
19782.0
19784.0
19785.0
19787.0
19789.0
19846.0
19847.0
19857.0
19859.0
19860.0
19862.0
19888.0
19912.0
19918.0
19919.0
19931.0
19949.0
19989.0
19990.0
20003.0
20025.0
20045.0
20046.0
20066.0
20076.0
20077.0
20138.0
20147.0
20148.0
20212.0
20219.0
20243.0
20273.0
20276.0
20292.0
20317.0
20363.0
20378.0
20439.0
20444.0
20445.0
20482.0
20492.0
20493.0
20494.0
20499.0
20502.0
20505.0
20506.0
20508.0
20509.0
20510.0
20533.0
20534.0
20538.0
20539.0
20543.0
20557.0
20565.0
20566.0
20570.0
20577.0
20579.0
20599.0
20602.0
20606.0
20607.0
20609.0
20618.0
20632.0
20635.0
20637.0
20638.0
20649.0
20651.0
20652.0
20678.0
20679.0
20683.0
20694.0
20696.0
20698.0
20699.0
20709.0
20710.0
20722.0
20724.0
20725.0
20732.0
20734.0
20738.0
20749.0
20750.0
20752.0
20781.0
20782.0
20793.0
20795.0
20796.0
20810.0
20812.0
20823.0
20824.0
20842.0
20844.0
20854.0
20858.0
20859.0
20865.0
20867.0
20868.0
20870.0
20894.0
20897.0
20899.0
20919.0
20922.0
20925.0
20934.0
20938.0
20939.0
20940.0
20958.0
20959.0
20968.0
20969.0
20990.0
20991.0
20997.0
20998.0
21009.0
21011.0
21024.0
21032.0
21034.0
21037.0
21038.0
21039.0
21052.0
21056.0
21070.0
21071.0
21081.0
21083.0
21094.0
21096.0
21097.0
21098.0
21099.0
21112.0
21114.0
21141.0
21142.0
21143.0
21154.0
21155.0
21156.0
21170.0
21172.0
21183.0
21185.0
21198.0
21200.0
21213.0
21214.0
21215.0
21216.0
21225.0
21227.0
21228.0
21230.0
21258.0
21260.0
21263.0
21265.0
21278.0
21287.0
21292.0
21297.0
21299.0
21300.0
21323.0
21328.0
21330.0
21338.0
21342.0
21343.0
21345.0
21348.0
21353.0
21356.0
21357.0
21359.0
21370.0
21372.0
21388.0
21390.0
21398.0
21400.0
21410.0
21429.0
21430.0
21441.0
21443.0
21450.0
21453.0
21455.0
21458.0
21470.0
21472.0
21473.0
21475.0
21502.0
21503.0
21513.0
21514.0
21515.0
21516.0
21518.0
21520.0
21532.0
21543.0
21545.0
21563.0
21574.0
21575.0
21579.0
21586.0
21587.0
21588.0
21589.0
21590.0
21615.0
21630.0
21635.0
21637.0
21645.0
21646.0
21650.0
21657.0
21658.0
21659.0
21680.0
21681.0
21690.0
21712.0
21714.0
21718.0
21719.0
21729.0
21730.0
21731.0
21743.0
21758.0
21770.0
21776.0
21779.0
21789.0
21790.0
21802.0
21804.0
21830.0
21861.0
21873.0
21874.0
21875.0
21890.0
21892.0
21934.0
21935.0
21945.0
21947.0
21948.0
21997.0
22005.0
22006.0
22016.0
22017.0
22020.0
22021.0
22058.0
22067.0
22072.0
22077.0
22089.0
22090.0
22091.0
22092.0
22129.0
22130.0
22149.0
22150.0
22160.0
22161.0
22163.0
22164.0
22182.0
22183.0
22185.0
22190.0
22192.0
22221.0
22233.0
22236.0
22237.0
22250.0
22293.0
22294.0
22298.0
22305.0
22307.0
22308.0
22312.0
22358.0
22365.0
22366.0
22377.0
22422.0
22423.0
22424.0
22430.0
22437.0
22438.0
22450.0
22490.0
22509.0
22521.0
22538.0
22555.0
22557.0
22583.0
22593.0
22662.0
22663.0
22665.0
22666.0
22667.0
22670.0
22725.0
22726.0
22737.0
22778.0
22792.0
22795.0
22798.0
22799.0
22809.0
22869.0
22870.0
22882.0
22883.0
22891.0
22910.0
22941.0
22942.0
22945.0
22953.0
22970.0
23014.0
23015.0
23017.0
23023.0
23024.0
23025.0
23077.0
23082.0
23085.0
23098.0
23150.0
23157.0
23158.0
23169.0
23197.0
23198.0
23212.0
23215.0
23230.0
23231.0
23232.0
23241.0
23257.0
23258.0
23301.0
23302.0
23314.0
23315.0
23316.0
23317.0
23325.0
23330.0
23373.0
23379.0
23384.0
23385.0
23387.0
23390.0
23414.0
23444.0
23445.0
23446.0
23447.0
23456.0
23459.0
23480.0
23483.0
23487.0
23516.0
23519.0
23522.0
23532.0
23551.0
23574.0
23590.0
23603.0
23604.0
23605.0
23620.0
23632.0
23655.0
23656.0
23662.0
23675.0
23684.0
23685.0
23692.0
23715.0
23723.0
23733.0
23734.0
23745.0
23748.0
23749.0
23784.0
23806.0
23807.0
23812.0
23819.0
23862.0
23864.0
23867.0
23868.0
23877.0
23878.0
23891.0
23919.0
23933.0
23935.0
23936.0
23949.0
23964.0
23971.0
23992.0
24022.0
24023.0
24035.0
24052.0
24082.0
24093.0
24094.0
24104.0
24105.0
24107.0
24162.0
24165.0
24176.0
24177.0
24179.0
24180.0
24181.0
24251.0
24291.0
24292.0
24323.0
24324.0
24352.0
24396.0
24397.0
24398.0
24467.0
24533.0
24540.0
24579.0
24582.0
24584.0
24588.0
24592.0
24597.0
24598.0
24610.0
24612.0
24613.0
24623.0
24629.0
24633.0
24634.0
24638.0
24639.0
24650.0
24652.0
24669.0
24670.0
24681.0
24682.0
24683.0
24684.0
24688.0
24689.0
24697.0
24698.0
24709.0
24712.0
24713.0
24714.0
24717.0
24742.0
24743.0
24752.0
24753.0
24754.0
24755.0
24758.0
24759.0
24772.0
24783.0
24784.0
24802.0
24813.0
24819.0
24822.0
24826.0
24828.0
24829.0
24830.0
24854.0
24873.0
24874.0
24885.0
24890.0
24897.0
24899.0
24925.0
24928.0
24929.0
24937.0
24938.0
24952.0
24954.0
24957.0
24958.0
24959.0
24969.0
24971.0
24994.0
24996.0
24997.0
24998.0
24999.0
25016.0
25029.0
25030.0
25044.0
25045.0
25052.0
25069.0
25070.0
25072.0
25073.0
25101.0
25102.0
25109.0
25113.0
25114.0
25115.0
25130.0
25143.0
25144.0
25162.0
25173.0
25174.0
25177.0
25178.0
25184.0
25185.0
25187.0
25215.0
25218.0
25219.0
25239.0
25242.0
25243.0
25245.0
25246.0
25253.0
25256.0
25257.0
25258.0
25260.0
25288.0
25289.0
25310.0
25317.0
25318.0
25329.0
25330.0
25331.0
25353.0
25354.0
25357.0
25358.0
25359.0
25372.0
25374.0
25377.0
25390.0
25401.0
25403.0
25404.0
25417.0
25432.0
25433.0
25435.0
25462.0
25473.0
25474.0
25479.0
25483.0
25485.0
25486.0
25490.0
25503.0
25504.0
25529.0
25533.0
25534.0
25545.0
25547.0
25548.0
25550.0
25574.0
25593.0
25594.0
25597.0
25598.0
25612.0
25615.0
25617.0
25619.0
25642.0
25645.0
25648.0
25649.0
25672.0
25676.0
25677.0
25678.0
25679.0
25689.0
25692.0
25706.0
25709.0
25719.0
25730.0
25749.0
25750.0
25761.0
25762.0
25763.0
25764.0
25774.0
25777.0
25778.0
25789.0
25792.0
25821.0
25822.0
25833.0
25835.0
25839.0
25852.0
25897.0
25898.0
25905.0
25913.0
25915.0
25917.0
25958.0
25962.0
25963.0
25964.0
25965.0
25971.0
25978.0
25979.0
25980.0
26030.0
26032.0
26037.0
26038.0
26049.0
26051.0
26077.0
26079.0
26080.0
26094.0
26097.0
26110.0
26111.0
26121.0
26123.0
26124.0
26137.0
26140.0
26141.0
26181.0
26193.0
26195.0
26196.0
26210.0
26253.0
26254.0
26255.0
26265.0
26267.0
26270.0
26317.0
26327.0
26328.0
26332.0
26336.0
26337.0
26339.0
26378.0
26382.0
26383.0
26384.0
26387.0
26393.0
26396.0
26397.0
26399.0
26410.0
26411.0
26412.0
26413.0
26450.0
26469.0
26475.0
26480.0
26497.0
26498.0
26514.0
26553.0
26607.0
26613.0
26614.0
26622.0
26624.0
26626.0
26630.0
26685.0
26686.0
26697.0
26737.0
26738.0
26751.0
26754.0
26755.0
26757.0
26768.0
26769.0
26797.0
26829.0
26830.0
26842.0
26843.0
26870.0
26901.0
26902.0
26912.0
26913.0
26930.0
26974.0
26975.0
26977.0
26985.0
27045.0
27058.0
27097.0
27110.0
27117.0
27118.0
27129.0
27190.0
27191.0
27201.0
27217.0
27218.0
27230.0
27261.0
27308.0
27333.0
27337.0
27338.0
27350.0
27377.0
27398.0
27399.0
27401.0
27402.0
27404.0
27411.0
27419.0
27439.0
27440.0
27442.0
27470.0
27476.0
27477.0
27489.0
27491.0
27492.0
27494.0
27507.0
27530.0
27531.0
27532.0
27548.0
27551.0
27562.0
27563.0
27568.0
27580.0
27581.0
27620.0
27634.0
27635.0
27643.0
27651.0
27652.0
27658.0
27684.0
27689.0
27692.0
27693.0
27741.0
27742.0
27757.0
27758.0
27763.0
27768.0
27769.0
27771.0
27795.0
27819.0
27829.0
27830.0
27832.0
27833.0
27834.0
27891.0
27906.0
27907.0
27910.0
27912.0
27952.0
27954.0
27955.0
27956.0
27982.0
27999.0
28010.0
28011.0
28036.0
28053.0
28054.0
28062.0
28071.0
28090.0
28091.0
28123.0
28124.0
28126.0
28139.0
28150.0
28151.0
28168.0
28187.0
28197.0
28210.0
28211.0
28238.0
28246.0
28268.0
28269.0
28270.0
28307.0
28308.0
28330.0
28371.0
28372.0
28390.0
28392.0
28394.0
28432.0
28433.0
28434.0
28450.0
28451.0
28491.0
28492.0
28509.0
28510.0
28511.0
28528.0
28570.0
28571.0
28588.0
28644.0
28671.0
28672.0
28674.0
28684.0
28689.0
28700.0
28709.0
28713.0
28714.0
28715.0
28716.0
28733.0
28734.0
28747.0
28748.0
28751.0
28752.0
28755.0
28756.0
28770.0
28774.0
28777.0
28778.0
28787.0
28788.0
28792.0
28804.0
28805.0
28811.0
28813.0
28829.0
28833.0
28858.0
28859.0
28860.0
28861.0
28864.0
28875.0
28877.0
28879.0
28880.0
28885.0
28893.0
28894.0
28903.0
28909.0
28913.0
28924.0
28925.0
28927.0
28929.0
28941.0
28942.0
28944.0
28948.0
28969.0
28973.0
28986.0
28987.0
28989.0
28990.0
29000.0
29001.0
29002.0
29008.0
29009.0
29029.0
29033.0
29046.0
29047.0
29049.0
29057.0
29062.0
29064.0
29068.0
29074.0
29088.0
29089.0
29106.0
29107.0
29108.0
29115.0
29120.0
29128.0
29129.0
29134.0
29145.0
29149.0
29150.0
29153.0
29166.0
29168.0
29177.0
29181.0
29185.0
29186.0
29189.0
29193.0
29194.0
29202.0
29206.0
29207.0
29209.0
29214.0
29215.0
29217.0
29225.0
29226.0
29227.0
29240.0
29242.0
29244.0
29245.0
29246.0
29253.0
29269.0
29273.0
29277.0
29278.0
29288.0
29289.0
29290.0
29291.0
29292.0
29300.0
29301.0
29302.0
29313.0
29314.0
29328.0
29329.0
29333.0
29337.0
29347.0
29348.0
29349.0
29350.0
29360.0
29361.0
29362.0
29363.0
29389.0
29393.0
29407.0
29408.0
29409.0
29421.0
29422.0
29433.0
29435.0
29436.0
29461.0
29463.0
29464.0
29480.0
29481.0
29489.0
29493.0
29494.0
29506.0
29507.0
29508.0
29527.0
29533.0
29534.0
29538.0
29540.0
29541.0
29542.0
29565.0
29566.0
29577.0
29578.0
29579.0
29580.0
29587.0
29593.0
29598.0
29599.0
29601.0
29602.0
29608.0
29609.0
29635.0
29638.0
29647.0
29651.0
29659.0
29660.0
29661.0
29679.0
29683.0
29694.0
29697.0
29698.0
29708.0
29709.0
29710.0
29712.0
29713.0
29719.0
29720.0
29723.0
29724.0
29726.0
29727.0
29764.0
29767.0
29780.0
29781.0
29782.0
29793.0
29794.0
29795.0
29804.0
29809.0
29824.0
29827.0
29841.0
29854.0
29858.0
29859.0
29860.0
29865.0
29866.0
29867.0
29868.0
29869.0
29895.0
29900.0
29925.0
29926.0
29937.0
29938.0
29939.0
29940.0
29946.0
29960.0
29961.0
29962.0
29970.0
29971.0
29998.0
30007.0
30008.0
30009.0
30011.0
30021.0
30070.0
30071.0
30078.0
30080.0
30081.0
30082.0
30083.0
30086.0
30091.0
30092.0
30129.0
30140.0
30141.0
30143.0
30145.0
30146.0
30147.0
30153.0
30154.0
30156.0
30159.0
30160.0
30161.0
30187.0
30200.0
30202.0
30210.0
30211.0
30213.0
30218.0
30224.0
30225.0
30226.0
30227.0
30228.0
30247.0
30260.0
30261.0
30263.0
30272.0
30286.0
30287.0
30297.0
30298.0
30299.0
30300.0
30307.0
30320.0
30358.0
30368.0
30372.0
30373.0
30377.0
30380.0
30430.0
30440.0
30441.0
30442.0
30443.0
30487.0
30488.0
30501.0
30502.0
30509.0
30512.0
30513.0
30525.0
30526.0
30547.0
30560.0
30573.0
30574.0
30587.0
30596.0
30607.0
30620.0
30645.0
30646.0
30657.0
30659.0
30661.0
30680.0
30718.0
30727.0
30728.0
30740.0
30782.0
30789.0
30790.0
30793.0
30801.0
30802.0
30847.0
30853.0
30860.0
30861.0
30862.0
30872.0
30873.0
30907.0
30908.0
30912.0
30915.0
30934.0
30935.0
30945.0
30967.0
30986.0
31005.0
31006.0
31014.0
31017.0
31018.0
31029.0
31040.0
31078.0
31081.0
31087.0
31089.0
31090.0
31100.0
31150.0
31151.0
31159.0
31161.0
31162.0
31221.0
31222.0
31223.0
31234.0
31235.0
31244.0
31245.0
31279.0
31291.0
31292.0
31293.0
31294.0
31305.0
31314.0
31366.0
31367.0
31377.0
31394.0
31437.0
31438.0
31446.0
31449.0
31452.0
31458.0
31509.0
31510.0
31512.0
31513.0
31514.0
31520.0
31521.0
31522.0
31523.0
31524.0
31526.0
31527.0
31572.0
31573.0
31581.0
31584.0
31585.0
31593.0
31594.0
31595.0
31629.0
31630.0
31653.0
31665.0
31667.0
31668.0
31669.0
31678.0
31679.0
31718.0
31725.0
31732.0
31733.0
31739.0
31740.0
31748.0
31753.0
31754.0
31758.0
31796.0
31797.0
31807.0
31811.0
31812.0
31821.0
31825.0
31828.0
31864.0
31865.0
31869.0
31870.0
31884.0
31886.0
31887.0
31921.0
31943.0
31944.0
31956.0
31957.0
31958.0
31969.0
31970.0
32001.0
32016.0
32027.0
32039.0
32040.0
32061.0
32085.0
32086.0
32100.0
32116.0
32130.0
32136.0
32137.0
32151.0
32152.0
32170.0
32171.0
32177.0
32187.0
32199.0
32215.0
32216.0
32221.0
32238.0
32243.0
32273.0
32274.0
32275.0
32291.0
32292.0
32293.0
32301.0
32302.0
32303.0
32315.0
32316.0
32329.0
32330.0
32331.0
32361.0
32365.0
32387.0
32418.0
32458.0
32459.0
32481.0
32482.0
32531.0
32532.0
32541.0
32601.0
32602.0
32603.0
32661.0
32674.0
32675.0
32723.0
32726.0
32727.0
32728.0
32747.0
32748.0
32749.0
32764.0
32767.0
32778.0
32779.0
32791.0
32799.0
32819.0
32820.0
32823.0
32824.0
32827.0
32840.0
32848.0
32849.0
32869.0
32870.0
32880.0
32883.0
32884.0
32887.0
32890.0
32891.0
32899.0
32900.0
32901.0
32918.0
32919.0
32923.0
32934.0
32938.0
32941.0
32942.0
32959.0
32962.0
32965.0
32993.0
32998.0
33000.0
33002.0
33003.0
33004.0
33019.0
33020.0
33021.0
33034.0
33036.0
33037.0
33038.0
33058.0
33059.0
33063.0
33064.0
33074.0
33075.0
33081.0
33082.0
33122.0
33123.0
33125.0
33134.0
33135.0
33136.0
33137.0
33141.0
33148.0
33149.0
33179.0
33183.0
33188.0
33191.0
33194.0
33197.0
33201.0
33208.0
33209.0
33224.0
33225.0
33238.0
33239.0
33253.0
33258.0
33261.0
33273.0
33278.0
33279.0
33281.0
33299.0
33303.0
33304.0
33307.0
33321.0
33324.0
33326.0
33340.0
33341.0
33353.0
33354.0
33359.0
33363.0
33364.0
33367.0
33375.0
33376.0
33386.0
33400.0
33401.0
33414.0
33419.0
33423.0
33424.0
33428.0
33432.0
33433.0
33436.0
33437.0
33438.0
33439.0
33466.0
33473.0
33479.0
33483.0
33493.0
33494.0
33498.0
33499.0
33500.0
33515.0
33516.0
33533.0
33537.0
33543.0
33547.0
33548.0
33559.0
33564.0
33567.0
33568.0
33569.0
33574.0
33575.0
33598.0
33599.0
33600.0
33607.0
33608.0
33609.0
33618.0
33619.0
33622.0
33625.0
33626.0
33628.0
33638.0
33639.0
33656.0
33669.0
33672.0
33674.0
33679.0
33680.0
33687.0
33688.0
33689.0
33709.0
33713.0
33714.0
33715.0
33719.0
33723.0
33724.0
33739.0
33741.0
33765.0
33774.0
33775.0
33784.0
33785.0
33788.0
33801.0
33804.0
33805.0
33821.0
33822.0
33825.0
33834.0
33835.0
33839.0
33843.0
33844.0
33847.0
33854.0
33858.0
33859.0
33863.0
33866.0
33868.0
33898.0
33900.0
33904.0
33921.0
33957.0
33959.0
33964.0
33967.0
33968.0
33969.0
33970.0
33971.0
33979.0
33981.0
34027.0
34032.0
34033.0
34040.0
34041.0
34042.0
34043.0
34091.0
34099.0
34100.0
34101.0
34102.0
34106.0
34108.0
34110.0
34114.0
34115.0
34123.0
34160.0
34173.0
34174.0
34175.0
34185.0
34186.0
34199.0
34200.0
34221.0
34224.0
34225.0
34226.0
34247.0
34257.0
34258.0
34259.0
34267.0
34281.0
34317.0
34330.0
34331.0
34332.0
34334.0
34335.0
34387.0
34389.0
34390.0
34400.0
34401.0
34402.0
34403.0
34447.0
34460.0
34461.0
34463.0
34464.0
34472.0
34473.0
34475.0
34507.0
34522.0
34525.0
34528.0
34533.0
34546.0
34547.0
34548.0
34549.0
34567.0
34579.0
34580.0
34616.0
34617.0
34618.0
34619.0
34627.0
34639.0
34678.0
34687.0
34688.0
34689.0
34690.0
34691.0
34692.0
34699.0
34749.0
34750.0
34759.0
34761.0
34762.0
34800.0
34801.0
34819.0
34820.0
34821.0
34833.0
34867.0
34881.0
34882.0
34894.0
34904.0
34905.0
34927.0
34933.0
34965.0
34977.0
34978.0
34987.0
34999.0
35000.0
35037.0
35047.0
35049.0
35059.0
35060.0
35107.0
35110.0
35119.0
35120.0
35121.0
35170.0
35172.0
35179.0
35180.0
35181.0
35194.0
35227.0
35239.0
35240.0
35253.0
35264.0
35265.0
35287.0
35304.0
35306.0
35326.0
35327.0
35337.0
35347.0
35397.0
35412.0
35413.0
35419.0
35420.0
35469.0
35479.0
35480.0
35481.0
35527.0
35536.0
35540.0
35544.0
35545.0
35552.0
35553.0
35602.0
35603.0
35606.0
35607.0
35613.0
35628.0
35629.0
35634.0
35659.0
35660.0
35661.0
35672.0
35685.0
35692.0
35693.0
35699.0
35704.0
35719.0
35721.0
35722.0
35752.0
35770.0
35771.0
35777.0
35778.0
35779.0
35780.0
35781.0
35838.0
35843.0
35846.0
35847.0
35848.0
35849.0
35904.0
35914.0
35915.0
35924.0
35925.0
35961.0
35963.0
35987.0
35994.0
35995.0
36021.0
36051.0
36055.0
36059.0
36060.0
36065.0
36075.0
36081.0
36131.0
36132.0
36133.0
36138.0
36141.0
36196.0
36197.0
36201.0
36202.0
36203.0
36207.0
36218.0
36258.0
36263.0
36265.0
36266.0
36268.0
36276.0
36280.0
36322.0
36346.0
36347.0
36354.0
36355.0
36381.0
36383.0
36414.0
36415.0
36419.0
36433.0
36491.0
36492.0
36501.0
36561.0
36562.0
36563.0
36621.0
36634.0
36635.0
36682.0
36684.0
36685.0
36708.0
36741.0
36778.0
36779.0
36801.0
36850.0
36851.0
36861.0
36878.0
36879.0
36890.0
36903.0
36904.0
36909.0
36911.0
36919.0
36921.0
36922.0
36923.0
36924.0
36949.0
36953.0
36959.0
36963.0
36964.0
36979.0
36981.0
36992.0
36993.0
36994.0
36995.0
37019.0
37023.0
37024.0
37027.0
37044.0
37046.0
37054.0
37064.0
37066.0
37067.0
37081.0
37084.0
37087.0
37088.0
37094.0
37098.0
37101.0
37125.0
37138.0
37139.0
37140.0
37141.0
37147.0
37159.0
37161.0
37168.0
37169.0
37197.0
37201.0
37203.0
37204.0
37207.0
37208.0
37209.0
37211.0
37219.0
37221.0
37238.0
37239.0
37267.0
37270.0
37275.0
37276.0
37279.0
37280.0
37281.0
37282.0
37283.0
37313.0
37314.0
37319.0
37323.0
37324.0
37331.0
37339.0
37341.0
37342.0
37345.0
37346.0
37348.0
37354.0
37355.0
37356.0
37379.0
37383.0
37384.0
37387.0
37399.0
37413.0
37414.0
37424.0
37425.0
37427.0
37439.0
37443.0
37444.0
37453.0
37454.0
37461.0
37464.0
37466.0
37486.0
37487.0
37496.0
37497.0
37499.0
37503.0
37504.0
37507.0
37519.0
37521.0
37528.0
37529.0
37557.0
37563.0
37564.0
37572.0
37573.0
37579.0
37581.0
37599.0
37619.0
37623.0
37629.0
37639.0
37640.0
37641.0
37643.0
37669.0
37673.0
37679.0
37683.0
37684.0
37687.0
37700.0
37701.0
37704.0
37705.0
37709.0
37710.0
37714.0
37715.0
37743.0
37744.0
37747.0
37762.0
37763.0
37765.0
37766.0
37767.0
37773.0
37786.0
37788.0
37789.0
37799.0
37803.0
37807.0
37813.0
37814.0
37819.0
37820.0
37821.0
37847.0
37856.0
37857.0
37859.0
37867.0
37879.0
37881.0
37888.0
37889.0
37918.0
37919.0
37922.0
37928.0
37930.0
37931.0
37939.0
37941.0
37959.0
37962.0
37979.0
37984.0
37989.0
37991.0
37992.0
37999.0
38000.0
38001.0
38003.0
38005.0
38006.0
38029.0
38039.0
38047.0
38059.0
38061.0
38072.0
38074.0
38075.0
38107.0
38121.0
38124.0
38126.0
38134.0
38144.0
38146.0
38147.0
38149.0
38156.0
38167.0
38179.0
38181.0
38205.0
38220.0
38239.0
38241.0
38286.0
38287.0
38288.0
38289.0
38291.0
38299.0
38301.0
38347.0
38351.0
38352.0
38353.0
38360.0
38361.0
38362.0
38363.0
38411.0
38419.0
38421.0
38422.0
38426.0
38427.0
38433.0
38434.0
38435.0
38436.0
38479.0
38481.0
38493.0
38505.0
38506.0
38507.0
38527.0
38541.0
38544.0
38546.0
38567.0
38576.0
38577.0
38578.0
38587.0
38590.0
38591.0
38601.0
38637.0
38651.0
38652.0
38654.0
38655.0
38659.0
38707.0
38709.0
38719.0
38720.0
38721.0
38722.0
38723.0
38767.0
38783.0
38784.0
38793.0
38794.0
38820.0
38853.0
38865.0
38873.0
38887.0
38926.0
38936.0
38937.0
38947.0
38953.0
39005.0
39006.0
39007.0
39008.0
39009.0
39019.0
39069.0
39071.0
39072.0
39079.0
39081.0
39082.0
39127.0
39139.0
39141.0
39153.0
39200.0
39204.0
39206.0
39214.0
39224.0
39225.0
39247.0
39259.0
39285.0
39297.0
39298.0
39306.0
39319.0
39357.0
39366.0
39368.0
39369.0
39379.0
39426.0
39427.0
39439.0
39440.0
39488.0
39491.0
39493.0
39499.0
39501.0
39513.0
39514.0
39559.0
39572.0
39573.0
39584.0
39606.0
39607.0
39623.0
39624.0
39643.0
39646.0
39656.0
39666.0
39667.0
39671.0
39675.0
39678.0
39679.0
39681.0
39682.0
39690.0
39691.0
39716.0
39717.0
39732.0
39739.0
39741.0
39756.0
39769.0
39789.0
39799.0
39801.0
39802.0
39803.0
39810.0
39823.0
39861.0
39862.0
39874.0
39875.0
39882.0
39922.0
39925.0
39928.0
39947.0
39948.0
39952.0
39953.0
39976.0
39983.0
40008.0
40013.0
40016.0
40018.0
40019.0
40037.0
40041.0
40090.0
40091.0
40094.0
40101.0
40162.0
40166.0
40167.0
40173.0
40191.0
40227.0
40235.0
40247.0
40248.0
40281.0
40307.0
40325.0
40326.0
40341.0
40389.0
40399.0
40401.0
40403.0
40411.0
40412.0
40423.0
40451.0
40452.0
40461.0
40480.0
40481.0
40521.0
40522.0
40523.0
40552.0
40581.0
40594.0
40595.0
40636.0
40639.0
40641.0
40667.0
40678.0
40701.0
40739.0
40761.0
40810.0
40811.0
40821.0
40882.0
40885.0
40886.0
40887.0
40955.0
40957.0
40982.0
40985.0
40986.0
40987.0
40988.0
41001.0
41003.0
41004.0
41008.0
41013.0
41024.0
41026.0
41027.0
41046.0
41053.0
41054.0
41058.0
41059.0
41061.0
41084.0
41085.0
41097.0
41099.0
41100.0
41103.0
41106.0
41119.0
41121.0
41128.0
41130.0
41157.0
41163.0
41165.0
41166.0
41168.0
41169.0
41170.0
41171.0
41179.0
41181.0
41220.0
41223.0
41226.0
41229.0
41230.0
41239.0
41240.0
41241.0
41242.0
41243.0
41272.0
41273.0
41275.0
41280.0
41283.0
41287.0
41291.0
41293.0
41299.0
41302.0
41304.0
41305.0
41310.0
41314.0
41315.0
41340.0
41343.0
41345.0
41359.0
41361.0
41372.0
41384.0
41387.0
41400.0
41403.0
41406.0
41413.0
41415.0
41418.0
41421.0
41423.0
41456.0
41457.0
41458.0
41459.0
41460.0
41462.0
41466.0
41481.0
41498.0
41500.0
41517.0
41520.0
41523.0
41531.0
41532.0
41539.0
41541.0
41560.0
41579.0
41583.0
41589.0
41599.0
41600.0
41601.0
41602.0
41603.0
41630.0
41633.0
41640.0
41643.0
41646.0
41660.0
41661.0
41663.0
41664.0
41665.0
41672.0
41673.0
41675.0
41702.0
41705.0
41706.0
41708.0
41723.0
41725.0
41726.0
41728.0
41732.0
41733.0
41745.0
41746.0
41747.0
41748.0
41749.0
41766.0
41773.0
41774.0
41779.0
41805.0
41816.0
41817.0
41818.0
41819.0
41820.0
41823.0
41826.0
41839.0
41841.0
41848.0
41849.0
41878.0
41879.0
41880.0
41883.0
41886.0
41888.0
41891.0
41899.0
41901.0
41919.0
41923.0
41940.0
41943.0
41949.0
41951.0
41952.0
41959.0
41961.0
41962.0
41965.0
41966.0
41967.0
41989.0
41993.0
41999.0
42000.0
42003.0
42019.0
42021.0
42032.0
42035.0
42060.0
42063.0
42064.0
42071.0
42081.0
42083.0
42086.0
42093.0
42104.0
42107.0
42121.0
42123.0
42124.0
42129.0
42134.0
42141.0
42177.0
42179.0
42180.0
42186.0
42201.0
42203.0
42204.0
42209.0
42236.0
42237.0
42246.0
42247.0
42250.0
42251.0
42261.0
42266.0
42306.0
42309.0
42310.0
42319.0
42320.0
42321.0
42323.0
42371.0
42373.0
42380.0
42382.0
42385.0
42388.0
42393.0
42396.0
42397.0
42399.0
42439.0
42452.0
42453.0
42464.0
42486.0
42500.0
42501.0
42503.0
42504.0
42505.0
42506.0
42526.0
42537.0
42538.0
42539.0
42546.0
42597.0
42609.0
42611.0
42612.0
42619.0
42621.0
42669.0
42679.0
42680.0
42681.0
42682.0
42701.0
42726.0
42739.0
42741.0
42742.0
42752.0
42754.0
42755.0
42786.0
42803.0
42805.0
42808.0
42825.0
42827.0
42828.0
42846.0
42859.0
42884.0
42885.0
42896.0
42906.0
42919.0
42957.0
42958.0
42966.0
42968.0
42979.0
43029.0
43031.0
43032.0
43033.0
43039.0
43041.0
43099.0
43101.0
43112.0
43113.0
43146.0
43161.0
43163.0
43174.0
43184.0
43206.0
43245.0
43266.0
43269.0
43279.0
43317.0
43326.0
43328.0
43339.0
43386.0
43389.0
43399.0
43400.0
43402.0
43447.0
43451.0
43453.0
43459.0
43460.0
43461.0
43487.0
43519.0
43532.0
43533.0
43544.0
43566.0
43583.0
43616.0
43619.0
43620.0
43676.0
43677.0
43684.0
43685.0
43688.0
43699.0
43744.0
43745.0
43752.0
43761.0
43762.0
43763.0
43764.0
43767.0
43814.0
43816.0
43817.0
43820.0
43821.0
43826.0
43835.0
43868.0
43869.0
43877.0
43883.0
43885.0
43886.0
43888.0
43892.0
43893.0
43899.0
43900.0
43901.0
43907.0
43908.0
43921.0
43922.0
43959.0
43960.0
43978.0
43979.0
44001.0
44022.0
44036.0
44050.0
44052.0
44054.0
44067.0
44082.0
44086.0
44087.0
44090.0
44119.0
44122.0
44123.0
44134.0
44149.0
44179.0
44183.0
44194.0
44201.0
44202.0
44207.0
44208.0
44233.0
44241.0
44264.0
44265.0
44266.0
44267.0
44302.0
44304.0
44305.0
44306.0
44322.0
44327.0
44331.0
44332.0
44340.0
44359.0
44401.0
44402.0
44410.0
44411.0
44413.0
44421.0
44476.0
44481.0
44482.0
44483.0
44487.0
44488.0
44542.0
44545.0
44548.0
44555.0
44556.0
44563.0
44580.0
44581.0
44626.0
44627.0
44661.0
44698.0
44699.0
44721.0
44771.0
44773.0
44774.0
44775.0
44841.0
44842.0
44843.0
44901.0
44909.0
44914.0
44915.0
44961.0
44965.0
44968.0
44988.0
45056.0
45057.0
45059.0
45063.0
45066.0
45079.0
45081.0
45088.0
45089.0
45118.0
45124.0
45125.0
45126.0
45128.0
45129.0
45130.0
45131.0
45138.0
45139.0
45140.0
45141.0
45158.0
45159.0
45163.0
45179.0
45183.0
45188.0
45189.0
45191.0
45193.0
45199.0
45201.0
45202.0
45205.0
45206.0
45229.0
45233.0
45239.0
45243.0
45258.0
45259.0
45261.0
45272.0
45273.0
45275.0
45299.0
45303.0
45304.0
45306.0
45321.0
45323.0
45334.0
45344.0
45345.0
45346.0
45347.0
45364.0
45365.0
45366.0
45368.0
45369.0
45374.0
45378.0
45381.0
45405.0
45418.0
45419.0
45420.0
45421.0
45426.0
45438.0
45439.0
45441.0
45444.0
45448.0
45449.0
45477.0
45479.0
45483.0
45486.0
45488.0
45489.0
45490.0
45491.0
45498.0
45499.0
45501.0
45518.0
45519.0
45539.0
45543.0
45546.0
45549.0
45550.0
45559.0
45560.0
45561.0
45562.0
45563.0
45592.0
45593.0
45594.0
45598.0
45610.0
45613.0
45619.0
45621.0
45622.0
45625.0
45626.0
45628.0
45633.0
45634.0
45635.0
45636.0
45659.0
45663.0
45664.0
45678.0
45679.0
45692.0
45693.0
45704.0
45706.0
45707.0
45719.0
45723.0
45726.0
45728.0
45729.0
45733.0
45734.0
45741.0
45743.0
45765.0
45766.0
45776.0
45778.0
45779.0
45784.0
45786.0
45788.0
45800.0
45801.0
45808.0
45809.0
45837.0
45848.0
45849.0
45852.0
45858.0
45859.0
45861.0
45878.0
45879.0
45899.0
45903.0
45906.0
45909.0
45920.0
45921.0
45922.0
45923.0
45949.0
45953.0
45959.0
45963.0
45966.0
45980.0
45981.0
45982.0
45992.0
45994.0
45995.0
46019.0
46020.0
46024.0
46025.0
46028.0
46029.0
46038.0
46039.0
46041.0
46042.0
46045.0
46046.0
46048.0
46053.0
46065.0
46068.0
46086.0
46093.0
46094.0
46099.0
46125.0
46136.0
46139.0
46143.0
46146.0
46152.0
46161.0
46168.0
46169.0
46198.0
46199.0
46206.0
46208.0
46210.0
46211.0
46219.0
46239.0
46259.0
46264.0
46265.0
46278.0
46279.0
46281.0
46282.0
46283.0
46284.0
46322.0
46340.0
46341.0
46352.0
46354.0
46355.0
46382.0
46394.0
46396.0
46399.0
46401.0
46413.0
46414.0
46426.0
46427.0
46443.0
46454.0
46455.0
46484.0
46485.0
46498.0
46500.0
46506.0
46515.0
46521.0
46556.0
46557.0
46566.0
46568.0
46570.0
46571.0
46576.0
46581.0
46626.0
46629.0
46631.0
46638.0
46640.0
46641.0
46642.0
46643.0
46687.0
46690.0
46693.0
46695.0
46699.0
46701.0
46713.0
46715.0
46716.0
46757.0
46759.0
46784.0
46787.0
46806.0
46817.0
46823.0
46845.0
46856.0
46858.0
46859.0
46866.0
46878.0
46916.0
46917.0
46927.0
46931.0
46932.0
46933.0
46938.0
46989.0
46999.0
47000.0
47002.0
47003.0
47046.0
47063.0
47064.0
47072.0
47106.0
47132.0
47133.0
47166.0
47178.0
47179.0
47204.0
47205.0
47226.0
47238.0
47239.0
47260.0
47261.0
47286.0
47298.0
47299.0
47320.0
47346.0
47358.0
47359.0
47394.0
47402.0
47418.0
47452.0
47453.0
47470.0
47471.0
47473.0
47478.0
47479.0
47483.0
47534.0
47535.0
47562.0
47586.0
47599.0
47603.0
47616.0
47642.0
47695.0
47703.0
47704.0
47718.0
47719.0
47774.0
47775.0
47822.0
47836.0
47837.0
47871.0
47882.0
47894.0
47895.0
47902.0
47905.0
47908.0
47917.0
47918.0
47922.0
47930.0
47954.0
47955.0
47973.0
47977.0
47979.0
47980.0
47995.0
47996.0
47997.0
47999.0
48000.0
48014.0
48015.0
48020.0
48021.0
48076.0
48077.0
48084.0
48085.0
48138.0
48139.0
48144.0
48164.0
48165.0
48190.0
48192.0
48194.0
48196.0
48197.0
48247.0
48248.0
48256.0
48257.0
48316.0
48317.0
48321.0
48322.0
48342.0
48343.0
48376.0
48377.0
48378.0
48401.0
48403.0
48440.0
48441.0
48442.0
48443.0
48460.0
48500.0
48501.0
48509.0
48514.0
48515.0
48522.0
48561.0
48565.0
48566.0
48567.0
48581.0
48582.0
48587.0
48588.0
48589.0
48640.0
48641.0
48647.0
48658.0
48659.0
48680.0
48681.0
48694.0
48724.0
48730.0
48731.0
48740.0
48803.0
48804.0
48874.0
48887.0
48888.0
48920.0
48921.0
48946.0
48947.0
48980.0
49019.0
49020.0
49040.0
49090.0
49091.0
49100.0
49101.0
49158.0
49159.0
49160.0
49162.0
49163.0
49177.0
49198.0
49200.0
49208.0
49218.0
49220.0
49221.0
49222.0
49225.0
49226.0
49227.0
49233.0
49235.0
49236.0
49260.0
49263.0
49265.0
49278.0
49279.0
49293.0
49304.0
49306.0
49320.0
49323.0
49326.0
49328.0
49330.0
49333.0
49335.0
49338.0
49340.0
49343.0
49344.0
49356.0
49357.0
49365.0
49366.0
49376.0
49378.0
49379.0
49383.0
49385.0
49388.0
49408.0
49410.0
49437.0
49447.0
49451.0
49452.0
49458.0
49459.0
49460.0
49478.0
49480.0
49499.0
49500.0
49508.0
49518.0
49519.0
49520.0
49521.0
49522.0
49523.0
49550.0
49553.0
49560.0
49563.0
49566.0
49580.0
49581.0
49583.0
49584.0
49592.0
49594.0
49595.0
49619.0
49623.0
49625.0
49641.0
49645.0
49647.0
49653.0
49665.0
49667.0
49668.0
49680.0
49683.0
49686.0
49697.0
49698.0
49708.0
49710.0
49725.0
49736.0
49737.0
49738.0
49739.0
49740.0
49743.0
49746.0
49752.0
49760.0
49761.0
49768.0
49770.0
49797.0
49798.0
49800.0
49803.0
49806.0
49810.0
49811.0
49818.0
49819.0
49820.0
49821.0
49838.0
49840.0
49860.0
49863.0
49869.0
49870.0
49873.0
49878.0
49879.0
49881.0
49882.0
49885.0
49886.0
49910.0
49913.0
49920.0
49923.0
49939.0
49940.0
49941.0
49952.0
49954.0
49955.0
49980.0
49983.0
49985.0
49986.0
49999.0
50000.0
50003.0
50013.0
50014.0
50026.0
50027.0
50042.0
50045.0
50046.0
50048.0
50054.0
50055.0
50058.0
50087.0
50097.0
50099.0
50100.0
50106.0
50118.0
50120.0
50156.0
50157.0
50163.0
50166.0
50168.0
50170.0
50171.0
50175.0
50178.0
50180.0
50198.0
50200.0
50226.0
50230.0
50238.0
50240.0
50242.0
50243.0
50273.0
50275.0
50280.0
50288.0
50290.0
50300.0
50301.0
50302.0
50305.0
50306.0
50307.0
50313.0
50314.0
50315.0
50316.0
50340.0
50345.0
50358.0
50359.0
50372.0
50373.0
50384.0
50386.0
50389.0
50390.0
50406.0
50420.0
50423.0
50424.0
50425.0
50446.0
50456.0
50458.0
50459.0
50466.0
50480.0
50481.0
50517.0
50526.0
50531.0
50532.0
50538.0
50540.0
50588.0
50589.0
50600.0
50602.0
50603.0
50646.0
50660.0
50663.0
50664.0
50672.0
50674.0
50675.0
50706.0
50721.0
50725.0
50727.0
50732.0
50745.0
50747.0
50748.0
50766.0
50778.0
50779.0
50804.0
50805.0
50816.0
50817.0
50818.0
50819.0
50820.0
50838.0
50839.0
50840.0
50878.0
50881.0
50888.0
50890.0
50891.0
50898.0
50900.0
50947.0
50948.0
50949.0
50952.0
50961.0
50962.0
50965.0
50966.0
51013.0
51020.0
51021.0
51032.0
51034.0
51035.0
51066.0
51083.0
51094.0
51095.0
51104.0
51126.0
51165.0
51177.0
51186.0
51198.0
51236.0
51246.0
51248.0
51258.0
51306.0
51309.0
51318.0
51320.0
51370.0
51371.0
51378.0
51380.0
51381.0
51393.0
51394.0
51438.0
51452.0
51453.0
51464.0
51486.0
51500.0
51503.0
51505.0
51525.0
51526.0
51536.0
51546.0
51596.0
51597.0
51610.0
51613.0
51619.0
51666.0
51668.0
51669.0
51674.0
51678.0
51683.0
51685.0
51716.0
51740.0
51744.0
51752.0
51786.0
51807.0
51815.0
51825.0
51846.0
51848.0
51880.0
51896.0
51906.0
51918.0
51958.0
51959.0
51965.0
51966.0
51968.0
51970.0
51971.0
51978.0
51980.0
52018.0
52025.0
52029.0
52030.0
52038.0
52041.0
52044.0
52045.0
52046.0
52047.0
52048.0
52091.0
52093.0
52094.0
52098.0
52100.0
52101.0
52109.0
52112.0
52114.0
52117.0
52118.0
52119.0
52150.0
52168.0
52169.0
52186.0
52187.0
52208.0
52220.0
52239.0
52241.0
52243.0
52245.0
52246.0
52248.0
52260.0
52261.0
52280.0
52281.0
52316.0
52317.0
52330.0
52331.0
52332.0
52340.0
52389.0
52394.0
52400.0
52402.0
52403.0
52448.0
52449.0
52454.0
52461.0
52465.0
52466.0
52467.0
52476.0
52477.0
52510.0
52532.0
52533.0
52546.0
52547.0
52571.0
52580.0
52615.0
52618.0
52619.0
52640.0
52642.0
52649.0
52661.0
52672.0
52679.0
52691.0
52692.0
52700.0
52746.0
52760.0
52762.0
52763.0
52820.0
52826.0
52827.0
52834.0
52835.0
52845.0
52881.0
52885.0
52886.0
52887.0
52908.0
52909.0
52978.0
52979.0
53000.0
53050.0
53051.0
53125.0
53194.0
53195.0
53240.0
53250.0
53253.0
53254.0
53264.0
53266.0
53267.0
53282.0
53283.0
53284.0
53286.0
53288.0
53298.0
53299.0
53300.0
53325.0
53337.0
53339.0
53340.0
53346.0
53352.0
53360.0
53368.0
53369.0
53396.0
53397.0
53399.0
53403.0
53405.0
53406.0
53408.0
53410.0
53411.0
53418.0
53420.0
53438.0
53439.0
53459.0
53463.0
53466.0
53470.0
53478.0
53480.0
53482.0
53483.0
53501.0
53502.0
53513.0
53514.0
53519.0
53523.0
53530.0
53538.0
53540.0
53541.0
53542.0
53553.0
53555.0
53556.0
53561.0
53579.0
53583.0
53584.0
53598.0
53600.0
53612.0
53624.0
53626.0
53627.0
53639.0
53643.0
53645.0
53646.0
53653.0
53654.0
53660.0
53665.0
53693.0
53694.0
53696.0
53698.0
53699.0
53702.0
53703.0
53704.0
53705.0
53706.0
53709.0
53720.0
53721.0
53727.0
53728.0
53729.0
53756.0
53757.0
53770.0
53771.0
53772.0
53778.0
53780.0
53798.0
53799.0
53819.0
53823.0
53828.0
53829.0
53838.0
53840.0
53842.0
53843.0
53869.0
53873.0
53886.0
53899.0
53900.0
53903.0
53904.0
53912.0
53936.0
53941.0
53943.0
53944.0
53945.0
53946.0
53948.0
53961.0
53965.0
53966.0
53967.0
53972.0
53973.0
53984.0
53985.0
53986.0
53987.0
53995.0
53996.0
54005.0
54006.0
54013.0
54014.0
54018.0
54044.0
54045.0
54056.0
54058.0
54059.0
54063.0
54066.0
54078.0
54080.0
54088.0
54118.0
54119.0
54123.0
54125.0
54126.0
54128.0
54130.0
54131.0
54138.0
54140.0
54158.0
54159.0
54179.0
54183.0
54188.0
54189.0
54190.0
54192.0
54198.0
54201.0
54202.0
54205.0
54206.0
54233.0
54239.0
54243.0
54258.0
54260.0
54261.0
54272.0
54274.0
54275.0
54299.0
54303.0
54304.0
54305.0
54307.0
54319.0
54320.0
54323.0
54325.0
54333.0
54346.0
54347.0
54359.0
54362.0
54363.0
54364.0
54366.0
54374.0
54380.0
54419.0
54420.0
54428.0
54439.0
54440.0
54449.0
54461.0
54490.0
54491.0
54498.0
54500.0
54519.0
54545.0
54546.0
54559.0
54560.0
54562.0
54563.0
54579.0
54580.0
54592.0
54605.0
54622.0
54625.0
54626.0
54627.0
54635.0
54636.0
54639.0
54653.0
54667.0
54668.0
54669.0
54678.0
54704.0
54706.0
54712.0
54713.0
54738.0
54740.0
54741.0
54742.0
54772.0
54776.0
54785.0
54786.0
54799.0
54800.0
54801.0
54802.0
54836.0
54845.0
54848.0
54852.0
54862.0
54895.0
54896.0
54906.0
54908.0
54918.0
54921.0
54954.0
54955.0
54966.0
54978.0
54980.0
54983.0
54991.0
54992.0
55014.0
55015.0
55025.0
55026.0
55038.0
55040.0
55053.0
55054.0
55063.0
55064.0
55098.0
55103.0
55104.0
55124.0
55125.0
55138.0
55139.0
55146.0
55158.0
55196.0
55197.0
55205.0
55206.0
55208.0
55209.0
55218.0
55265.0
55269.0
55270.0
55271.0
55274.0
55278.0
55280.0
55329.0
55330.0
55338.0
55340.0
55341.0
55398.0
55407.0
55413.0
55424.0
55445.0
55446.0
55461.0
55486.0
55487.0
55495.0
55505.0
55506.0
55556.0
55557.0
55570.0
55571.0
55572.0
55578.0
55628.0
55629.0
55638.0
55640.0
55685.0
55699.0
55703.0
55704.0
55711.0
55712.0
55745.0
55772.0
55773.0
55804.0
55807.0
55818.0
55845.0
55855.0
55856.0
55865.0
55866.0
55878.0
55918.0
55925.0
55926.0
55927.0
55928.0
55937.0
55988.0
55990.0
55992.0
55998.0
56000.0
56001.0
56058.0
56060.0
56061.0
56071.0
56072.0
56074.0
56075.0
56082.0
56083.0
56103.0
56115.0
56120.0
56123.0
56125.0
56133.0
56146.0
56147.0
56176.0
56177.0
56180.0
56181.0
56182.0
56185.0
56188.0
56204.0
56205.0
56219.0
56220.0
56221.0
56222.0
56239.0
56241.0
56263.0
56264.0
56283.0
56284.0
56290.0
56291.0
56300.0
56340.0
56350.0
56360.0
56362.0
56363.0
56421.0
56422.0
56423.0
56425.0
56426.0
56427.0
56435.0
56436.0
56437.0
56472.0
56495.0
56506.0
56507.0
56531.0
56540.0
56557.0
56562.0
56563.0
56587.0
56590.0
56591.0
56595.0
56600.0
56603.0
56614.0
56629.0
56633.0
56634.0
56653.0
56654.0
56705.0
56707.0
56720.0
56722.0
56724.0
56725.0
56768.0
56769.0
56772.0
56773.0
56780.0
56794.0
56795.0
56828.0
56834.0
56842.0
56843.0
56845.0
56847.0
56849.0
56850.0
56857.0
56868.0
56874.0
56900.0
56917.0
56918.0
56921.0
56922.0
56938.0
56939.0
57010.0
57011.0
57020.0
57082.0
57084.0
57085.0
57086.0
57154.0
57155.0
57200.0
57226.0
57227.0
57253.0
57254.0
57299.0
57300.0
57301.0
57320.0
57356.0
57357.0
57360.0
57363.0
57365.0
57368.0
57371.0
57378.0
57380.0
57400.0
57422.0
57426.0
57429.0
57430.0
57431.0
57433.0
57435.0
57438.0
57440.0
57442.0
57443.0
57472.0
57473.0
57475.0
57487.0
57491.0
57492.0
57498.0
57500.0
57501.0
57502.0
57505.0
57507.0
57513.0
57514.0
57516.0
57539.0
57542.0
57543.0
57558.0
57560.0
57572.0
57573.0
57584.0
57586.0
57587.0
57600.0
57603.0
57605.0
57613.0
57615.0
57620.0
57623.0
57646.0
57647.0
57656.0
57658.0
57659.0
57663.0
57665.0
57667.0
57669.0
57680.0
57688.0
57716.0
57717.0
57721.0
57726.0
57730.0
57732.0
57733.0
57738.0
57740.0
57758.0
57760.0
57788.0
57789.0
57798.0
57799.0
57800.0
57802.0
57803.0
57805.0
57830.0
57833.0
57840.0
57843.0
57845.0
57860.0
57863.0
57873.0
57874.0
57875.0
57904.0
57905.0
57908.0
57921.0
57925.0
57927.0
57937.0
57944.0
57946.0
57947.0
57948.0
57963.0
57965.0
57973.0
57975.0
57978.0
58004.0
58005.0
58015.0
58016.0
58017.0
58018.0
58019.0
58020.0
58023.0
58025.0
58040.0
58048.0
58050.0
58073.0
58075.0
58084.0
58085.0
58090.0
58091.0
58092.0
58098.0
58100.0
58120.0
58123.0
58140.0
58143.0
58149.0
58158.0
58161.0
58162.0
58164.0
58165.0
58193.0
58195.0
58200.0
58203.0
58205.0
58206.0
58217.0
58224.0
58225.0
58231.0
58233.0
58234.0
58239.0
58240.0
58260.0
58263.0
58265.0
58266.0
58280.0
58293.0
58294.0
58304.0
58307.0
58308.0
58325.0
58326.0
58328.0
58335.0
58338.0
58339.0
58364.0
58365.0
58377.0
58378.0
58379.0
58380.0
58381.0
58398.0
58400.0
58408.0
58409.0
58436.0
58437.0
58440.0
58445.0
58448.0
58450.0
58451.0
58458.0
58460.0
58480.0
58499.0
58509.0
58510.0
58511.0
58519.0
58520.0
58521.0
58522.0
58523.0
58526.0
58527.0
58554.0
58555.0
58559.0
58567.0
58571.0
58578.0
58581.0
58593.0
58595.0
58596.0
58625.0
58640.0
58653.0
58655.0
58663.0
58666.0
58667.0
58668.0
58685.0
58699.0
58700.0
58701.0
58703.0
58727.0
58728.0
58735.0
58737.0
58738.0
58739.0
58745.0
58760.0
58800.0
58806.0
58810.0
58811.0
58812.0
58813.0
58818.0
58869.0
58874.0
58880.0
58882.0
58883.0
58884.0
58925.0
58942.0
58944.0
58951.0
58952.0
58953.0
58954.0
58955.0
58958.0
59005.0
59006.0
59007.0
59012.0
59013.0
59025.0
59026.0
59027.0
59029.0
59030.0
59045.0
59058.0
59085.0
59097.0
59098.0
59099.0
59101.0
59102.0
59120.0
59158.0
59161.0
59167.0
59168.0
59171.0
59178.0
59180.0
59227.0
59230.0
59231.0
59232.0
59241.0
59242.0
59243.0
59244.0
59245.0
59246.0
59247.0
59285.0
59293.0
59301.0
59312.0
59357.0
59360.0
59362.0
59375.0
59376.0
59384.0
59405.0
59418.0
59445.0
59456.0
59479.0
59480.0
59516.0
59527.0
59528.0
59529.0
59538.0
59585.0
59589.0
59598.0
59600.0
59612.0
59650.0
59652.0
59660.0
59662.0
59673.0
59718.0
59732.0
59733.0
59744.0
59765.0
59779.0
59783.0
59805.0
59806.0
59815.0
59816.0
59817.0
59825.0
59876.0
59877.0
59889.0
59890.0
59898.0
59958.0
59959.0
59975.0
59976.0
60005.0
60020.0
60022.0
60023.0
60031.0
60032.0
60105.0
60108.0
60125.0
60138.0
60139.0
60140.0
60169.0
60173.0
60174.0
60176.0
60178.0
60179.0
60192.0
60200.0
60222.0
60238.0
60249.0
60250.0
60251.0
60258.0
60260.0
60308.0
60309.0
60321.0
60323.0
60324.0
60325.0
60330.0
60334.0
60340.0
60373.0
60394.0
60399.0
60402.0
60410.0
60411.0
60436.0
60440.0
60458.0
60466.0
60467.0
60468.0
60470.0
60519.0
60538.0
60539.0
60540.0
60541.0
60542.0
60556.0
60560.0
60581.0
60589.0
60590.0
60592.0
60610.0
60611.0
60612.0
60613.0
60620.0
60680.0
60682.0
60683.0
60687.0
60691.0
60692.0
60735.0
60736.0
60742.0
60743.0
60755.0
60756.0
60783.0
60784.0
60800.0
60826.0
60827.0
60836.0
60838.0
60853.0
60862.0
60863.0
60898.0
60899.0
60900.0
60905.0
60906.0
60920.0
60971.0
60972.0
60973.0
60974.0
60980.0
60983.0
60987.0
61008.0
61014.0
61040.0
61042.0
61043.0
61100.0
61114.0
61115.0
61160.0
61164.0
61165.0
61167.0
61187.0
61197.0
61258.0
61259.0
61280.0
61330.0
61331.0
61340.0
61402.0
61404.0
61405.0
61439.0
61443.0
61445.0
61446.0
61457.0
61458.0
61460.0
61471.0
61474.0
61475.0
61498.0
61499.0
61503.0
61504.0
61505.0
61520.0
61523.0
61524.0
61533.0
61534.0
61543.0
61544.0
61561.0
61562.0
61563.0
61565.0
61566.0
61574.0
61578.0
61580.0
61604.0
61619.0
61620.0
61621.0
61622.0
61623.0
61627.0
61637.0
61640.0
61648.0
61673.0
61674.0
61676.0
61688.0
61689.0
61690.0
61691.0
61697.0
61698.0
61700.0
61719.0
61723.0
61738.0
61739.0
61743.0
61758.0
61759.0
61760.0
61762.0
61763.0
61793.0
61794.0
61799.0
61803.0
61805.0
61820.0
61821.0
61824.0
61827.0
61831.0
61832.0
61836.0
61859.0
61863.0
61864.0
61865.0
61871.0
61892.0
61906.0
61907.0
61919.0
61923.0
61924.0
61933.0
61934.0
61937.0
61938.0
61940.0
61964.0
61975.0
61976.0
61978.0
61979.0
61981.0
61983.0
61984.0
61985.0
61988.0
61997.0
61998.0
62000.0
62009.0
62018.0
62019.0
62037.0
62045.0
62047.0
62048.0
62056.0
62057.0
62062.0
62078.0
62079.0
62099.0
62103.0
62108.0
62109.0
62110.0
62117.0
62118.0
62120.0
62123.0
62124.0
62149.0
62153.0
62159.0
62163.0
62173.0
62178.0
62180.0
62191.0
62192.0
62194.0
62195.0
62221.0
62223.0
62224.0
62225.0
62228.0
62239.0
62240.0
62242.0
62244.0
62253.0
62264.0
62266.0
62267.0
62285.0
62293.0
62294.0
62300.0
62324.0
62336.0
62339.0
62343.0
62345.0
62357.0
62359.0
62364.0
62370.0
62384.0
62388.0
62396.0
62399.0
62403.0
62405.0
62408.0
62410.0
62411.0
62417.0
62418.0
62420.0
62442.0
62443.0
62444.0
62459.0
62463.0
62469.0
62474.0
62477.0
62478.0
62480.0
62482.0
62483.0
62509.0
62513.0
62519.0
62523.0
62527.0
62528.0
62541.0
62544.0
62547.0
62552.0
62553.0
62555.0
62556.0
62579.0
62584.0
62585.0
62598.0
62606.0
62612.0
62613.0
62623.0
62624.0
62626.0
62627.0
62654.0
62659.0
62660.0
62686.0
62695.0
62696.0
62698.0
62699.0
62705.0
62718.0
62720.0
62756.0
62770.0
62771.0
62772.0
62777.0
62778.0
62780.0
62828.0
62837.0
62838.0
62839.0
62840.0
62842.0
62843.0
62885.0
62898.0
62900.0
62902.0
62903.0
62908.0
62909.0
62914.0
62915.0
62916.0
62945.0
62961.0
62962.0
62963.0
62972.0
62984.0
62985.0
62988.0
63005.0
63017.0
63018.0
63020.0
63044.0
63047.0
63055.0
63058.0
63059.0
63065.0
63069.0
63077.0
63078.0
63080.0
63117.0
63127.0
63128.0
63130.0
63131.0
63137.0
63138.0
63140.0
63189.0
63192.0
63197.0
63201.0
63202.0
63204.0
63205.0
63206.0
63260.0
63271.0
63272.0
63274.0
63275.0
63305.0
63318.0
63320.0
63322.0
63324.0
63333.0
63343.0
63344.0
63346.0
63349.0
63350.0
63365.0
63404.0
63416.0
63425.0
63437.0
63476.0
63478.0
63487.0
63497.0
63545.0
63549.0
63557.0
63559.0
63606.0
63609.0
63611.0
63620.0
63632.0
63633.0
63665.0
63677.0
63692.0
63704.0
63725.0
63743.0
63744.0
63765.0
63787.0
63788.0
63798.0
63836.0
63848.0
63849.0
63857.0
63908.0
63917.0
63919.0
63920.0
63981.0
64018.0
64037.0
64040.0
64052.0
64065.0
64085.0
64124.0
64135.0
64136.0
64144.0
64145.0
64151.0
64205.0
64207.0
64208.0
64217.0
64232.0
64268.0
64269.0
64270.0
64277.0
64283.0
64284.0
64300.0
64304.0
64305.0
64337.0
64340.0
64343.0
64351.0
64354.0
64355.0
64377.0
64399.0
64402.0
64404.0
64426.0
64427.0
64431.0
64435.0
64453.0
64497.0
64498.0
64499.0
64500.0
64520.0
64522.0
64549.0
64555.0
64568.0
64570.0
64571.0
64572.0
64580.0
64636.0
64640.0
64641.0
64642.0
64643.0
64694.0
64701.0
64704.0
64707.0
64715.0
64716.0
64727.0
64740.0
64782.0
64783.0
64784.0
64786.0
64787.0
64811.0
64812.0
64820.0
64856.0
64857.0
64858.0
64870.0
64871.0
64880.0
64892.0
64898.0
64902.0
64930.0
64931.0
64932.0
64933.0
64934.0
64999.0
65000.0
65001.0
65002.0
65003.0
65009.0
65010.0
65060.0
65064.0
65074.0
65075.0
65087.0
65124.0
65125.0
65127.0
65147.0
65148.0
65149.0
65218.0
65219.0
65239.0
65240.0
65290.0
65291.0
65300.0
65362.0
65364.0
65365.0
65434.0
65435.0
65480.0
65506.0
65507.0
65535.0
65537.0
65538.0
65540.0
65555.0
65564.0
65576.0
65577.0
65584.0
65585.0
65597.0
65600.0
65603.0
65608.0
65610.0
65636.0
65640.0
65643.0
65644.0
65647.0
65651.0
65652.0
65657.0
65679.0
65690.0
65693.0
65698.0
65700.0
65703.0
65710.0
65717.0
65720.0
65722.0
65723.0
65752.0
65753.0
65755.0
65771.0
65777.0
65780.0
65784.0
65785.0
65787.0
65792.0
65793.0
65796.0
65818.0
65820.0
65823.0
65825.0
65852.0
65863.0
65866.0
65867.0
65878.0
65880.0
65883.0
65884.0
65885.0
65893.0
65895.0
65899.0
65900.0
65902.0
65903.0
65926.0
65936.0
65938.0
65939.0
65942.0
65943.0
65944.0
65945.0
65950.0
65958.0
65960.0
65968.0
65970.0
65996.0
66009.0
66010.0
66012.0
66017.0
66019.0
66020.0
66038.0
66060.0
66063.0
66068.0
66077.0
66079.0
66080.0
66082.0
66083.0
66110.0
66113.0
66118.0
66120.0
66123.0
66124.0
66125.0
66138.0
66142.0
66143.0
66151.0
66152.0
66154.0
66155.0
66181.0
66183.0
66185.0
66188.0
66200.0
66204.0
66206.0
66212.0
66224.0
66225.0
66228.0
66229.0
66244.0
66245.0
66253.0
66255.0
66257.0
66259.0
66260.0
66284.0
66295.0
66298.0
66299.0
66300.0
66303.0
66304.0
66317.0
66319.0
66320.0
66325.0
66328.0
66330.0
66357.0
66361.0
66362.0
66364.0
66365.0
66367.0
66370.0
66371.0
66377.0
66380.0
66400.0
66422.0
66423.0
66425.0
66427.0
66428.0
66437.0
66440.0
66441.0
66445.0
66446.0
66470.0
66473.0
66484.0
66485.0
66497.0
66500.0
66508.0
66509.0
66511.0
66514.0
66515.0
66538.0
66540.0
66543.0
66544.0
66545.0
66559.0
66560.0
66572.0
66573.0
66583.0
66586.0
66587.0
66604.0
66605.0
66608.0
66610.0
66617.0
66618.0
66620.0
66644.0
66659.0
66665.0
66677.0
66679.0
66680.0
66690.0
66716.0
66720.0
66724.0
66727.0
66730.0
66731.0
66737.0
66739.0
66740.0
66760.0
66785.0
66789.0
66797.0
66799.0
66800.0
66802.0
66803.0
66849.0
66850.0
66851.0
66857.0
66860.0
66861.0
66862.0
66873.0
66875.0
66917.0
66920.0
66932.0
66943.0
66944.0
66946.0
66947.0
66964.0
66965.0
66979.0
66980.0
66982.0
66984.0
67005.0
67006.0
67015.0
67016.0
67018.0
67019.0
67024.0
67025.0
67040.0
67076.0
67086.0
67089.0
67090.0
67091.0
67092.0
67097.0
67100.0
67148.0
67157.0
67159.0
67160.0
67162.0
67163.0
67205.0
67220.0
67222.0
67223.0
67233.0
67234.0
67235.0
67280.0
67284.0
67287.0
67292.0
67305.0
67306.0
67308.0
67309.0
67324.0
67337.0
67364.0
67366.0
67375.0
67376.0
67378.0
67379.0
67384.0
67397.0
67399.0
67400.0
67438.0
67444.0
67445.0
67447.0
67448.0
67450.0
67451.0
67457.0
67460.0
67508.0
67511.0
67517.0
67520.0
67577.0
67580.0
67592.0
67593.0
67618.0
67638.0
67642.0
67644.0
67653.0
67663.0
67664.0
67684.0
67685.0
67724.0
67725.0
67736.0
67737.0
67744.0
67745.0
67751.0
67796.0
67797.0
67804.0
67805.0
67807.0
67817.0
67864.0
67865.0
67869.0
67877.0
67879.0
67926.0
67929.0
67940.0
67952.0
67997.0
68012.0
68023.0
68044.0
68062.0
68064.0
68085.0
68086.0
68096.0
68104.0
68156.0
68165.0
68169.0
68177.0
68224.0
68228.0
68237.0
68239.0
68284.0
68285.0
68299.0
68301.0
68302.0
68311.0
68344.0
68357.0
68360.0
68364.0
68365.0
68367.0
68372.0
68387.0
68388.0
68393.0
68417.0
68423.0
68444.0
68445.0
68454.0
68457.0
68458.0
68459.0
68469.0
68471.0
68477.0
68479.0
68480.0
68530.0
68531.0
68539.0
68540.0
68544.0
68592.0
68593.0
68601.0
68602.0
68604.0
68605.0
68659.0
68660.0
68674.0
68675.0
68683.0
68684.0
68692.0
68693.0
68719.0
68720.0
68725.0
68746.0
68747.0
68758.0
68765.0
68767.0
68779.0
68780.0
68819.0
68820.0
68821.0
68827.0
68839.0
68840.0
68846.0
68870.0
68877.0
68890.0
68891.0
68899.0
68900.0
68905.0
68906.0
68907.0
68908.0
68959.0
68960.0
68962.0
68963.0
68974.0
68987.0
69021.0
69024.0
69035.0
69046.0
69066.0
69067.0
69068.0
69079.0
69080.0
69106.0
69107.0
69119.0
69139.0
69140.0
69153.0
69177.0
69178.0
69179.0
69199.0
69200.0
69221.0
69222.0
69262.0
69366.0
69367.0
69368.0
69380.0
69438.0
69498.0
69499.0
69561.0
69564.0
69567.0
69584.0
69585.0
69635.0
69639.0
69643.0
69646.0
69658.0
69662.0
69663.0
69664.0
69665.0
69674.0
69675.0
69676.0
69679.0
69680.0
69686.0
69687.0
69709.0
69713.0
69720.0
69723.0
69724.0
69738.0
69741.0
69751.0
69752.0
69778.0
69779.0
69780.0
69783.0
69784.0
69785.0
69797.0
69799.0
69806.0
69807.0
69812.0
69824.0
69840.0
69841.0
69842.0
69843.0
69844.0
69854.0
69857.0
69858.0
69884.0
69898.0
69900.0
69903.0
69904.0
69914.0
69917.0
69918.0
69928.0
69929.0
69956.0
69957.0
69958.0
69959.0
69963.0
69970.0
69971.0
69977.0
69978.0
69998.0
69999.0
70018.0
70020.0
70023.0
70029.0
70039.0
70040.0
70041.0
70042.0
70043.0
70047.0
70082.0
70083.0
70084.0
70099.0
70100.0
70102.0
70103.0
70108.0
70109.0
70111.0
70114.0
70144.0
70159.0
70162.0
70163.0
70174.0
70183.0
70186.0
70189.0
70198.0
70199.0
70203.0
70219.0
70244.0
70256.0
70258.0
70259.0
70260.0
70264.0
70277.0
70279.0
70316.0
70318.0
70319.0
70324.0
70327.0
70328.0
70330.0
70339.0
70347.0
70348.0
70349.0
70381.0
70383.0
70384.0
70385.0
70388.0
70389.0
70397.0
70399.0
70402.0
70403.0
70404.0
70405.0
70406.0
70408.0
70449.0
70450.0
70451.0
70457.0
70460.0
70463.0
70464.0
70466.0
70472.0
70473.0
70476.0
70484.0
70508.0
70509.0
70517.0
70519.0
70532.0
70543.0
70544.0
70546.0
70558.0
70559.0
70564.0
70578.0
70579.0
70581.0
70605.0
70615.0
70617.0
70618.0
70619.0
70624.0
70676.0
70678.0
70680.0
70689.0
70691.0
70697.0
70699.0
70738.0
70740.0
70744.0
70748.0
70757.0
70759.0
70760.0
70762.0
70800.0
70804.0
70805.0
70819.0
70821.0
70822.0
70831.0
70834.0
70864.0
70877.0
70881.0
70884.0
70886.0
70892.0
70904.0
70907.0
70908.0
70909.0
70910.0
70924.0
70964.0
70975.0
70978.0
70979.0
70985.0
70997.0
70999.0
71042.0
71043.0
71047.0
71050.0
71057.0
71059.0
71108.0
71109.0
71110.0
71117.0
71120.0
71121.0
71123.0
71124.0
71179.0
71180.0
71191.0
71192.0
71194.0
71218.0
71238.0
71239.0
71240.0
71252.0
71263.0
71266.0
71284.0
71299.0
71324.0
71339.0
71344.0
71345.0
71350.0
71351.0
71359.0
71396.0
71398.0
71407.0
71410.0
71417.0
71419.0
71420.0
71464.0
71469.0
71477.0
71479.0
71480.0
71482.0
71526.0
71529.0
71530.0
71531.0
71540.0
71552.0
71553.0
71584.0
71597.0
71612.0
71623.0
71644.0
71662.0
71685.0
71704.0
71756.0
71765.0
71771.0
71777.0
71828.0
71837.0
71838.0
71839.0
71884.0
71900.0
71902.0
71903.0
71912.0
71944.0
71972.0
71984.0
72004.0
72017.0
72044.0
72045.0
72055.0
72056.0
72064.0
72077.0
72116.0
72117.0
72124.0
72127.0
72137.0
72188.0
72189.0
72197.0
72200.0
72257.0
72260.0
72271.0
72304.0
72319.0
72321.0
72324.0
72332.0
72333.0
72343.0
72358.0
72386.0
72395.0
72404.0
72417.0
72418.0
72437.0
72439.0
72467.0
72477.0
72485.0
72489.0
72490.0
72491.0
72499.0
72525.0
72539.0
72549.0
72551.0
72559.0
72562.0
72586.0
72587.0
72600.0
72624.0
72625.0
72626.0
72635.0
72675.0
72681.0
72683.0
72706.0
72718.0
72739.0
72757.0
72758.0
72759.0
72778.0
72779.0
72792.0
72793.0
72797.0
72800.0
72802.0
72817.0
72831.0
72839.0
72851.0
72853.0
72906.0
72910.0
72911.0
72919.0
72922.0
72967.0
72974.0
72979.0
72991.0
72994.0
73031.0
73040.0
73044.0
73046.0
73050.0
73051.0
73052.0
73053.0
73057.0
73067.0
73068.0
73111.0
73112.0
73138.0
73155.0
73159.0
73174.0
73183.0
73210.0
73211.0
73219.0
73243.0
73244.0
73253.0
73256.0
73258.0
73281.0
73284.0
73285.0
73327.0
73328.0
73354.0
73399.0
73426.0
73459.0
73499.0
73500.0
73519.0
73570.0
73571.0
73639.0
73642.0
73700.0
73704.0
73705.0
73706.0
73709.0
73714.0
73727.0
73738.0
73740.0
73743.0
73744.0
73745.0
73747.0
73757.0
73772.0
73784.0
73786.0
73798.0
73800.0
73804.0
73813.0
73815.0
73819.0
73821.0
73822.0
73844.0
73845.0
73855.0
73858.0
73863.0
73864.0
73865.0
73869.0
73879.0
73888.0
73916.0
73928.0
73929.0
73932.0
73933.0
73937.0
73960.0
73978.0
73980.0
73984.0
73988.0
73997.0
73999.0
74002.0
74030.0
74033.0
74039.0
74040.0
74043.0
74044.0
74058.0
74059.0
74061.0
74062.0
74071.0
74074.0
74102.0
74103.0
74104.0
74105.0
74108.0
74120.0
74124.0
74126.0
74132.0
74145.0
74147.0
74148.0
74164.0
74173.0
74175.0
74177.0
74204.0
74215.0
74218.0
74220.0
74224.0
74237.0
74239.0
74245.0
74248.0
74250.0
74277.0
74278.0
74280.0
74283.0
74284.0
74287.0
74290.0
74297.0
74299.0
74320.0
74323.0
74340.0
74344.0
74345.0
74348.0
74349.0
74351.0
74357.0
74361.0
74363.0
74364.0
74390.0
74393.0
74404.0
74410.0
74411.0
74417.0
74419.0
74420.0
74431.0
74434.0
74435.0
74458.0
74460.0
74463.0
74465.0
74479.0
74481.0
74482.0
74484.0
74493.0
74503.0
74506.0
74521.0
74523.0
74524.0
74525.0
74528.0
74533.0
74535.0
74539.0
74543.0
74564.0
74576.0
74579.0
74580.0
74584.0
74599.0
74608.0
74610.0
74636.0
74638.0
74640.0
74643.0
74644.0
74647.0
74650.0
74657.0
74659.0
74678.0
74680.0
74698.0
74700.0
74703.0
74704.0
74709.0
74717.0
74719.0
74722.0
74753.0
74755.0
74769.0
74771.0
74777.0
74780.0
74781.0
74784.0
74786.0
74792.0
74793.0
74795.0
74820.0
74823.0
74825.0
74837.0
74839.0
74845.0
74846.0
74852.0
74863.0
74866.0
74880.0
74884.0
74895.0
74898.0
74901.0
74902.0
74904.0
74925.0
74935.0
74938.0
74944.0
74959.0
74970.0
74996.0
75006.0
75009.0
75011.0
75017.0
75019.0
75068.0
75077.0
75079.0
75082.0
75124.0
75139.0
75141.0
75142.0
75154.0
75184.0
75201.0
75204.0
75206.0
75211.0
75212.0
75224.0
75225.0
75227.0
75228.0
75244.0
75257.0
75284.0
75295.0
75298.0
75304.0
75317.0
75319.0
75364.0
75367.0
75370.0
75377.0
75379.0
75426.0
75428.0
75429.0
75431.0
75437.0
75440.0
75444.0
75497.0
75500.0
75511.0
75514.0
75537.0
75559.0
75561.0
75572.0
75573.0
75583.0
75586.0
75598.0
75599.0
75644.0
75658.0
75670.0
75716.0
75724.0
75727.0
75731.0
75784.0
75789.0
75791.0
75799.0
75845.0
75848.0
75857.0
75860.0
75871.0
75917.0
75932.0
75943.0
75964.0
75981.0
75982.0
76004.0
76015.0
76076.0
76084.0
76097.0
76144.0
76147.0
76148.0
76160.0
76204.0
76217.0
76231.0
76264.0
76277.0
76292.0
76293.0
76303.0
76324.0
76337.0
76363.0
76364.0
76377.0
76378.0
76397.0
76435.0
76436.0
76439.0
76447.0
76457.0
76504.0
76509.0
76510.0
76512.0
76519.0
76568.0
76569.0
76572.0
76577.0
76578.0
76579.0
76580.0
76594.0
76595.0
76635.0
76637.0
76639.0
76651.0
76652.0
76656.0
76657.0
76666.0
76686.0
76697.0
76699.0
76701.0
76719.0
76720.0
76728.0
76738.0
76739.0
76759.0
76797.0
76811.0
76812.0
76813.0
76844.0
76874.0
76877.0
76878.0
76882.0
76930.0
76939.0
76950.0
76954.0
76955.0
76961.0
76990.0
77001.0
77004.0
77005.0
77006.0
77020.0
77027.0
77028.0
77029.0
77053.0
77087.0
77097.0
77098.0
77108.0
77117.0
77119.0
77126.0
77138.0
77153.0
77154.0
77157.0
77170.0
77179.0
77225.0
77226.0
77228.0
77240.0
77244.0
77245.0
77259.0
77297.0
77308.0
77314.0
77359.0
77385.0
77386.0
77419.0
77423.0
77424.0
77459.0
77479.0
77530.0
77539.0
77599.0
77602.0
77630.0
77661.0
77664.0
77665.0
77666.0
77675.0
77676.0
77746.0
77747.0
77779.0
77818.0
77820.0
77823.0
77824.0
77826.0
77829.0
77836.0
77839.0
77848.0
77849.0
77876.0
77889.0
77890.0
77891.0
77892.0
77897.0
77899.0
77918.0
77919.0
77938.0
77939.0
77947.0
77948.0
77956.0
77959.0
77962.0
77989.0
77993.0
77998.0
77999.0
78004.0
78017.0
78019.0
78022.0
78023.0
78031.0
78034.0
78035.0
78060.0
78063.0
78064.0
78080.0
78083.0
78084.0
78086.0
78091.0
78092.0
78104.0
78105.0
78107.0
78124.0
78128.0
78129.0
78133.0
78134.0
78136.0
78137.0
78142.0
78163.0
78164.0
78175.0
78178.0
78179.0
78184.0
78197.0
78199.0
78208.0
78209.0
78238.0
78239.0
78244.0
78247.0
78250.0
78256.0
78258.0
78278.0
78279.0
78298.0
78299.0
78305.0
78307.0
78317.0
78320.0
78321.0
78324.0
78325.0
78350.0
78353.0
78358.0
78359.0
78376.0
78379.0
78380.0
78391.0
78394.0
78417.0
78418.0
78419.0
78423.0
78424.0
78439.0
78441.0
78442.0
78444.0
78453.0
78463.0
78466.0
78480.0
78483.0
78484.0
78488.0
78489.0
78494.0
78498.0
78499.0
78524.0
78536.0
78540.0
78544.0
78550.0
78559.0
78568.0
78569.0
78596.0
78598.0
78599.0
78604.0
78607.0
78610.0
78616.0
78617.0
78619.0
78638.0
78639.0
78658.0
78659.0
78664.0
78669.0
78677.0
78679.0
78682.0
78713.0
78714.0
78718.0
78719.0
78728.0
78729.0
78739.0
78740.0
78741.0
78744.0
78746.0
78753.0
78755.0
78778.0
78779.0
78783.0
78784.0
78797.0
78811.0
78812.0
78823.0
78826.0
78839.0
78844.0
78852.0
78853.0
78854.0
78858.0
78861.0
78863.0
78884.0
78885.0
78895.0
78898.0
78902.0
78904.0
78909.0
78919.0
78928.0
78956.0
78966.0
78968.0
78969.0
78971.0
78976.0
78977.0
78979.0
78999.0
79019.0
79027.0
79028.0
79036.0
79037.0
79039.0
79042.0
79069.0
79084.0
79099.0
79101.0
79102.0
79111.0
79114.0
79144.0
79160.0
79163.0
79166.0
79171.0
79172.0
79184.0
79187.0
79188.0
79216.0
79217.0
79244.0
79255.0
79258.0
79264.0
79276.0
79277.0
79310.0
79316.0
79317.0
79327.0
79330.0
79339.0
79385.0
79386.0
79388.0
79397.0
79399.0
79400.0
79403.0
79404.0
79460.0
79471.0
79474.0
79475.0
79504.0
79518.0
79519.0
79531.0
79532.0
79543.0
79546.0
79564.0
79579.0
79603.0
79604.0
79616.0
79619.0
79624.0
79637.0
79676.0
79677.0
79687.0
79690.0
79697.0
79699.0
79744.0
79748.0
79749.0
79757.0
79810.0
79811.0
79820.0
79876.0
79877.0
79890.0
79944.0
79965.0
79987.0
80023.0
80043.0
80044.0
80096.0
80097.0
80098.0
80103.0
80120.0
80157.0
80163.0
80177.0
80219.0
80223.0
80229.0
80236.0
80283.0
80284.0
80290.0
80295.0
80296.0
80343.0
80351.0
80356.0
80378.0
80407.0
80415.0
80417.0
80439.0
80475.0
80476.0
80479.0
80480.0
80499.0
80511.0
80540.0
80541.0
80551.0
80552.0
80559.0
80572.0
80600.0
80609.0
80612.0
80619.0
80620.0
80624.0
80632.0
80651.0
80654.0
80656.0
80658.0
80682.0
80683.0
80684.0
80692.0
80718.0
80719.0
80755.0
80756.0
80778.0
80779.0
80803.0
80809.0
80814.0
80830.0
80831.0
80832.0
80833.0
80842.0
80843.0
80874.0
80892.0
80900.0
80901.0
80911.0
80914.0
80915.0
80935.0
80953.0
80970.0
80973.0
80994.0
81004.0
81005.0
81039.0
81046.0
81047.0
81054.0
81055.0
81058.0
81059.0
81118.0
81131.0
81132.0
81157.0
81160.0
81168.0
81169.0
81174.0
81188.0
81202.0
81203.0
81234.0
81248.0
81255.0
81274.0
81275.0
81285.0
81305.0
81306.0
81323.0
81347.0
81348.0
81365.0
81396.0
81402.0
81418.0
81419.0
81424.0
81425.0
81455.0
81461.0
81462.0
81480.0
81490.0
81520.0
81521.0
81561.0
81563.0
81564.0
81566.0
81594.0
81678.0
81679.0
81739.0
81800.0
81858.0
81859.0
81919.0
81922.0
81935.0
81938.0
81939.0
81942.0
81943.0
81949.0
81953.0
81954.0
81962.0
81963.0
81964.0
81968.0
81969.0
81971.0
81980.0
81992.0
81993.0
81994.0
81995.0
82023.0
82024.0
82036.0
82039.0
82052.0
82053.0
82054.0
82056.0
82058.0
82063.0
82066.0
82067.0
82084.0
82092.0
82094.0
82099.0
82101.0
82124.0
82125.0
82128.0
82135.0
82138.0
82159.0
82168.0
82169.0
82185.0
82189.0
82195.0
82196.0
82203.0
82207.0
82208.0
82209.0
82211.0
82216.0
82217.0
82239.0
82240.0
82245.0
82248.0
82249.0
82265.0
82267.0
82268.0
82279.0
82282.0
82283.0
82296.0
82300.0
82304.0
82310.0
82313.0
82338.0
82339.0
82341.0
82342.0
82351.0
82354.0
82355.0
82382.0
82384.0
82389.0
82401.0
82403.0
82404.0
82406.0
82411.0
82412.0
82414.0
82415.0
82424.0
82427.0
82428.0
82443.0
82484.0
82494.0
82495.0
82498.0
82499.0
82500.0
82516.0
82517.0
82519.0
82557.0
82559.0
82560.0
82563.0
82567.0
82570.0
82620.0
82624.0
82627.0
82628.0
82630.0
82639.0
82640.0
82644.0
82645.0
82678.0
82680.0
82696.0
82699.0
82700.0
82711.0
82714.0
82739.0
82740.0
82743.0
82744.0
82745.0
82746.0
82757.0
82761.0
82762.0
82772.0
82773.0
82783.0
82785.0
82786.0
82787.0
82803.0
82815.0
82818.0
82819.0
82843.0
82856.0
82859.0
82860.0
82876.0
82889.0
82890.0
82915.0
82916.0
82917.0
82918.0
82920.0
82927.0
82930.0
82931.0
82936.0
82959.0
82979.0
82980.0
82983.0
82989.0
82998.0
82999.0
83002.0
83003.0
83027.0
83028.0
83030.0
83033.0
83034.0
83035.0
83048.0
83050.0
83059.0
83060.0
83061.0
83064.0
83072.0
83075.0
83076.0
83085.0
83105.0
83116.0
83119.0
83132.0
83143.0
83146.0
83163.0
83177.0
83179.0
83180.0
83181.0
83183.0
83204.0
83205.0
83207.0
83208.0
83215.0
83218.0
83239.0
83276.0
83284.0
83285.0
83291.0
83292.0
83296.0
83340.0
83348.0
83352.0
83353.0
83362.0
83402.0
83403.0
83419.0
83434.0
83435.0
83463.0
83464.0
83481.0
83483.0
83485.0
83507.0
83523.0
83535.0
83536.0
83547.0
83578.0
83583.0
83596.0
83599.0
83643.0
83650.0
83651.0
83656.0
83673.0
83679.0
83680.0
83715.0
83716.0
83720.0
83734.0
83735.0
83779.0
83794.0
83806.0
83844.0
83845.0
83848.0
83854.0
83867.0
83868.0
83901.0
83902.0
83910.0
83913.0
83914.0
83927.0
83973.0
83974.0
83986.0
83997.0
84033.0
84034.0
84046.0
84047.0
84059.0
84060.0
84094.0
84107.0
84123.0
84124.0
84130.0
84131.0
84166.0
84167.0
84192.0
84205.0
84206.0
84222.0
84223.0
84226.0
84256.0
84286.0
84287.0
84288.0
84295.0
84296.0
84338.0
84339.0
84355.0
84356.0
84366.0
84367.0
84398.0
84427.0
84428.0
84440.0
84471.0
84483.0
84484.0
84500.0
84510.0
84511.0
84527.0
84531.0
84572.0
84573.0
84583.0
84616.0
84642.0
84643.0
84644.0
84655.0
84656.0
84660.0
84715.0
84723.0
84726.0
84727.0
84728.0
84730.0
84731.0
84757.0
84758.0
84772.0
84774.0
84775.0
84777.0
84788.0
84791.0
84802.0
84803.0
84821.0
84823.0
84834.0
84851.0
84856.0
84859.0
84860.0
84864.0
84866.0
84870.0
84875.0
84876.0
84882.0
84906.0
84907.0
84913.0
84919.0
84946.0
84962.0
85015.0
85018.0
85019.0
85034.0
85035.0
85078.0
85080.0
85091.0
85093.0
85106.0
85148.0
85149.0
85159.0
85162.0
85163.0
85170.0
85174.0
85200.0
85201.0
85213.0
85229.0
85230.0
85234.0
85235.0
85272.0
85273.0
85280.0
85295.0
85306.0
85307.0
85326.0
85333.0
85334.0
85349.0
85350.0
85388.0
85389.0
85391.0
85392.0
85399.0
85422.0
85432.0
85450.0
85461.0
85462.0
85465.0
85492.0
85512.0
85513.0
85518.0
85519.0
85522.0
85523.0
85524.0
85552.0
85579.0
85583.0
85584.0
85594.0
85610.0
85639.0
85666.0
85667.0
85729.0
85730.0
85738.0
85816.0
85849.0
85931.0
85951.0
85952.0
85990.0
86012.0
86013.0
86023.0
86050.0
86051.0
86053.0
86055.0
86056.0
86057.0
86058.0
86072.0
86073.0
86074.0
86084.0
86085.0
86095.0
86099.0
86103.0
86110.0
86116.0
86117.0
86124.0
86128.0
86129.0
86130.0
86155.0
86156.0
86168.0
86170.0
86171.0
86189.0
86192.0
86198.0
86199.0
86200.0
86218.0
86219.0
86227.0
86228.0
86235.0
86236.0
86238.0
86239.0
86242.0
86249.0
86253.0
86273.0
86296.0
86297.0
86300.0
86301.0
86314.0
86338.0
86339.0
86343.0
86344.0
86345.0
86360.0
86362.0
86368.0
86369.0
86372.0
86375.0
86387.0
86398.0
86399.0
86413.0
86414.0
86418.0
86429.0
86430.0
86432.0
86443.0
86454.0
86455.0
86458.0
86459.0
86462.0
86488.0
86489.0
86490.0
86492.0
86493.0
86495.0
86516.0
86527.0
86530.0
86531.0
86535.0
86549.0
86551.0
86552.0
86553.0
86558.0
86560.0
86587.0
86600.0
86601.0
86603.0
86604.0
86638.0
86639.0
86659.0
86668.0
86669.0
86670.0
86671.0
86674.0
86716.0
86730.0
86732.0
86733.0
86743.0
86746.0
86749.0
86753.0
86754.0
86773.0
86774.0
86785.0
86792.0
86796.0
86797.0
86798.0
86803.0
86809.0
86813.0
86815.0
86816.0
86819.0
86833.0
86834.0
86849.0
86854.0
86869.0
86873.0
86875.0
86886.0
86890.0
86891.0
86893.0
86894.0
86895.0
86920.0
86929.0
86933.0
86934.0
86948.0
86956.0
86958.0
86959.0
86962.0
86963.0
86971.0
86989.0
86993.0
87013.0
87014.0
87017.0
87018.0
87020.0
87022.0
87024.0
87028.0
87031.0
87032.0
87035.0
87036.0
87063.0
87064.0
87073.0
87074.0
87079.0
87089.0
87091.0
87092.0
87094.0
87095.0
87102.0
87103.0
87106.0
87133.0
87134.0
87138.0
87152.0
87153.0
87164.0
87165.0
87174.0
87175.0
87178.0
87179.0
87191.0
87194.0
87195.0
87199.0
87209.0
87211.0
87212.0
87217.0
87221.0
87222.0
87223.0
87235.0
87236.0
87248.0
87251.0
87256.0
87308.0
87316.0
87318.0
87322.0
87326.0
87327.0
87328.0
87331.0
87377.0
87380.0
87381.0
87389.0
87390.0
87391.0
87392.0
87394.0
87395.0
87439.0
87441.0
87444.0
87449.0
87451.0
87452.0
87456.0
87457.0
87458.0
87464.0
87467.0
87509.0
87510.0
87514.0
87523.0
87534.0
87535.0
87538.0
87558.0
87574.0
87576.0
87596.0
87607.0
87610.0
87631.0
87667.0
87673.0
87674.0
87675.0
87678.0
87679.0
87682.0
87683.0
87690.0
87691.0
87692.0
87735.0
87736.0
87739.0
87750.0
87751.0
87752.0
87754.0
87755.0
87796.0
87797.0
87806.0
87808.0
87811.0
87812.0
87822.0
87823.0
87826.0
87868.0
87874.0
87877.0
87878.0
87883.0
87884.0
87895.0
87896.0
87955.0
87956.0
87966.0
87967.0
87985.0
88029.0
88038.0
88066.0
88099.0
88100.0
88111.0
88112.0
88118.0
88155.0
88172.0
88183.0
88225.0
88226.0
88244.0
88245.0
88254.0
88255.0
88275.0
88315.0
88316.0
88327.0
88328.0
88353.0
88358.0
88359.0
88387.0
88388.0
88398.0
88399.0
88408.0
88460.0
88461.0
88470.0
88471.0
88486.0
88531.0
88537.0
88539.0
88544.0
88603.0
88615.0
88636.0
88667.0
88670.0
88676.0
88686.0
88687.0
88747.0
88748.0
88769.0
88792.0
88802.0
88819.0
88820.0
88821.0
88823.0
88831.0
88832.0
88833.0
88834.0
88835.0
88850.0
88866.0
88881.0
88891.0
88892.0
88906.0
88907.0
88925.0
88960.0
88961.0
88963.0
88964.0
88969.0
88972.0
88973.0
88975.0
88979.0
88980.0
88981.0
89036.0
89039.0
89040.0
89043.0
89044.0
89050.0
89051.0
89059.0
89071.0
89072.0
89089.0
89104.0
89105.0
89110.0
89122.0
89123.0
89148.0
89168.0
89169.0
89176.0
89177.0
89194.0
89195.0
89227.0
89257.0
89260.0
89261.0
89266.0
89299.0
89336.0
89337.0
89338.0
89352.0
89353.0
89354.0
89356.0
89357.0
89358.0
89377.0
89378.0
89379.0
89397.0
89408.0
89410.0
89411.0
89440.0
89468.0
89469.0
89470.0
89482.0
89483.0
89528.0
89529.0
89540.0
89554.0
89555.0
89559.0
89585.0
89586.0
89604.0
89613.0
89614.0
89627.0
89645.0
89682.0
89684.0
89685.0
89686.0
89698.0
89706.0
89770.0
89771.0
89839.0
89840.0
89842.0
89843.0
89899.0
89914.0
89915.0
89947.0
89977.0
89986.0
89987.0
90005.0
90059.0
90067.0
90068.0
90118.0
90119.0
90123.0
90124.0
90130.0
90137.0
90147.0
90148.0
90158.0
90159.0
90161.0
90172.0
90176.0
90178.0
90179.0
90199.0
90207.0
90229.0
90233.0
90237.0
90238.0
90239.0
90244.0
90245.0
90256.0
90257.0
90259.0
90261.0
90262.0
90270.0
90288.0
90289.0
90303.0
90304.0
90305.0
90316.0
90317.0
90322.0
90329.0
90330.0
90348.0
90349.0
90363.0
90364.0
90367.0
90370.0
90373.0
90374.0
90378.0
90390.0
90391.0
90402.0
90404.0
90408.0
90409.0
90424.0
90437.0
90448.0
90449.0
90464.0
90468.0
90476.0
90482.0
90483.0
90487.0
90496.0
90497.0
90510.0
90518.0
90519.0
90524.0
90528.0
90529.0
90530.0
90542.0
90556.0
90557.0
90559.0
90560.0
90589.0
90593.0
90607.0
90608.0
90619.0
90620.0
90630.0
90631.0
90652.0
90662.0
90663.0
90664.0
90669.0
90672.0
90674.0
90680.0
90681.0
90703.0
90704.0
90718.0
90719.0
90723.0
90733.0
90734.0
90739.0
90740.0
90763.0
90767.0
90768.0
90769.0
90774.0
90775.0
90779.0
90785.0
90799.0
90808.0
90809.0
90813.0
90824.0
90828.0
90836.0
90846.0
90852.0
90856.0
90859.0
90879.0
90888.0
90889.0
90907.0
90908.0
90914.0
90919.0
90920.0
90922.0
90923.0
90946.0
90949.0
90953.0
90963.0
90965.0
90966.0
90979.0
90980.0
90985.0
90986.0
90990.0
90991.0
91015.0
91018.0
91019.0
91023.0
91052.0
91053.0
91054.0
91066.0
91080.0
91088.0
91093.0
91096.0
91123.0
91128.0
91131.0
91133.0
91135.0
91136.0
91139.0
91143.0
91144.0
91148.0
91149.0
91153.0
91159.0
91189.0
91195.0
91196.0
91199.0
91206.0
91210.0
91214.0
91217.0
91223.0
91224.0
91246.0
91249.0
91260.0
91264.0
91268.0
91270.0
91272.0
91279.0
91282.0
91288.0
91305.0
91307.0
91321.0
91322.0
91330.0
91339.0
91340.0
91351.0
91352.0
91354.0
91355.0
91379.0
91398.0
91399.0
91405.0
91411.0
91422.0
91423.0
91426.0
91440.0
91450.0
91485.0
91494.0
91495.0
91498.0
91499.0
91501.0
91502.0
91555.0
91556.0
91559.0
91566.0
91567.0
91568.0
91570.0
91571.0
91606.0
91624.0
91627.0
91639.0
91641.0
91642.0
91667.0
91681.0
91682.0
91700.0
91708.0
91710.0
91711.0
91714.0
91739.0
91742.0
91743.0
91771.0
91772.0
91783.0
91784.0
91786.0
91787.0
91800.0
91843.0
91844.0
91847.0
91854.0
91857.0
91858.0
91861.0
91862.0
91906.0
91916.0
91919.0
91926.0
91929.0
91930.0
91962.0
91980.0
91987.0
91988.0
91998.0
91999.0
92023.0
92039.0
92059.0
92060.0
92070.0
92071.0
92083.0
92095.0
92116.0
92131.0
92132.0
92142.0
92143.0
92156.0
92203.0
92204.0
92206.0
92208.0
92215.0
92216.0
92272.0
92273.0
92275.0
92286.0
92287.0
92339.0
92340.0
92343.0
92344.0
92347.0
92348.0
92358.0
92359.0
92406.0
92408.0
92409.0
92419.0
92420.0
92431.0
92476.0
92491.0
92502.0
92503.0
92524.0
92538.0
92541.0
92543.0
92564.0
92574.0
92575.0
92585.0
92586.0
92647.0
92648.0
92657.0
92707.0
92708.0
92718.0
92719.0
92764.0
92780.0
92781.0
92790.0
92791.0
92851.0
92852.0
92863.0
92896.0
92919.0
92923.0
92924.0
92925.0
92926.0
92935.0
92937.0
92938.0
92944.0
92958.0
92960.0
92967.0
92996.0
92997.0
92998.0
93009.0
93010.0
93021.0
93054.0
93067.0
93068.0
93069.0
93077.0
93083.0
93084.0
93087.0
93140.0
93153.0
93154.0
93155.0
93182.0
93199.0
93217.0
93218.0
93226.0
93234.0
93235.0
93257.0
93261.0
93280.0
93299.0
93339.0
93348.0
93356.0
93357.0
93361.0
93370.0
93371.0
93379.0
93434.0
93440.0
93442.0
93497.0
93498.0
93501.0
93502.0
93503.0
93504.0
93505.0
93507.0
93514.0
93515.0
93562.0
93565.0
93566.0
93572.0
93573.0
93581.0
93582.0
93585.0
93586.0
93623.0
93640.0
93641.0
93645.0
93646.0
93658.0
93678.0
93679.0
93683.0
93702.0
93708.0
93710.0
93716.0
93731.0
93732.0
93740.0
93770.0
93793.0
93799.0
93802.0
93859.0
93874.0
93920.0
93923.0
93947.0
94018.0
94055.0
94089.0
94090.0
94116.0
94162.0
94163.0
94219.0
94220.0
94230.0
94231.0
94233.0
94234.0
94235.0
94245.0
94246.0
94260.0
94263.0
94265.0
94280.0
94292.0
94293.0
94295.0
94302.0
94306.0
94320.0
94323.0
94324.0
94325.0
94328.0
94335.0
94338.0
94342.0
94352.0
94358.0
94363.0
94364.0
94375.0
94376.0
94378.0
94379.0
94383.0
94385.0
94400.0
94408.0
94410.0
94413.0
94435.0
94436.0
94443.0
94445.0
94446.0
94447.0
94450.0
94461.0
94472.0
94474.0
94475.0
94476.0
94477.0
94478.0
94480.0
94498.0
94500.0
94503.0
94508.0
94518.0
94519.0
94522.0
94533.0
94548.0
94553.0
94554.0
94555.0
94560.0
94563.0
94579.0
94591.0
94592.0
94594.0
94595.0
94618.0
94620.0
94623.0
94624.0
94651.0
94652.0
94654.0
94655.0
94662.0
94663.0
94664.0
94666.0
94667.0
94678.0
94679.0
94683.0
94693.0
94694.0
94715.0
94716.0
94724.0
94735.0
94738.0
94740.0
94743.0
94744.0
94748.0
94768.0
94769.0
94775.0
94777.0
94780.0
94789.0
94791.0
94800.0
94810.0
94811.0
94835.0
94836.0
94840.0
94867.0
94868.0
94872.0
94873.0
94875.0
94879.0
94882.0
94897.0
94910.0
94913.0
94920.0
94922.0
94924.0
94938.0
94940.0
94941.0
94950.0
94951.0
94954.0
94955.0
94983.0
94984.0
95005.0
95011.0
95012.0
95023.0
95026.0
95027.0
95030.0
95043.0
95053.0
95054.0
95058.0
95083.0
95087.0
95094.0
95095.0
95098.0
95102.0
95114.0
95115.0
95116.0
95118.0
95124.0
95128.0
95129.0
95145.0
95156.0
95163.0
95166.0
95167.0
95170.0
95171.0
95177.0
95178.0
95180.0
95183.0
95198.0
95207.0
95209.0
95210.0
95211.0
95220.0
95222.0
95225.0
95226.0
95227.0
95228.0
95239.0
95242.0
95243.0
95270.0
95273.0
95278.0
95293.0
95295.0
95298.0
95299.0
95300.0
95310.0
95311.0
95313.0
95314.0
95325.0
95342.0
95346.0
95369.0
95372.0
95382.0
95383.0
95385.0
95386.0
95414.0
95418.0
95443.0
95444.0
95449.0
95455.0
95458.0
95459.0
95465.0
95508.0
95515.0
95518.0
95522.0
95523.0
95529.0
95530.0
95542.0
95579.0
95581.0
95582.0
95583.0
95584.0
95588.0
95589.0
95602.0
95603.0
95612.0
95641.0
95642.0
95644.0
95645.0
95647.0
95648.0
95650.0
95671.0
95672.0
95674.0
95675.0
95676.0
95701.0
95715.0
95716.0
95735.0
95742.0
95745.0
95746.0
95761.0
95763.0
95780.0
95783.0
95804.0
95805.0
95814.0
95815.0
95818.0
95821.0
95875.0
95876.0
95882.0
95885.0
95891.0
95895.0
95896.0
95944.0
95947.0
95958.0
95959.0
95978.0
95983.0
96018.0
96020.0
96021.0
96030.0
96031.0
96038.0
96056.0
96091.0
96092.0
96103.0
96104.0
96116.0
96163.0
96174.0
96175.0
96223.0
96236.0
96246.0
96247.0
96283.0
96285.0
96296.0
96307.0
96319.0
96355.0
96356.0
96379.0
96380.0
96390.0
96391.0
96403.0
96415.0
96418.0
96452.0
96462.0
96523.0
96527.0
96529.0
96535.0
96536.0
96595.0
96596.0
96606.0
96607.0
96643.0
96656.0
96659.0
96661.0
96668.0
96678.0
96679.0
96751.0
96763.0
96776.0
96811.0
96812.0
96822.0
96823.0
96883.0
96894.0
96895.0
96896.0
96918.0
96924.0
96949.0
96950.0
96955.0
96956.0
96967.0
96980.0
96993.0
97012.0
97013.0
97016.0
97027.0
97030.0
97031.0
97038.0
97039.0
97042.0
97043.0
97078.0
97079.0
97080.0
97091.0
97100.0
97101.0
97111.0
97113.0
97114.0
97126.0
97139.0
97145.0
97146.0
97171.0
97172.0
97186.0
97187.0
97198.0
97199.0
97235.0
97237.0
97247.0
97248.0
97251.0
97258.0
97259.0
97309.0
97315.0
97316.0
97318.0
97330.0
97355.0
97388.0
97389.0
97402.0
97403.0
97416.0
97428.0
97429.0
97431.0
97448.0
97461.0
97473.0
97474.0
97475.0
97500.0
97519.0
97545.0
97546.0
97548.0
97552.0
97554.0
97561.0
97605.0
97606.0
97612.0
97613.0
97619.0
97637.0
97638.0
97665.0
97671.0
97678.0
97690.0
97691.0
97696.0
97702.0
97749.0
97761.0
97762.0
97785.0
97786.0
97800.0
97803.0
97819.0
97820.0
97826.0
97834.0
97835.0
97847.0
97895.0
97905.0
97906.0
97925.0
97969.0
97978.0
97988.0
97989.0
98049.0
98050.0
98080.0
98121.0
98122.0
98140.0
98239.0
98242.0
98243.0
98244.0
98299.0
98300.0
98311.0
98315.0
98319.0
98322.0
98323.0
98325.0
98330.0
98334.0
98342.0
98343.0
98355.0
98356.0
98362.0
98367.0
98368.0
98369.0
98371.0
98382.0
98383.0
98384.0
98403.0
98404.0
98406.0
98424.0
98425.0
98438.0
98439.0
98445.0
98446.0
98458.0
98459.0
98463.0
98467.0
98472.0
98473.0
98477.0
98478.0
98485.0
98488.0
98489.0
98509.0
98513.0
98527.0
98528.0
98537.0
98539.0
98540.0
98551.0
98552.0
98557.0
98558.0
98583.0
98584.0
98586.0
98597.0
98606.0
98608.0
98609.0
98611.0
98622.0
98623.0
98642.0
98646.0
98654.0
98658.0
98659.0
98666.0
98668.0
98669.0
98670.0
98684.0
98685.0
98694.0
98704.0
98705.0
98706.0
98728.0
98729.0
98746.0
98748.0
98751.0
98755.0
98756.0
98766.0
98767.0
98768.0
98770.0
98775.0
98798.0
98799.0
98808.0
98809.0
98810.0
98827.0
98828.0
98837.0
98838.0
98839.0
98842.0
98860.0
98869.0
98873.0
98888.0
98900.0
98901.0
98903.0
98908.0
98909.0
98910.0
98911.0
98913.0
98914.0
98943.0
98944.0
98959.0
98961.0
98963.0
98971.0
98982.0
98983.0
98987.0
99021.0
99040.0
99043.0
99044.0
99054.0
99055.0
99058.0
99060.0
99064.0
99065.0
99067.0
99078.0
99080.0
99104.0
99115.0
99119.0
99123.0
99126.0
99127.0
99129.0
99130.0
99133.0
99134.0
99140.0
99156.0
99158.0
99173.0
99187.0
99188.0
99189.0
99193.0
99199.0
99202.0
99203.0
99204.0
99238.0
99259.0
99260.0
99263.0
99264.0
99268.0
99269.0
99270.0
99273.0
99274.0
99286.0
99298.0
99299.0
99323.0
99324.0
99332.0
99342.0
99343.0
99346.0
99348.0
99349.0
99359.0
99394.0
99396.0
99398.0
99403.0
99406.0
99407.0
99408.0
99409.0
99415.0
99418.0
99419.0
99464.0
99469.0
99475.0
99476.0
99479.0
99486.0
99487.0
99489.0
99490.0
99510.0
99529.0
99531.0
99548.0
99558.0
99562.0
99589.0
99592.0
99593.0
99594.0
99605.0
99619.0
99620.0
99630.0
99631.0
99634.0
99635.0
99643.0
99671.0
99672.0
99692.0
99705.0
99706.0
99738.0
99740.0
99764.0
99767.0
99778.0
99804.0
99813.0
99828.0
99831.0
99832.0
99833.0
99835.0
99842.0
99843.0
99846.0
99850.0
99851.0
99873.0
99907.0
99918.0
99919.0
99922.0
99933.0
99945.0
99976.0
99979.0
99990.0
99991.0
99994.0
100041.0
100051.0
100052.0
100063.0
100066.0
100067.0
100107.0
100113.0
100123.0
100124.0
100127.0
100134.0
100138.0
100174.0
100196.0
100235.0
100246.0
100267.0
100279.0
100307.0
100339.0
100340.0
100342.0
100368.0
100412.0
100422.0
100423.0
100474.0
100475.0
100482.0
100483.0
100495.0
100545.0
100555.0
100562.0
100566.0
100615.0
100616.0
100627.0
100638.0
100639.0
100679.0
100681.0
100695.0
100699.0
100710.0
100711.0
100742.0
100771.0
100782.0
100783.0
100814.0
100844.0
100845.0
100855.0
100875.0
100907.0
100910.0
100912.0
100915.0
100927.0
100977.0
100978.0
100987.0
100998.0
101042.0
101043.0
101045.0
101055.0
101060.0
101070.0
101107.0
101115.0
101116.0
101117.0
101131.0
101143.0
101145.0
101146.0
101147.0
101162.0
101175.0
101177.0
101178.0
101203.0
101232.0
101233.0
101264.0
101276.0
101278.0
101280.0
101281.0
101290.0
101291.0
101294.0
101342.0
101345.0
101346.0
101347.0
101362.0
101363.0
101412.0
101424.0
101433.0
101434.0
101472.0
101473.0
101478.0
101493.0
101494.0
101504.0
101505.0
101506.0
101533.0
101534.0
101539.0
101565.0
101566.0
101578.0
101579.0
101637.0
101638.0
101641.0
101650.0
101656.0
101711.0
101712.0
101721.0
101722.0
101724.0
101741.0
101765.0
101779.0
101780.0
101781.0
101782.0
101797.0
101828.0
101829.0
101830.0
101831.0
101853.0
101854.0
101861.0
101899.0
101925.0
101926.0
101988.0
101989.0
101997.0
101998.0
102000.0
102068.0
102069.0
102070.0
102139.0
102257.0
102261.0
102262.0
102318.0
102319.0
102322.0
102323.0
102375.0
102379.0
102398.0
102400.0
102403.0
102405.0
102409.0
102416.0
102427.0
102428.0
102438.0
102439.0
102442.0
102443.0
102463.0
102465.0
102470.0
102473.0
102482.0
102488.0
102499.0
102505.0
102508.0
102510.0
102511.0
102514.0
102533.0
102535.0
102543.0
102545.0
102556.0
102571.0
102582.0
102583.0
102585.0
102586.0
102615.0
102620.0
102643.0
102650.0
102653.0
102654.0
102655.0
102659.0
102678.0
102715.0
102716.0
102720.0
102723.0
102726.0
102729.0
102730.0
102731.0
102785.0
102787.0
102788.0
102791.0
102798.0
102799.0
102801.0
102802.0
102808.0
102810.0
102819.0
102823.0
102825.0
102840.0
102842.0
102848.0
102851.0
102852.0
102859.0
102873.0
102874.0
102888.0
102890.0
102893.0
102896.0
102897.0
102917.0
102918.0
102931.0
102945.0
102946.0
102956.0
102958.0
102960.0
102964.0
102972.0
102980.0
102981.0
103018.0
103020.0
103021.0
103029.0
103030.0
103054.0
103082.0
103083.0
103084.0
103085.0
103089.0
103090.0
103091.0
103104.0
103134.0
103138.0
103140.0
103143.0
103145.0
103151.0
103153.0
103154.0
103162.0
103187.0
103193.0
103198.0
103200.0
103203.0
103221.0
103227.0
103233.0
103234.0
103237.0
103253.0
103258.0
103260.0
103263.0
103265.0
103267.0
103272.0
103273.0
103275.0
103276.0
103277.0
103292.0
103295.0
103297.0
103314.0
103315.0
103324.0
103326.0
103328.0
103329.0
103332.0
103333.0
103335.0
103338.0
103353.0
103359.0
103374.0
103378.0
103380.0
103386.0
103391.0
103392.0
103408.0
103410.0
103428.0
103440.0
103443.0
103446.0
103448.0
103456.0
103478.0
103480.0
103483.0
103486.0
103489.0
103490.0
103493.0
103507.0
103520.0
103531.0
103536.0
103540.0
103550.0
103569.0
103570.0
103579.0
103590.0
103600.0
103624.0
103626.0
103628.0
103629.0
103643.0
103644.0
103652.0
103653.0
103662.0
103663.0
103664.0
103689.0
103723.0
103724.0
103728.0
103731.0
103732.0
103734.0
103735.0
103736.0
103750.0
103751.0
103776.0
103789.0
103796.0
103810.0
103868.0
103878.0
103879.0
103882.0
103884.0
103929.0
103939.0
103946.0
103950.0
103951.0
103954.0
103955.0
103956.0
103966.0
103967.0
104004.0
104011.0
104017.0
104022.0
104025.0
104026.0
104064.0
104065.0
104079.0
104081.0
104083.0
104084.0
104094.0
104098.0
104137.0
104138.0
104140.0
104155.0
104167.0
104170.0
104171.0
104197.0
104227.0
104238.0
104241.0
104242.0
104243.0
104267.0
104270.0
104271.0
104299.0
104300.0
104304.0
104310.0
104365.0
104368.0
104371.0
104376.0
104377.0
104382.0
104383.0
104435.0
104437.0
104442.0
104443.0
104501.0
104503.0
104505.0
104516.0
104543.0
104568.0
104586.0
104587.0
104599.0
104604.0
104605.0
104638.0
104658.0
104659.0
104660.0
104670.0
104676.0
104723.0
104737.0
104742.0
104793.0
104795.0
104797.0
104803.0
104815.0
104856.0
104873.0
104874.0
104875.0
104886.0
104913.0
104928.0
104947.0
104948.0
104958.0
104983.0
104984.0
105006.0
105018.0
105019.0
105043.0
105046.0
105081.0
105090.0
105091.0
105096.0
105099.0
105102.0
105106.0
105116.0
105159.0
105174.0
105175.0
105177.0
105184.0
105219.0
105220.0
105228.0
105231.0
105232.0
105233.0
105235.0
105237.0
105250.0
105251.0
105276.0
105278.0
105281.0
105292.0
105307.0
105308.0
105309.0
105310.0
105321.0
105322.0
105329.0
105349.0
105352.0
105364.0
105365.0
105380.0
105393.0
105394.0
105409.0
105414.0
105419.0
105435.0
105439.0
105454.0
105479.0
105525.0
105526.0
105535.0
105543.0
105595.0
105604.0
105605.0
105610.0
105611.0
105655.0
105661.0
105662.0
105663.0
105665.0
105669.0
105670.0
105682.0
105683.0
105715.0
105742.0
105743.0
105753.0
105754.0
105776.0
105814.0
105825.0
105826.0
105829.0
105830.0
105831.0
105841.0
105842.0
105843.0
105854.0
105859.0
105885.0
105886.0
105898.0
105899.0
105957.0
105969.0
105970.0
105980.0
105989.0
106023.0
106028.0
106039.0
106041.0
106042.0
106088.0
106109.0
106111.0
106118.0
106134.0
106135.0
106193.0
106194.0
106206.0
106207.0
106266.0
106267.0
106327.0
106330.0
106388.0
106402.0
106448.0
106474.0
106500.0
106504.0
106505.0
106511.0
106512.0
106514.0
106516.0
106521.0
106528.0
106529.0
106531.0
106534.0
106535.0
106538.0
106542.0
106543.0
106544.0
106545.0
106546.0
106569.0
106570.0
106573.0
106574.0
106578.0
106598.0
106599.0
106603.0
106614.0
106617.0
106625.0
106638.0
106643.0
106644.0
106648.0
106649.0
106675.0
106678.0
106679.0
106683.0
106686.0
106690.0
106702.0
106703.0
106704.0
106708.0
106709.0
106711.0
106718.0
106719.0
106747.0
106751.0
106753.0
106758.0
106761.0
106762.0
106763.0
106773.0
106789.0
106793.0
106799.0
106803.0
106813.0
106818.0
106819.0
106824.0
106829.0
106830.0
106833.0
106834.0
106837.0
106863.0
106864.0
106884.0
106885.0
106886.0
106890.0
106891.0
106902.0
106905.0
106906.0
106908.0
106909.0
106931.0
106932.0
106933.0
106934.0
106941.0
106942.0
106945.0
106946.0
106954.0
106958.0
106963.0
106973.0
106974.0
106979.0
106990.0
106992.0
106993.0
107003.0
107006.0
107013.0
107014.0
107028.0
107029.0
107034.0
107035.0
107036.0
107046.0
107049.0
107050.0
107052.0
107053.0
107061.0
107067.0
107078.0
107079.0
107088.0
107089.0
107107.0
107113.0
107118.0
107119.0
107122.0
107125.0
107126.0
107140.0
107148.0
107149.0
107153.0
107170.0
107173.0
107178.0
107185.0
107186.0
107188.0
107189.0
107190.0
107193.0
107194.0
107208.0
107209.0
107210.0
107223.0
107224.0
107249.0
107251.0
107252.0
107261.0
107262.0
107265.0
107266.0
107268.0
107269.0
107290.0
107293.0
107294.0
107298.0
107305.0
107306.0
107309.0
107323.0
107331.0
107332.0
107334.0
107336.0
107338.0
107339.0
107348.0
107349.0
107354.0
107358.0
107368.0
107369.0
107370.0
107395.0
107406.0
107407.0
107410.0
107423.0
107424.0
107426.0
107428.0
107429.0
107438.0
107439.0
107463.0
107464.0
107466.0
107467.0
107470.0
107478.0
107482.0
107488.0
107489.0
107509.0
107513.0
107528.0
107529.0
107534.0
107538.0
107539.0
107540.0
107549.0
107550.0
107551.0
107554.0
107555.0
107572.0
107583.0
107584.0
107603.0
107606.0
107608.0
107610.0
107611.0
107622.0
107625.0
107626.0
107632.0
107633.0
107644.0
107654.0
107683.0
107684.0
107692.0
107693.0
107694.0
107705.0
107724.0
107726.0
107729.0
107754.0
107755.0
107765.0
107767.0
107768.0
107769.0
107770.0
107825.0
107827.0
107837.0
107838.0
107841.0
107843.0
107873.0
107899.0
107900.0
107901.0
107906.0
107909.0
107910.0
107914.0
107934.0
107971.0
107982.0
107983.0
107986.0
107987.0
107993.0
108006.0
108007.0
108008.0
108043.0
108051.0
108052.0
108053.0
108055.0
108067.0
108068.0
108112.0
108115.0
108116.0
108125.0
108126.0
108128.0
108129.0
108130.0
108184.0
108185.0
108187.0
108188.0
108199.0
108200.0
108203.0
108204.0
108243.0
108245.0
108258.0
108259.0
108269.0
108270.0
108274.0
108295.0
108309.0
108314.0
108333.0
108342.0
108345.0
108346.0
108370.0
108376.0
108403.0
108415.0
108428.0
108474.0
108475.0
108486.0
108503.0
108547.0
108548.0
108549.0
108558.0
108591.0
108608.0
108619.0
108630.0
108631.0
108665.0
108691.0
108701.0
108702.0
108724.0
108725.0
108764.0
108773.0
108774.0
108798.0
108835.0
108847.0
108848.0
108858.0
108906.0
108907.0
108908.0
108918.0
108970.0
108980.0
108989.0
109031.0
109036.0
109041.0
109051.0
109063.0
109064.0
109103.0
109123.0
109133.0
109134.0
109167.0
109168.0
109169.0
109196.0
109197.0
109206.0
109266.0
109267.0
109274.0
109275.0
109277.0
109278.0
109293.0
109294.0
109323.0
109338.0
109339.0
109343.0
109344.0
109352.0
109353.0
109354.0
109405.0
109406.0
109407.0
109408.0
109411.0
109415.0
109426.0
109441.0
109442.0
109468.0
109470.0
109472.0
109481.0
109486.0
109490.0
109498.0
109500.0
109527.0
109557.0
109558.0
109559.0
109569.0
109570.0
109571.0
109572.0
109573.0
109625.0
109629.0
109630.0
109642.0
109700.0
109701.0
109702.0
109707.0
109710.0
109711.0
109713.0
109714.0
109745.0
109772.0
109773.0
109776.0
109785.0
109786.0
109826.0
109845.0
109858.0
109886.0
109887.0
109916.0
109917.0
109922.0
109931.0
109989.0
109990.0
109995.0
110001.0
110002.0
110055.0
110060.0
110066.0
110074.0
110103.0
110104.0
110118.0
110119.0
110120.0
110122.0
110133.0
110134.0
110145.0
110146.0
110147.0
110157.0
110188.0
110207.0
110218.0
110240.0
110290.0
110303.0
110307.0
110362.0
110363.0
110364.0
110420.0
110433.0
110434.0
110481.0
110506.0
110540.0
110579.0
110606.0
110608.0
110610.0
110620.0
110623.0
110633.0
110634.0
110635.0
110645.0
110646.0
110648.0
110650.0
110678.0
110680.0
110698.0
110708.0
110710.0
110717.0
110718.0
110721.0
110722.0
110754.0
110755.0
110779.0
110782.0
110786.0
110787.0
110790.0
110791.0
110794.0
110795.0
110800.0
110801.0
110813.0
110823.0
110825.0
110844.0
110845.0
110851.0
110860.0
110862.0
110866.0
110888.0
110890.0
110894.0
110895.0
110924.0
110933.0
110934.0
110936.0
110938.0
110939.0
110941.0
110943.0
110946.0
110969.0
110970.0
110981.0
110985.0
110986.0
110993.0
110994.0
110998.0
111001.0
111008.0
111010.0
111011.0
111038.0
111040.0
111056.0
111060.0
111063.0
111065.0
111066.0
111067.0
111078.0
111082.0
111083.0
111110.0
111113.0
111116.0
111117.0
111119.0
111125.0
111126.0
111128.0
111140.0
111150.0
111153.0
111154.0
111183.0
111185.0
111210.0
111211.0
111222.0
111223.0
111227.0
111236.0
111237.0
111240.0
111244.0
111246.0
111253.0
111254.0
111258.0
111283.0
111293.0
111294.0
111296.0
111298.0
111303.0
111305.0
111306.0
111318.0
111328.0
111330.0
111355.0
111360.0
111363.0
111366.0
111369.0
111370.0
111379.0
111398.0
111400.0
111418.0
111420.0
111422.0
111426.0
111427.0
111428.0
111430.0
111437.0
111438.0
111439.0
111442.0
111443.0
111444.0
111470.0
111473.0
111485.0
111499.0
111509.0
111510.0
111513.0
111514.0
111543.0
111545.0
111559.0
111561.0
111562.0
111570.0
111571.0
111581.0
111582.0
111585.0
111586.0
111606.0
111608.0
111610.0
111614.0
111615.0
111616.0
111618.0
111621.0
111643.0
111654.0
111655.0
111658.0
111659.0
111665.0
111678.0
111682.0
111683.0
111688.0
111690.0
111714.0
111715.0
111725.0
111726.0
111730.0
111742.0
111745.0
111747.0
111748.0
111749.0
111759.0
111760.0
111785.0
111786.0
111787.0
111788.0
111797.0
111798.0
111801.0
111802.0
111830.0
111835.0
111851.0
111854.0
111855.0
111858.0
111859.0
111862.0
111863.0
111870.0
111871.0
111873.0
111874.0
111918.0
111919.0
111921.0
111930.0
111931.0
111945.0
111946.0
111966.0
111967.0
111981.0
111987.0
112003.0
112004.0
112015.0
112018.0
112030.0
112047.0
112050.0
112052.0
112075.0
112086.0
112087.0
112090.0
112091.0
112099.0
112100.0
112120.0
112146.0
112147.0
112148.0
112158.0
112161.0
112162.0
112163.0
112171.0
112219.0
112221.0
112222.0
112234.0
112240.0
112253.0
112287.0
112290.0
112291.0
112292.0
112297.0
112299.0
112304.0
112306.0
112307.0
112356.0
112368.0
112373.0
112377.0
112378.0
112402.0
112403.0
112420.0
112428.0
112430.0
112443.0
112444.0
112450.0
112451.0
112480.0
112488.0
112489.0
112500.0
112503.0
112504.0
112540.0
112553.0
112563.0
112564.0
112576.0
112577.0
112600.0
112613.0
112623.0
112636.0
112660.0
112673.0
112682.0
112683.0
112696.0
112697.0
112720.0
112733.0
112743.0
112755.0
112756.0
112781.0
112784.0
112793.0
112806.0
112816.0
112853.0
112872.0
112876.0
112878.0
112879.0
112900.0
112917.0
112920.0
112939.0
112950.0
112951.0
113005.0
113022.0
113025.0
113026.0
113033.0
113084.0
113094.0
113140.0
113158.0
113159.0
113165.0
113166.0
113200.0
113227.0
113238.0
113239.0
113273.0
113299.0
113309.0
113310.0
113320.0
113330.0
113331.0
113333.0
113380.0
113381.0
113382.0
113443.0
113446.0
113447.0
113453.0
113457.0
113461.0
113462.0
113479.0
113511.0
113512.0
113513.0
113515.0
113516.0
113529.0
113530.0
113569.0
113576.0
113592.0
113598.0
113599.0
113601.0
113602.0
113636.0
113674.0
113675.0
113684.0
113700.0
113726.0
113727.0
113746.0
113749.0
113756.0
113802.0
113803.0
113809.0
113816.0
113818.0
113862.0
113870.0
113871.0
113878.0
113880.0
113883.0
113890.0
113891.0
113923.0
113924.0
113930.0
113961.0
113962.0
113982.0
113983.0
113987.0
113988.0
113996.0
114033.0
114034.0
114041.0
114042.0
114049.0
114050.0
114053.0
114056.0
114059.0
114070.0
114079.0
114084.0
114100.0
114101.0
114102.0
114106.0
114107.0
114164.0
114165.0
114169.0
114177.0
114178.0
114224.0
114228.0
114233.0
114234.0
114236.0
114249.0
114250.0
114277.0
114298.0
114300.0
114301.0
114303.0
114304.0
114305.0
114306.0
114322.0
114323.0
114393.0
114394.0
114416.0
114465.0
114466.0
114476.0
114537.0
114540.0
114541.0
114542.0
114609.0
114610.0
114681.0
114682.0
114700.0
114703.0
114704.0
114713.0
114714.0
114715.0
114716.0
114738.0
114739.0
114751.0
114755.0
114756.0
114773.0
114776.0
114783.0
114785.0
114810.0
114811.0
114813.0
114818.0
114819.0
114821.0
114822.0
114825.0
114826.0
114833.0
114853.0
114854.0
114858.0
114878.0
114879.0
114880.0
114883.0
114884.0
114894.0
114896.0
114897.0
114898.0
114928.0
114941.0
114944.0
114946.0
114947.0
114955.0
114956.0
114960.0
114961.0
114963.0
114967.0
114970.0
114971.0
114989.0
114993.0
114998.0
114999.0
115013.0
115026.0
115037.0
115038.0
115041.0
115042.0
115055.0
115058.0
115059.0
115069.0
115073.0
115076.0
115077.0
115099.0
115100.0
115109.0
115110.0
115113.0
115114.0
115116.0
115119.0
115120.0
115122.0
115123.0
115136.0
115143.0
115144.0
115171.0
115182.0
115183.0
115187.0
115188.0
115213.0
115214.0
115238.0
115239.0
115242.0
115248.0
115249.0
115253.0
115254.0
115257.0
115258.0
115288.0
115289.0
115298.0
115299.0
115300.0
115315.0
115316.0
115329.0
115330.0
115360.0
115363.0
115364.0
115378.0
115380.0
115381.0
115383.0
115387.0
115398.0
115399.0
115402.0
115403.0
115420.0
115429.0
115433.0
115458.0
115459.0
115469.0
115473.0
115474.0
115480.0
115491.0
115492.0
115493.0
115503.0
115504.0
115505.0
115531.0
115532.0
115538.0
115539.0
115540.0
115543.0
115545.0
115546.0
115552.0
115553.0
115574.0
115577.0
115578.0
115579.0
115598.0
115599.0
115601.0
115603.0
115605.0
115613.0
115614.0
115615.0
115616.0
115618.0
115619.0
115648.0
115649.0
115673.0
115674.0
115675.0
115676.0
115686.0
115689.0
115690.0
115718.0
115719.0
115720.0
115736.0
115737.0
115740.0
115747.0
115748.0
115757.0
115761.0
115762.0
115779.0
115780.0
115784.0
115789.0
115793.0
115794.0
115796.0
115818.0
115819.0
115830.0
115831.0
115834.0
115835.0
115853.0
115855.0
115856.0
115890.0
115891.0
115899.0
115900.0
115905.0
115906.0
115913.0
115915.0
115916.0
115934.0
115960.0
115964.0
115974.0
115976.0
115978.0
115979.0
116024.0
116033.0
116034.0
116035.0
116038.0
116040.0
116043.0
116046.0
116047.0
116050.0
116051.0
116093.0
116106.0
116107.0
116117.0
116121.0
116122.0
116140.0
116155.0
116156.0
116157.0
116158.0
116160.0
116180.0
116189.0
116190.0
116193.0
116194.0
116200.0
116215.0
116216.0
116251.0
116264.0
116265.0
116266.0
116267.0
116273.0
116322.0
116323.0
116333.0
116334.0
116336.0
116337.0
116338.0
116380.0
116394.0
116396.0
116397.0
116398.0
116405.0
116406.0
116409.0
116410.0
116440.0
116457.0
116460.0
116463.0
116466.0
116467.0
116473.0
116477.0
116482.0
116483.0
116500.0
116513.0
116538.0
116549.0
116550.0
116553.0
116554.0
116560.0
116573.0
116575.0
116576.0
116606.0
116610.0
116611.0
116620.0
116622.0
116633.0
116682.0
116683.0
116684.0
116693.0
116694.0
116695.0
116753.0
116754.0
116755.0
116766.0
116800.0
116814.0
116817.0
116820.0
116827.0
116828.0
116837.0
116838.0
116860.0
116899.0
116910.0
116911.0
116933.0
116970.0
116971.0
116980.0
116981.0
116993.0
117040.0
117043.0
117044.0
117053.0
117054.0
117101.0
117105.0
117114.0
117115.0
117127.0
117173.0
117186.0
117187.0
117202.0
117203.0
117220.0
117237.0
117240.0
117259.0
117260.0
117270.0
117280.0
117335.0
117345.0
117353.0
117402.0
117403.0
117413.0
117414.0
117460.0
117469.0
117470.0
117473.0
117477.0
117478.0
117485.0
117486.0
117489.0
117490.0
117536.0
117540.0
117543.0
117546.0
117547.0
117562.0
117563.0
117567.0
117568.0
117581.0
117593.0
117599.0
117608.0
117618.0
117619.0
117633.0
117638.0
117639.0
117647.0
117648.0
117651.0
117653.0
117656.0
117703.0
117704.0
117705.0
117706.0
117716.0
117756.0
117763.0
117768.0
117769.0
117777.0
117781.0
117821.0
117836.0
117840.0
117849.0
117850.0
117877.0
117895.0
117896.0
117908.0
117909.0
117921.0
117922.0
117956.0
117961.0
117967.0
117968.0
117969.0
117975.0
117994.0
117995.0
118015.0
118016.0
118041.0
118042.0
118043.0
118066.0
118075.0
118076.0
118130.0
118136.0
118137.0
118138.0
118167.0
118195.0
118196.0
118197.0
118200.0
118203.0
118206.0
118210.0
118211.0
118231.0
118244.0
118261.0
118277.0
118278.0
118281.0
118282.0
118284.0
118296.0
118315.0
118316.0
118353.0
118354.0
118376.0
118426.0
118427.0
118487.0
118497.0
118498.0
118555.0
118556.0
118569.0
118570.0
118617.0
118620.0
118623.0
118624.0
118642.0
118643.0
118675.0
118714.0
118735.0
118736.0
118780.0
118782.0
118785.0
118786.0
118792.0
118793.0
118795.0
118796.0
118810.0
118818.0
118838.0
118840.0
118842.0
118843.0
118853.0
118854.0
118857.0
118861.0
118888.0
118890.0
118896.0
118898.0
118900.0
118914.0
118915.0
118916.0
118926.0
118929.0
118930.0
118957.0
118958.0
118960.0
118968.0
118975.0
118976.0
118986.0
118987.0
118997.0
118998.0
119001.0
119002.0
119017.0
119020.0
119021.0
119023.0
119024.0
119025.0
119027.0
119029.0
119033.0
119035.0
119058.0
119059.0
119070.0
119074.0
119075.0
119090.0
119095.0
119096.0
119103.0
119105.0
119130.0
119131.0
119132.0
119138.0
119139.0
119140.0
119141.0
119145.0
119146.0
119153.0
119156.0
119157.0
119160.0
119173.0
119175.0
119199.0
119200.0
119203.0
119213.0
119214.0
119217.0
119218.0
119248.0
119250.0
119270.0
119271.0
119272.0
119273.0
119274.0
119275.0
119286.0
119287.0
119289.0
119290.0
119308.0
119310.0
119318.0
119319.0
119320.0
119332.0
119333.0
119346.0
119347.0
119357.0
119358.0
119361.0
119362.0
119378.0
119380.0
119390.0
119393.0
119419.0
119420.0
119429.0
119430.0
119433.0
119434.0
119435.0
119438.0
119439.0
119445.0
119452.0
119457.0
119460.0
119463.0
119465.0
119491.0
119501.0
119504.0
119505.0
119506.0
119507.0
119512.0
119513.0
119535.0
119538.0
119558.0
119560.0
119562.0
119563.0
119572.0
119573.0
119574.0
119575.0
119576.0
119577.0
119578.0
119608.0
119610.0
119618.0
119619.0
119620.0
119635.0
119636.0
119637.0
119640.0
119645.0
119646.0
119649.0
119650.0
119679.0
119680.0
119683.0
119685.0
119707.0
119717.0
119718.0
119722.0
119723.0
119738.0
119739.0
119740.0
119750.0
119753.0
119755.0
119756.0
119778.0
119790.0
119791.0
119793.0
119794.0
119797.0
119798.0
119799.0
119800.0
119813.0
119816.0
119823.0
119825.0
119851.0
119859.0
119860.0
119861.0
119862.0
119865.0
119866.0
119872.0
119873.0
119875.0
119876.0
119895.0
119898.0
119919.0
119920.0
119923.0
119924.0
119933.0
119934.0
119936.0
119940.0
119943.0
119970.0
119981.0
119984.0
119985.0
119987.0
119992.0
119993.0
119994.0
119995.0
120009.0
120010.0
120052.0
120053.0
120055.0
120056.0
120066.0
120067.0
120071.0
120072.0
120077.0
120081.0
120082.0
120100.0
120115.0
120116.0
120120.0
120140.0
120149.0
120150.0
120153.0
120154.0
120159.0
120160.0
120175.0
120205.0
120210.0
120211.0
120224.0
120225.0
120226.0
120227.0
120232.0
120233.0
120282.0
120283.0
120292.0
120293.0
120294.0
120295.0
120296.0
120297.0
120298.0
120340.0
120353.0
120355.0
120356.0
120357.0
120358.0
120366.0
120369.0
120370.0
120400.0
120416.0
120420.0
120423.0
120426.0
120427.0
120439.0
120442.0
120443.0
120460.0
120473.0
120498.0
120499.0
120507.0
120508.0
120509.0
120513.0
120514.0
120532.0
120535.0
120536.0
120571.0
120572.0
120579.0
120581.0
120583.0
120584.0
120585.0
120586.0
120592.0
120593.0
120595.0
120596.0
120642.0
120643.0
120652.0
120653.0
120654.0
120655.0
120657.0
120660.0
120661.0
120699.0
120700.0
120714.0
120716.0
120726.0
120759.0
120760.0
120787.0
120788.0
120797.0
120798.0
120819.0
120820.0
120832.0
120833.0
120858.0
120859.0
120870.0
120871.0
120892.0
120893.0
120930.0
120931.0
120939.0
120940.0
120941.0
120942.0
120953.0
120999.0
121000.0
121003.0
121004.0
121014.0
121067.0
121072.0
121073.0
121075.0
121086.0
121087.0
121132.0
121133.0
121146.0
121157.0
121158.0
121179.0
121193.0
121197.0
121198.0
121219.0
121229.0
121230.0
121239.0
121240.0
121290.0
121291.0
121303.0
121304.0
121308.0
121312.0
121360.0
121362.0
121363.0
121372.0
121373.0
121374.0
121419.0
121420.0
121437.0
121440.0
121441.0
121445.0
121446.0
121479.0
121480.0
121493.0
121506.0
121507.0
121518.0
121519.0
121539.0
121540.0
121553.0
121557.0
121558.0
121578.0
121579.0
121589.0
121590.0
121593.0
121594.0
121595.0
121597.0
121598.0
121599.0
121612.0
121613.0
121615.0
121650.0
121651.0
121652.0
121665.0
121666.0
121672.0
121673.0
121675.0
121676.0
121717.0
121723.0
121732.0
121733.0
121736.0
121737.0
121740.0
121743.0
121744.0
121774.0
121785.0
121792.0
121795.0
121796.0
121802.0
121803.0
121809.0
121810.0
121840.0
121855.0
121856.0
121862.0
121870.0
121881.0
121882.0
121915.0
121916.0
121954.0
121955.0
121956.0
121975.0
121976.0
121988.0
122025.0
122026.0
122027.0
122028.0
122029.0
122030.0
122035.0
122036.0
122083.0
122086.0
122087.0
122092.0
122093.0
122097.0
122098.0
122131.0
122157.0
122160.0
122161.0
122162.0
122170.0
122171.0
122197.0
122228.0
122241.0
122242.0
122275.0
122276.0
122291.0
122305.0
122306.0
122313.0
122314.0
122335.0
122336.0
122341.0
122345.0
122346.0
122366.0
122372.0
122386.0
122387.0
122455.0
122457.0
122458.0
122515.0
122516.0
122529.0
122530.0
122577.0
122580.0
122582.0
122602.0
122603.0
122673.0
122674.0
122695.0
122696.0
122745.0
122755.0
122756.0
122759.0
122760.0
122819.0
122820.0
122885.0
122886.0
122889.0
122890.0
122893.0
122903.0
122909.0
122918.0
122919.0
122935.0
122936.0
122937.0
122947.0
122948.0
122957.0
122958.0
122961.0
122962.0
122976.0
122979.0
122981.0
122983.0
122984.0
122993.0
122994.0
122995.0
122996.0
123018.0
123030.0
123031.0
123034.0
123035.0
123052.0
123053.0
123055.0
123056.0
123063.0
123064.0
123090.0
123091.0
123098.0
123099.0
123100.0
123105.0
123106.0
123112.0
123113.0
123115.0
123116.0
123133.0
123134.0
123158.0
123159.0
123160.0
123163.0
123164.0
123173.0
123174.0
123175.0
123176.0
123177.0
123178.0
123208.0
123209.0
123221.0
123224.0
123226.0
123232.0
123234.0
123235.0
123237.0
123240.0
123241.0
123243.0
123246.0
123250.0
123251.0
123278.0
123279.0
123292.0
123296.0
123307.0
123318.0
123321.0
123322.0
123338.0
123339.0
123349.0
123353.0
123355.0
123356.0
123357.0
123358.0
123379.0
123380.0
123389.0
123390.0
123393.0
123394.0
123399.0
123400.0
123403.0
123404.0
123415.0
123416.0
123423.0
123424.0
123450.0
123451.0
123461.0
123464.0
123465.0
123466.0
123467.0
123472.0
123493.0
123494.0
123518.0
123519.0
123522.0
123523.0
123532.0
123533.0
123534.0
123535.0
123536.0
123537.0
123538.0
123576.0
123579.0
123580.0
123581.0
123583.0
123595.0
123596.0
123597.0
123598.0
123606.0
123609.0
123610.0
123638.0
123639.0
123643.0
123656.0
123660.0
123662.0
123666.0
123667.0
123672.0
123673.0
123677.0
123678.0
123682.0
123683.0
123699.0
123700.0
123709.0
123712.0
123713.0
123738.0
123749.0
123754.0
123758.0
123759.0
123760.0
123772.0
123775.0
123783.0
123784.0
123805.0
123810.0
123811.0
123818.0
123819.0
123821.0
123822.0
123825.0
123826.0
123832.0
123835.0
123836.0
123854.0
123878.0
123879.0
123882.0
123883.0
123884.0
123886.0
123892.0
123894.0
123896.0
123900.0
123901.0
123928.0
123929.0
123938.0
123939.0
123952.0
123953.0
123954.0
123955.0
123965.0
123969.0
123970.0
123998.0
123999.0
124014.0
124015.0
124016.0
124017.0
124019.0
124027.0
124028.0
124037.0
124038.0
124041.0
124042.0
124059.0
124060.0
124069.0
124074.0
124075.0
124076.0
124098.0
124099.0
124108.0
124109.0
124110.0
124111.0
124113.0
124114.0
124132.0
124133.0
124135.0
124136.0
124170.0
124179.0
124181.0
124185.0
124186.0
124192.0
124193.0
124195.0
124196.0
124239.0
124243.0
124244.0
124253.0
124254.0
124255.0
124256.0
124257.0
124258.0
124304.0
124306.0
124312.0
124314.0
124315.0
124316.0
124320.0
124321.0
124322.0
124330.0
124331.0
124373.0
124386.0
124387.0
124401.0
124402.0
124419.0
124434.0
124435.0
124437.0
124460.0
124469.0
124470.0
124473.0
124474.0
124479.0
124495.0
124496.0
124530.0
124544.0
124545.0
124546.0
124547.0
124552.0
124553.0
124602.0
124603.0
124612.0
124613.0
124615.0
124617.0
124618.0
124659.0
124674.0
124675.0
124677.0
124678.0
124685.0
124686.0
124689.0
124690.0
124719.0
124746.0
124747.0
124758.0
124762.0
124763.0
124779.0
124792.0
124818.0
124829.0
124839.0
124852.0
124899.0
124901.0
124912.0
124963.0
124972.0
124974.0
124975.0
125019.0
125032.0
125033.0
125034.0
125035.0
125046.0
125079.0
125107.0
125118.0
125139.0
125152.0
125178.0
125179.0
125191.0
125212.0
125250.0
125259.0
125261.0
125262.0
125272.0
125319.0
125324.0
125333.0
125334.0
125384.0
125392.0
125394.0
125395.0
125417.0
125452.0
125466.0
125477.0
125478.0
125499.0
125514.0
125517.0
125519.0
125539.0
125549.0
125550.0
125559.0
125610.0
125611.0
125624.0
125625.0
125632.0
125639.0
125647.0
125657.0
125661.0
125670.0
125682.0
125690.0
125691.0
125692.0
125693.0
125694.0
125695.0
125696.0
125697.0
125698.0
125702.0
125703.0
125746.0
125753.0
125755.0
125756.0
125757.0
125767.0
125768.0
125769.0
125770.0
125816.0
125820.0
125821.0
125822.0
125826.0
125827.0
125852.0
125853.0
125899.0
125903.0
125913.0
125914.0
125922.0
125927.0
125934.0
125935.0
125936.0
125937.0
125985.0
125986.0
125987.0
125988.0
125995.0
126043.0
126044.0
126056.0
126057.0
126060.0
126061.0
126098.0
126118.0
126119.0
126129.0
126130.0
126175.0
126180.0
126182.0
126183.0
126201.0
126202.0
126235.0
126251.0
126263.0
126264.0
126265.0
126274.0
126279.0
126295.0
126321.0
126322.0
126345.0
126346.0
126355.0
126390.0
126403.0
126414.0
126415.0
126417.0
126418.0
126425.0
126454.0
126476.0
126477.0
126479.0
126480.0
126481.0
126482.0
126490.0
126491.0
126561.0
126562.0
126586.0
126587.0
126633.0
126634.0
126646.0
126647.0
126706.0
126707.0
126775.0
126778.0
126835.0
126849.0
126850.0
126897.0
126900.0
126901.0
126902.0
126922.0
126923.0
126924.0
126978.0
126990.0
126993.0
126994.0
126999.0
127012.0
127015.0
127023.0
127025.0
127050.0
127058.0
127059.0
127060.0
127061.0
127063.0
127065.0
127066.0
127072.0
127075.0
127098.0
127100.0
127103.0
127115.0
127118.0
127119.0
127120.0
127123.0
127128.0
127131.0
127133.0
127168.0
127170.0
127178.0
127180.0
127183.0
127184.0
127186.0
127189.0
127192.0
127196.0
127206.0
127210.0
127211.0
127235.0
127238.0
127240.0
127252.0
127255.0
127266.0
127271.0
127281.0
127282.0
127299.0
127300.0
127303.0
127304.0
127305.0
127313.0
127315.0
127316.0
127339.0
127349.0
127350.0
127353.0
127354.0
127375.0
127383.0
127385.0
127408.0
127410.0
127424.0
127425.0
127426.0
127427.0
127432.0
127453.0
127455.0
127468.0
127470.0
127482.0
127483.0
127493.0
127495.0
127497.0
127500.0
127528.0
127530.0
127539.0
127554.0
127555.0
127557.0
127558.0
127565.0
127569.0
127570.0
127598.0
127599.0
127600.0
127617.0
127620.0
127622.0
127626.0
127638.0
127642.0
127643.0
127658.0
127659.0
127660.0
127670.0
127672.0
127673.0
127698.0
127707.0
127708.0
127709.0
127710.0
127713.0
127714.0
127717.0
127720.0
127721.0
127723.0
127732.0
127735.0
127743.0
127745.0
127771.0
127779.0
127781.0
127785.0
127786.0
127787.0
127792.0
127813.0
127815.0
127835.0
127838.0
127840.0
127842.0
127843.0
127844.0
127846.0
127854.0
127856.0
127860.0
127861.0
127862.0
127889.0
127890.0
127895.0
127898.0
127900.0
127912.0
127914.0
127926.0
127929.0
127930.0
127952.0
127953.0
127954.0
127955.0
127959.0
127974.0
127975.0
127976.0
127987.0
127997.0
128001.0
128002.0
128010.0
128013.0
128019.0
128029.0
128030.0
128035.0
128058.0
128070.0
128074.0
128075.0
128080.0
128092.0
128095.0
128096.0
128105.0
128130.0
128132.0
128135.0
128140.0
128141.0
128145.0
128146.0
128147.0
128152.0
128175.0
128199.0
128200.0
128203.0
128204.0
128213.0
128215.0
128217.0
128218.0
128263.0
128265.0
128274.0
128276.0
128280.0
128282.0
128286.0
128290.0
128291.0
128332.0
128346.0
128357.0
128361.0
128362.0
128379.0
128394.0
128395.0
128396.0
128399.0
128419.0
128429.0
128430.0
128433.0
128434.0
128455.0
128490.0
128504.0
128506.0
128507.0
128512.0
128562.0
128563.0
128568.0
128569.0
128573.0
128577.0
128578.0
128619.0
128634.0
128635.0
128637.0
128645.0
128649.0
128650.0
128679.0
128696.0
128700.0
128701.0
128702.0
128706.0
128718.0
128722.0
128723.0
128739.0
128752.0
128778.0
128789.0
128790.0
128793.0
128794.0
128812.0
128815.0
128851.0
128859.0
128865.0
128866.0
128867.0
128872.0
128920.0
128922.0
128923.0
128926.0
128934.0
128994.0
129005.0
129039.0
129057.0
129058.0
129059.0
129067.0
129077.0
129099.0
129138.0
129150.0
129172.0
129210.0
129219.0
129221.0
129232.0
129279.0
129283.0
129293.0
129341.0
129343.0
129352.0
129354.0
129368.0
129412.0
129426.0
129437.0
129459.0
129479.0
129499.0
129500.0
129509.0
129510.0
129570.0
129580.0
129584.0
129592.0
129642.0
129643.0
129653.0
129699.0
129717.0
129725.0
129759.0
129776.0
129780.0
129781.0
129782.0
129786.0
129795.0
129799.0
129802.0
129803.0
129804.0
129805.0
129806.0
129832.0
129841.0
129858.0
129872.0
129873.0
129874.0
129876.0
129887.0
129892.0
129895.0
129931.0
129932.0
129945.0
129946.0
129975.0
129976.0
130010.0
130017.0
130020.0
130021.0
130060.0
130083.0
130084.0
130089.0
130090.0
130135.0
130139.0
130161.0
130162.0
130172.0
130183.0
130187.0
130195.0
130234.0
130235.0
130243.0
130244.0
130255.0
130281.0
130290.0
130305.0
130306.0
130312.0
130313.0
130317.0
130318.0
130364.0
130366.0
130367.0
130377.0
130378.0
130379.0
130413.0
130436.0
130440.0
130441.0
130442.0
130443.0
130450.0
130451.0
130480.0
130512.0
130522.0
130525.0
130526.0
130539.0
130555.0
130583.0
130593.0
130594.0
130595.0
130615.0
130666.0
130735.0
130737.0
130738.0
130795.0
130809.0
130810.0
130856.0
130860.0
130861.0
130862.0
130882.0
130883.0
130953.0
130954.0
130975.0
131025.0
131026.0
131075.0
131076.0
131079.0
131080.0
131082.0
131083.0
131094.0
131097.0
131099.0
131100.0
131128.0
131129.0
131152.0
131156.0
131165.0
131169.0
131170.0
131188.0
131189.0
131198.0
131199.0
131215.0
131227.0
131241.0
131242.0
131248.0
131257.0
131258.0
131259.0
131261.0
131263.0
131272.0
131273.0
131274.0
131275.0
131298.0
131308.0
131309.0
131310.0
131313.0
131314.0
131323.0
131332.0
131335.0
131342.0
131343.0
131348.0
131349.0
131370.0
131375.0
131376.0
131378.0
131379.0
131381.0
131385.0
131386.0
131392.0
131413.0
131414.0
131418.0
131438.0
131439.0
131443.0
131453.0
131455.0
131457.0
131459.0
131488.0
131489.0
131508.0
131509.0
131514.0
131518.0
131520.0
131521.0
131526.0
131527.0
131530.0
131558.0
131559.0
131572.0
131575.0
131586.0
131597.0
131601.0
131602.0
131618.0
131619.0
131629.0
131633.0
131635.0
131659.0
131669.0
131670.0
131673.0
131679.0
131681.0
131683.0
131684.0
131692.0
131695.0
131703.0
131730.0
131743.0
131744.0
131746.0
131747.0
131752.0
131773.0
131774.0
131797.0
131798.0
131799.0
131803.0
131812.0
131813.0
131817.0
131818.0
131848.0
131849.0
131859.0
131873.0
131875.0
131877.0
131885.0
131918.0
131919.0
131920.0
131923.0
131946.0
131962.0
131963.0
131982.0
131983.0
131989.0
131992.0
131993.0
131995.0
132018.0
132029.0
132033.0
132034.0
132038.0
132039.0
132052.0
132055.0
132063.0
132064.0
132098.0
132099.0
132101.0
132105.0
132106.0
132112.0
132116.0
132128.0
132129.0
132133.0
132134.0
132158.0
132159.0
132162.0
132163.0
132165.0
132174.0
132176.0
132179.0
132180.0
132181.0
132209.0
132232.0
132234.0
132245.0
132249.0
132250.0
132276.0
132277.0
132278.0
132279.0
132295.0
132296.0
132297.0
132307.0
132317.0
132321.0
132322.0
132338.0
132339.0
132355.0
132378.0
132390.0
132394.0
132412.0
132419.0
132450.0
132451.0
132458.0
132459.0
132461.0
132465.0
132466.0
132471.0
132472.0
132518.0
132519.0
132523.0
132533.0
132535.0
132537.0
132538.0
132579.0
132583.0
132585.0
132592.0
132594.0
132595.0
132597.0
132600.0
132602.0
132605.0
132606.0
132607.0
132610.0
132611.0
132652.0
132666.0
132677.0
132681.0
132682.0
132699.0
132715.0
132716.0
132739.0
132740.0
132749.0
132750.0
132753.0
132754.0
132775.0
132810.0
132815.0
132816.0
132818.0
132822.0
132826.0
132827.0
132832.0
132874.0
132882.0
132883.0
132893.0
132895.0
132898.0
132938.0
132939.0
132946.0
132948.0
132951.0
132955.0
132969.0
132998.0
132999.0
133007.0
133026.0
133037.0
133038.0
133058.0
133059.0
133071.0
133098.0
133101.0
133102.0
133109.0
133110.0
133132.0
133171.0
133178.0
133179.0
133181.0
133192.0
133242.0
133243.0
133245.0
133254.0
133312.0
133314.0
133325.0
133358.0
133373.0
133376.0
133378.0
133387.0
133397.0
133458.0
133469.0
133470.0
133491.0
133492.0
133530.0
133538.0
133539.0
133541.0
133552.0
133603.0
133613.0
133660.0
133671.0
133672.0
133674.0
133685.0
133746.0
133757.0
133769.0
133770.0
133793.0
133818.0
133829.0
133830.0
133866.0
133868.0
133870.0
133872.0
133878.0
133880.0
133890.0
133898.0
133899.0
133903.0
133906.0
133907.0
133961.0
133962.0
133963.0
133975.0
133977.0
133978.0
134019.0
134020.0
134028.0
134031.0
134032.0
134045.0
134049.0
134050.0
134096.0
134102.0
134104.0
134105.0
134110.0
134114.0
134121.0
134122.0
134172.0
134173.0
134190.0
134191.0
134193.0
134206.0
134228.0
134229.0
134258.0
134265.0
134266.0
134318.0
134321.0
134335.0
134387.0
134388.0
134395.0
134400.0
134409.0
134410.0
134411.0
134438.0
134455.0
134466.0
134467.0
134481.0
134482.0
134513.0
134515.0
134517.0
134526.0
134537.0
134541.0
134544.0
134553.0
134570.0
134571.0
134616.0
134617.0
134627.0
134688.0
134689.0
134690.0
134695.0
134697.0
134698.0
134751.0
134755.0
134766.0
134769.0
134816.0
134819.0
134822.0
134842.0
134854.0
134907.0
134913.0
134935.0
134985.0
134986.0
135057.0
135059.0
135060.0
135129.0
135175.0
135176.0
135177.0
135178.0
135187.0
135189.0
135197.0
135201.0
135218.0
135219.0
135220.0
135230.0
135234.0
135235.0
135258.0
135274.0
135275.0
135279.0
135288.0
135291.0
135292.0
135295.0
135304.0
135305.0
135330.0
135335.0
135338.0
135340.0
135345.0
135346.0
135348.0
135349.0
135351.0
135352.0
135393.0
135395.0
135399.0
135411.0
135413.0
135415.0
135417.0
135421.0
135422.0
135448.0
135449.0
135450.0
135463.0
135471.0
135474.0
135477.0
135479.0
135482.0
135483.0
135485.0
135486.0
135490.0
135515.0
135518.0
135520.0
135532.0
135546.0
135557.0
135561.0
135575.0
135578.0
135579.0
135580.0
135590.0
135593.0
135595.0
135596.0
135597.0
135599.0
135619.0
135628.0
135629.0
135630.0
135633.0
135640.0
135644.0
135645.0
135655.0
135675.0
135678.0
135690.0
135703.0
135704.0
135706.0
135711.0
135712.0
135715.0
135724.0
135725.0
135729.0
135730.0
135733.0
135735.0
135755.0
135758.0
135760.0
135762.0
135763.0
135773.0
135775.0
135777.0
135785.0
135786.0
135805.0
135808.0
135810.0
135818.0
135832.0
135834.0
135835.0
135836.0
135837.0
135844.0
135845.0
135849.0
135877.0
135878.0
135880.0
135883.0
135895.0
135899.0
135902.0
135906.0
135918.0
135922.0
135938.0
135939.0
135951.0
135952.0
135953.0
135978.0
135989.0
135990.0
135993.0
135998.0
136000.0
136011.0
136012.0
136015.0
136023.0
136025.0
136051.0
136058.0
136061.0
136065.0
136066.0
136071.0
136072.0
136095.0
136098.0
136115.0
136118.0
136120.0
136122.0
136123.0
136126.0
136134.0
136136.0
136139.0
136140.0
136168.0
136170.0
136191.0
136192.0
136194.0
136204.0
136205.0
136209.0
136235.0
136238.0
136240.0
136253.0
136255.0
136256.0
136257.0
136259.0
136267.0
136277.0
136281.0
136297.0
136298.0
136300.0
136305.0
136314.0
136315.0
136338.0
136349.0
136350.0
136354.0
136371.0
136372.0
136375.0
136385.0
136410.0
136418.0
136419.0
136421.0
136422.0
136425.0
136426.0
136431.0
136478.0
136483.0
136492.0
136493.0
136495.0
136497.0
136543.0
136551.0
136555.0
136559.0
136562.0
136565.0
136566.0
136570.0
136611.0
136626.0
136641.0
136642.0
136658.0
136672.0
136675.0
136677.0
136678.0
136699.0
136709.0
136710.0
136713.0
136735.0
136770.0
136783.0
136784.0
136786.0
136791.0
136842.0
136843.0
136853.0
136855.0
136857.0
136858.0
136898.0
136913.0
136915.0
136916.0
136917.0
136925.0
136929.0
136958.0
136976.0
136979.0
136986.0
136998.0
137002.0
137018.0
137019.0
137031.0
137032.0
137058.0
137068.0
137069.0
137070.0
137091.0
137131.0
137138.0
137141.0
137151.0
137202.0
137203.0
137205.0
137214.0
137274.0
137285.0
137318.0
137333.0
137336.0
137347.0
137357.0
137378.0
137418.0
137430.0
137451.0
137490.0
137491.0
137501.0
137512.0
137558.0
137563.0
137572.0
137588.0
137623.0
137624.0
137634.0
137646.0
137647.0
137691.0
137692.0
137717.0
137721.0
137722.0
137738.0
137753.0
137756.0
137758.0
137779.0
137789.0
137790.0
137850.0
137859.0
137863.0
137864.0
137871.0
137921.0
137922.0
137923.0
137932.0
137933.0
137934.0
137943.0
137972.0
137978.0
137984.0
137990.0
137994.0
137995.0
137996.0
137997.0
138009.0
138024.0
138025.0
138053.0
138054.0
138055.0
138058.0
138059.0
138060.0
138062.0
138067.0
138079.0
138082.0
138083.0
138089.0
138111.0
138146.0
138147.0
138153.0
138175.0
138212.0
138213.0
138225.0
138226.0
138255.0
138256.0
138288.0
138289.0
138296.0
138300.0
138356.0
138369.0
138370.0
138390.0
138414.0
138415.0
138420.0
138441.0
138442.0
138463.0
138469.0
138472.0
138475.0
138476.0
138492.0
138495.0
138500.0
138508.0
138513.0
138534.0
138535.0
138570.0
138585.0
138644.0
138645.0
138654.0
138655.0
138657.0
138674.0
138713.0
138714.0
138715.0
138719.0
138720.0
138722.0
138730.0
138731.0
138732.0
138791.0
138792.0
138801.0
138816.0
138817.0
138834.0
138835.0
138855.0
138856.0
138873.0
138894.0
138895.0
138946.0
139014.0
139015.0
139017.0
139074.0
139075.0
139089.0
139090.0
139136.0
139139.0
139142.0
139162.0
139233.0
139254.0
139255.0
139263.0
139265.0
139270.0
139282.0
139292.0
139294.0
139298.0
139299.0
139301.0
139305.0
139306.0
139311.0
139329.0
139333.0
139334.0
139354.0
139356.0
139359.0
139362.0
139373.0
139374.0
139380.0
139405.0
139408.0
139409.0
139431.0
139434.0
139445.0
139449.0
139475.0
139478.0
139479.0
139492.0
139494.0
139495.0
139496.0
139497.0
139498.0
139507.0
139516.0
139517.0
139521.0
139538.0
139539.0
139541.0
139543.0
139544.0
139549.0
139553.0
139554.0
139555.0
139578.0
139590.0
139594.0
139595.0
139596.0
139611.0
139614.0
139615.0
139623.0
139624.0
139638.0
139639.0
139650.0
139654.0
139656.0
139658.0
139659.0
139661.0
139665.0
139671.0
139693.0
139694.0
139718.0
139719.0
139722.0
139723.0
139733.0
139734.0
139735.0
139737.0
139768.0
139769.0
139780.0
139782.0
139785.0
139791.0
139796.0
139799.0
139801.0
139805.0
139806.0
139810.0
139811.0
139834.0
139838.0
139839.0
139851.0
139866.0
139877.0
139881.0
139894.0
139898.0
139909.0
139913.0
139914.0
139915.0
139916.0
139918.0
139938.0
139949.0
139953.0
139956.0
139959.0
139963.0
139964.0
139974.0
139975.0
139983.0
139984.0
140010.0
140020.0
140023.0
140026.0
140031.0
140053.0
140054.0
140074.0
140078.0
140079.0
140082.0
140083.0
140094.0
140095.0
140097.0
140098.0
140128.0
140129.0
140138.0
140154.0
140155.0
140156.0
140157.0
140165.0
140169.0
140198.0
140199.0
140200.0
140203.0
140205.0
140215.0
140219.0
140220.0
140221.0
140226.0
140238.0
140242.0
140258.0
140269.0
140271.0
140273.0
140298.0
140308.0
140313.0
140314.0
140318.0
140319.0
140323.0
140331.0
140334.0
140335.0
140343.0
140344.0
140370.0
140371.0
140375.0
140378.0
140381.0
140385.0
140386.0
140391.0
140419.0
140434.0
140451.0
140454.0
140455.0
140456.0
140457.0
140459.0
140460.0
140489.0
140495.0
140511.0
140513.0
140514.0
140529.0
140556.0
140569.0
140571.0
140572.0
140574.0
140575.0
140587.0
140596.0
140597.0
140601.0
140618.0
140620.0
140628.0
140635.0
140658.0
140674.0
140678.0
140689.0
140694.0
140695.0
140730.0
140731.0
140732.0
140745.0
140751.0
140753.0
140754.0
140755.0
140759.0
140760.0
140790.0
140791.0
140798.0
140800.0
140801.0
140811.0
140815.0
140817.0
140860.0
140861.0
140863.0
140864.0
140865.0
140869.0
140873.0
140874.0
140875.0
140890.0
140931.0
140934.0
140944.0
140945.0
140961.0
140975.0
140992.0
140996.0
140998.0
141007.0
141017.0
141018.0
141033.0
141034.0
141036.0
141054.0
141055.0
141056.0
141094.0
141098.0
141150.0
141151.0
141165.0
141168.0
141169.0
141205.0
141214.0
141231.0
141279.0
141284.0
141286.0
141345.0
141347.0
141398.0
141404.0
141405.0
141414.0
141416.0
141419.0
141458.0
141465.0
141478.0
141518.0
141524.0
141526.0
141531.0
141537.0
141538.0
141591.0
141592.0
141593.0
141598.0
141638.0
141651.0
141659.0
141664.0
141665.0
141671.0
141698.0
141711.0
141726.0
141737.0
141738.0
141758.0
141771.0
141797.0
141798.0
141804.0
141809.0
141810.0
141831.0
141871.0
141878.0
141880.0
141881.0
141891.0
141939.0
141941.0
141942.0
141943.0
141953.0
141998.0
142011.0
142014.0
142015.0
142025.0
142049.0
142058.0
142074.0
142075.0
142076.0
142077.0
142086.0
142087.0
142097.0
142101.0
142107.0
142128.0
142134.0
142135.0
142137.0
142145.0
142146.0
142158.0
142162.0
142174.0
142192.0
142194.0
142195.0
142218.0
142219.0
142245.0
142246.0
142250.0
142288.0
142289.0
142290.0
142307.0
142314.0
142315.0
142317.0
142318.0
142366.0
142376.0
142379.0
142380.0
142390.0
142434.0
142461.0
142462.0
142466.0
142483.0
142494.0
142495.0
142533.0
142534.0
142549.0
142554.0
142555.0
142557.0
142570.0
142606.0
142621.0
142674.0
142675.0
142677.0
142685.0
142702.0
142715.0
142716.0
142734.0
142735.0
142749.0
142752.0
142769.0
142781.0
142796.0
142799.0
142800.0
142802.0
142809.0
142817.0
142818.0
142822.0
142845.0
142893.0
142907.0
142914.0
142915.0
142965.0
142966.0
143035.0
143039.0
143040.0
143041.0
143094.0
143095.0
143109.0
143145.0
143146.0
143181.0
143214.0
143215.0
143254.0
143274.0
143275.0
143325.0
143326.0
143358.0
143362.0
143378.0
143382.0
143383.0
143392.0
143393.0
143394.0
143395.0
143397.0
143398.0
143428.0
143429.0
143431.0
143434.0
143437.0
143444.0
143454.0
143456.0
143459.0
143461.0
143465.0
143466.0
143470.0
143493.0
143495.0
143499.0
143500.0
143511.0
143526.0
143536.0
143537.0
143541.0
143555.0
143558.0
143559.0
143568.0
143570.0
143574.0
143599.0
143608.0
143613.0
143614.0
143617.0
143620.0
143624.0
143626.0
143634.0
143635.0
143644.0
143645.0
143670.0
143684.0
143686.0
143691.0
143713.0
143714.0
143715.0
143735.0
143739.0
143740.0
143747.0
143752.0
143753.0
143757.0
143785.0
143788.0
143789.0
143790.0
143798.0
143812.0
143814.0
143817.0
143825.0
143829.0
143858.0
143860.0
143864.0
143865.0
143868.0
143871.0
143872.0
143873.0
143885.0
143886.0
143898.0
143902.0
143915.0
143919.0
143929.0
143930.0
143931.0
143934.0
143957.0
143958.0
143968.0
143969.0
143970.0
143973.0
143991.0
143994.0
143995.0
144004.0
144005.0
144031.0
144035.0
144039.0
144040.0
144041.0
144045.0
144050.0
144051.0
144075.0
144079.0
144095.0
144099.0
144102.0
144103.0
144105.0
144113.0
144116.0
144120.0
144121.0
144149.0
144150.0
144164.0
144174.0
144184.0
144185.0
144189.0
144215.0
144218.0
144220.0
144232.0
144234.0
144247.0
144256.0
144257.0
144261.0
144278.0
144280.0
144283.0
144284.0
144285.0
144293.0
144294.0
144295.0
144318.0
144329.0
144330.0
144334.0
144351.0
144352.0
144354.0
144355.0
144363.0
144365.0
144390.0
144395.0
144398.0
144399.0
144401.0
144405.0
144406.0
144411.0
144433.0
144435.0
144455.0
144458.0
144463.0
144468.0
144472.0
144473.0
144477.0
144510.0
144519.0
144522.0
144531.0
144533.0
144534.0
144536.0
144539.0
144540.0
144541.0
144546.0
144550.0
144570.0
144580.0
144591.0
144606.0
144617.0
144621.0
144638.0
144655.0
144657.0
144658.0
144679.0
144688.0
144689.0
144693.0
144714.0
144715.0
144749.0
144750.0
144751.0
144760.0
144766.0
144771.0
144813.0
144822.0
144833.0
144834.0
144837.0
144878.0
144884.0
144894.0
144904.0
144905.0
144909.0
144942.0
144943.0
144946.0
144956.0
144959.0
144961.0
144965.0
144966.0
144979.0
144982.0
144983.0
145011.0
145038.0
145048.0
145049.0
145053.0
145054.0
145073.0
145074.0
145075.0
145078.0
145112.0
145113.0
145118.0
145120.0
145121.0
145125.0
145126.0
145181.0
145182.0
145183.0
145187.0
145188.0
145197.0
145249.0
145251.0
145253.0
145265.0
145269.0
145270.0
145271.0
145298.0
145313.0
145316.0
145318.0
145327.0
145336.0
145337.0
145358.0
145397.0
145398.0
145409.0
145410.0
145431.0
145469.0
145470.0
145478.0
145480.0
145491.0
145538.0
145543.0
145548.0
145549.0
145552.0
145553.0
145611.0
145625.0
145626.0
145658.0
145681.0
145682.0
145685.0
145686.0
145696.0
145697.0
145718.0
145758.0
145759.0
145769.0
145791.0
145830.0
145831.0
145835.0
145837.0
145841.0
145842.0
145851.0
145902.0
145912.0
145913.0
145958.0
145968.0
145975.0
145984.0
145985.0
146018.0
146026.0
146027.0
146046.0
146057.0
146058.0
146078.0
146091.0
146118.0
146128.0
146129.0
146150.0
146151.0
146205.0
146206.0
146210.0
146211.0
146236.0
146261.0
146262.0
146269.0
146272.0
146273.0
146274.0
146276.0
146278.0
146280.0
146281.0
146303.0
146325.0
146330.0
146349.0
146354.0
146355.0
146392.0
146393.0
146394.0
146421.0
146425.0
146426.0
146454.0
146455.0
146475.0
146494.0
146497.0
146498.0
146512.0
146514.0
146515.0
146516.0
146542.0
146561.0
146565.0
146566.0
146625.0
146634.0
146637.0
146638.0
146640.0
146641.0
146672.0
146689.0
146696.0
146699.0
146700.0
146701.0
146710.0
146730.0
146736.0
146737.0
146741.0
146781.0
146802.0
146814.0
146823.0
146824.0
146828.0
146853.0
146874.0
146900.0
146901.0
146926.0
146927.0
146972.0
146973.0
146994.0
146995.0
146997.0
147023.0
147069.0
147085.0
147086.0
147115.0
147116.0
147119.0
147121.0
147142.0
147143.0
147213.0
147234.0
147285.0
147286.0
147347.0
147351.0
147353.0
147358.0
147409.0
147429.0
147454.0
147457.0
147458.0
147459.0
147460.0
147472.0
147474.0
147475.0
147486.0
147487.0
147497.0
147501.0
147516.0
147517.0
147518.0
147519.0
147522.0
147523.0
147533.0
147534.0
147557.0
147558.0
147569.0
147570.0
147574.0
147590.0
147594.0
147603.0
147604.0
147629.0
147630.0
147634.0
147637.0
147638.0
147640.0
147641.0
147645.0
147646.0
147650.0
147651.0
147673.0
147674.0
147695.0
147697.0
147698.0
147703.0
147712.0
147713.0
147714.0
147717.0
147748.0
147749.0
147759.0
147762.0
147764.0
147770.0
147771.0
147773.0
147774.0
147775.0
147779.0
147780.0
147781.0
147785.0
147790.0
147818.0
147819.0
147830.0
147831.0
147845.0
147846.0
147856.0
147861.0
147877.0
147878.0
147889.0
147893.0
147894.0
147895.0
147918.0
147919.0
147928.0
147929.0
147933.0
147939.0
147944.0
147954.0
147963.0
147964.0
147989.0
147990.0
148002.0
148003.0
148006.0
148007.0
148011.0
148033.0
148034.0
148054.0
148058.0
148061.0
148062.0
148072.0
148074.0
148077.0
148108.0
148109.0
148117.0
148118.0
148132.0
148134.0
148136.0
148144.0
148149.0
148171.0
148173.0
148174.0
148177.0
148178.0
148180.0
148195.0
148199.0
148200.0
148201.0
148207.0
148208.0
148209.0
148217.0
148222.0
148229.0
148233.0
148249.0
148250.0
148251.0
148253.0
148277.0
148288.0
148289.0
148293.0
148294.0
148298.0
148310.0
148311.0
148314.0
148323.0
148324.0
148350.0
148351.0
148354.0
148357.0
148358.0
148365.0
148366.0
148394.0
148398.0
148409.0
148410.0
148414.0
148418.0
148421.0
148422.0
148432.0
148435.0
148439.0
148440.0
148468.0
148469.0
148470.0
148471.0
148491.0
148504.0
148505.0
148509.0
148511.0
148512.0
148513.0
148534.0
148537.0
148538.0
148543.0
148554.0
148565.0
148566.0
148576.0
148581.0
148598.0
148599.0
148602.0
148604.0
148609.0
148614.0
148638.0
148649.0
148654.0
148670.0
148671.0
148684.0
148709.0
148710.0
148717.0
148718.0
148720.0
148721.0
148725.0
148726.0
148735.0
148738.0
148777.0
148782.0
148783.0
148792.0
148793.0
148794.0
148842.0
148844.0
148847.0
148850.0
148851.0
148853.0
148866.0
148869.0
148870.0
148907.0
148910.0
148911.0
148925.0
148936.0
148937.0
148941.0
148957.0
148972.0
148974.0
148975.0
148976.0
148999.0
149003.0
149004.0
149008.0
149009.0
149013.0
149036.0
149039.0
149040.0
149069.0
149076.0
149077.0
149078.0
149080.0
149081.0
149085.0
149086.0
149090.0
149091.0
149141.0
149142.0
149152.0
149153.0
149154.0
149157.0
149197.0
149211.0
149213.0
149214.0
149224.0
149229.0
149262.0
149264.0
149285.0
149298.0
149302.0
149303.0
149307.0
149330.0
149357.0
149358.0
149368.0
149369.0
149373.0
149392.0
149395.0
149396.0
149431.0
149432.0
149437.0
149440.0
149498.0
149501.0
149502.0
149503.0
149504.0
149513.0
149570.0
149571.0
149573.0
149574.0
149584.0
149617.0
149618.0
149635.0
149637.0
149646.0
149656.0
149677.0
149717.0
149718.0
149729.0
149730.0
149750.0
149751.0
149789.0
149797.0
149800.0
149810.0
149857.0
149862.0
149863.0
149872.0
149919.0
149922.0
149923.0
149924.0
149930.0
149931.0
149933.0
149934.0
149946.0
149990.0
149991.0
150005.0
150006.0
150016.0
150017.0
150037.0
150055.0
150057.0
150079.0
150088.0
150089.0
150149.0
150162.0
150163.0
150170.0
150171.0
150174.0
150178.0
150199.0
150205.0
150221.0
150222.0
150232.0
150283.0
150291.0
150294.0
150295.0
150296.0
150297.0
150309.0
150355.0
150359.0
150361.0
150365.0
150380.0
150382.0
150383.0
150400.0
150409.0
150410.0
150416.0
150440.0
150446.0
150447.0
150453.0
150458.0
150459.0
150474.0
150520.0
150521.0
150525.0
150526.0
150555.0
150557.0
150559.0
150592.0
150594.0
150595.0
150596.0
150599.0
150644.0
150669.0
150673.0
150674.0
150709.0
150714.0
150719.0
150720.0
150740.0
150741.0
150800.0
150814.0
150815.0
150821.0
150822.0
150834.0
150837.0
150842.0
150867.0
150885.0
150886.0
150896.0
150907.0
150942.0
150946.0
150947.0
150956.0
150957.0
150989.0
151015.0
151019.0
151021.0
151030.0
151083.0
151101.0
151134.0
151171.0
151173.0
151194.0
151246.0
151247.0
151314.0
151317.0
151374.0
151389.0
151439.0
151440.0
151441.0
151462.0
151533.0
151550.0
151554.0
151559.0
151564.0
151565.0
151591.0
151597.0
151600.0
151602.0
151605.0
151606.0
151610.0
151635.0
151639.0
151655.0
151659.0
151661.0
151662.0
151664.0
151673.0
151675.0
151678.0
151679.0
151709.0
151710.0
151730.0
151734.0
151735.0
151744.0
151749.0
151768.0
151770.0
151777.0
151778.0
151780.0
151794.0
151795.0
151806.0
151807.0
151816.0
151821.0
151823.0
151837.0
151838.0
151843.0
151844.0
151845.0
151853.0
151854.0
151855.0
151877.0
151878.0
151889.0
151894.0
151895.0
151910.0
151911.0
151914.0
151924.0
151925.0
151949.0
151950.0
151955.0
151957.0
151959.0
151960.0
151965.0
151966.0
151970.0
151971.0
151993.0
151995.0
152015.0
152017.0
152018.0
152022.0
152023.0
152032.0
152034.0
152037.0
152038.0
152039.0
152068.0
152070.0
152082.0
152084.0
152090.0
152093.0
152094.0
152095.0
152098.0
152099.0
152101.0
152105.0
152110.0
152135.0
152138.0
152140.0
152150.0
152165.0
152176.0
152179.0
152181.0
152195.0
152197.0
152199.0
152210.0
152211.0
152213.0
152214.0
152215.0
152216.0
152238.0
152248.0
152249.0
152253.0
152257.0
152260.0
152261.0
152263.0
152265.0
152274.0
152285.0
152312.0
152313.0
152318.0
152322.0
152323.0
152326.0
152330.0
152331.0
152353.0
152375.0
152378.0
152381.0
152392.0
152394.0
152397.0
152428.0
152430.0
152437.0
152454.0
152455.0
152456.0
152464.0
152469.0
152470.0
152497.0
152500.0
152502.0
152504.0
152516.0
152519.0
152521.0
152525.0
152526.0
152537.0
152542.0
152557.0
152570.0
152573.0
152597.0
152598.0
152608.0
152613.0
152615.0
152616.0
152618.0
152630.0
152634.0
152644.0
152645.0
152670.0
152675.0
152677.0
152680.0
152685.0
152690.0
152715.0
152735.0
152741.0
152742.0
152744.0
152756.0
152759.0
152760.0
152785.0
152790.0
152803.0
152810.0
152813.0
152824.0
152829.0
152871.0
152874.0
152875.0
152901.0
152907.0
152917.0
152924.0
152930.0
152934.0
152937.0
152958.0
152969.0
152974.0
152994.0
153029.0
153037.0
153040.0
153045.0
153046.0
153057.0
153058.0
153097.0
153102.0
153103.0
153112.0
153114.0
153117.0
153158.0
153162.0
153163.0
153164.0
153170.0
153174.0
153176.0
153178.0
153181.0
153185.0
153190.0
153230.0
153234.0
153240.0
153241.0
153245.0
153246.0
153256.0
153261.0
153277.0
153295.0
153318.0
153328.0
153329.0
153333.0
153354.0
153361.0
153389.0
153390.0
153395.0
153396.0
153397.0
153401.0
153406.0
153407.0
153410.0
153453.0
153461.0
153462.0
153472.0
153517.0
153524.0
153525.0
153530.0
153534.0
153544.0
153577.0
153586.0
153605.0
153606.0
153643.0
153650.0
153677.0
153678.0
153688.0
153710.0
153757.0
153776.0
153777.0
153818.0
153821.0
153822.0
153824.0
153833.0
153890.0
153893.0
153894.0
153904.0
153937.0
153952.0
153955.0
153966.0
153967.0
153976.0
153997.0
154037.0
154038.0
154049.0
154050.0
154070.0
154109.0
154117.0
154120.0
154130.0
154177.0
154183.0
154192.0
154242.0
154250.0
154253.0
154265.0
154295.0
154310.0
154325.0
154326.0
154336.0
154345.0
154357.0
154372.0
154374.0
154375.0
154377.0
154378.0
154379.0
154398.0
154407.0
154408.0
154413.0
154434.0
154438.0
154443.0
154451.0
154452.0
154469.0
154486.0
154487.0
154490.0
154519.0
154520.0
154532.0
154536.0
154554.0
154557.0
154576.0
154577.0
154585.0
154614.0
154623.0
154629.0
154652.0
154653.0
154675.0
154678.0
154680.0
154681.0
154702.0
154713.0
154728.0
154766.0
154769.0
154773.0
154774.0
154775.0
154784.0
154785.0
154794.0
154845.0
154846.0
154857.0
154886.0
154908.0
154912.0
154913.0
154914.0
154918.0
154919.0
154921.0
154922.0
154932.0
154944.0
154970.0
154973.0
154988.0
154989.0
155023.0
155034.0
155055.0
155061.0
155094.0
155118.0
155132.0
155133.0
155134.0
155153.0
155154.0
155156.0
155205.0
155206.0
155207.0
155267.0
155335.0
155347.0
155349.0
155350.0
155351.0
155352.0
155394.0
155421.0
155454.0
155493.0
155514.0
155566.0
155567.0
155634.0
155637.0
155651.0
155653.0
155664.0
155668.0
155669.0
155677.0
155678.0
155694.0
155695.0
155697.0
155709.0
155732.0
155733.0
155734.0
155736.0
155738.0
155739.0
155742.0
155743.0
155755.0
155758.0
155759.0
155761.0
155782.0
155793.0
155794.0
155796.0
155809.0
155810.0
155811.0
155813.0
155853.0
155854.0
155856.0
155858.0
155869.0
155874.0
155883.0
155884.0
155914.0
155917.0
155918.0
155920.0
155921.0
155925.0
155926.0
155929.0
155954.0
155958.0
155974.0
155977.0
155978.0
155983.0
155989.0
155992.0
155996.0
155999.0
156000.0
156001.0
156028.0
156029.0
156037.0
156050.0
156054.0
156064.0
156070.0
156088.0
156089.0
156091.0
156097.0
156098.0
156099.0
156110.0
156113.0
156114.0
156115.0
156125.0
156137.0
156156.0
156157.0
156169.0
156170.0
156172.0
156173.0
156174.0
156197.0
156203.0
156208.0
156214.0
156230.0
156233.0
156243.0
156244.0
156270.0
156274.0
156277.0
156278.0
156280.0
156290.0
156293.0
156313.0
156314.0
156334.0
156338.0
156341.0
156342.0
156353.0
156354.0
156357.0
156358.0
156388.0
156389.0
156410.0
156413.0
156414.0
156424.0
156429.0
156454.0
156457.0
156458.0
156459.0
156472.0
156474.0
156475.0
156477.0
156486.0
156496.0
156501.0
156507.0
156514.0
156517.0
156518.0
156529.0
156534.0
156558.0
156569.0
156573.0
156574.0
156576.0
156579.0
156583.0
156590.0
156594.0
156603.0
156604.0
156629.0
156642.0
156643.0
156644.0
156645.0
156673.0
156674.0
156694.0
156698.0
156702.0
156703.0
156712.0
156714.0
156716.0
156717.0
156748.0
156749.0
156759.0
156774.0
156775.0
156776.0
156777.0
156778.0
156779.0
156781.0
156785.0
156790.0
156816.0
156845.0
156846.0
156856.0
156861.0
156877.0
156894.0
156895.0
156897.0
156918.0
156919.0
156928.0
156933.0
156954.0
156989.0
156999.0
157002.0
157006.0
157010.0
157061.0
157062.0
157073.0
157074.0
157079.0
157080.0
157135.0
157144.0
157149.0
157177.0
157194.0
157198.0
157199.0
157201.0
157217.0
157221.0
157222.0
157237.0
157250.0
157268.0
157269.0
157270.0
157277.0
157278.0
157288.0
157293.0
157310.0
157314.0
157350.0
157351.0
157357.0
157360.0
157365.0
157370.0
157419.0
157421.0
157422.0
157424.0
157433.0
157434.0
157438.0
157439.0
157490.0
157493.0
157504.0
157508.0
157537.0
157553.0
157555.0
157566.0
157567.0
157576.0
157597.0
157638.0
157649.0
157650.0
157670.0
157709.0
157710.0
157720.0
157730.0
157777.0
157782.0
157783.0
157792.0
157838.0
157841.0
157843.0
157844.0
157853.0
157854.0
157866.0
157910.0
157925.0
157936.0
157957.0
157976.0
157977.0
157999.0
158008.0
158069.0
158082.0
158083.0
158090.0
158141.0
158142.0
158197.0
158212.0
158215.0
158216.0
158224.0
158228.0
158257.0
158285.0
158286.0
158297.0
158317.0
158330.0
158360.0
158361.0
158368.0
158369.0
158390.0
158430.0
158437.0
158439.0
158440.0
158445.0
158450.0
158451.0
158452.0
158459.0
158460.0
158461.0
158501.0
158502.0
158514.0
158518.0
158519.0
158520.0
158538.0
158556.0
158561.0
158570.0
158573.0
158588.0
158589.0
158595.0
158596.0
158625.0
158633.0
158634.0
158664.0
158665.0
158683.0
158694.0
158696.0
158698.0
158715.0
158716.0
158725.0
158734.0
158754.0
158795.0
158804.0
158805.0
158811.0
158864.0
158867.0
158868.0
158873.0
158874.0
158877.0
158928.0
158935.0
158938.0
158941.0
158949.0
158950.0
158951.0
159011.0
159020.0
159021.0
159037.0
159053.0
159054.0
159077.0
159092.0
159099.0
159104.0
159107.0
159109.0
159110.0
159130.0
159135.0
159145.0
159146.0
159147.0
159166.0
159167.0
159209.0
159212.0
159213.0
159233.0
159234.0
159237.0
159266.0
159274.0
159275.0
159293.0
159294.0
159309.0
159355.0
159358.0
159361.0
159382.0
159383.0
159453.0
159474.0
159525.0
159588.0
159591.0
159594.0
159597.0
159598.0
159649.0
159669.0
159713.0
159714.0
159740.0
159741.0
159757.0
159760.0
159761.0
159763.0
159764.0
159765.0
159770.0
159773.0
159774.0
159775.0
159797.0
159803.0
159809.0
159813.0
159814.0
159830.0
159833.0
159834.0
159844.0
159845.0
159869.0
159870.0
159875.0
159877.0
159879.0
159880.0
159884.0
159885.0
159892.0
159894.0
159895.0
159914.0
159934.0
159935.0
159937.0
159942.0
159946.0
159952.0
159957.0
159989.0
159990.0
159997.0
160005.0
160006.0
160010.0
160013.0
160014.0
160025.0
160029.0
160055.0
160059.0
160060.0
160067.0
160070.0
160085.0
160096.0
160100.0
160101.0
160107.0
160115.0
160116.0
160117.0
160119.0
160130.0
160133.0
160134.0
160135.0
160136.0
160137.0
160158.0
160168.0
160173.0
160178.0
160180.0
160181.0
160184.0
160185.0
160194.0
160198.0
160200.0
160204.0
160205.0
160229.0
160238.0
160241.0
160242.0
160244.0
160246.0
160250.0
160273.0
160275.0
160295.0
160297.0
160299.0
160301.0
160302.0
160312.0
160313.0
160314.0
160316.0
160317.0
160349.0
160350.0
160357.0
160372.0
160373.0
160374.0
160375.0
160384.0
160388.0
160389.0
160411.0
160414.0
160415.0
160417.0
160418.0
160420.0
160430.0
160435.0
160438.0
160441.0
160445.0
160461.0
160462.0
160470.0
160473.0
160475.0
160477.0
160490.0
160517.0
160528.0
160533.0
160535.0
160538.0
160550.0
160553.0
160554.0
160564.0
160590.0
160595.0
160597.0
160598.0
160600.0
160604.0
160605.0
160610.0
160635.0
160638.0
160655.0
160658.0
160661.0
160662.0
160663.0
160678.0
160679.0
160705.0
160709.0
160710.0
160730.0
160733.0
160734.0
160744.0
160749.0
160768.0
160770.0
160777.0
160779.0
160793.0
160794.0
160797.0
160806.0
160811.0
160816.0
160820.0
160821.0
160830.0
160837.0
160850.0
160853.0
160854.0
160877.0
160878.0
160889.0
160890.0
160894.0
160910.0
160913.0
160914.0
160925.0
160949.0
160955.0
160957.0
160963.0
160964.0
160965.0
160970.0
160995.0
161017.0
161022.0
161023.0
161032.0
161033.0
161034.0
161037.0
161081.0
161090.0
161093.0
161094.0
161096.0
161098.0
161099.0
161100.0
161105.0
161109.0
161115.0
161150.0
161165.0
161176.0
161181.0
161197.0
161212.0
161213.0
161214.0
161217.0
161238.0
161248.0
161252.0
161253.0
161274.0
161309.0
161310.0
161313.0
161314.0
161321.0
161326.0
161330.0
161371.0
161381.0
161382.0
161392.0
161393.0
161394.0
161396.0
161400.0
161437.0
161447.0
161449.0
161453.0
161454.0
161464.0
161468.0
161469.0
161496.0
161497.0
161505.0
161514.0
161518.0
161519.0
161521.0
161525.0
161542.0
161556.0
161557.0
161570.0
161597.0
161608.0
161613.0
161630.0
161633.0
161634.0
161670.0
161671.0
161677.0
161680.0
161690.0
161741.0
161753.0
161810.0
161813.0
161824.0
161856.0
161871.0
161874.0
161875.0
161877.0
161886.0
161896.0
161917.0
161957.0
161969.0
161970.0
161990.0
162029.0
162030.0
162040.0
162050.0
162096.0
162097.0
162103.0
162112.0
162163.0
162164.0
162173.0
162174.0
162185.0
162230.0
162245.0
162246.0
162256.0
162276.0
162277.0
162292.0
162295.0
162296.0
162318.0
162328.0
162389.0
162390.0
162397.0
162401.0
162402.0
162409.0
162456.0
162457.0
162461.0
162462.0
162472.0
162517.0
162535.0
162542.0
162544.0
162545.0
162546.0
162548.0
162549.0
162557.0
162558.0
162568.0
162576.0
162582.0
162590.0
162594.0
162596.0
162599.0
162600.0
162605.0
162617.0
162618.0
162621.0
162622.0
162642.0
162643.0
162650.0
162653.0
162667.0
162679.0
162693.0
162713.0
162714.0
162717.0
162718.0
162740.0
162764.0
162765.0
162794.0
162795.0
162806.0
162835.0
162838.0
162846.0
162865.0
162873.0
162874.0
162893.0
162894.0
162909.0
162918.0
162919.0
162948.0
162949.0
162953.0
162954.0
162981.0
162982.0
162983.0
162986.0
163016.0
163018.0
163020.0
163053.0
163054.0
163073.0
163074.0
163088.0
163108.0
163112.0
163124.0
163125.0
163153.0
163154.0
163157.0
163193.0
163194.0
163196.0
163197.0
163218.0
163223.0
163224.0
163245.0
163255.0
163258.0
163260.0
163305.0
163306.0
163307.0
163341.0
163342.0
163373.0
163375.0
163378.0
163413.0
163433.0
163434.0
163435.0
163436.0
163484.0
163485.0
163555.0
163558.0
163559.0
163628.0
163629.0
163673.0
163700.0
163701.0
163707.0
163724.0
163725.0
163774.0
163786.0
163840.0
163850.0
163874.0
163875.0
163878.0
163894.0
163898.0
163902.0
163903.0
163912.0
163913.0
163914.0
163917.0
163944.0
163948.0
163949.0
163964.0
163973.0
163974.0
163975.0
163978.0
163980.0
163985.0
163990.0
164014.0
164016.0
164018.0
164019.0
164033.0
164035.0
164045.0
164046.0
164056.0
164061.0
164075.0
164076.0
164077.0
164078.0
164080.0
164085.0
164093.0
164118.0
164128.0
164133.0
164150.0
164153.0
164154.0
164163.0
164164.0
164189.0
164201.0
164202.0
164205.0
164206.0
164207.0
164210.0
164233.0
164234.0
164254.0
164258.0
164261.0
164267.0
164268.0
164272.0
164276.0
164277.0
164304.0
164308.0
164309.0
164316.0
164317.0
164330.0
164333.0
164334.0
164335.0
164339.0
164344.0
164348.0
164349.0
164368.0
164375.0
164378.0
164379.0
164383.0
164405.0
164416.0
164421.0
164422.0
164436.0
164437.0
164449.0
164450.0
164453.0
164454.0
164477.0
164488.0
164492.0
164493.0
164494.0
164498.0
164501.0
164513.0
164514.0
164523.0
164524.0
164528.0
164529.0
164545.0
164549.0
164550.0
164556.0
164560.0
164565.0
164570.0
164594.0
164598.0
164608.0
164609.0
164618.0
164621.0
164622.0
164623.0
164633.0
164635.0
164638.0
164639.0
164664.0
164668.0
164669.0
164690.0
164693.0
164704.0
164708.0
164709.0
164734.0
164736.0
164737.0
164738.0
164739.0
164753.0
164757.0
164766.0
164776.0
164780.0
164781.0
164795.0
164796.0
164797.0
164799.0
164801.0
164803.0
164804.0
164805.0
164813.0
164814.0
164837.0
164849.0
164850.0
164854.0
164870.0
164873.0
164874.0
164883.0
164909.0
164910.0
164914.0
164918.0
164920.0
164924.0
164925.0
164930.0
164953.0
164954.0
164974.0
164976.0
164983.0
164992.0
164993.0
164996.0
164997.0
165029.0
165041.0
165042.0
165043.0
165053.0
165054.0
165058.0
165060.0
165065.0
165069.0
165070.0
165091.0
165110.0
165125.0
165136.0
165140.0
165141.0
165156.0
165173.0
165174.0
165176.0
165198.0
165199.0
165207.0
165208.0
165213.0
165233.0
165234.0
165269.0
165281.0
165282.0
165285.0
165286.0
165287.0
165290.0
165341.0
165347.0
165352.0
165357.0
165396.0
165397.0
165411.0
165413.0
165415.0
165424.0
165429.0
165456.0
165474.0
165475.0
165478.0
165480.0
165485.0
165497.0
165501.0
165502.0
165503.0
165516.0
165530.0
165557.0
165568.0
165573.0
165590.0
165593.0
165630.0
165636.0
165640.0
165644.0
165645.0
165701.0
165713.0
165770.0
165773.0
165784.0
165816.0
165831.0
165834.0
165837.0
165846.0
165847.0
165856.0
165877.0
165917.0
165929.0
165930.0
165949.0
165950.0
165989.0
165990.0
165991.0
166000.0
166010.0
166056.0
166062.0
166063.0
166072.0
166124.0
166133.0
166144.0
166189.0
166190.0
166205.0
166206.0
166216.0
166236.0
166250.0
166254.0
166256.0
166279.0
166288.0
166349.0
166361.0
166362.0
166363.0
166369.0
166370.0
166421.0
166431.0
166432.0
166476.0
166490.0
166494.0
166495.0
166496.0
166504.0
166536.0
166554.0
166565.0
166576.0
166585.0
166596.0
166610.0
166637.0
166638.0
166642.0
166647.0
166648.0
166653.0
166670.0
166673.0
166710.0
166711.0
166713.0
166714.0
166724.0
166725.0
166729.0
166730.0
166781.0
166785.0
166786.0
166798.0
166799.0
166800.0
166847.0
166856.0
166858.0
166861.0
166869.0
166898.0
166913.0
166928.0
166929.0
166940.0
166941.0
166972.0
166973.0
166976.0
166980.0
166992.0
166997.0
167000.0
167001.0
167003.0
167014.0
167033.0
167073.0
167084.0
167085.0
167145.0
167146.0
167153.0
167157.0
167177.0
167207.0
167214.0
167217.0
167218.0
167219.0
167220.0
167228.0
167229.0
167230.0
167289.0
167290.0
167301.0
167307.0
167320.0
167333.0
167359.0
167360.0
167372.0
167373.0
167387.0
167388.0
167394.0
167396.0
167398.0
167419.0
167424.0
167433.0
167445.0
167446.0
167447.0
167506.0
167507.0
167508.0
167516.0
167517.0
167573.0
167589.0
167634.0
167635.0
167638.0
167640.0
167661.0
167662.0
167732.0
167733.0
167753.0
167805.0
167874.0
167878.0
167879.0
167938.0
167949.0
167966.0
167967.0
167973.0
167974.0
167975.0
167978.0
167979.0
167993.0
167994.0
168021.0
168024.0
168036.0
168038.0
168039.0
168041.0
168042.0
168043.0
168053.0
168054.0
168077.0
168078.0
168084.0
168098.0
168099.0
168100.0
168123.0
168124.0
168128.0
168129.0
168136.0
168137.0
168152.0
168153.0
168154.0
168157.0
168158.0
168165.0
168193.0
168194.0
168197.0
168210.0
168211.0
168212.0
168218.0
168246.0
168257.0
168268.0
168269.0
168270.0
168277.0
168278.0
168299.0
168310.0
168317.0
168318.0
168329.0
168330.0
168339.0
168340.0
168344.0
168345.0
168346.0
168376.0
168377.0
168379.0
168380.0
168390.0
168394.0
168395.0
168403.0
168404.0
168410.0
168414.0
168426.0
168440.0
168443.0
168445.0
168448.0
168451.0
168460.0
168461.0
168464.0
168468.0
168484.0
168485.0
168510.0
168511.0
168514.0
168515.0
168521.0
168529.0
168543.0
168544.0
168554.0
168555.0
168559.0
168573.0
168574.0
168575.0
168579.0
168581.0
168590.0
168592.0
168601.0
168602.0
168603.0
168625.0
168629.0
168630.0
168633.0
168634.0
168650.0
168651.0
168662.0
168675.0
168676.0
168683.0
168693.0
168694.0
168699.0
168700.0
168701.0
168704.0
168709.0
168713.0
168714.0
168723.0
168725.0
168726.0
168737.0
168745.0
168747.0
168748.0
168749.0
168755.0
168770.0
168774.0
168784.0
168807.0
168808.0
168809.0
168814.0
168815.0
168819.0
168829.0
168844.0
168845.0
168846.0
168863.0
168870.0
168875.0
168879.0
168880.0
168885.0
168889.0
168905.0
168920.0
168950.0
168954.0
168957.0
168958.0
168962.0
168966.0
168974.0
168975.0
168979.0
169011.0
169013.0
169022.0
169023.0
169024.0
169027.0
169028.0
169029.0
169034.0
169035.0
169086.0
169087.0
169088.0
169100.0
169112.0
169113.0
169119.0
169144.0
169145.0
169147.0
169149.0
169157.0
169168.0
169170.0
169173.0
169174.0
169185.0
169202.0
169219.0
169228.0
169229.0
169239.0
169240.0
169245.0
169261.0
169266.0
169302.0
169311.0
169312.0
169317.0
169326.0
169373.0
169374.0
169383.0
169391.0
169394.0
169395.0
169435.0
169445.0
169449.0
169456.0
169460.0
169461.0
169479.0
169507.0
169516.0
169517.0
169523.0
169527.0
169528.0
169533.0
169550.0
169551.0
169568.0
169589.0
169599.0
169600.0
169605.0
169606.0
169622.0
169623.0
169629.0
169630.0
169661.0
169671.0
169672.0
169676.0
169677.0
169684.0
169689.0
169698.0
169699.0
169710.0
169732.0
169743.0
169745.0
169748.0
169749.0
169750.0
169762.0
169763.0
169805.0
169809.0
169810.0
169815.0
169816.0
169823.0
169843.0
169869.0
169870.0
169878.0
169883.0
169887.0
169888.0
169922.0
169929.0
169943.0
169949.0
169960.0
169961.0
170021.0
170050.0
170051.0
170062.0
170063.0
170094.0
170109.0
170123.0
170132.0
170184.0
170190.0
170191.0
170234.0
170243.0
170250.0
170265.0
170289.0
170290.0
170319.0
170323.0
170324.0
170325.0
170351.0
170367.0
170383.0
170384.0
170392.0
170423.0
170452.0
170453.0
170463.0
170464.0
170472.0
170484.0
170526.0
170535.0
170596.0
170597.0
170598.0
170603.0
170605.0
170669.0
170675.0
170680.0
170706.0
170709.0
170719.0
170726.0
170730.0
170732.0
170742.0
170744.0
170745.0
170751.0
170752.0
170757.0
170788.0
170812.0
170813.0
170817.0
170818.0
170827.0
170829.0
170830.0
170842.0
170843.0
170852.0
170853.0
170882.0
170883.0
170885.0
170889.0
170901.0
170903.0
170907.0
170909.0
170931.0
170961.0
170962.0
170972.0
170973.0
171031.0
171033.0
171034.0
171036.0
171045.0
171046.0
171071.0
171078.0
171082.0
171105.0
171117.0
171119.0
171137.0
171146.0
171147.0
171176.0
171177.0
171189.0
171196.0
171204.0
171207.0
171248.0
171249.0
171261.0
171262.0
171277.0
171279.0
171291.0
171302.0
171321.0
171326.0
171327.0
171332.0
171333.0
171382.0
171383.0
171386.0
171387.0
171405.0
171441.0
171442.0
171450.0
171451.0
171452.0
171477.0
171478.0
171503.0
171509.0
171549.0
171552.0
171562.0
171565.0
171591.0
171612.0
171613.0
171621.0
171622.0
171623.0
171683.0
171686.0
171687.0
171688.0
171693.0
171694.0
171764.0
171765.0
171801.0
171802.0
171836.0
171837.0
171838.0
171862.0
171923.0
171981.0
171982.0
172030.0
172039.0
172040.0
172042.0
172043.0
172047.0
172048.0
172053.0
172054.0
172083.0
172085.0
172099.0
172103.0
172104.0
172107.0
172108.0
172109.0
172120.0
172125.0
172126.0
172146.0
172148.0
172149.0
172153.0
172154.0
172157.0
172158.0
172181.0
172191.0
172192.0
172197.0
172208.0
172209.0
172219.0
172220.0
172223.0
172228.0
172230.0
172253.0
172254.0
172263.0
172264.0
172269.0
172271.0
172274.0
172279.0
172298.0
172300.0
172324.0
172325.0
172329.0
172333.0
172341.0
172342.0
172343.0
172344.0
172369.0
172370.0
172373.0
172383.0
172384.0
172386.0
172397.0
172398.0
172403.0
172407.0
172408.0
172413.0
172443.0
172444.0
172461.0
172462.0
172464.0
172469.0
172470.0
172479.0
172481.0
172485.0
172492.0
172506.0
172508.0
172510.0
172513.0
172515.0
172518.0
172519.0
172523.0
172541.0
172552.0
172557.0
172558.0
172566.0
172583.0
172588.0
172589.0
172613.0
172623.0
172624.0
172625.0
172639.0
172658.0
172659.0
172683.0
172684.0
172685.0
172686.0
172695.0
172696.0
172699.0
172700.0
172701.0
172702.0
172733.0
172734.0
172743.0
172745.0
172750.0
172752.0
172756.0
172757.0
172758.0
172764.0
172766.0
172767.0
172768.0
172769.0
172773.0
172774.0
172803.0
172804.0
172819.0
172823.0
172828.0
172829.0
172839.0
172844.0
172845.0
172863.0
172864.0
172873.0
172874.0
172883.0
172885.0
172896.0
172901.0
172902.0
172911.0
172916.0
172917.0
172918.0
172927.0
172928.0
172929.0
172933.0
172943.0
172948.0
172949.0
172957.0
172973.0
172989.0
172990.0
173003.0
173018.0
173019.0
173029.0
173043.0
173044.0
173045.0
173048.0
173055.0
173056.0
173060.0
173062.0
173089.0
173090.0
173093.0
173115.0
173117.0
173123.0
173133.0
173164.0
173175.0
173176.0
173184.0
173185.0
173187.0
173188.0
173189.0
173205.0
173206.0
173224.0
173234.0
173249.0
173254.0
173255.0
173277.0
173309.0
173315.0
173316.0
173333.0
173335.0
173348.0
173349.0
173379.0
173381.0
173387.0
173388.0
173394.0
173406.0
173420.0
173421.0
173449.0
173465.0
173467.0
173468.0
173492.0
173493.0
173496.0
173513.0
173524.0
173525.0
173526.0
173538.0
173539.0
173553.0
173585.0
173587.0
173589.0
173599.0
173612.0
173613.0
173620.0
173622.0
173629.0
173643.0
173645.0
173659.0
173691.0
173692.0
173706.0
173719.0
173735.0
173736.0
173751.0
173753.0
173754.0
173756.0
173772.0
173775.0
173776.0
173779.0
173813.0
173814.0
173817.0
173818.0
173819.0
173839.0
173843.0
173844.0
173848.0
173849.0
173850.0
173869.0
173909.0
173910.0
173919.0
173920.0
173976.0
173982.0
173983.0
173991.0
173992.0
174024.0
174043.0
174044.0
174053.0
174065.0
174069.0
174095.0
174096.0
174109.0
174125.0
174135.0
174136.0
174157.0
174197.0
174198.0
174203.0
174207.0
174208.0
174229.0
174269.0
174280.0
174281.0
174282.0
174340.0
174341.0
174351.0
174396.0
174410.0
174414.0
174415.0
174423.0
174456.0
174484.0
174485.0
174496.0
174497.0
174529.0
174557.0
174567.0
174568.0
174589.0
174623.0
174630.0
174639.0
174640.0
174700.0
174701.0
174756.0
174764.0
174767.0
174773.0
174797.0
174798.0
174799.0
174828.0
174830.0
174833.0
174836.0
174855.0
174860.0
174861.0
174887.0
174888.0
174893.0
174895.0
174897.0
174898.0
174899.0
174918.0
174926.0
174932.0
174933.0
174934.0
174935.0
174947.0
174948.0
174950.0
174957.0
174958.0
174988.0
174989.0
175004.0
175005.0
175008.0
175060.0
175061.0
175067.0
175068.0
175077.0
175108.0
175129.0
175135.0
175137.0
175138.0
175140.0
175149.0
175163.0
175201.0
175202.0
175211.0
175223.0
175236.0
175242.0
175261.0
175262.0
175281.0
175282.0
175293.0
175308.0
175341.0
175354.0
175355.0
175356.0
175402.0
175403.0
175423.0
175426.0
175427.0
175431.0
175432.0
175461.0
175469.0
175498.0
175499.0
175520.0
175521.0
175522.0
175532.0
175533.0
175551.0
175555.0
175557.0
175570.0
175581.0
175586.0
175593.0
175594.0
175597.0
175599.0
175643.0
175652.0
175653.0
175712.0
175713.0
175718.0
175719.0
175720.0
175724.0
175725.0
175772.0
175773.0
175797.0
175833.0
175834.0
175837.0
175838.0
175840.0
175869.0
175870.0
175895.0
175940.0
175941.0
176012.0
176013.0
176086.0
176087.0
176131.0
176141.0
176146.0
176147.0
176151.0
176152.0
176157.0
176163.0
176164.0
176174.0
176175.0
176178.0
176210.0
176213.0
176214.0
176224.0
176228.0
176229.0
176243.0
176244.0
176248.0
176252.0
176253.0
176255.0
176256.0
176279.0
176280.0
176283.0
176284.0
176285.0
176302.0
176309.0
176313.0
176314.0
176315.0
176343.0
176344.0
176345.0
176346.0
176353.0
176354.0
176373.0
176376.0
176389.0
176403.0
176404.0
176405.0
176406.0
176413.0
176414.0
176417.0
176419.0
176435.0
176444.0
176445.0
176449.0
176466.0
176468.0
176469.0
176474.0
176478.0
176479.0
176496.0
176509.0
176517.0
176518.0
176533.0
176534.0
176538.0
176539.0
176548.0
176549.0
176555.0
176556.0
176588.0
176589.0
176593.0
176602.0
176612.0
176613.0
176615.0
176616.0
176618.0
176619.0
176629.0
176635.0
176636.0
176656.0
176657.0
176658.0
176659.0
176663.0
176680.0
176683.0
176689.0
176693.0
176694.0
176717.0
176718.0
176719.0
176749.0
176753.0
176763.0
176764.0
176768.0
176769.0
176783.0
176793.0
176800.0
176801.0
176810.0
176813.0
176815.0
176833.0
176834.0
176839.0
176840.0
176843.0
176853.0
176859.0
176898.0
176899.0
176906.0
176909.0
176910.0
176921.0
176922.0
176923.0
176926.0
176933.0
176934.0
176969.0
176970.0
176979.0
176980.0
176986.0
176987.0
176992.0
176993.0
177002.0
177043.0
177053.0
177054.0
177055.0
177056.0
177070.0
177073.0
177074.0
177075.0
177115.0
177118.0
177120.0
177124.0
177125.0
177127.0
177130.0
177131.0
177135.0
177139.0
177142.0
177143.0
177144.0
177176.0
177177.0
177189.0
177190.0
177194.0
177195.0
177203.0
177204.0
177230.0
177237.0
177238.0
177245.0
177260.0
177264.0
177265.0
177270.0
177290.0
177291.0
177296.0
177297.0
177323.0
177340.0
177359.0
177360.0
177365.0
177366.0
177379.0
177425.0
177439.0
177440.0
177450.0
177465.0
177466.0
177480.0
177485.0
177499.0
177508.0
177521.0
177524.0
177559.0
177564.0
177568.0
177569.0
177582.0
177584.0
177591.0
177619.0
177626.0
177627.0
177653.0
177654.0
177663.0
177664.0
177682.0
177683.0
177715.0
177724.0
177725.0
177727.0
177730.0
177736.0
177743.0
177769.0
177770.0
177773.0
177796.0
177797.0
177802.0
177803.0
177807.0
177808.0
177819.0
177827.0
177828.0
177863.0
177870.0
177879.0
177880.0
177887.0
177888.0
177894.0
177922.0
177941.0
177952.0
177953.0
177958.0
177959.0
178012.0
178013.0
178014.0
178023.0
178024.0
178085.0
178086.0
178087.0
178095.0
178096.0
178147.0
178150.0
178157.0
178168.0
178219.0
178229.0
178239.0
178283.0
178286.0
178301.0
178302.0
178311.0
178372.0
178373.0
178384.0
178385.0
178444.0
178445.0
178446.0
178456.0
178505.0
178518.0
178519.0
178527.0
178570.0
178572.0
178579.0
178589.0
178600.0
178601.0
178639.0
178659.0
178660.0
178661.0
178671.0
178672.0
178700.0
178703.0
178704.0
178733.0
178734.0
178743.0
178744.0
178792.0
178793.0
178804.0
178805.0
178806.0
178807.0
178810.0
178812.0
178816.0
178817.0
178877.0
178899.0
178914.0
178942.0
178943.0
178950.0
178953.0
178964.0
178965.0
178996.0
179003.0
179005.0
179007.0
179009.0
179020.0
179021.0
179024.0
179025.0
179026.0
179031.0
179032.0
179036.0
179037.0
179038.0
179064.0
179091.0
179093.0
179096.0
179109.0
179111.0
179112.0
179120.0
179139.0
179151.0
179152.0
179169.0
179170.0
179180.0
179181.0
179211.0
179241.0
179242.0
179247.0
179248.0
179250.0
179253.0
179254.0
179260.0
179318.0
179319.0
179320.0
179324.0
179325.0
179336.0
179347.0
179384.0
179396.0
179397.0
179406.0
179415.0
179424.0
179425.0
179428.0
179447.0
179455.0
179458.0
179461.0
179462.0
179463.0
179469.0
179470.0
179519.0
179520.0
179530.0
179531.0
179540.0
179541.0
179570.0
179571.0
179601.0
179602.0
179603.0
179613.0
179637.0
179642.0
179672.0
179673.0
179685.0
179686.0
179687.0
179722.0
179723.0
179747.0
179756.0
179757.0
179777.0
179817.0
179828.0
179829.0
179837.0
179901.0
179902.0
179903.0
179962.0
179963.0
179972.0
179973.0
180023.0
180044.0
180045.0
180087.0
180089.0
180116.0
180117.0
180118.0
180176.0
180188.0
180189.0
180220.0
180245.0
180246.0
180255.0
180256.0
180260.0
180261.0
180282.0
180283.0
180285.0
180287.0
180293.0
180295.0
180306.0
180307.0
180310.0
180312.0
180316.0
180317.0
180323.0
180327.0
180328.0
180329.0
180331.0
180333.0
180334.0
180343.0
180345.0
180363.0
180364.0
180378.0
180379.0
180389.0
180399.0
180400.0
180405.0
180418.0
180423.0
180425.0
180428.0
180433.0
180435.0
180443.0
180458.0
180460.0
180471.0
180476.0
180477.0
180508.0
180510.0
180532.0
180543.0
180544.0
180545.0
180550.0
180578.0
180579.0
180580.0
180604.0
180605.0
180611.0
180615.0
180620.0
180621.0
180650.0
180653.0
180665.0
180678.0
180679.0
180682.0
180683.0
180688.0
180692.0
180693.0
180719.0
180723.0
180724.0
180725.0
180738.0
180739.0
180744.0
180747.0
180748.0
180749.0
180760.0
180761.0
180765.0
180768.0
180769.0
180783.0
180784.0
180788.0
180793.0
180795.0
180798.0
180799.0
180820.0
180821.0
180822.0
180831.0
180836.0
180837.0
180843.0
180844.0
180852.0
180853.0
180868.0
180869.0
180894.0
180895.0
180903.0
180906.0
180907.0
180908.0
180909.0
180910.0
180938.0
180939.0
180955.0
180964.0
180965.0
180970.0
180971.0
180972.0
180977.0
180983.0
180998.0
180999.0
181009.0
181013.0
181036.0
181037.0
181042.0
181047.0
181052.0
181053.0
181059.0
181073.0
181083.0
181084.0
181100.0
181102.0
181103.0
181105.0
181110.0
181120.0
181124.0
181125.0
181146.0
181148.0
181151.0
181153.0
181154.0
181155.0
181156.0
181157.0
181158.0
181180.0
181181.0
181187.0
181195.0
181197.0
181198.0
181199.0
181207.0
181228.0
181229.0
181239.0
181243.0
181253.0
181257.0
181259.0
181267.0
181268.0
181269.0
181280.0
181281.0
181298.0
181299.0
181317.0
181329.0
181335.0
181336.0
181340.0
181341.0
181374.0
181389.0
181390.0
181401.0
181402.0
181403.0
181407.0
181408.0
181409.0
181413.0
181414.0
181434.0
181444.0
181450.0
181451.0
181465.0
181469.0
181484.0
181485.0
181495.0
181496.0
181497.0
181519.0
181522.0
181541.0
181557.0
181580.0
181585.0
181614.0
181616.0
181620.0
181629.0
181632.0
181633.0
181644.0
181645.0
181650.0
181651.0
181684.0
181704.0
181705.0
181706.0
181707.0
181713.0
181725.0
181731.0
181734.0
181745.0
181748.0
181750.0
181755.0
181772.0
181773.0
181783.0
181784.0
181785.0
181791.0
181792.0
181795.0
181824.0
181826.0
181845.0
181846.0
181864.0
181867.0
181868.0
181910.0
181924.0
181925.0
181929.0
181971.0
181987.0
182000.0
182017.0
182019.0
182020.0
182043.0
182049.0
182053.0
182073.0
182074.0
182081.0
182082.0
182088.0
182090.0
182091.0
182104.0
182140.0
182141.0
182151.0
182153.0
182200.0
182215.0
182224.0
182225.0
182226.0
182272.0
182273.0
182274.0
182285.0
182333.0
182334.0
182343.0
182358.0
182359.0
182365.0
182406.0
182416.0
182423.0
182477.0
182484.0
182487.0
182488.0
182491.0
182498.0
182544.0
182548.0
182549.0
182556.0
182557.0
182559.0
182605.0
182621.0
182622.0
182624.0
182631.0
182676.0
182678.0
182692.0
182693.0
182703.0
182704.0
182735.0
182739.0
182764.0
182765.0
182775.0
182809.0
182847.0
182848.0
182855.0
182868.0
182869.0
182908.0
182919.0
182920.0
182928.0
182929.0
182981.0
182988.0
182991.0
182992.0
183033.0
183037.0
183043.0
183049.0
183052.0
183053.0
183062.0
183063.0
183068.0
183069.0
183093.0
183097.0
183113.0
183124.0
183125.0
183140.0
183141.0
183156.0
183170.0
183172.0
183173.0
183181.0
183212.0
183213.0
183229.0
183230.0
183232.0
183233.0
183242.0
183273.0
183284.0
183285.0
183292.0
183302.0
183333.0
183356.0
183357.0
183362.0
183382.0
183393.0
183428.0
183429.0
183444.0
183474.0
183485.0
183500.0
183501.0
183502.0
183503.0
183508.0
183509.0
183514.0
183532.0
183534.0
183557.0
183562.0
183563.0
183564.0
183573.0
183574.0
183576.0
183618.0
183620.0
183639.0
183640.0
183641.0
183644.0
183645.0
183656.0
183677.0
183706.0
183707.0
183716.0
183717.0
183737.0
183762.0
183780.0
183782.0
183783.0
183787.0
183789.0
183790.0
183793.0
183796.0
183799.0
183800.0
183850.0
183853.0
183860.0
183861.0
183870.0
183915.0
183916.0
183920.0
183921.0
183932.0
183933.0
183984.0
183986.0
183987.0
183988.0
184005.0
184006.0
184077.0
184102.0
184148.0
184149.0
184158.0
184159.0
184220.0
184221.0
184222.0
184292.0
184293.0
184321.0
184323.0
184324.0
184335.0
184336.0
184337.0
184338.0
184340.0
184349.0
184355.0
184357.0
184358.0
184359.0
184364.0
184365.0
184382.0
184393.0
184394.0
184397.0
184398.0
184403.0
184406.0
184407.0
184408.0
184420.0
184421.0
184432.0
184437.0
184438.0
184439.0
184443.0
184445.0
184454.0
184468.0
184469.0
184479.0
184482.0
184492.0
184493.0
184498.0
184499.0
184502.0
184505.0
184508.0
184509.0
184515.0
184517.0
184518.0
184538.0
184539.0
184558.0
184559.0
184565.0
184566.0
184575.0
184578.0
184579.0
184581.0
184608.0
184613.0
184614.0
184621.0
184623.0
184624.0
184638.0
184639.0
184642.0
184643.0
184644.0
184648.0
184653.0
184654.0
184683.0
184684.0
184698.0
184701.0
184709.0
184724.0
184731.0
184743.0
184744.0
184745.0
184753.0
184754.0
184755.0
184757.0
184758.0
184759.0
184781.0
184782.0
184796.0
184797.0
184800.0
184805.0
184809.0
184811.0
184813.0
184815.0
184816.0
184819.0
184828.0
184829.0
184850.0
184851.0
184862.0
184869.0
184871.0
184876.0
184878.0
184882.0
184883.0
184898.0
184899.0
184909.0
184923.0
184924.0
184927.0
184931.0
184934.0
184942.0
184969.0
184973.0
184979.0
184983.0
184984.0
184985.0
184996.0
185002.0
185003.0
185005.0
185012.0
185013.0
185029.0
185042.0
185043.0
185044.0
185060.0
185061.0
185062.0
185063.0
185064.0
185076.0
185078.0
185085.0
185086.0
185089.0
185102.0
185103.0
185113.0
185114.0
185119.0
185120.0
185139.0
185151.0
185158.0
185159.0
185163.0
185176.0
185177.0
185180.0
185182.0
185183.0
185184.0
185188.0
185189.0
185211.0
185223.0
185224.0
185226.0
185229.0
185234.0
185238.0
185255.0
185259.0
185260.0
185284.0
185285.0
185288.0
185289.0
185295.0
185296.0
185300.0
185306.0
185307.0
185310.0
185330.0
185334.0
185339.0
185340.0
185346.0
185347.0
185357.0
185364.0
185367.0
185368.0
185388.0
185399.0
185400.0
185404.0
185405.0
185406.0
185407.0
185410.0
185425.0
185428.0
185429.0
185430.0
185439.0
185440.0
185442.0
185443.0
185465.0
185466.0
185467.0
185475.0
185482.0
185485.0
185486.0
185500.0
185501.0
185512.0
185514.0
185515.0
185525.0
185527.0
185528.0
185544.0
185550.0
185573.0
185583.0
185588.0
185589.0
185611.0
185614.0
185620.0
185644.0
185646.0
185652.0
185655.0
185660.0
185661.0
185692.0
185693.0
185712.0
185715.0
185716.0
185717.0
185728.0
185730.0
185732.0
185733.0
185734.0
185735.0
185744.0
185772.0
185785.0
185788.0
185789.0
185799.0
185805.0
185835.0
185848.0
185850.0
185861.0
185862.0
185871.0
185876.0
185877.0
185905.0
185906.0
185919.0
185922.0
185924.0
185933.0
185944.0
185949.0
185950.0
185968.0
185969.0
185975.0
186004.0
186015.0
186020.0
186021.0
186048.0
186077.0
186078.0
186087.0
186088.0
186089.0
186092.0
186093.0
186108.0
186109.0
186148.0
186149.0
186152.0
186153.0
186154.0
186155.0
186160.0
186165.0
186166.0
186211.0
186220.0
186221.0
186231.0
186275.0
186284.0
186287.0
186289.0
186294.0
186303.0
186335.0
186345.0
186364.0
186365.0
186377.0
186408.0
186409.0
186436.0
186437.0
186447.0
186468.0
186510.0
186511.0
186515.0
186519.0
186520.0
186571.0
186576.0
186580.0
186582.0
186592.0
186652.0
186653.0
186663.0
186695.0
186713.0
186714.0
186725.0
186726.0
186735.0
186796.0
186797.0
186808.0
186809.0
186828.0
186868.0
186869.0
186870.0
186879.0
186935.0
186942.0
186943.0
186951.0
186999.0
187000.0
187002.0
187003.0
187012.0
187013.0
187024.0
187068.0
187084.0
187085.0
187095.0
187104.0
187107.0
187129.0
187132.0
187133.0
187137.0
187157.0
187158.0
187161.0
187162.0
187172.0
187173.0
187228.0
187229.0
187234.0
187245.0
187246.0
187247.0
187307.0
187316.0
187317.0
187347.0
187372.0
187377.0
187378.0
187388.0
187389.0
187408.0
187419.0
187434.0
187437.0
187439.0
187449.0
187450.0
187454.0
187459.0
187461.0
187462.0
187522.0
187523.0
187532.0
187533.0
187543.0
187544.0
187573.0
187593.0
187604.0
187607.0
187661.0
187665.0
187667.0
187677.0
187678.0
187679.0
187723.0
187728.0
187738.0
187739.0
187748.0
187749.0
187771.0
187792.0
187808.0
187809.0
187810.0
187821.0
187847.0
187852.0
187854.0
187873.0
187879.0
187880.0
187881.0
187885.0
187893.0
187894.0
187962.0
187964.0
187965.0
188025.0
188026.0
188032.0
188036.0
188037.0
188094.0
188097.0
188099.0
188109.0
188180.0
188181.0
188213.0
188243.0
188252.0
188253.0
188314.0
188324.0
188325.0
188391.0
188420.0
188422.0
188423.0
188425.0
188428.0
188430.0
188451.0
188452.0
188453.0
188463.0
188469.0
188470.0
188478.0
188482.0
188486.0
188488.0
188490.0
188500.0
188503.0
188512.0
188524.0
188525.0
188526.0
188535.0
188545.0
188548.0
188570.0
188571.0
188573.0
188596.0
188597.0
188602.0
188603.0
188607.0
188608.0
188613.0
188615.0
188630.0
188631.0
188645.0
188662.0
188668.0
188669.0
188673.0
188675.0
188679.0
188690.0
188691.0
188705.0
188715.0
188718.0
188723.0
188727.0
188728.0
188729.0
188740.0
188741.0
188752.0
188753.0
188757.0
188765.0
188782.0
188785.0
188788.0
188790.0
188812.0
188813.0
188823.0
188828.0
188829.0
188838.0
188853.0
188855.0
188858.0
188860.0
188885.0
188886.0
188887.0
188895.0
188900.0
188901.0
188906.0
188907.0
188917.0
188918.0
188920.0
188923.0
188933.0
188935.0
188946.0
188949.0
188950.0
188952.0
188956.0
188957.0
188963.0
188968.0
188972.0
188973.0
189003.0
189005.0
189018.0
189028.0
189033.0
189035.0
189039.0
189044.0
189045.0
189064.0
189065.0
189069.0
189073.0
189075.0
189077.0
189078.0
189083.0
189085.0
189102.0
189111.0
189116.0
189117.0
189135.0
189140.0
189142.0
189148.0
189149.0
189150.0
189172.0
189173.0
189184.0
189185.0
189190.0
189191.0
189198.0
189213.0
189215.0
189216.0
189217.0
189244.0
189255.0
189260.0
189261.0
189273.0
189274.0
189303.0
189305.0
189317.0
189318.0
189322.0
189327.0
189332.0
189334.0
189335.0
189366.0
189369.0
189372.0
189387.0
189388.0
189389.0
189393.0
189395.0
189400.0
189406.0
189423.0
189424.0
189425.0
189438.0
189444.0
189453.0
189455.0
189460.0
189471.0
189476.0
189477.0
189483.0
189485.0
189502.0
189503.0
189513.0
189515.0
189533.0
189534.0
189543.0
189548.0
189549.0
189579.0
189580.0
189589.0
189591.0
189604.0
189605.0
189616.0
189622.0
189623.0
189646.0
189649.0
189676.0
189687.0
189692.0
189693.0
189708.0
189719.0
189722.0
189742.0
189750.0
189760.0
189764.0
189765.0
189780.0
189785.0
189803.0
189807.0
189808.0
189809.0
189820.0
189821.0
189826.0
189829.0
189832.0
189837.0
189838.0
189841.0
189887.0
189893.0
189903.0
189908.0
189909.0
189918.0
189962.0
189964.0
189965.0
189975.0
189980.0
189981.0
190020.0
190022.0
190027.0
190028.0
190032.0
190036.0
190048.0
190053.0
190054.0
190084.0
190098.0
190108.0
190109.0
190119.0
190124.0
190125.0
190145.0
190159.0
190163.0
190165.0
190182.0
190191.0
190192.0
190197.0
190222.0
190252.0
190253.0
190262.0
190264.0
190265.0
190267.0
190269.0
190278.0
190324.0
190325.0
190335.0
190385.0
190398.0
190399.0
190407.0
190445.0
190449.0
190451.0
190468.0
190469.0
190480.0
190518.0
190540.0
190541.0
190550.0
190551.0
190583.0
190613.0
190614.0
190622.0
190623.0
190684.0
190685.0
190689.0
190690.0
190691.0
190696.0
190756.0
190757.0
190767.0
190804.0
190819.0
190822.0
190829.0
190830.0
190839.0
190861.0
190900.0
190901.0
190921.0
190922.0
190929.0
190938.0
190972.0
190983.0
190989.0
190994.0
190995.0
191010.0
191011.0
191049.0
191054.0
191055.0
191063.0
191109.0
191110.0
191116.0
191123.0
191127.0
191169.0
191182.0
191183.0
191188.0
191199.0
191215.0
191229.0
191242.0
191243.0
191245.0
191260.0
191261.0
191262.0
191273.0
191276.0
191277.0
191297.0
191298.0
191299.0
191303.0
191306.0
191309.0
191315.0
191332.0
191334.0
191335.0
191338.0
191359.0
191362.0
191363.0
191410.0
191411.0
191412.0
191420.0
191421.0
191427.0
191481.0
191487.0
191490.0
191492.0
191493.0
191523.0
191536.0
191547.0
191553.0
191554.0
191564.0
191565.0
191607.0
191626.0
191627.0
191636.0
191637.0
191657.0
191667.0
191690.0
191698.0
191699.0
191708.0
191709.0
191717.0
191722.0
191723.0
191726.0
191748.0
191753.0
191770.0
191782.0
191787.0
191842.0
191843.0
191847.0
191852.0
191853.0
191883.0
191907.0
191913.0
191914.0
191924.0
191925.0
191956.0
191963.0
191967.0
191968.0
191985.0
191986.0
191989.0
191993.0
191996.0
191997.0
192027.0
192057.0
192058.0
192068.0
192069.0
192129.0
192130.0
192147.0
192207.0
192220.0
192221.0
192267.0
192284.0
192285.0
192352.0
192356.0
192357.0
192414.0
192416.0
192418.0
192429.0
192430.0
192500.0
192501.0
192506.0
192507.0
192529.0
192533.0
192549.0
192552.0
192556.0
192557.0
192562.0
192563.0
192567.0
192568.0
192572.0
192573.0
192603.0
192604.0
192608.0
192614.0
192625.0
192628.0
192630.0
192631.0
192640.0
192644.0
192645.0
192668.0
192669.0
192673.0
192675.0
192690.0
192700.0
192701.0
192711.0
192716.0
192717.0
192728.0
192729.0
192744.0
192746.0
192748.0
192760.0
192773.0
192782.0
192783.0
192784.0
192785.0
192788.0
192789.0
192807.0
192818.0
192819.0
192845.0
192848.0
192849.0
192855.0
192856.0
192861.0
192863.0
192889.0
192893.0
192908.0
192909.0
192915.0
192916.0
192926.0
192927.0
192929.0
192932.0
192933.0
192969.0
192989.0
192990.0
192999.0
193004.0
193005.0
193028.0
193029.0
193030.0
193043.0
193044.0
193047.0
193049.0
193051.0
193052.0
193060.0
193071.0
193072.0
193077.0
193078.0
193088.0
193089.0
193102.0
193103.0
193104.0
193107.0
193108.0
193109.0
193132.0
193133.0
193148.0
193149.0
193150.0
193163.0
193167.0
193173.0
193174.0
193178.0
193179.0
193186.0
193205.0
193210.0
193220.0
193221.0
193222.0
193223.0
193236.0
193238.0
193239.0
193253.0
193254.0
193266.0
193267.0
193283.0
193293.0
193294.0
193319.0
193323.0
193324.0
193326.0
193328.0
193329.0
193353.0
193354.0
193364.0
193365.0
193384.0
193389.0
193393.0
193394.0
193407.0
193414.0
193415.0
193424.0
193425.0
193428.0
193436.0
193437.0
193453.0
193454.0
193459.0
193467.0
193468.0
193469.0
193474.0
193475.0
193485.0
193487.0
193488.0
193509.0
193513.0
193514.0
193527.0
193534.0
193538.0
193539.0
193548.0
193549.0
193558.0
193583.0
193584.0
193587.0
193588.0
193593.0
193594.0
193608.0
193609.0
193613.0
193623.0
193624.0
193629.0
193648.0
193653.0
193654.0
193667.0
193683.0
193684.0
193690.0
193691.0
193704.0
193719.0
193727.0
193732.0
193744.0
193755.0
193758.0
193763.0
193764.0
193787.0
193790.0
193792.0
193804.0
193852.0
193853.0
193862.0
193863.0
193878.0
193912.0
193913.0
193923.0
193924.0
193926.0
193928.0
193930.0
193935.0
193936.0
193938.0
193971.0
193972.0
193987.0
193995.0
193996.0
194007.0
194031.0
194032.0
194044.0
194062.0
194069.0
194079.0
194091.0
194092.0
194104.0
194140.0
194152.0
194156.0
194157.0
194164.0
194178.0
194182.0
194212.0
194214.0
194222.0
194223.0
194228.0
194229.0
194238.0
194242.0
194275.0
194285.0
194294.0
194295.0
194297.0
194298.0
194300.0
194301.0
194337.0
194343.0
194348.0
194356.0
194363.0
194366.0
194367.0
194368.0
194373.0
194374.0
194408.0
194428.0
194439.0
194464.0
194474.0
194475.0
194501.0
194511.0
194524.0
194572.0
194584.0
194585.0
194598.0
194644.0
194654.0
194655.0
194658.0
194695.0
194717.0
194718.0
194727.0
194754.0
194799.0
194800.0
194814.0
194815.0
194829.0
194860.0
194870.0
194875.0
194888.0
194933.0
194934.0
194936.0
194937.0
194942.0
194943.0
194948.0
194998.0
194999.0
195004.0
195009.0
195015.0
195016.0
195070.0
195076.0
195077.0
195086.0
195087.0
195114.0
195128.0
195134.0
195149.0
195159.0
195175.0
195220.0
195232.0
195236.0
195248.0
195292.0
195293.0
195296.0
195297.0
195302.0
195303.0
195308.0
195309.0
195313.0
195366.0
195369.0
195370.0
195374.0
195379.0
195381.0
195430.0
195434.0
195436.0
195441.0
195442.0
195449.0
195450.0
195453.0
195454.0
195492.0
195497.0
195524.0
195525.0
195531.0
195546.0
195547.0
195552.0
195586.0
195587.0
195596.0
195597.0
195607.0
195613.0
195616.0
195642.0
195647.0
195657.0
195669.0
195670.0
195673.0
195674.0
195725.0
195730.0
195731.0
195734.0
195735.0
195740.0
195741.0
195801.0
195810.0
195812.0
195813.0
195856.0
195857.0
195858.0
195859.0
195860.0
195873.0
195885.0
195917.0
195947.0
195956.0
195957.0
195972.0
195973.0
196017.0
196029.0
196033.0
196058.0
196087.0
196089.0
196093.0
196101.0
196102.0
196106.0
196107.0
196116.0
196117.0
196152.0
196162.0
196172.0
196173.0
196213.0
196245.0
196246.0
196274.0
196317.0
196318.0
196335.0
196388.0
196389.0
196426.0
196458.0
196460.0
196461.0
196533.0
196534.0
196549.0
196582.0
196604.0
196605.0
196617.0
196633.0
196635.0
196654.0
196657.0
196661.0
196662.0
196676.0
196677.0
196678.0
196680.0
196684.0
196695.0
196696.0
196709.0
196710.0
196720.0
196732.0
196743.0
196749.0
196752.0
196777.0
196778.0
196780.0
196788.0
196793.0
196795.0
196804.0
196813.0
196814.0
196820.0
196821.0
196838.0
196839.0
196840.0
196850.0
196853.0
196854.0
196855.0
196858.0
196876.0
196887.0
196892.0
196893.0
196901.0
196907.0
196911.0
196923.0
196925.0
196928.0
196948.0
196959.0
196962.0
196965.0
196966.0
196967.0
196972.0
196973.0
196975.0
196993.0
196995.0
196998.0
197020.0
197021.0
197022.0
197024.0
197030.0
197031.0
197033.0
197035.0
197036.0
197037.0
197038.0
197040.0
197042.0
197068.0
197070.0
197083.0
197092.0
197093.0
197095.0
197098.0
197102.0
197103.0
197108.0
197109.0
197134.0
197136.0
197138.0
197140.0
197143.0
197144.0
197156.0
197158.0
197160.0
197164.0
197174.0
197175.0
197180.0
197181.0
197204.0
197210.0
197214.0
197215.0
197216.0
197218.0
197220.0
197236.0
197247.0
197252.0
197253.0
197265.0
197266.0
197276.0
197277.0
197279.0
197280.0
197283.0
197285.0
197308.0
197318.0
197319.0
197324.0
197325.0
197338.0
197342.0
197345.0
197346.0
197355.0
197358.0
197380.0
197382.0
197390.0
197391.0
197396.0
197397.0
197399.0
197403.0
197405.0
197428.0
197440.0
197443.0
197444.0
197452.0
197458.0
197460.0
197463.0
197468.0
197469.0
197498.0
197500.0
197502.0
197511.0
197516.0
197518.0
197520.0
197521.0
197534.0
197535.0
197540.0
197541.0
197564.0
197573.0
197575.0
197577.0
197581.0
197596.0
197607.0
197608.0
197612.0
197633.0
197635.0
197638.0
197642.0
197643.0
197644.0
197645.0
197663.0
197665.0
197669.0
197678.0
197679.0
197683.0
197684.0
197685.0
197697.0
197703.0
197713.0
197716.0
197718.0
197725.0
197740.0
197741.0
197743.0
197751.0
197756.0
197788.0
197790.0
197804.0
197808.0
197810.0
197812.0
197813.0
197816.0
197820.0
197821.0
197823.0
197824.0
197829.0
197860.0
197862.0
197876.0
197881.0
197882.0
197884.0
197895.0
197900.0
197901.0
197923.0
197941.0
197949.0
197957.0
197966.0
197967.0
197972.0
197973.0
197983.0
197984.0
198002.0
198028.0
198040.0
198045.0
198056.0
198100.0
198102.0
198110.0
198111.0
198116.0
198117.0
198120.0
198121.0
198162.0
198173.0
198180.0
198181.0
198182.0
198183.0
198188.0
198189.0
198236.0
198243.0
198244.0
198246.0
198248.0
198250.0
198255.0
198256.0
198261.0
198262.0
198296.0
198316.0
198327.0
198332.0
198333.0
198360.0
198364.0
198379.0
198381.0
198382.0
198388.0
198390.0
198398.0
198399.0
198404.0
198405.0
198415.0
198416.0
198421.0
198461.0
198472.0
198477.0
198478.0
198497.0
198532.0
198542.0
198543.0
198549.0
198605.0
198606.0
198614.0
198615.0
198660.0
198661.0
198662.0
198676.0
198688.0
198717.0
198724.0
198748.0
198758.0
198759.0
198784.0
198791.0
198793.0
198795.0
198820.0
198821.0
198830.0
198851.0
198892.0
198904.0
198917.0
198964.0
199003.0
199036.0
199037.0
199038.0
199046.0
199120.0
199121.0
199137.0
199144.0
199180.0
199190.0
199191.0
199196.0
199252.0
199253.0
199254.0
199262.0
199263.0
199277.0
199278.0
199324.0
199335.0
199336.0
199362.0
199386.0
199396.0
199402.0
199406.0
199407.0
199423.0
199436.0
199437.0
199441.0
199442.0
199468.0
199476.0
199484.0
199488.0
199496.0
199500.0
199514.0
199518.0
199536.0
199537.0
199540.0
199545.0
199557.0
199558.0
199559.0
199582.0
199611.0
199628.0
199681.0
199683.0
199688.0
199690.0
199694.0
199700.0
199706.0
199730.0
199752.0
199753.0
199773.0
199800.0
199833.0
199834.0
199835.0
199844.0
199861.0
199877.0
199907.0
199908.0
199916.0
199925.0
199926.0
199941.0
199942.0
199958.0
199966.0
199971.0
199978.0
199979.0
199989.0
199990.0
200049.0
200050.0
200051.0
200055.0
200060.0
200091.0
200092.0
200111.0
200120.0
200121.0
200132.0
200133.0
200175.0
200178.0
200179.0
200191.0
200204.0
200205.0
200211.0
200234.0
200264.0
200271.0
200272.0
200276.0
200277.0
200329.0
200330.0
200391.0
200393.0
200394.0
200395.0
200451.0
200452.0
200474.0
200511.0
200512.0
200543.0
200544.0
200571.0
200572.0
200604.0
200631.0
200663.0
200664.0
200691.0
200692.0
200702.0
200707.0
200718.0
200723.0
200734.0
200738.0
200739.0
200751.0
200752.0
200763.0
200764.0
200766.0
200783.0
200794.0
200807.0
200813.0
200814.0
200816.0
200817.0
200818.0
200836.0
200847.0
200848.0
200852.0
200853.0
200854.0
200867.0
200883.0
200884.0
200908.0
200909.0
200913.0
200914.0
200918.0
200919.0
200924.0
200925.0
200927.0
200931.0
200932.0
200953.0
200954.0
200973.0
200974.0
200981.0
200987.0
200991.0
200992.0
200996.0
201028.0
201029.0
201033.0
201034.0
201038.0
201041.0
201047.0
201052.0
201053.0
201063.0
201064.0
201069.0
201070.0
201093.0
201094.0
201098.0
201099.0
201107.0
201111.0
201112.0
201124.0
201134.0
201135.0
201140.0
201153.0
201154.0
201171.0
201172.0
201174.0
201197.0
201206.0
201207.0
201211.0
201212.0
201213.0
201214.0
201218.0
201219.0
201231.0
201232.0
201268.0
201273.0
201274.0
201278.0
201279.0
201280.0
201285.0
201287.0
201291.0
201292.0
201298.0
201333.0
201334.0
201340.0
201347.0
201351.0
201352.0
201356.0
201357.0
201364.0
201368.0
201393.0
201394.0
201411.0
201412.0
201413.0
201414.0
201422.0
201423.0
201428.0
201429.0
201453.0
201454.0
201473.0
201476.0
201477.0
201478.0
201484.0
201485.0
201488.0
201495.0
201496.0
201501.0
201513.0
201514.0
201527.0
201544.0
201548.0
201566.0
201572.0
201573.0
201574.0
201587.0
201591.0
201604.0
201608.0
201629.0
201634.0
201635.0
201638.0
201639.0
201643.0
201644.0
201645.0
201651.0
201652.0
201673.0
201674.0
201695.0
201698.0
201699.0
201700.0
201701.0
201707.0
201711.0
201712.0
201713.0
201716.0
201717.0
201718.0
201748.0
201749.0
201753.0
201754.0
201767.0
201772.0
201786.0
201788.0
201789.0
201814.0
201818.0
201819.0
201831.0
201832.0
201834.0
201845.0
201854.0
201855.0
201860.0
201874.0
201891.0
201892.0
201894.0
201916.0
201928.0
201933.0
201947.0
201951.0
201952.0
201988.0
201994.0
201998.0
201999.0
202004.0
202007.0
202011.0
202012.0
202054.0
202061.0
202067.0
202070.0
202071.0
202072.0
202076.0
202077.0
202118.0
202119.0
202127.0
202133.0
202136.0
202138.0
202143.0
202144.0
202149.0
202187.0
202204.0
202214.0
202215.0
202220.0
202223.0
202224.0
202234.0
202248.0
202251.0
202252.0
202254.0
202277.0
202286.0
202292.0
202311.0
202312.0
202348.0
202359.0
202360.0
202365.0
202366.0
202367.0
202371.0
202372.0
202420.0
202430.0
202431.0
202432.0
202436.0
202437.0
202473.0
202488.0
202491.0
202492.0
202493.0
202494.0
202502.0
202503.0
202508.0
202534.0
202553.0
202556.0
202558.0
202564.0
202575.0
202594.0
202607.0
202646.0
202653.0
202654.0
202667.0
202714.0
202718.0
202719.0
202727.0
202728.0
202775.0
202778.0
202780.0
202787.0
202792.0
202847.0
202852.0
202863.0
202869.0
202911.0
202914.0
202925.0
202934.0
202954.0
202996.0
203002.0
203008.0
203014.0
203027.0
203068.0
203074.0
203078.0
203079.0
203087.0
203134.0
203141.0
203147.0
203150.0
203151.0
203194.0
203195.0
203198.0
203207.0
203212.0
203224.0
203225.0
203267.0
203284.0
203294.0
203295.0
203313.0
203314.0
203332.0
203334.0
203357.0
203358.0
203366.0
203367.0
203373.0
203374.0
203428.0
203433.0
203438.0
203447.0
203494.0
203500.0
203507.0
203510.0
203511.0
203512.0
203513.0
203514.0
203516.0
203541.0
203566.0
203571.0
203572.0
203583.0
203588.0
203589.0
203627.0
203636.0
203637.0
203638.0
203644.0
203659.0
203662.0
203666.0
203725.0
203726.0
203732.0
203733.0
203751.0
203804.0
203807.0
203811.0
203812.0
203815.0
203870.0
203871.0
203875.0
203876.0
203877.0
203890.0
203925.0
203929.0
203931.0
203932.0
203948.0
203949.0
203959.0
203960.0
203991.0
204011.0
204016.0
204020.0
204044.0
204045.0
204050.0
204052.0
204053.0
204056.0
204059.0
204071.0
204076.0
204078.0
204079.0
204092.0
204145.0
204164.0
204171.0
204172.0
204203.0
204204.0
204208.0
204231.0
204232.0
204237.0
204252.0
204253.0
204265.0
204291.0
204297.0
204308.0
204323.0
204324.0
204351.0
204352.0
204380.0
204453.0
204471.0
204524.0
204531.0
204532.0
204591.0
204596.0
204597.0
204652.0
204656.0
204657.0
204658.0
204669.0
204740.0
204771.0
204809.0
204811.0
204812.0
204814.0
204815.0
204827.0
204830.0
204831.0
204832.0
204843.0
204845.0
204868.0
204875.0
204878.0
204880.0
204885.0
204886.0
204887.0
204891.0
204913.0
204915.0
204940.0
204941.0
204942.0
204943.0
204945.0
204950.0
204951.0
204952.0
204956.0
204989.0
204990.0
204993.0
204994.0
204995.0
205008.0
205009.0
205012.0
205013.0
205022.0
205028.0
205029.0
205053.0
205054.0
205055.0
205058.0
205060.0
205072.0
205076.0
205077.0
205078.0
205084.0
205095.0
205096.0
205101.0
205114.0
205115.0
205127.0
205130.0
205133.0
205156.0
205166.0
205168.0
205172.0
205173.0
205175.0
205187.0
205191.0
205203.0
205205.0
205229.0
205230.0
205233.0
205234.0
205238.0
205245.0
205246.0
205247.0
205249.0
205275.0
205278.0
205293.0
205295.0
205300.0
205301.0
205307.0
205311.0
205316.0
205317.0
205318.0
205345.0
205348.0
205350.0
205353.0
205355.0
205367.0
205372.0
205382.0
205388.0
205411.0
205413.0
205415.0
205418.0
205420.0
205429.0
205431.0
205432.0
205445.0
205454.0
205455.0
205460.0
205473.0
205474.0
205478.0
205480.0
205490.0
205491.0
205493.0
205495.0
205516.0
205517.0
205527.0
205533.0
205534.0
205545.0
205551.0
205552.0
205563.0
205565.0
205588.0
205593.0
205594.0
205595.0
205598.0
205599.0
205604.0
205605.0
205606.0
205607.0
205611.0
205633.0
205635.0
205653.0
205655.0
205661.0
205667.0
205670.0
205671.0
205676.0
205677.0
205708.0
205710.0
205713.0
205715.0
205718.0
205727.0
205732.0
205736.0
205737.0
205738.0
205743.0
205749.0
205757.0
205773.0
205774.0
205775.0
205777.0
205787.0
205804.0
205805.0
205814.0
205820.0
205821.0
205833.0
205834.0
205848.0
205849.0
205850.0
205853.0
205854.0
205855.0
205887.0
205891.0
205892.0
205893.0
205894.0
205900.0
205911.0
205923.0
205925.0
205948.0
205958.0
205960.0
205965.0
205967.0
205971.0
205995.0
206015.0
206020.0
206027.0
206030.0
206031.0
206032.0
206036.0
206073.0
206088.0
206091.0
206092.0
206094.0
206102.0
206103.0
206108.0
206109.0
206134.0
206153.0
206156.0
206157.0
206158.0
206164.0
206181.0
206193.0
206195.0
206207.0
206236.0
206252.0
206253.0
206254.0
206267.0
206271.0
206272.0
206287.0
206313.0
206314.0
206324.0
206325.0
206327.0
206331.0
206346.0
206373.0
206374.0
206387.0
206393.0
206396.0
206397.0
206398.0
206419.0
206420.0
206433.0
206435.0
206447.0
206468.0
206469.0
206480.0
206493.0
206494.0
206495.0
206507.0
206511.0
206540.0
206553.0
206554.0
206555.0
206567.0
206569.0
206571.0
206603.0
206613.0
206614.0
206627.0
206628.0
206631.0
206674.0
206678.0
206679.0
206680.0
206687.0
206688.0
206691.0
206747.0
206748.0
206750.0
206751.0
206793.0
206794.0
206811.0
206813.0
206814.0
206822.0
206853.0
206884.0
206896.0
206913.0
206914.0
206927.0
206956.0
206966.0
206973.0
206987.0
207030.0
207033.0
207100.0
207107.0
207111.0
207167.0
207172.0
207182.0
207183.0
207213.0
207214.0
207231.0
207245.0
207254.0
207255.0
207273.0
207316.0
207327.0
207331.0
207347.0
207388.0
207391.0
207398.0
207407.0
207453.0
207461.0
207465.0
207470.0
207471.0
207514.0
207518.0
207519.0
207525.0
207532.0
207543.0
207559.0
207574.0
207587.0
207592.0
207593.0
207597.0
207598.0
207604.0
207617.0
207620.0
207651.0
207654.0
207656.0
207657.0
207659.0
207676.0
207692.0
207693.0
207711.0
207717.0
207718.0
207748.0
207750.0
207765.0
207766.0
207769.0
207776.0
207785.0
207807.0
207829.0
207836.0
207839.0
207852.0
207870.0
207882.0
207883.0
207891.0
207907.0
207908.0
207925.0
207937.0
207953.0
207956.0
207958.0
207977.0
207981.0
207997.0
208011.0
208040.0
208042.0
208046.0
208052.0
208054.0
208055.0
208061.0
208071.0
208120.0
208121.0
208122.0
208124.0
208131.0
208132.0
208185.0
208193.0
208196.0
208197.0
208198.0
208199.0
208247.0
208268.0
208269.0
208270.0
208306.0
208311.0
208318.0
208340.0
208341.0
208352.0
208394.0
208397.0
208413.0
208416.0
208431.0
208433.0
208436.0
208463.0
208484.0
208491.0
208551.0
208556.0
208612.0
208616.0
208617.0
208618.0
208629.0
208630.0
208671.0
208700.0
208731.0
208772.0
208791.0
208845.0
208851.0
208893.0
208894.0
208896.0
208900.0
208907.0
208910.0
208911.0
208916.0
208917.0
208944.0
208948.0
208949.0
208953.0
208954.0
208968.0
208971.0
208972.0
208974.0
208975.0
208983.0
208988.0
209016.0
209018.0
209019.0
209023.0
209033.0
209036.0
209038.0
209044.0
209055.0
209061.0
209073.0
209087.0
209091.0
209116.0
209117.0
209126.0
209127.0
209133.0
209134.0
209138.0
209139.0
209143.0
209151.0
209163.0
209164.0
209189.0
209193.0
209198.0
209204.0
209207.0
209211.0
209234.0
209238.0
209253.0
209254.0
209258.0
209260.0
209271.0
209273.0
209275.0
209278.0
209279.0
209280.0
209304.0
209308.0
209309.0
209313.0
209314.0
209327.0
209331.0
209332.0
209342.0
209348.0
209373.0
209374.0
209378.0
209379.0
209391.0
209392.0
209394.0
209405.0
209414.0
209420.0
209421.0
209433.0
209434.0
209437.0
209438.0
209440.0
209453.0
209454.0
209475.0
209476.0
209487.0
209493.0
209494.0
209504.0
209505.0
209511.0
209523.0
209524.0
209548.0
209553.0
209554.0
209558.0
209564.0
209565.0
209567.0
209593.0
209594.0
209613.0
209614.0
209621.0
209627.0
209630.0
209631.0
209636.0
209668.0
209669.0
209673.0
209674.0
209675.0
209678.0
209679.0
209687.0
209691.0
209692.0
209693.0
209696.0
209697.0
209698.0
209704.0
209709.0
209733.0
209734.0
209738.0
209739.0
209747.0
209764.0
209774.0
209775.0
209780.0
209793.0
209794.0
209809.0
209811.0
209813.0
209814.0
209837.0
209846.0
209852.0
209853.0
209856.0
209858.0
209859.0
209871.0
209883.0
209884.0
209907.0
209908.0
209915.0
209918.0
209919.0
209920.0
209925.0
209927.0
209931.0
209953.0
209954.0
209958.0
209973.0
209974.0
209980.0
209987.0
209990.0
209991.0
209996.0
210029.0
210033.0
210034.0
210051.0
210053.0
210054.0
210062.0
210068.0
210093.0
210104.0
210112.0
210116.0
210118.0
210124.0
210135.0
210141.0
210153.0
210167.0
210196.0
210206.0
210212.0
210213.0
210227.0
210231.0
210269.0
210273.0
210278.0
210284.0
210287.0
210291.0
210335.0
210338.0
210340.0
210347.0
210351.0
210352.0
210356.0
210357.0
210358.0
210407.0
210411.0
210412.0
210422.0
210428.0
210453.0
210471.0
210474.0
210484.0
210485.0
210494.0
210500.0
210506.0
210513.0
210527.0
210531.0
210556.0
210567.0
210573.0
210587.0
210591.0
210628.0
210633.0
210638.0
210644.0
210651.0
210693.0
210701.0
210707.0
210710.0
210711.0
210716.0
210717.0
210755.0
210759.0
210760.0
210767.0
210771.0
210772.0
210776.0
210777.0
210783.0
210789.0
210827.0
210844.0
210854.0
210873.0
210891.0
210893.0
210916.0
210917.0
210926.0
210927.0
210933.0
210988.0
210998.0
211000.0
211001.0
211007.0
211059.0
211060.0
211067.0
211070.0
211071.0
211111.0
211128.0
211131.0
211132.0
211134.0
211144.0
211171.0
211204.0
211215.0
211233.0
211244.0
211286.0
211293.0
211305.0
211353.0
211358.0
211367.0
211420.0
211427.0
211431.0
211473.0
211487.0
211492.0
211503.0
211564.0
211565.0
211574.0
211593.0
211607.0
211635.0
211636.0
211647.0
211653.0
211654.0
211703.0
211705.0
211707.0
211708.0
211713.0
211715.0
211718.0
211724.0
211727.0
211731.0
211741.0
211765.0
211769.0
211780.0
211781.0
211787.0
211791.0
211796.0
211841.0
211847.0
211852.0
211855.0
211869.0
211892.0
211911.0
211917.0
211940.0
211965.0
211989.0
212012.0
212018.0
212022.0
212030.0
212031.0
212035.0
212061.0
212062.0
212066.0
212067.0
212085.0
212091.0
212092.0
212139.0
212143.0
212151.0
212156.0
212200.0
212201.0
212211.0
212213.0
212228.0
212264.0
212268.0
212272.0
212274.0
212276.0
212277.0
212287.0
212294.0
212298.0
212299.0
212301.0
212302.0
212331.0
212358.0
212359.0
212372.0
212391.0
212412.0
212413.0
212437.0
212444.0
212451.0
212499.0
212506.0
212508.0
212509.0
212513.0
212515.0
212516.0
212518.0
212519.0
212554.0
212568.0
212579.0
212588.0
212631.0
212660.0
212733.0
212751.0
212804.0
212811.0
212871.0
212876.0
212932.0
212935.0
212938.0
212950.0
212951.0
213004.0
213005.0
213014.0
213017.0
213020.0
213021.0
213033.0
213034.0
213035.0
213050.0
213051.0
213053.0
213076.0
213077.0
213086.0
213092.0
213093.0
213097.0
213099.0
213100.0
213111.0
213124.0
213125.0
213147.0
213148.0
213154.0
213157.0
213161.0
213165.0
213166.0
213171.0
213194.0
213195.0
213214.0
213215.0
213219.0
213220.0
213226.0
213227.0
213229.0
213230.0
213236.0
213237.0
213269.0
213270.0
213273.0
213274.0
213275.0
213291.0
213293.0
213294.0
213302.0
213308.0
213309.0
213337.0
213339.0
213340.0
213343.0
213344.0
213353.0
213355.0
213356.0
213358.0
213363.0
213364.0
213381.0
213382.0
213393.0
213406.0
213410.0
213413.0
213452.0
213453.0
213454.0
213455.0
213471.0
213483.0
213485.0
213487.0
213513.0
213524.0
213526.0
213527.0
213531.0
213546.0
213555.0
213558.0
213559.0
213561.0
213573.0
213574.0
213575.0
213586.0
213592.0
213595.0
213596.0
213598.0
213599.0
213600.0
213619.0
213620.0
213621.0
213628.0
213630.0
213633.0
213634.0
213635.0
213646.0
213647.0
213668.0
213669.0
213693.0
213694.0
213695.0
213698.0
213700.0
213706.0
213711.0
213740.0
213753.0
213754.0
213756.0
213758.0
213760.0
213766.0
213767.0
213768.0
213772.0
213773.0
213813.0
213826.0
213827.0
213828.0
213831.0
213843.0
213845.0
213874.0
213875.0
213876.0
213877.0
213880.0
213881.0
213886.0
213891.0
213913.0
213915.0
213925.0
213934.0
213935.0
213946.0
213947.0
213948.0
213950.0
213951.0
213984.0
213988.0
213990.0
213993.0
213995.0
213999.0
214011.0
214014.0
214015.0
214022.0
214050.0
214053.0
214055.0
214058.0
214060.0
214071.0
214072.0
214073.0
214084.0
214095.0
214107.0
214113.0
214115.0
214126.0
214130.0
214131.0
214132.0
214156.0
214166.0
214173.0
214177.0
214191.0
214192.0
214205.0
214228.0
214229.0
214233.0
214238.0
214246.0
214251.0
214252.0
214294.0
214297.0
214299.0
214306.0
214311.0
214312.0
214316.0
214317.0
214318.0
214319.0
214366.0
214372.0
214382.0
214388.0
214413.0
214431.0
214432.0
214445.0
214454.0
214460.0
214473.0
214515.0
214516.0
214527.0
214533.0
214546.0
214551.0
214587.0
214588.0
214593.0
214598.0
214604.0
214606.0
214611.0
214653.0
214660.0
214666.0
214670.0
214671.0
214676.0
214717.0
214726.0
214731.0
214732.0
214734.0
214736.0
214737.0
214743.0
214749.0
214773.0
214786.0
214787.0
214791.0
214803.0
214804.0
214814.0
214820.0
214833.0
214848.0
214851.0
214853.0
214876.0
214877.0
214893.0
214906.0
214907.0
214947.0
214948.0
214958.0
214959.0
214966.0
215013.0
215019.0
215026.0
215030.0
215073.0
215087.0
215092.0
215093.0
215102.0
215163.0
215174.0
215175.0
215193.0
215206.0
215207.0
215235.0
215246.0
215253.0
215308.0
215313.0
215317.0
215318.0
215326.0
215377.0
215379.0
215380.0
215386.0
215390.0
215391.0
215446.0
215451.0
215452.0
215462.0
215493.0
215508.0
215511.0
215524.0
215553.0
215595.0
215596.0
215607.0
215612.0
215626.0
215667.0
215668.0
215673.0
215677.0
215686.0
215733.0
215740.0
215741.0
215742.0
215746.0
215750.0
215797.0
215804.0
215805.0
215806.0
215811.0
215812.0
215815.0
215816.0
215818.0
215828.0
215829.0
215860.0
215862.0
215866.0
215883.0
215884.0
215886.0
215887.0
215900.0
215901.0
215917.0
215927.0
215931.0
215933.0
215953.0
215972.0
215976.0
215977.0
215991.0
216022.0
216037.0
216044.0
216045.0
216046.0
216048.0
216051.0
216087.0
216111.0
216116.0
216140.0
216141.0
216146.0
216148.0
216149.0
216171.0
216188.0
216189.0
216212.0
216227.0
216233.0
216234.0
216235.0
216237.0
216238.0
216261.0
216278.0
216291.0
216292.0
216327.0
216332.0
216333.0
216338.0
216339.0
216351.0
216357.0
216358.0
216404.0
216411.0
216426.0
216472.0
216475.0
216476.0
216478.0
216479.0
216488.0
216500.0
216548.0
216551.0
216552.0
216572.0
216573.0
216591.0
216603.0
216604.0
216620.0
216621.0
216641.0
216693.0
216711.0
216764.0
216765.0
216771.0
216831.0
216836.0
216837.0
216909.0
216951.0
216980.0
217052.0
217071.0
217099.0
217100.0
217103.0
217107.0
217108.0
217114.0
217117.0
217120.0
217121.0
217125.0
217126.0
217131.0
217154.0
217158.0
217173.0
217174.0
217179.0
217185.0
217189.0
217190.0
217191.0
217196.0
217197.0
217228.0
217229.0
217233.0
217234.0
217251.0
217254.0
217262.0
217268.0
217296.0
217298.0
217299.0
217301.0
217303.0
217312.0
217314.0
217316.0
217323.0
217335.0
217341.0
217353.0
217366.0
217367.0
217369.0
217371.0
217373.0
217395.0
217396.0
217401.0
217405.0
217406.0
217412.0
217413.0
217414.0
217431.0
217443.0
217444.0
217468.0
217469.0
217472.0
217473.0
217477.0
217478.0
217484.0
217486.0
217490.0
217514.0
217518.0
217533.0
217534.0
217537.0
217539.0
217540.0
217546.0
217550.0
217551.0
217552.0
217555.0
217556.0
217558.0
217559.0
217584.0
217588.0
217589.0
217593.0
217595.0
217606.0
217611.0
217612.0
217621.0
217622.0
217628.0
217653.0
217654.0
217658.0
217659.0
217671.0
217673.0
217684.0
217693.0
217694.0
217700.0
217706.0
217713.0
217730.0
217734.0
217755.0
217766.0
217770.0
217773.0
217774.0
217786.0
217791.0
217803.0
217804.0
217827.0
217832.0
217837.0
217838.0
217844.0
217846.0
217851.0
217873.0
217874.0
217893.0
217894.0
217903.0
217904.0
217910.0
217911.0
217916.0
217948.0
217949.0
217953.0
217954.0
217959.0
217965.0
217966.0
217971.0
217972.0
217973.0
217975.0
217976.0
217978.0
217982.0
217983.0
217989.0
218013.0
218014.0
218018.0
218019.0
218026.0
218044.0
218053.0
218054.0
218060.0
218072.0
218073.0
218074.0
218076.0
218077.0
218089.0
218091.0
218092.0
218093.0
218116.0
218126.0
218132.0
218133.0
218139.0
218151.0
218163.0
218164.0
218187.0
218188.0
218193.0
218195.0
218196.0
218199.0
218206.0
218208.0
218209.0
218234.0
218253.0
218254.0
218260.0
218266.0
218269.0
218270.0
218276.0
218312.0
218313.0
218314.0
218325.0
218331.0
218332.0
218342.0
218348.0
218386.0
218393.0
218395.0
218398.0
218403.0
218404.0
218415.0
218416.0
218421.0
218432.0
218446.0
218476.0
218486.0
218492.0
218493.0
218511.0
218549.0
218550.0
218558.0
218564.0
218566.0
218571.0
218616.0
218617.0
218618.0
218619.0
218620.0
218626.0
218630.0
218631.0
218633.0
218635.0
218637.0
218684.0
218691.0
218702.0
218708.0
218732.0
218733.0
218746.0
218749.0
218751.0
218774.0
218780.0
218792.0
218835.0
218836.0
218852.0
218853.0
218854.0
218866.0
218871.0
218907.0
218912.0
218917.0
218924.0
218926.0
218931.0
218972.0
218973.0
218980.0
218981.0
218986.0
218990.0
218996.0
219034.0
219037.0
219046.0
219051.0
219052.0
219063.0
219092.0
219106.0
219123.0
219124.0
219133.0
219134.0
219152.0
219164.0
219168.0
219197.0
219205.0
219206.0
219226.0
219267.0
219268.0
219277.0
219278.0
219280.0
219286.0
219339.0
219350.0
219392.0
219407.0
219411.0
219413.0
219422.0
219483.0
219484.0
219494.0
219495.0
219513.0
219526.0
219555.0
219556.0
219566.0
219572.0
219573.0
219628.0
219629.0
219632.0
219633.0
219638.0
219646.0
219699.0
219700.0
219706.0
219711.0
219766.0
219771.0
219787.0
219812.0
219827.0
219831.0
219832.0
219844.0
219845.0
219854.0
219872.0
219876.0
219877.0
219883.0
219920.0
219921.0
219926.0
219933.0
219946.0
219951.0
219955.0
219987.0
219991.0
220004.0
220006.0
220011.0
220032.0
220039.0
220040.0
220071.0
220076.0
220109.0
220113.0
220114.0
220115.0
220130.0
220132.0
220135.0
220138.0
220149.0
220183.0
220205.0
220206.0
220207.0
220225.0
220226.0
220245.0
220251.0
220280.0
220292.0
220305.0
220311.0
220336.0
220340.0
220343.0
220345.0
220353.0
220365.0
220371.0
220415.0
220420.0
220421.0
220422.0
220423.0
220424.0
220431.0
220436.0
220437.0
220446.0
220491.0
220502.0
220508.0
220538.0
220542.0
220553.0
220555.0
220558.0
220563.0
220569.0
220581.0
220582.0
220628.0
220629.0
220652.0
220671.0
220675.0
220694.0
220706.0
220707.0
220724.0
220731.0
220787.0
220789.0
220791.0
220795.0
220796.0
220798.0
220868.0
220910.0
220911.0
220940.0
221012.0
221013.0
221030.0
221031.0
221090.0
221091.0
221150.0
221151.0
221156.0
221157.0
221189.0
221190.0
221193.0
221194.0
221195.0
221197.0
221198.0
221199.0
221206.0
221211.0
221212.0
221215.0
221216.0
221217.0
221223.0
221224.0
221228.0
221229.0
221254.0
221255.0
221259.0
221260.0
221266.0
221283.0
221284.0
221294.0
221300.0
221306.0
221312.0
221314.0
221315.0
221330.0
221331.0
221333.0
221334.0
221356.0
221357.0
221366.0
221372.0
221377.0
221379.0
221380.0
221382.0
221390.0
221391.0
221404.0
221405.0
221427.0
221428.0
221434.0
221437.0
221444.0
221445.0
221446.0
221450.0
221451.0
221474.0
221475.0
221494.0
221495.0
221500.0
221506.0
221509.0
221510.0
221511.0
221515.0
221516.0
221545.0
221549.0
221550.0
221552.0
221554.0
221555.0
221570.0
221571.0
221572.0
221573.0
221574.0
221581.0
221582.0
221588.0
221616.0
221619.0
221620.0
221624.0
221632.0
221635.0
221637.0
221643.0
221644.0
221655.0
221661.0
221662.0
221672.0
221686.0
221690.0
221694.0
221715.0
221716.0
221725.0
221726.0
221731.0
221732.0
221734.0
221735.0
221741.0
221750.0
221751.0
221763.0
221765.0
221788.0
221789.0
221792.0
221798.0
221803.0
221804.0
221806.0
221810.0
221811.0
221835.0
221839.0
221854.0
221855.0
221857.0
221858.0
221859.0
221860.0
221866.0
221871.0
221875.0
221877.0
221878.0
221914.0
221915.0
221926.0
221930.0
221931.0
221942.0
221948.0
221972.0
221973.0
221974.0
221975.0
221979.0
221980.0
221987.0
221990.0
221991.0
222004.0
222014.0
222020.0
222032.0
222037.0
222038.0
222039.0
222040.0
222046.0
222054.0
222055.0
222075.0
222076.0
222086.0
222087.0
222092.0
222093.0
222106.0
222110.0
222111.0
222124.0
222125.0
222128.0
222130.0
222147.0
222148.0
222152.0
222153.0
222155.0
222158.0
222159.0
222163.0
222164.0
222166.0
222170.0
222179.0
222194.0
222195.0
222210.0
222213.0
222215.0
222220.0
222226.0
222229.0
222230.0
222231.0
222235.0
222236.0
222268.0
222270.0
222271.0
222273.0
222275.0
222286.0
222291.0
222292.0
222295.0
222297.0
222302.0
222308.0
222309.0
222332.0
222335.0
222340.0
222344.0
222363.0
222364.0
222373.0
222374.0
222379.0
222380.0
222392.0
222395.0
222405.0
222410.0
222411.0
222435.0
222446.0
222451.0
222452.0
222453.0
222457.0
222459.0
222466.0
222470.0
222471.0
222507.0
222508.0
222524.0
222525.0
222526.0
222530.0
222531.0
222572.0
222579.0
222580.0
222590.0
222596.0
222632.0
222648.0
222651.0
222652.0
222662.0
222667.0
222668.0
222709.0
222710.0
222723.0
222735.0
222740.0
222752.0
222766.0
222770.0
222795.0
222806.0
222812.0
222830.0
222868.0
222872.0
222877.0
222878.0
222883.0
222884.0
222886.0
222892.0
222895.0
222896.0
222897.0
222934.0
222937.0
222939.0
222946.0
222950.0
222956.0
222957.0
222964.0
223006.0
223010.0
223011.0
223012.0
223022.0
223028.0
223052.0
223070.0
223093.0
223094.0
223098.0
223112.0
223155.0
223156.0
223166.0
223172.0
223186.0
223227.0
223228.0
223232.0
223237.0
223238.0
223246.0
223292.0
223300.0
223301.0
223306.0
223309.0
223310.0
223366.0
223371.0
223382.0
223383.0
223412.0
223426.0
223443.0
223453.0
223454.0
223472.0
223487.0
223488.0
223516.0
223525.0
223526.0
223532.0
223546.0
223587.0
223594.0
223606.0
223652.0
223659.0
223666.0
223670.0
223712.0
223727.0
223728.0
223729.0
223732.0
223741.0
223786.0
223803.0
223814.0
223815.0
223832.0
223846.0
223875.0
223885.0
223886.0
223892.0
223904.0
223935.0
223948.0
223952.0
223958.0
223966.0
224019.0
224024.0
224025.0
224026.0
224032.0
224033.0
224034.0
224036.0
224037.0
224073.0
224074.0
224086.0
224089.0
224090.0
224091.0
224092.0
224107.0
224108.0
224129.0
224150.0
224154.0
224180.0
224183.0
224204.0
224214.0
224219.0
224252.0
224253.0
224270.0
224271.0
224280.0
224290.0
224297.0
224300.0
224304.0
224323.0
224324.0
224330.0
224331.0
224343.0
224344.0
224356.0
224367.0
224388.0
224390.0
224396.0
224403.0
224447.0
224451.0
224455.0
224456.0
224457.0
224468.0
224469.0
224470.0
224471.0
224505.0
224540.0
224550.0
224552.0
224565.0
224566.0
224568.0
224611.0
224612.0
224613.0
224630.0
224666.0
224667.0
224669.0
224684.0
224685.0
224690.0
224691.0
224702.0
224705.0
224750.0
224751.0
224756.0
224763.0
224777.0
224789.0
224810.0
224811.0
224819.0
224828.0
224843.0
224844.0
