0.0
4.0
5.0
18.0
19.0
22.0
24.0
25.0
26.0
27.0
28.0
29.0
30.0
31.0
33.0
37.0
38.0
39.0
40.0
41.0
43.0
44.0
46.0
47.0
50.0
61.0
67.0
68.0
84.0
88.0
90.0
135.0
144.0
156.0
216.0
247.0
249.0
251.0
253.0
260.0
262.0
264.0
266.0
276.0
280.0
281.0
289.0
306.0
319.0
320.0
321.0
324.0
325.0
326.0
327.0
328.0
329.0
331.0
332.0
333.0
335.0
336.0
338.0
339.0
340.0
341.0
342.0
344.0
345.0
346.0
347.0
348.0
349.0
352.0
356.0
363.0
379.0
384.0
385.0
386.0
387.0
390.0
391.0
396.0
398.0
409.0
434.0
444.0
445.0
447.0
448.0
456.0
461.0
472.0
501.0
504.0
505.0
506.0
512.0
517.0
518.0
519.0
530.0
540.0
563.0
564.0
565.0
566.0
569.0
577.0
579.0
580.0
581.0
612.0
613.0
614.0
624.0
626.0
628.0
629.0
636.0
637.0
638.0
639.0
643.0
656.0
662.0
663.0
669.0
670.0
672.0
684.0
685.0
686.0
696.0
697.0
698.0
699.0
702.0
712.0
714.0
720.0
721.0
731.0
744.0
745.0
746.0
747.0
757.0
758.0
760.0
761.0
763.0
769.0
774.0
775.0
804.0
805.0
806.0
816.0
818.0
819.0
820.0
834.0
835.0
838.0
853.0
863.0
864.0
865.0
876.0
877.0
878.0
879.0
880.0
881.0
882.0
901.0
924.0
925.0
938.0
939.0
940.0
946.0
953.0
954.0
957.0
963.0
964.0
971.0
972.0
973.0
974.0
996.0
997.0
998.0
999.0
1012.0
1013.0
1046.0
1047.0
1056.0
1057.0
1059.0
1062.0
1063.0
1065.0
1066.0
1072.0
1073.0
1074.0
1075.0
1076.0
1077.0
1082.0
1084.0
1085.0
1086.0
1100.0
1102.0
1105.0
1106.0
1117.0
1118.0
1119.0
1120.0
1135.0
1136.0
1139.0
1140.0
1141.0
1142.0
1146.0
1147.0
1151.0
1152.0
1153.0
1154.0
1155.0
1157.0
1158.0
1159.0
1162.0
1165.0
1166.0
1167.0
1170.0
1177.0
1178.0
1179.0
1180.0
1181.0
1182.0
1184.0
1185.0
1186.0
1192.0
1193.0
1203.0
1205.0
1206.0
1208.0
1209.0
1210.0
1212.0
1238.0
1239.0
1240.0
1241.0
1243.0
1244.0
1264.0
1272.0
1273.0
1274.0
1277.0
1286.0
1290.0
1297.0
1298.0
1300.0
1316.0
1317.0
1318.0
1357.0
1358.0
1359.0
1360.0
1363.0
1366.0
1373.0
1375.0
1386.0
1420.0
1421.0
1431.0
1432.0
1446.0
1447.0
1479.0
1480.0
1492.0
1498.0
1506.0
1509.0
1511.0
1512.0
1539.0
1552.0
1553.0
1566.0
1572.0
1574.0
1576.0
1586.0
1588.0
1589.0
1591.0
1592.0
1594.0
1599.0
1611.0
1612.0
1617.0
1618.0
1619.0
1626.0
1656.0
1660.0
1662.0
1663.0
1664.0
1671.0
1672.0
1675.0
1677.0
1720.0
1732.0
1733.0
1734.0
1744.0
1745.0
1779.0
1781.0
1783.0
1784.0
1792.0
1793.0
1794.0
1795.0
1796.0
1824.0
1844.0
1845.0
1852.0
1853.0
1854.0
1899.0
1900.0
1901.0
1915.0
1916.0
1959.0
1976.0
1977.0
2019.0
2032.0
2033.0
2080.0
2081.0
2082.0
2091.0
2092.0
2139.0
2140.0
2141.0
2151.0
2152.0
2199.0
2211.0
2212.0
2213.0
2214.0
2216.0
2261.0
2271.0
2272.0
2290.0
2348.0
2379.0
2394.0
2499.0
2510.0
2518.0
2519.0
2619.0
2679.0
2683.0
2684.0
2776.0
2778.0
2786.0
2799.0
2801.0
2812.0
2816.0
2824.0
2835.0
2836.0
2837.0
2872.0
2895.0
2896.0
2898.0
2908.0
2921.0
2931.0
2932.0
2944.0
2952.0
2954.0
2956.0
2962.0
2964.0
2994.0
3018.0
3019.0
3020.0
3049.0
3050.0
3052.0
3075.0
3076.0
3080.0
3084.0
3114.0
3117.0
3124.0
3125.0
3135.0
3136.0
3139.0
3146.0
3147.0
3172.0
3196.0
3198.0
3200.0
3201.0
3228.0
3230.0
3232.0
3233.0
3235.0
3255.0
3256.0
3267.0
3286.0
3294.0
3295.0
3296.0
3299.0
3304.0
3315.0
3316.0
3346.0
3353.0
3375.0
3376.0
3379.0
3412.0
3413.0
3434.0
3435.0
3436.0
3437.0
3468.0
3474.0
3494.0
3495.0
3528.0
3532.0
3533.0
3538.0
3555.0
3556.0
3560.0
3590.0
3592.0
3593.0
3594.0
3652.0
3656.0
3712.0
3713.0
3772.0
3773.0
3774.0
3832.0
3834.0
3835.0
3836.0
3842.0
3843.0
3844.0
3847.0
3848.0
3863.0
3892.0
3895.0
3898.0
3901.0
3952.0
4012.0
4013.0
4073.0
4089.0
4111.0
4114.0
4115.0
4116.0
4119.0
4131.0
4132.0
4134.0
4135.0
4171.0
4175.0
4179.0
4180.0
4192.0
4193.0
4194.0
4231.0
4235.0
4239.0
4240.0
4251.0
4252.0
4253.0
4254.0
4291.0
4294.0
4295.0
4300.0
4301.0
4311.0
4312.0
4313.0
4351.0
4352.0
4353.0
4354.0
4355.0
4356.0
4359.0
4371.0
4372.0
4373.0
4410.0
4411.0
4415.0
4419.0
4420.0
4431.0
4433.0
4434.0
4441.0
4444.0
4473.0
4475.0
4476.0
4479.0
4480.0
4492.0
4493.0
4531.0
4534.0
4535.0
4539.0
4551.0
4552.0
4553.0
4591.0
4594.0
4595.0
4596.0
4599.0
4612.0
4613.0
4653.0
4655.0
4656.0
4659.0
4660.0
4661.0
4664.0
4665.0
4666.0
4671.0
4672.0
4673.0
4715.0
4716.0
4717.0
4719.0
4720.0
4725.0
4731.0
4732.0
4734.0
4735.0
4743.0
4744.0
4746.0
4779.0
4780.0
4791.0
4792.0
4793.0
4831.0
4835.0
4839.0
4840.0
4851.0
4853.0
4854.0
4891.0
4894.0
4895.0
4896.0
4900.0
4901.0
4911.0
4912.0
4913.0
4955.0
4956.0
4959.0
4972.0
4973.0
5011.0
5014.0
5015.0
5019.0
5031.0
5032.0
5033.0
5071.0
5074.0
5075.0
5079.0
5091.0
5092.0
5093.0
5094.0
5130.0
5131.0
5135.0
5139.0
5140.0
5151.0
5152.0
5153.0
5191.0
5199.0
5200.0
5207.0
5208.0
5212.0
5213.0
5243.0
5251.0
5271.0
5272.0
5273.0
5311.0
5319.0
5320.0
5332.0
5333.0
5334.0
5379.0
5380.0
5392.0
5393.0
5394.0
5439.0
5452.0
5453.0
5499.0
5500.0
5511.0
5512.0
5513.0
5514.0
5559.0
5560.0
5571.0
5572.0
5573.0
5619.0
5620.0
5632.0
5633.0
5641.0
5679.0
5692.0
5693.0
5701.0
5752.0
5753.0
5754.0
5799.0
5800.0
5811.0
5812.0
5813.0
5873.0
5919.0
5932.0
5933.0
6039.0
6106.0
6238.0
6339.0
6351.0
6399.0
6400.0
6459.0
6472.0
6519.0
6520.0
6531.0
6532.0
6579.0
6580.0
6591.0
6592.0
6639.0
6641.0
6699.0
6711.0
6712.0
6759.0
6760.0
6771.0
6772.0
6819.0
6825.0
6831.0
6832.0
6857.0
6879.0
6885.0
6886.0
6891.0
6892.0
6893.0
6916.0
6917.0
6947.0
6951.0
6952.0
6953.0
6954.0
6975.0
7005.0
7006.0
7011.0
7012.0
7013.0
7014.0
7073.0
7076.0
7097.0
7132.0
7133.0
7156.0
7186.0
7193.0
7194.0
7197.0
7217.0
7252.0
7253.0
7313.0
7314.0
7336.0
7366.0
7373.0
7374.0
7375.0
7433.0
7439.0
7442.0
7443.0
7474.0
7493.0
7515.0
7516.0
7522.0
7575.0
7617.0
7636.0
7637.0
7672.0
7673.0
7695.0
7696.0
7697.0
7727.0
7732.0
7755.0
7756.0
7852.0
7913.0
8093.0
8152.0
8153.0
8181.0
8191.0
8194.0
8195.0
8196.0
8199.0
8211.0
8212.0
8213.0
8251.0
8254.0
8256.0
8259.0
8260.0
8261.0
8262.0
8264.0
8265.0
8271.0
8272.0
8273.0
8274.0
8312.0
8315.0
8319.0
8331.0
8332.0
8333.0
8334.0
8338.0
8351.0
8354.0
8360.0
8378.0
8379.0
8391.0
8392.0
8393.0
8398.0
8435.0
8437.0
8439.0
8441.0
8451.0
8452.0
8453.0
8484.0
8490.0
8492.0
8493.0
8499.0
8511.0
8512.0
8513.0
8556.0
8558.0
8559.0
8571.0
8572.0
8573.0
8619.0
8631.0
8632.0
8633.0
8670.0
8672.0
8679.0
8690.0
8691.0
8692.0
8693.0
8732.0
8735.0
8739.0
8751.0
8752.0
8753.0
8794.0
8799.0
8803.0
8811.0
8812.0
8813.0
8859.0
8871.0
8872.0
8873.0
8912.0
8915.0
8919.0
8931.0
8932.0
8933.0
8935.0
8936.0
8972.0
8975.0
8979.0
8991.0
8992.0
8993.0
9032.0
9035.0
9039.0
9040.0
9051.0
9052.0
9053.0
9092.0
9095.0
9097.0
9099.0
9100.0
9101.0
9103.0
9104.0
9111.0
9112.0
9113.0
9151.0
9152.0
9154.0
9155.0
9157.0
9159.0
9160.0
9171.0
9172.0
9173.0
9210.0
9212.0
9215.0
9219.0
9233.0
9235.0
9236.0
9237.0
9272.0
9275.0
9279.0
9291.0
9292.0
9293.0
9332.0
9339.0
9351.0
9352.0
9353.0
9392.0
9399.0
9411.0
9412.0
9413.0
9459.0
9471.0
9472.0
9473.0
9474.0
9519.0
9531.0
9534.0
9535.0
9536.0
9537.0
9579.0
9591.0
9592.0
9593.0
9639.0
9651.0
9652.0
9653.0
9699.0
9702.0
9711.0
9712.0
9713.0
9759.0
9771.0
9772.0
9773.0
9819.0
9831.0
9832.0
9833.0
9862.0
9879.0
9880.0
9891.0
9892.0
9893.0
9939.0
9951.0
9952.0
9953.0
9999.0
10011.0
10012.0
10013.0
10059.0
10071.0
10072.0
10119.0
10131.0
10132.0
10179.0
10180.0
10181.0
10191.0
10192.0
10239.0
10251.0
10252.0
10264.0
10267.0
10299.0
10311.0
10312.0
10313.0
10359.0
10371.0
10372.0
10397.0
10419.0
10431.0
10432.0
10479.0
10491.0
10492.0
10539.0
10551.0
10599.0
10601.0
10610.0
10611.0
10612.0
10659.0
10671.0
10672.0
10719.0
10731.0
10732.0
10733.0
10742.0
10743.0
10779.0
10791.0
10792.0
10839.0
10851.0
10911.0
10935.0
10936.0
10959.0
10960.0
10971.0
10995.0
10996.0
10998.0
10999.0
11031.0
11032.0
11033.0
11035.0
11045.0
11055.0
11056.0
11057.0
11060.0
11086.0
11092.0
11093.0
11114.0
11115.0
11145.0
11151.0
11152.0
11153.0
11174.0
11175.0
11176.0
11178.0
11186.0
11208.0
11212.0
11213.0
11234.0
11235.0
11236.0
11244.0
11266.0
11272.0
11273.0
11294.0
11295.0
11332.0
11354.0
11355.0
11356.0
11386.0
11392.0
11393.0
11394.0
11415.0
11452.0
11453.0
11454.0
11475.0
11476.0
11477.0
11478.0
11479.0
11484.0
11486.0
11509.0
11512.0
11513.0
11514.0
11534.0
11535.0
11536.0
11537.0
11571.0
11572.0
11573.0
11575.0
11594.0
11595.0
11598.0
11599.0
11633.0
11634.0
11655.0
11656.0
11657.0
11692.0
11693.0
11694.0
11695.0
11713.0
11714.0
11715.0
11745.0
11753.0
11754.0
11773.0
11774.0
11776.0
11806.0
11814.0
11815.0
11817.0
11819.0
11821.0
11822.0
11835.0
11836.0
11865.0
11866.0
11872.0
11876.0
11878.0
11881.0
11882.0
11883.0
11884.0
11895.0
11896.0
11932.0
11934.0
11935.0
11936.0
11993.0
12052.0
12053.0
12112.0
12115.0
12116.0
12117.0
12118.0
12172.0
12173.0
12272.0
12291.0
12296.0
12297.0
12331.0
12335.0
12336.0
12339.0
12351.0
12352.0
12394.0
12395.0
12399.0
12412.0
12450.0
12451.0
12455.0
12456.0
12459.0
12511.0
12515.0
12516.0
12519.0
12531.0
12532.0
12571.0
12574.0
12575.0
12576.0
12580.0
12591.0
12592.0
12634.0
12635.0
12636.0
12639.0
12640.0
12641.0
12642.0
12651.0
12652.0
12694.0
12696.0
12698.0
12699.0
12700.0
12701.0
12704.0
12705.0
12707.0
12711.0
12712.0
12714.0
12751.0
12754.0
12756.0
12759.0
12771.0
12772.0
12774.0
12811.0
12814.0
12815.0
12820.0
12821.0
12822.0
12831.0
12832.0
12833.0
12834.0
12871.0
12874.0
12875.0
12876.0
12879.0
12880.0
12881.0
12882.0
12891.0
12892.0
12893.0
12894.0
12935.0
12936.0
12937.0
12938.0
12939.0
12951.0
12953.0
12954.0
12955.0
12991.0
12995.0
12999.0
13000.0
13011.0
13012.0
13013.0
13014.0
13015.0
13059.0
13071.0
13072.0
13074.0
13075.0
13076.0
13115.0
13116.0
13119.0
13131.0
13132.0
13133.0
13175.0
13179.0
13191.0
13192.0
13193.0
13231.0
13235.0
13239.0
13240.0
13251.0
13252.0
13254.0
13255.0
13256.0
13299.0
13311.0
13312.0
13313.0
13314.0
13315.0
13360.0
13361.0
13371.0
13372.0
13373.0
13430.0
13431.0
13432.0
13433.0
13438.0
13439.0
13491.0
13493.0
13539.0
13552.0
13553.0
13556.0
13570.0
13572.0
13573.0
13575.0
13577.0
13599.0
13600.0
13612.0
13613.0
13659.0
13671.0
13672.0
13673.0
13718.0
13719.0
13731.0
13732.0
13733.0
13734.0
13778.0
13779.0
13780.0
13791.0
13792.0
13794.0
13795.0
13839.0
13851.0
13852.0
13862.0
13870.0
13871.0
13872.0
13873.0
13874.0
13876.0
13879.0
13900.0
13911.0
13912.0
13959.0
13971.0
13973.0
14009.0
14019.0
14032.0
14033.0
14034.0
14035.0
14079.0
14091.0
14093.0
14139.0
14151.0
14152.0
14198.0
14199.0
14211.0
14212.0
14213.0
14214.0
14271.0
14322.0
14329.0
14331.0
14332.0
14345.0
14346.0
14454.0
14631.0
14738.0
14751.0
14858.0
14859.0
14919.0
14978.0
14979.0
14991.0
14992.0
15016.0
15017.0
15023.0
15024.0
15039.0
15047.0
15051.0
15075.0
15076.0
15078.0
15083.0
15096.0
15099.0
15111.0
15135.0
15136.0
15146.0
15171.0
15172.0
15198.0
15199.0
15201.0
15228.0
15229.0
15231.0
15256.0
15265.0
15266.0
15286.0
15293.0
15317.0
15322.0
15352.0
15353.0
15376.0
15378.0
15408.0
15412.0
15413.0
15435.0
15436.0
15437.0
15438.0
15472.0
15473.0
15494.0
15495.0
15496.0
15497.0
15529.0
15530.0
15533.0
15552.0
15553.0
15555.0
15569.0
15588.0
15593.0
15594.0
15623.0
15645.0
15653.0
15679.0
15705.0
15713.0
15766.0
15772.0
15773.0
15796.0
15892.0
15917.0
16012.0
16073.0
16074.0
16133.0
16134.0
16193.0
16194.0
16252.0
16253.0
16313.0
16373.0
16374.0
16388.0
16401.0
16411.0
16415.0
16416.0
16418.0
16429.0
16431.0
16433.0
16434.0
16470.0
16471.0
16475.0
16493.0
16531.0
16535.0
16539.0
16590.0
16616.0
16671.0
16672.0
16673.0
16711.0
16718.0
16719.0
16791.0
16831.0
16839.0
16851.0
16852.0
16853.0
16891.0
16894.0
16896.0
16953.0
16954.0
16956.0
16971.0
16972.0
16973.0
17010.0
17011.0
17014.0
17026.0
17031.0
17075.0
17078.0
17092.0
17132.0
17135.0
17151.0
17153.0
17192.0
17195.0
17197.0
17211.0
17212.0
17250.0
17252.0
17256.0
17258.0
17273.0
17312.0
17315.0
17328.0
17332.0
17378.0
17379.0
17380.0
17391.0
17435.0
17437.0
17439.0
17453.0
17498.0
17499.0
17500.0
17511.0
17559.0
17572.0
17573.0
17619.0
17631.0
17632.0
17678.0
17679.0
17691.0
17692.0
17693.0
17739.0
17751.0
17752.0
17793.0
17794.0
17811.0
17812.0
17813.0
17814.0
17857.0
17858.0
17871.0
17873.0
17874.0
17918.0
17927.0
17932.0
17933.0
17934.0
17946.0
17989.0
17990.0
17991.0
17993.0
18038.0
18051.0
18053.0
18054.0
18113.0
18114.0
18158.0
18173.0
18228.0
18229.0
18291.0
18339.0
18455.0
18458.0
18459.0
18471.0
18492.0
18499.0
18518.0
18587.0
18588.0
18591.0
18598.0
18600.0
18624.0
18692.0
18699.0
18711.0
18718.0
18722.0
18825.0
18831.0
18939.0
18998.0
18999.0
19011.0
19058.0
19059.0
19071.0
19118.0
19119.0
19131.0
19150.0
19153.0
19170.0
19171.0
19178.0
19179.0
19183.0
19185.0
19186.0
19191.0
19210.0
19214.0
19216.0
19251.0
19311.0
19312.0
19336.0
19373.0
19433.0
19457.0
19483.0
19493.0
19513.0
19553.0
19612.0
19613.0
19636.0
19672.0
19673.0
19694.0
19700.0
19718.0
19726.0
19732.0
19733.0
19756.0
19771.0
19779.0
19780.0
19792.0
19793.0
19794.0
19810.0
19812.0
19815.0
19822.0
19824.0
19846.0
19848.0
19849.0
19853.0
19912.0
19913.0
19972.0
19973.0
19989.0
19990.0
19996.0
20025.0
20026.0
20032.0
20033.0
20036.0
20043.0
20049.0
20070.0
20093.0
20094.0
20153.0
20188.0
20190.0
20198.0
20199.0
20213.0
20243.0
20272.0
20273.0
20296.0
20332.0
20393.0
20433.0
20452.0
20453.0
20462.0
20490.0
20492.0
20495.0
20498.0
20499.0
20500.0
20511.0
20513.0
20514.0
20520.0
20551.0
20555.0
20559.0
20571.0
20611.0
20615.0
20619.0
20623.0
20631.0
20633.0
20671.0
20675.0
20678.0
20679.0
20680.0
20691.0
20692.0
20693.0
20731.0
20735.0
20738.0
20739.0
20751.0
20752.0
20753.0
20754.0
20791.0
20795.0
20798.0
20799.0
20811.0
20813.0
20845.0
20847.0
20851.0
20853.0
20855.0
20859.0
20871.0
20872.0
20873.0
20874.0
20914.0
20915.0
20916.0
20918.0
20919.0
20924.0
20925.0
20931.0
20932.0
20933.0
20971.0
20975.0
20980.0
20981.0
20992.0
20993.0
21011.0
21016.0
21018.0
21020.0
21031.0
21035.0
21039.0
21051.0
21052.0
21053.0
21054.0
21091.0
21095.0
21098.0
21099.0
21111.0
21112.0
21113.0
21114.0
21115.0
21151.0
21155.0
21159.0
21171.0
21173.0
21174.0
21211.0
21215.0
21219.0
21231.0
21232.0
21233.0
21251.0
21271.0
21272.0
21274.0
21275.0
21279.0
21280.0
21291.0
21293.0
21331.0
21335.0
21336.0
21339.0
21342.0
21351.0
21353.0
21398.0
21399.0
21400.0
21411.0
21413.0
21414.0
21451.0
21455.0
21456.0
21458.0
21459.0
21471.0
21473.0
21511.0
21515.0
21518.0
21522.0
21531.0
21533.0
21534.0
21545.0
21571.0
21575.0
21576.0
21579.0
21591.0
21592.0
21593.0
21631.0
21638.0
21639.0
21641.0
21651.0
21653.0
21654.0
21699.0
21711.0
21713.0
21714.0
21759.0
21771.0
21772.0
21773.0
21818.0
21824.0
21831.0
21833.0
21836.0
21848.0
21878.0
21879.0
21891.0
21892.0
21893.0
21894.0
21939.0
21951.0
21953.0
21983.0
21998.0
21999.0
22011.0
22013.0
22059.0
22071.0
22073.0
22074.0
22119.0
22131.0
22132.0
22133.0
22134.0
22178.0
22179.0
22191.0
22193.0
22238.0
22239.0
22251.0
22253.0
22254.0
22288.0
22298.0
22299.0
22311.0
22313.0
22314.0
22358.0
22359.0
22371.0
22418.0
22419.0
22420.0
22421.0
22431.0
22478.0
22479.0
22491.0
22538.0
22539.0
22551.0
22598.0
22599.0
22611.0
22658.0
22659.0
22671.0
22718.0
22719.0
22731.0
22778.0
22779.0
22791.0
22838.0
22839.0
22851.0
22898.0
22899.0
22911.0
22958.0
22959.0
22971.0
23018.0
23019.0
23031.0
23078.0
23079.0
23091.0
23138.0
23139.0
23151.0
23187.0
23198.0
23199.0
23211.0
23235.0
23236.0
23258.0
23259.0
23271.0
23272.0
23273.0
23294.0
23302.0
23319.0
23320.0
23331.0
23332.0
23333.0
23354.0
23355.0
23356.0
23361.0
23378.0
23391.0
23392.0
23393.0
23414.0
23416.0
23446.0
23452.0
23453.0
23474.0
23475.0
23476.0
23506.0
23512.0
23513.0
23534.0
23535.0
23536.0
23566.0
23572.0
23573.0
23589.0
23594.0
23595.0
23598.0
23621.0
23628.0
23632.0
23633.0
23648.0
23654.0
23657.0
23684.0
23692.0
23693.0
23711.0
23712.0
23713.0
23742.0
23752.0
23753.0
23771.0
23774.0
23812.0
23813.0
23833.0
23834.0
23864.0
23872.0
23873.0
23893.0
23895.0
23896.0
23926.0
23932.0
23933.0
23954.0
23955.0
23985.0
23992.0
23993.0
24014.0
24023.0
24052.0
24053.0
24075.0
24076.0
24082.0
24106.0
24113.0
24134.0
24172.0
24173.0
24232.0
24233.0
24292.0
24293.0
24352.0
24353.0
24412.0
24413.0
24472.0
24473.0
24520.0
24532.0
24533.0
24570.0
24571.0
24575.0
24578.0
24579.0
24591.0
24592.0
24593.0
24631.0
24635.0
24638.0
24643.0
24644.0
24651.0
24652.0
24653.0
24691.0
24695.0
24698.0
24699.0
24711.0
24712.0
24713.0
24751.0
24755.0
24758.0
24759.0
24772.0
24773.0
24776.0
24811.0
24815.0
24818.0
24819.0
24831.0
24832.0
24833.0
24871.0
24875.0
24878.0
24879.0
24891.0
24892.0
24893.0
24931.0
24935.0
24938.0
24939.0
24951.0
24952.0
24953.0
24985.0
24986.0
24991.0
24995.0
24998.0
24999.0
25011.0
25012.0
25013.0
25051.0
25055.0
25058.0
25059.0
25071.0
25072.0
25077.0
25078.0
25111.0
25115.0
25118.0
25119.0
25131.0
25132.0
25133.0
25141.0
25144.0
25171.0
25175.0
25178.0
25179.0
25191.0
25192.0
25193.0
25231.0
25235.0
25238.0
25239.0
25251.0
25252.0
25253.0
25291.0
25295.0
25299.0
25311.0
25312.0
25313.0
25340.0
25351.0
25355.0
25358.0
25359.0
25371.0
25372.0
25373.0
25411.0
25414.0
25418.0
25419.0
25420.0
25431.0
25432.0
25433.0
25445.0
25446.0
25471.0
25474.0
25478.0
25479.0
25491.0
25492.0
25493.0
25531.0
25534.0
25538.0
25549.0
25550.0
25551.0
25552.0
25553.0
25591.0
25594.0
25598.0
25611.0
25612.0
25613.0
25651.0
25654.0
25659.0
25672.0
25673.0
25681.0
25682.0
25711.0
25718.0
25719.0
25732.0
25733.0
25771.0
25778.0
25779.0
25791.0
25792.0
25793.0
25838.0
25839.0
25851.0
25852.0
25853.0
25884.0
25885.0
25898.0
25899.0
25911.0
25912.0
25913.0
25958.0
25959.0
25971.0
25972.0
25983.0
25984.0
26017.0
26018.0
26019.0
26031.0
26032.0
26079.0
26091.0
26092.0
26093.0
26138.0
26139.0
26151.0
26152.0
26153.0
26198.0
26199.0
26211.0
26213.0
26258.0
26268.0
26271.0
26272.0
26273.0
26318.0
26319.0
26331.0
26332.0
26333.0
26378.0
26379.0
26391.0
26392.0
26393.0
26400.0
26451.0
26498.0
26618.0
26630.0
26631.0
26783.0
26858.0
26871.0
26979.0
26980.0
26991.0
27038.0
27039.0
27098.0
27099.0
27111.0
27112.0
27113.0
27114.0
27158.0
27159.0
27171.0
27219.0
27231.0
27232.0
27290.0
27291.0
27323.0
27351.0
27376.0
27377.0
27382.0
27410.0
27412.0
27413.0
27414.0
27415.0
27421.0
27422.0
27423.0
27435.0
27436.0
27466.0
27472.0
27473.0
27495.0
27525.0
27532.0
27533.0
27554.0
27556.0
27574.0
27575.0
27576.0
27592.0
27593.0
27605.0
27616.0
27617.0
27652.0
27653.0
27675.0
27676.0
27677.0
27707.0
27723.0
27724.0
27772.0
27823.0
27824.0
27834.0
27835.0
27853.0
27893.0
27917.0
28013.0
28026.0
28063.0
28064.0
28094.0
28116.0
28122.0
28132.0
28252.0
28372.0
28492.0
28552.0
28553.0
28554.0
28612.0
28613.0
28656.0
28672.0
28674.0
28691.0
28712.0
28713.0
28715.0
28731.0
28744.0
28745.0
28792.0
28793.0
28832.0
28835.0
28852.0
28853.0
28892.0
28895.0
28911.0
28935.0
28955.0
28958.0
28972.0
28975.0
28976.0
29015.0
29016.0
29046.0
29047.0
29075.0
29078.0
29092.0
29093.0
29094.0
29191.0
29198.0
29199.0
29211.0
29212.0
29225.0
29226.0
29258.0
29259.0
29273.0
29315.0
29318.0
29319.0
29331.0
29332.0
29371.0
29375.0
29376.0
29379.0
29391.0
29392.0
29431.0
29435.0
29439.0
29440.0
29451.0
29452.0
29480.0
29498.0
29499.0
29510.0
29511.0
29512.0
29515.0
29527.0
29559.0
29571.0
29572.0
29611.0
29612.0
29613.0
29615.0
29616.0
29619.0
29631.0
29632.0
29633.0
29671.0
29675.0
29679.0
29691.0
29692.0
29693.0
29739.0
29751.0
29752.0
29753.0
29796.0
29798.0
29799.0
29811.0
29812.0
29813.0
29836.0
29860.0
29866.0
29871.0
29873.0
29874.0
29914.0
29918.0
29919.0
29931.0
29932.0
29933.0
29991.0
29992.0
29993.0
30036.0
30038.0
30051.0
30052.0
30053.0
30113.0
30114.0
30158.0
30168.0
30172.0
30173.0
30218.0
30233.0
30293.0
30294.0
30351.0
30353.0
30379.0
30458.0
30470.0
30471.0
30472.0
30518.0
30579.0
30591.0
30638.0
30639.0
30651.0
30698.0
30699.0
30711.0
30758.0
30759.0
30771.0
30818.0
30819.0
30831.0
30879.0
30891.0
30938.0
30939.0
30951.0
31005.0
31006.0
31011.0
31058.0
31059.0
31071.0
31118.0
31119.0
31131.0
31138.0
31178.0
31179.0
31191.0
31238.0
31239.0
31251.0
31278.0
31298.0
31299.0
31311.0
31358.0
31359.0
31371.0
31410.0
31411.0
31418.0
31419.0
31428.0
31431.0
31478.0
31479.0
31491.0
31492.0
31493.0
31515.0
31551.0
31552.0
31553.0
31611.0
31612.0
31613.0
31656.0
31672.0
31673.0
31685.0
31699.0
31712.0
31732.0
31733.0
31742.0
31743.0
31792.0
31793.0
31816.0
31823.0
31852.0
31853.0
31856.0
31884.0
31885.0
31886.0
31912.0
31913.0
31915.0
31941.0
31942.0
31944.0
31972.0
31973.0
32000.0
32001.0
32031.0
32032.0
32033.0
32056.0
32060.0
32092.0
32093.0
32117.0
32118.0
32151.0
32152.0
32153.0
32176.0
32177.0
32178.0
32179.0
32180.0
32215.0
32221.0
32222.0
32238.0
32239.0
32244.0
32260.0
32265.0
32273.0
32275.0
32276.0
32285.0
32305.0
32307.0
32314.0
32315.0
32318.0
32332.0
32333.0
32337.0
32392.0
32393.0
32452.0
32453.0
32512.0
32513.0
32572.0
32573.0
32611.0
32633.0
32634.0
32643.0
32646.0
32692.0
32693.0
32752.0
32753.0
32754.0
32791.0
32795.0
32798.0
32799.0
32811.0
32813.0
32814.0
32851.0
32855.0
32858.0
32859.0
32871.0
32873.0
32911.0
32915.0
32918.0
32919.0
32931.0
32933.0
32971.0
32975.0
32979.0
32991.0
32993.0
32994.0
33014.0
33038.0
33039.0
33040.0
33041.0
33044.0
33045.0
33051.0
33052.0
33076.0
33095.0
33096.0
33098.0
33099.0
33111.0
33112.0
33113.0
33151.0
33155.0
33158.0
33159.0
33171.0
33172.0
33173.0
33208.0
33211.0
33215.0
33218.0
33219.0
33231.0
33233.0
33271.0
33275.0
33278.0
33279.0
33291.0
33292.0
33293.0
33294.0
33331.0
33335.0
33339.0
33351.0
33353.0
33354.0
33391.0
33395.0
33398.0
33399.0
33411.0
33412.0
33413.0
33430.0
33431.0
33451.0
33455.0
33456.0
33458.0
33459.0
33465.0
33466.0
33471.0
33472.0
33473.0
33474.0
33510.0
33511.0
33515.0
33518.0
33519.0
33531.0
33533.0
33571.0
33575.0
33576.0
33591.0
33593.0
33631.0
33635.0
33636.0
33638.0
33651.0
33653.0
33691.0
33695.0
33698.0
33713.0
33751.0
33754.0
33755.0
33756.0
33770.0
33771.0
33773.0
33816.0
33833.0
33834.0
33893.0
33931.0
33938.0
33951.0
33953.0
33993.0
34072.0
34107.0
34118.0
34119.0
34133.0
34178.0
34179.0
34191.0
34238.0
34239.0
34251.0
34252.0
34298.0
34299.0
34311.0
34358.0
34359.0
34371.0
34372.0
34409.0
34418.0
34419.0
34427.0
34431.0
34478.0
34479.0
34491.0
34492.0
34538.0
34539.0
34551.0
34553.0
34598.0
34599.0
34611.0
34613.0
34658.0
34659.0
34671.0
34718.0
34719.0
34731.0
34778.0
34779.0
34791.0
34838.0
34839.0
34851.0
34874.0
34898.0
34899.0
34911.0
34958.0
34959.0
34971.0
35006.0
35018.0
35019.0
35031.0
35078.0
35091.0
35151.0
35201.0
35211.0
35221.0
35222.0
35258.0
35318.0
35334.0
35352.0
35354.0
35451.0
35504.0
35505.0
35506.0
35536.0
35562.0
35565.0
35571.0
35572.0
35592.0
35615.0
35621.0
35627.0
35636.0
35645.0
35654.0
35655.0
35656.0
35673.0
35674.0
35686.0
35692.0
35703.0
35732.0
35752.0
35755.0
35783.0
35784.0
35812.0
35839.0
35840.0
35841.0
35872.0
35899.0
35900.0
35930.0
35958.0
35959.0
35994.0
36000.0
36017.0
36023.0
36052.0
36066.0
36083.0
36084.0
36095.0
36120.0
36141.0
36142.0
36148.0
36149.0
36160.0
36169.0
36170.0
36173.0
36200.0
36207.0
36209.0
36218.0
36228.0
36229.0
36233.0
36241.0
36242.0
36249.0
36277.0
36285.0
36286.0
36316.0
36343.0
36344.0
36345.0
36351.0
36352.0
36373.0
36412.0
36532.0
36533.0
36713.0
36832.0
36833.0
36834.0
36864.0
36875.0
36878.0
36890.0
36891.0
36893.0
36894.0
36938.0
36953.0
36995.0
36998.0
37010.0
37011.0
37012.0
37013.0
37025.0
37027.0
37030.0
37052.0
37055.0
37060.0
37062.0
37072.0
37073.0
37106.0
37132.0
37133.0
37166.0
37170.0
37172.0
37175.0
37193.0
37232.0
37238.0
37250.0
37312.0
37313.0
37352.0
37358.0
37370.0
37418.0
37419.0
37432.0
37478.0
37532.0
37538.0
37539.0
37551.0
37552.0
37553.0
37570.0
37571.0
37598.0
37610.0
37611.0
37652.0
37655.0
37656.0
37658.0
37670.0
37671.0
37673.0
37703.0
37712.0
37715.0
37716.0
37718.0
37730.0
37731.0
37771.0
37772.0
37775.0
37781.0
37791.0
37792.0
37832.0
37835.0
37838.0
37851.0
37853.0
37854.0
37891.0
37892.0
37895.0
37904.0
37911.0
37913.0
37914.0
37925.0
37926.0
37951.0
37952.0
37955.0
37971.0
37972.0
37973.0
38005.0
38011.0
38019.0
38032.0
38033.0
38037.0
38043.0
38046.0
38079.0
38093.0
38098.0
38152.0
38153.0
38211.0
38214.0
38215.0
38231.0
38273.0
38274.0
38318.0
38339.0
38345.0
38346.0
38347.0
38348.0
38438.0
38450.0
38453.0
38454.0
38470.0
38533.0
38571.0
38603.0
38618.0
38649.0
38692.0
38738.0
38798.0
38799.0
38858.0
38870.0
38918.0
38931.0
38978.0
38991.0
39038.0
39051.0
39098.0
39099.0
39111.0
39161.0
39162.0
39170.0
39171.0
39218.0
39219.0
39230.0
39231.0
39278.0
39293.0
39294.0
39338.0
39339.0
39351.0
39369.0
39378.0
39398.0
39399.0
39408.0
39411.0
39458.0
39459.0
39471.0
39501.0
39524.0
39525.0
39526.0
39531.0
39532.0
39541.0
39578.0
39588.0
39591.0
39638.0
39653.0
39654.0
39657.0
39658.0
39711.0
39713.0
39734.0
39762.0
39771.0
39773.0
39774.0
39804.0
39813.0
39821.0
39833.0
39834.0
39842.0
39843.0
39893.0
39901.0
39952.0
39960.0
39986.0
39997.0
40013.0
40072.0
40073.0
40133.0
40134.0
40135.0
40136.0
40155.0
40166.0
40168.0
40193.0
40209.0
40210.0
40216.0
40222.0
40240.0
40252.0
40253.0
40268.0
40269.0
40306.0
40313.0
40335.0
40373.0
40381.0
40395.0
40398.0
40410.0
40433.0
40457.0
40458.0
40459.0
40493.0
40521.0
40523.0
40553.0
40612.0
40613.0
40672.0
40673.0
40702.0
40732.0
40733.0
40793.0
40852.0
40853.0
40912.0
40913.0
40951.0
40953.0
40955.0
40956.0
40958.0
40971.0
40973.0
41011.0
41015.0
41018.0
41030.0
41031.0
41032.0
41033.0
41071.0
41075.0
41078.0
41091.0
41092.0
41093.0
41131.0
41135.0
41138.0
41150.0
41151.0
41153.0
41167.0
41191.0
41195.0
41198.0
41210.0
41211.0
41213.0
41251.0
41255.0
41258.0
41270.0
41271.0
41272.0
41273.0
41299.0
41311.0
41315.0
41318.0
41330.0
41331.0
41332.0
41333.0
41371.0
41375.0
41378.0
41390.0
41391.0
41393.0
41431.0
41435.0
41438.0
41451.0
41452.0
41453.0
41491.0
41495.0
41498.0
41510.0
41511.0
41512.0
41513.0
41521.0
41525.0
41551.0
41555.0
41558.0
41570.0
41571.0
41573.0
41601.0
41611.0
41615.0
41618.0
41619.0
41622.0
41630.0
41631.0
41632.0
41633.0
41671.0
41675.0
41678.0
41691.0
41693.0
41731.0
41735.0
41738.0
41751.0
41753.0
41791.0
41795.0
41798.0
41811.0
41813.0
41851.0
41855.0
41858.0
41871.0
41873.0
41911.0
41915.0
41918.0
41930.0
41931.0
41932.0
41933.0
41971.0
41975.0
41990.0
41991.0
41992.0
41993.0
42031.0
42035.0
42039.0
42050.0
42051.0
42052.0
42053.0
42056.0
42065.0
42066.0
42091.0
42112.0
42113.0
42151.0
42158.0
42172.0
42173.0
42198.0
42233.0
42292.0
42293.0
42353.0
42398.0
42410.0
42474.0
42500.0
42518.0
42578.0
42592.0
42593.0
42638.0
42639.0
42650.0
42698.0
42711.0
42712.0
42713.0
42758.0
42771.0
42818.0
42819.0
42830.0
42831.0
42833.0
42878.0
42891.0
42938.0
42939.0
42951.0
42964.0
42965.0
42998.0
43008.0
43009.0
43011.0
43058.0
43071.0
43118.0
43131.0
43141.0
43178.0
43179.0
43190.0
43191.0
43192.0
43238.0
43251.0
43252.0
43298.0
43311.0
43358.0
43371.0
43418.0
43431.0
43478.0
43490.0
43491.0
43538.0
43550.0
43551.0
43598.0
43610.0
43611.0
43658.0
43659.0
43670.0
43671.0
43718.0
43730.0
43731.0
43778.0
43791.0
43792.0
43793.0
43799.0
43851.0
43853.0
43865.0
43866.0
43902.0
43911.0
43912.0
43913.0
43931.0
43932.0
43972.0
43973.0
43999.0
44032.0
44033.0
44037.0
44058.0
44071.0
44074.0
44075.0
44076.0
44093.0
44126.0
44127.0
44129.0
44134.0
44139.0
44140.0
44153.0
44197.0
44198.0
44205.0
44206.0
44213.0
44235.0
44236.0
44266.0
44267.0
44272.0
44273.0
44274.0
44294.0
44296.0
44298.0
44320.0
44322.0
44323.0
44325.0
44333.0
44340.0
44385.0
44386.0
44392.0
44393.0
44444.0
44445.0
44446.0
44447.0
44504.0
44511.0
44534.0
44561.0
44563.0
44572.0
44591.0
44620.0
44692.0
44812.0
44932.0
44992.0
44993.0
45050.0
45051.0
45052.0
45053.0
45056.0
45068.0
45092.0
45095.0
45097.0
45098.0
45110.0
45111.0
45113.0
45117.0
45120.0
45152.0
45155.0
45157.0
45158.0
45160.0
45171.0
45192.0
45197.0
45212.0
45215.0
45218.0
45219.0
45231.0
45278.0
45291.0
45292.0
45293.0
45330.0
45331.0
45332.0
45338.0
45351.0
45352.0
45353.0
45354.0
45391.0
45395.0
45398.0
45404.0
45405.0
45411.0
45412.0
45413.0
45414.0
45458.0
45470.0
45471.0
45472.0
45473.0
45512.0
45518.0
45532.0
45533.0
45536.0
45537.0
45578.0
45590.0
45591.0
45592.0
45593.0
45632.0
45638.0
45650.0
45651.0
45652.0
45653.0
45662.0
45698.0
45710.0
45711.0
45712.0
45713.0
45752.0
45755.0
45758.0
45759.0
45760.0
45771.0
45772.0
45773.0
45794.0
45812.0
45815.0
45817.0
45818.0
45830.0
45831.0
45832.0
45838.0
45839.0
45872.0
45875.0
45878.0
45890.0
45891.0
45892.0
45893.0
45932.0
45935.0
45938.0
45951.0
45952.0
45953.0
45998.0
46010.0
46011.0
46012.0
46013.0
46015.0
46016.0
46017.0
46020.0
46058.0
46070.0
46071.0
46072.0
46073.0
46096.0
46112.0
46115.0
46118.0
46130.0
46131.0
46132.0
46133.0
46172.0
46177.0
46178.0
46191.0
46192.0
46194.0
46232.0
46238.0
46251.0
46252.0
46253.0
46291.0
46298.0
46299.0
46300.0
46301.0
46310.0
46311.0
46312.0
46313.0
46358.0
46370.0
46371.0
46372.0
46373.0
46418.0
46430.0
46432.0
46433.0
46478.0
46490.0
46491.0
46492.0
46493.0
46538.0
46539.0
46550.0
46551.0
46552.0
46553.0
46560.0
46561.0
46598.0
46599.0
46607.0
46610.0
46611.0
46612.0
46613.0
46658.0
46670.0
46671.0
46672.0
46673.0
46693.0
46718.0
46730.0
46731.0
46733.0
46734.0
46735.0
46739.0
46740.0
46778.0
46790.0
46791.0
46792.0
46793.0
46838.0
46851.0
46852.0
46853.0
46909.0
46910.0
46911.0
46912.0
46913.0
46970.0
46971.0
47018.0
47019.0
47042.0
47043.0
47078.0
47079.0
47138.0
47139.0
47150.0
47151.0
47152.0
47199.0
47211.0
47258.0
47271.0
47318.0
47319.0
47331.0
47378.0
47379.0
47391.0
47438.0
47439.0
47451.0
47459.0
47460.0
47498.0
47510.0
47558.0
47570.0
47571.0
47592.0
47609.0
47610.0
47618.0
47619.0
47630.0
47631.0
47678.0
47679.0
47690.0
47691.0
47738.0
47742.0
47751.0
47798.0
47799.0
47811.0
47828.0
47849.0
47858.0
47870.0
47871.0
47873.0
47874.0
47887.0
47888.0
47889.0
47894.0
47908.0
47918.0
47919.0
47931.0
47932.0
47933.0
47939.0
47947.0
47954.0
47957.0
47984.0
47991.0
47993.0
48013.0
48016.0
48043.0
48044.0
48046.0
48053.0
48054.0
48075.0
48076.0
48077.0
48104.0
48106.0
48112.0
48113.0
48134.0
48135.0
48164.0
48172.0
48173.0
48176.0
48193.0
48195.0
48205.0
48218.0
48219.0
48220.0
48232.0
48233.0
48243.0
48250.0
48266.0
48267.0
48293.0
48313.0
48315.0
48353.0
48372.0
48373.0
48374.0
48404.0
48432.0
48433.0
48434.0
48465.0
48472.0
48492.0
48503.0
48532.0
48551.0
48554.0
48585.0
48619.0
48620.0
48632.0
48652.0
48678.0
48680.0
48736.0
48772.0
48793.0
48892.0
48952.0
48953.0
49012.0
49013.0
49014.0
49072.0
49073.0
49132.0
49133.0
49148.0
49171.0
49175.0
49178.0
49179.0
49190.0
49191.0
49192.0
49193.0
49238.0
49251.0
49252.0
49253.0
49257.0
49290.0
49291.0
49295.0
49298.0
49310.0
49311.0
49312.0
49313.0
49355.0
49358.0
49371.0
49372.0
49373.0
49390.0
49418.0
49430.0
49431.0
49432.0
49433.0
49475.0
49478.0
49490.0
49491.0
49492.0
49493.0
49538.0
49550.0
49551.0
49552.0
49553.0
49591.0
49598.0
49610.0
49611.0
49612.0
49613.0
49614.0
49615.0
49658.0
49670.0
49671.0
49672.0
49673.0
49692.0
49711.0
49715.0
49718.0
49731.0
49732.0
49733.0
49771.0
49775.0
49776.0
49778.0
49790.0
49791.0
49792.0
49793.0
49831.0
49835.0
49836.0
49838.0
49850.0
49851.0
49852.0
49853.0
49891.0
49895.0
49898.0
49910.0
49911.0
49912.0
49913.0
49951.0
49955.0
49958.0
49970.0
49971.0
49972.0
49973.0
50011.0
50015.0
50018.0
50030.0
50031.0
50032.0
50033.0
50071.0
50075.0
50078.0
50079.0
50091.0
50092.0
50093.0
50131.0
50135.0
50146.0
50147.0
50148.0
50150.0
50151.0
50152.0
50153.0
50191.0
50195.0
50198.0
50205.0
50206.0
50210.0
50211.0
50212.0
50213.0
50251.0
50255.0
50258.0
50272.0
50273.0
50279.0
50280.0
50289.0
50311.0
50318.0
50319.0
50330.0
50331.0
50332.0
50333.0
50338.0
50339.0
50378.0
50390.0
50391.0
50392.0
50393.0
50438.0
50451.0
50452.0
50453.0
50498.0
50509.0
50510.0
50511.0
50512.0
50513.0
50570.0
50571.0
50572.0
50581.0
50582.0
50591.0
50618.0
50632.0
50633.0
50640.0
50641.0
50642.0
50692.0
50693.0
50739.0
50751.0
50752.0
50753.0
50798.0
50799.0
50810.0
50811.0
50812.0
50813.0
50858.0
50870.0
50871.0
50872.0
50873.0
50918.0
50930.0
50931.0
50932.0
50942.0
50943.0
50944.0
50985.0
50991.0
51038.0
51051.0
51055.0
51059.0
51115.0
51117.0
51118.0
51161.0
51162.0
51171.0
51191.0
51278.0
51294.0
51398.0
51518.0
51699.0
51758.0
51759.0
51770.0
51818.0
51831.0
51832.0
51878.0
51882.0
51884.0
51890.0
51892.0
51899.0
51938.0
51939.0
51941.0
51946.0
51948.0
51951.0
51952.0
51954.0
52005.0
52010.0
52011.0
52015.0
52045.0
52070.0
52071.0
52072.0
52073.0
52085.0
52086.0
52087.0
52133.0
52134.0
52144.0
52145.0
52147.0
52148.0
52178.0
52193.0
52207.0
52209.0
52213.0
52214.0
52215.0
52244.0
52252.0
52253.0
52287.0
52291.0
52312.0
52313.0
52335.0
52336.0
52339.0
52349.0
52355.0
52366.0
52372.0
52373.0
52389.0
52395.0
52411.0
52430.0
52453.0
52454.0
52460.0
52490.0
52516.0
52552.0
52553.0
52574.0
52616.0
52617.0
52662.0
52673.0
52692.0
52732.0
52733.0
52793.0
52853.0
52912.0
52913.0
52973.0
52974.0
53032.0
53033.0
53093.0
53213.0
53270.0
53272.0
53274.0
53275.0
53277.0
53288.0
53318.0
53319.0
53330.0
53372.0
53375.0
53377.0
53378.0
53379.0
53392.0
53435.0
53437.0
53438.0
53439.0
53440.0
53450.0
53451.0
53492.0
53495.0
53497.0
53498.0
53499.0
53511.0
53512.0
53552.0
53555.0
53557.0
53558.0
53571.0
53612.0
53615.0
53617.0
53618.0
53630.0
53631.0
53632.0
53672.0
53675.0
53678.0
53679.0
53690.0
53691.0
53732.0
53735.0
53737.0
53738.0
53739.0
53751.0
53752.0
53753.0
53754.0
53792.0
53795.0
53797.0
53798.0
53800.0
53810.0
53811.0
53812.0
53813.0
53814.0
53852.0
53855.0
53857.0
53858.0
53870.0
53871.0
53872.0
53873.0
53886.0
53887.0
53912.0
53915.0
53918.0
53932.0
53933.0
53934.0
53942.0
53978.0
53979.0
53991.0
53992.0
53993.0
54035.0
54037.0
54038.0
54039.0
54050.0
54051.0
54052.0
54053.0
54095.0
54098.0
54099.0
54107.0
54110.0
54111.0
54112.0
54113.0
54158.0
54170.0
54171.0
54172.0
54173.0
54174.0
54187.0
54188.0
54189.0
54211.0
54212.0
54230.0
54231.0
54232.0
54233.0
54235.0
54243.0
54244.0
54245.0
54280.0
54290.0
54291.0
54292.0
54293.0
54352.0
54353.0
54413.0
54470.0
54472.0
54473.0
54474.0
54518.0
54530.0
54533.0
54534.0
54593.0
54651.0
54652.0
54715.0
54770.0
54784.0
54818.0
54819.0
54832.0
54878.0
54890.0
54938.0
54951.0
54952.0
54998.0
55010.0
55011.0
55058.0
55070.0
55071.0
55072.0
55086.0
55118.0
55130.0
55131.0
55178.0
55190.0
55191.0
55238.0
55250.0
55251.0
55298.0
55310.0
55311.0
55321.0
55358.0
55370.0
55371.0
55421.0
55430.0
55454.0
55478.0
55538.0
55550.0
55553.0
55598.0
55610.0
55611.0
55612.0
55658.0
55671.0
55683.0
55718.0
55730.0
55731.0
55778.0
55790.0
55791.0
55838.0
55850.0
55851.0
55898.0
55910.0
55911.0
55958.0
55970.0
55971.0
56018.0
56030.0
56031.0
56054.0
56090.0
56091.0
56092.0
56093.0
56115.0
56150.0
56151.0
56152.0
56153.0
56175.0
56180.0
56211.0
56212.0
56213.0
56217.0
56237.0
56246.0
56272.0
56273.0
56274.0
56302.0
56303.0
56332.0
56333.0
56342.0
56358.0
56359.0
56360.0
56389.0
56390.0
56391.0
56392.0
56393.0
56416.0
56417.0
56418.0
56428.0
56450.0
56452.0
56453.0
56477.0
56479.0
56511.0
56512.0
56513.0
56537.0
56538.0
56540.0
56572.0
56573.0
56590.0
56599.0
56620.0
56626.0
56632.0
56633.0
56634.0
56692.0
56693.0
56694.0
56729.0
56752.0
56753.0
56787.0
56812.0
56813.0
56814.0
56825.0
56832.0
56841.0
56842.0
56843.0
56870.0
56872.0
56873.0
56884.0
56898.0
56899.0
56900.0
56910.0
56911.0
56932.0
56933.0
56957.0
56992.0
56993.0
57052.0
57053.0
57112.0
57113.0
57172.0
57173.0
57232.0
57233.0
57292.0
57293.0
57331.0
57335.0
57338.0
57340.0
57348.0
57350.0
57352.0
57353.0
57391.0
57395.0
57397.0
57398.0
57405.0
57410.0
57411.0
57412.0
57413.0
57451.0
57455.0
57457.0
57458.0
57470.0
57471.0
57472.0
57473.0
57481.0
57511.0
57514.0
57515.0
57516.0
57517.0
57518.0
57530.0
57531.0
57532.0
57533.0
57538.0
57571.0
57575.0
57577.0
57578.0
57590.0
57592.0
57593.0
57631.0
57635.0
57637.0
57638.0
57650.0
57652.0
57653.0
57691.0
57695.0
57697.0
57698.0
57705.0
57706.0
57710.0
57711.0
57712.0
57713.0
57751.0
57755.0
57758.0
57770.0
57772.0
57773.0
57775.0
57783.0
57811.0
57815.0
57817.0
57818.0
57830.0
57831.0
57832.0
57833.0
57839.0
57840.0
57871.0
57875.0
57877.0
57878.0
57890.0
57892.0
57893.0
57931.0
57935.0
57938.0
57950.0
57951.0
57952.0
57953.0
57991.0
57995.0
57997.0
57998.0
58010.0
58011.0
58012.0
58013.0
58051.0
58055.0
58058.0
58070.0
58071.0
58072.0
58073.0
58111.0
58115.0
58117.0
58118.0
58130.0
58131.0
58132.0
58133.0
58171.0
58175.0
58177.0
58178.0
58190.0
58191.0
58192.0
58193.0
58231.0
58235.0
58237.0
58238.0
58239.0
58247.0
58248.0
58250.0
58251.0
58252.0
58253.0
58291.0
58295.0
58298.0
58299.0
58300.0
58310.0
58311.0
58312.0
58313.0
58351.0
58355.0
58357.0
58358.0
58370.0
58371.0
58372.0
58373.0
58380.0
58411.0
58415.0
58417.0
58418.0
58430.0
58431.0
58432.0
58433.0
58471.0
58478.0
58490.0
58493.0
58531.0
58537.0
58538.0
58550.0
58551.0
58552.0
58553.0
58597.0
58598.0
58610.0
58611.0
58612.0
58613.0
58657.0
58658.0
58670.0
58671.0
58672.0
58673.0
58674.0
58682.0
58683.0
58718.0
58730.0
58733.0
58734.0
58735.0
58777.0
58778.0
58790.0
58791.0
58792.0
58793.0
58837.0
58838.0
58850.0
58851.0
58852.0
58853.0
58897.0
58910.0
58911.0
58912.0
58913.0
58957.0
58970.0
58971.0
58972.0
58973.0
59017.0
59018.0
59032.0
59033.0
59042.0
59043.0
59044.0
59078.0
59092.0
59093.0
59137.0
59138.0
59150.0
59151.0
59152.0
59153.0
59198.0
59211.0
59212.0
59213.0
59257.0
59258.0
59270.0
59271.0
59279.0
59318.0
59330.0
59331.0
59378.0
59379.0
59390.0
59391.0
59438.0
59450.0
59451.0
59508.0
59509.0
59510.0
59511.0
59571.0
59617.0
59629.0
59641.0
59642.0
59643.0
59738.0
59762.0
59799.0
59801.0
59857.0
59858.0
59870.0
59871.0
59917.0
59918.0
59932.0
59933.0
59978.0
59990.0
60037.0
60038.0
60050.0
60096.0
60097.0
60098.0
60110.0
60125.0
60126.0
60155.0
60157.0
60158.0
60170.0
60172.0
60173.0
60174.0
60178.0
60204.0
60219.0
60220.0
60230.0
60234.0
60235.0
60236.0
60264.0
60277.0
60290.0
60292.0
60293.0
60322.0
60352.0
60353.0
60377.0
60378.0
60379.0
60380.0
60412.0
60413.0
60414.0
60434.0
60435.0
60436.0
60443.0
60448.0
60449.0
60472.0
60473.0
60479.0
60480.0
60494.0
60507.0
60530.0
60532.0
60533.0
60559.0
60588.0
60592.0
60593.0
60616.0
60617.0
60618.0
60652.0
60653.0
60671.0
60672.0
60673.0
60674.0
60680.0
60691.0
60712.0
60713.0
60734.0
60735.0
60772.0
60773.0
60805.0
60832.0
60833.0
60848.0
60875.0
60876.0
60877.0
60878.0
60892.0
60893.0
60902.0
60903.0
60908.0
60953.0
60994.0
60995.0
60996.0
61073.0
61132.0
61312.0
61313.0
61379.0
61430.0
61431.0
61432.0
61433.0
61445.0
61446.0
61447.0
61448.0
61472.0
61475.0
61477.0
61478.0
61491.0
61532.0
61535.0
61538.0
61539.0
61550.0
61551.0
61552.0
61592.0
61595.0
61598.0
61610.0
61611.0
61613.0
61652.0
61655.0
61658.0
61671.0
61673.0
61674.0
61712.0
61715.0
61719.0
61730.0
61731.0
61733.0
61772.0
61778.0
61790.0
61793.0
61839.0
61843.0
61852.0
61853.0
61858.0
61895.0
61897.0
61898.0
61911.0
61913.0
61955.0
61958.0
61970.0
61971.0
61972.0
61973.0
61974.0
61976.0
62018.0
62030.0
62033.0
62034.0
62078.0
62090.0
62091.0
62093.0
62132.0
62150.0
62151.0
62154.0
62155.0
62200.0
62202.0
62210.0
62211.0
62213.0
62254.0
62259.0
62265.0
62270.0
62271.0
62273.0
62274.0
62278.0
62332.0
62333.0
62372.0
62377.0
62392.0
62393.0
62394.0
62435.0
62437.0
62450.0
62453.0
62454.0
62495.0
62497.0
62513.0
62552.0
62573.0
62612.0
62617.0
62630.0
62672.0
62677.0
62694.0
62695.0
62742.0
62752.0
62798.0
62813.0
62857.0
62858.0
62870.0
62874.0
62875.0
62917.0
62918.0
62930.0
62931.0
62932.0
62978.0
62990.0
62991.0
63038.0
63050.0
63051.0
63052.0
63097.0
63098.0
63110.0
63157.0
63158.0
63170.0
63172.0
63173.0
63177.0
63217.0
63218.0
63230.0
63233.0
63277.0
63278.0
63290.0
63293.0
63294.0
63337.0
63338.0
63350.0
63351.0
63353.0
63397.0
63398.0
63410.0
63457.0
63458.0
63470.0
63517.0
63518.0
63530.0
63577.0
63578.0
63590.0
63591.0
63637.0
63638.0
63641.0
63650.0
63651.0
63697.0
63698.0
63710.0
63711.0
63757.0
63758.0
63770.0
63774.0
63817.0
63818.0
63830.0
63831.0
63877.0
63878.0
63890.0
63938.0
63950.0
63951.0
63998.0
63999.0
64010.0
64011.0
64057.0
64058.0
64070.0
64071.0
64117.0
64118.0
64130.0
64131.0
64177.0
64178.0
64190.0
64191.0
64225.0
64238.0
64239.0
64250.0
64251.0
64252.0
64253.0
64278.0
64279.0
64290.0
64306.0
64310.0
64311.0
64312.0
64313.0
64334.0
64335.0
64339.0
64365.0
64371.0
64373.0
64394.0
64427.0
64433.0
64434.0
64455.0
64456.0
64487.0
64493.0
64515.0
64516.0
64526.0
64552.0
64553.0
64554.0
64557.0
64577.0
64598.0
64613.0
64619.0
64646.0
64648.0
64673.0
64674.0
64676.0
64705.0
64708.0
64709.0
64733.0
64739.0
64763.0
64768.0
64779.0
64780.0
64781.0
64793.0
64811.0
64837.0
64838.0
64839.0
64840.0
64853.0
64854.0
64868.0
64897.0
64911.0
64912.0
64913.0
64918.0
64919.0
64942.0
64943.0
64949.0
64971.0
64973.0
64975.0
64977.0
64984.0
65014.0
65033.0
65034.0
65040.0
65041.0
65043.0
65044.0
65093.0
65094.0
65100.0
65153.0
65212.0
65213.0
65272.0
65273.0
65392.0
65393.0
65452.0
65513.0
65527.0
65552.0
65555.0
65556.0
65557.0
65558.0
65614.0
65615.0
65617.0
65618.0
65630.0
65631.0
65672.0
65675.0
65676.0
65677.0
65678.0
65690.0
65691.0
65692.0
65732.0
65735.0
65738.0
65739.0
65750.0
65792.0
65794.0
65795.0
65796.0
65806.0
65810.0
65855.0
65856.0
65861.0
65862.0
65864.0
65865.0
65866.0
65870.0
65871.0
65874.0
65912.0
65915.0
65916.0
65918.0
65930.0
65932.0
65933.0
65937.0
65938.0
65939.0
65972.0
65975.0
65976.0
65977.0
65978.0
65992.0
65993.0
65994.0
66032.0
66035.0
66037.0
66038.0
66039.0
66050.0
66051.0
66052.0
66053.0
66091.0
66095.0
66096.0
66097.0
66102.0
66103.0
66110.0
66111.0
66112.0
66113.0
66157.0
66158.0
66170.0
66171.0
66172.0
66173.0
66174.0
66211.0
66215.0
66217.0
66218.0
66232.0
66235.0
66236.0
66240.0
66241.0
66272.0
66277.0
66278.0
66290.0
66292.0
66296.0
66297.0
66332.0
66337.0
66338.0
66350.0
66351.0
66352.0
66353.0
66397.0
66398.0
66410.0
66411.0
66412.0
66413.0
66457.0
66458.0
66470.0
66471.0
66472.0
66473.0
66474.0
66515.0
66517.0
66518.0
66530.0
66536.0
66537.0
66538.0
66577.0
66578.0
66590.0
66592.0
66593.0
66632.0
66637.0
66638.0
66650.0
66652.0
66653.0
66696.0
66697.0
66698.0
66710.0
66711.0
66712.0
66713.0
66757.0
66758.0
66770.0
66771.0
66772.0
66773.0
66817.0
66818.0
66830.0
66832.0
66833.0
66878.0
66890.0
66892.0
66893.0
66937.0
66938.0
66950.0
66951.0
66952.0
66953.0
66997.0
66998.0
67010.0
67011.0
67012.0
67013.0
67057.0
67058.0
67070.0
67072.0
67073.0
67117.0
67118.0
67130.0
67132.0
67133.0
67177.0
67178.0
67190.0
67192.0
67193.0
67237.0
67244.0
67245.0
67250.0
67252.0
67253.0
67297.0
67298.0
67310.0
67312.0
67313.0
67357.0
67364.0
67370.0
67372.0
67373.0
67376.0
67377.0
67378.0
67417.0
67418.0
67430.0
67477.0
67478.0
67497.0
67538.0
67550.0
67610.0
67658.0
67659.0
67671.0
67672.0
67718.0
67719.0
67731.0
67732.0
67778.0
67790.0
67791.0
67838.0
67839.0
67850.0
67851.0
67898.0
67899.0
67958.0
67970.0
67971.0
68017.0
68018.0
68030.0
68031.0
68078.0
68091.0
68136.0
68138.0
68150.0
68198.0
68210.0
68211.0
68258.0
68268.0
68269.0
68270.0
68271.0
68287.0
68317.0
68318.0
68329.0
68330.0
68331.0
68332.0
68333.0
68334.0
68335.0
68343.0
68346.0
68359.0
68388.0
68390.0
68391.0
68392.0
68393.0
68396.0
68397.0
68426.0
68450.0
68451.0
68452.0
68453.0
68455.0
68481.0
68482.0
68483.0
68511.0
68522.0
68529.0
68533.0
68536.0
68543.0
68566.0
68567.0
68571.0
68572.0
68573.0
68584.0
68586.0
68588.0
68589.0
68618.0
68619.0
68633.0
68635.0
68641.0
68644.0
68645.0
68646.0
68648.0
68657.0
68671.0
68672.0
68693.0
68703.0
68719.0
68724.0
68748.0
68749.0
68752.0
68753.0
68773.0
68777.0
68778.0
68779.0
68802.0
68803.0
68813.0
68832.0
68885.0
68886.0
68887.0
68891.0
68935.0
68936.0
68940.0
68941.0
68942.0
68943.0
68990.0
68991.0
68992.0
68999.0
69000.0
69049.0
69052.0
69065.0
69095.0
69118.0
69119.0
69120.0
69124.0
69172.0
69176.0
69292.0
69412.0
69413.0
69470.0
69473.0
69474.0
69532.0
69533.0
69534.0
69592.0
69593.0
69620.0
69632.0
69635.0
69637.0
69638.0
69650.0
69651.0
69652.0
69653.0
69697.0
69698.0
69710.0
69712.0
69713.0
69756.0
69757.0
69758.0
69770.0
69772.0
69773.0
69812.0
69819.0
69820.0
69830.0
69831.0
69832.0
69833.0
69872.0
69877.0
69878.0
69890.0
69892.0
69893.0
69934.0
69937.0
69938.0
69952.0
69953.0
69995.0
69997.0
69998.0
70010.0
70011.0
70012.0
70013.0
70057.0
70058.0
70066.0
70070.0
70072.0
70073.0
70112.0
70115.0
70117.0
70118.0
70130.0
70132.0
70133.0
70177.0
70178.0
70190.0
70192.0
70193.0
70236.0
70250.0
70251.0
70252.0
70254.0
70255.0
70290.0
70292.0
70295.0
70297.0
70310.0
70311.0
70312.0
70313.0
70352.0
70354.0
70355.0
70357.0
70358.0
70369.0
70372.0
70373.0
70383.0
70412.0
70415.0
70418.0
70432.0
70433.0
70472.0
70475.0
70477.0
70478.0
70479.0
70490.0
70491.0
70492.0
70493.0
70532.0
70535.0
70537.0
70538.0
70551.0
70552.0
70553.0
70592.0
70595.0
70597.0
70598.0
70610.0
70611.0
70612.0
70613.0
70652.0
70655.0
70658.0
70670.0
70671.0
70672.0
70684.0
70685.0
70686.0
70712.0
70715.0
70717.0
70718.0
70730.0
70731.0
70732.0
70772.0
70777.0
70778.0
70790.0
70791.0
70793.0
70832.0
70837.0
70838.0
70850.0
70851.0
70852.0
70853.0
70854.0
70898.0
70910.0
70911.0
70912.0
70913.0
70957.0
70958.0
70970.0
70971.0
70973.0
71017.0
71030.0
71031.0
71032.0
71033.0
71078.0
71090.0
71091.0
71092.0
71093.0
71150.0
71151.0
71153.0
71197.0
71198.0
71210.0
71212.0
71213.0
71257.0
71268.0
71273.0
71274.0
71330.0
71332.0
71333.0
71390.0
71392.0
71393.0
71450.0
71452.0
71453.0
71570.0
71677.0
71690.0
71737.0
71738.0
71798.0
71799.0
71806.0
71807.0
71810.0
71858.0
71864.0
71865.0
71870.0
71917.0
71918.0
71931.0
71939.0
71977.0
71978.0
71990.0
71991.0
72037.0
72038.0
72050.0
72098.0
72110.0
72111.0
72157.0
72170.0
72171.0
72217.0
72218.0
72230.0
72231.0
72277.0
72278.0
72290.0
72291.0
72337.0
72338.0
72350.0
72351.0
72376.0
72397.0
72398.0
72435.0
72458.0
72468.0
72470.0
72471.0
72472.0
72473.0
72499.0
72529.0
72530.0
72531.0
72532.0
72533.0
72534.0
72558.0
72592.0
72593.0
72594.0
72615.0
72652.0
72653.0
72712.0
72713.0
72715.0
72745.0
72773.0
72774.0
72830.0
72832.0
72833.0
72860.0
72892.0
72893.0
72953.0
72972.0
73012.0
73013.0
73028.0
73029.0
73032.0
73033.0
73034.0
73059.0
73066.0
73072.0
73073.0
73074.0
73087.0
73091.0
73092.0
73093.0
73095.0
73096.0
73126.0
73133.0
73143.0
73144.0
73145.0
73146.0
73154.0
73155.0
73156.0
73162.0
73163.0
73165.0
73192.0
73193.0
73215.0
73216.0
73225.0
73246.0
73252.0
73254.0
73255.0
73276.0
73307.0
73312.0
73313.0
73372.0
73373.0
73432.0
73433.0
73492.0
73552.0
73553.0
73613.0
73672.0
73673.0
73715.0
73716.0
73718.0
73722.0
73730.0
73731.0
73732.0
73733.0
73772.0
73775.0
73776.0
73777.0
73778.0
73790.0
73792.0
73793.0
73831.0
73836.0
73837.0
73838.0
73850.0
73851.0
73853.0
73885.0
73886.0
73891.0
73895.0
73896.0
73898.0
73910.0
73911.0
73913.0
73951.0
73955.0
73956.0
73957.0
73958.0
73965.0
73970.0
73971.0
73972.0
73973.0
73974.0
74011.0
74015.0
74016.0
74018.0
74030.0
74031.0
74033.0
74075.0
74076.0
74077.0
74078.0
74091.0
74093.0
74123.0
74131.0
74135.0
74136.0
74137.0
74138.0
74139.0
74150.0
74151.0
74152.0
74153.0
74195.0
74196.0
74197.0
74198.0
74210.0
74211.0
74212.0
74213.0
74251.0
74255.0
74256.0
74257.0
74258.0
74270.0
74271.0
74272.0
74273.0
74311.0
74315.0
74317.0
74318.0
74330.0
74331.0
74332.0
74333.0
74371.0
74375.0
74376.0
74378.0
74390.0
74391.0
74392.0
74393.0
74394.0
74428.0
74431.0
74435.0
74436.0
74437.0
74438.0
74450.0
74451.0
74452.0
74453.0
74495.0
74496.0
74497.0
74510.0
74511.0
74512.0
74513.0
74555.0
74556.0
74557.0
74558.0
74570.0
74571.0
74572.0
74573.0
74574.0
74611.0
74615.0
74616.0
74618.0
74630.0
74632.0
74633.0
74671.0
74675.0
74676.0
74677.0
74678.0
74690.0
74691.0
74692.0
74693.0
74735.0
74736.0
74737.0
74738.0
74750.0
74751.0
74752.0
74753.0
74754.0
74785.0
74786.0
74795.0
74796.0
74797.0
74798.0
74810.0
74811.0
74813.0
74851.0
74856.0
74857.0
74858.0
74864.0
74870.0
74871.0
74872.0
74873.0
74911.0
74917.0
74918.0
74930.0
74933.0
74934.0
74977.0
74978.0
74990.0
74991.0
74993.0
75038.0
75050.0
75051.0
75052.0
75053.0
75054.0
75097.0
75098.0
75111.0
75112.0
75113.0
75158.0
75170.0
75171.0
75173.0
75217.0
75218.0
75231.0
75233.0
75278.0
75290.0
75291.0
75293.0
75328.0
75337.0
75338.0
75339.0
75341.0
75350.0
75351.0
75352.0
75353.0
75398.0
75403.0
75404.0
75410.0
75413.0
75457.0
75458.0
75459.0
75460.0
75470.0
75473.0
75517.0
75518.0
75530.0
75531.0
75532.0
75533.0
75537.0
75577.0
75578.0
75590.0
75591.0
75592.0
75637.0
75638.0
75650.0
75697.0
75698.0
75710.0
75757.0
75758.0
75770.0
75817.0
75818.0
75830.0
75877.0
75878.0
75890.0
75937.0
75938.0
75950.0
75997.0
75998.0
76010.0
76057.0
76058.0
76070.0
76071.0
76117.0
76118.0
76130.0
76177.0
76178.0
76190.0
76227.0
76237.0
76238.0
76250.0
76251.0
76297.0
76298.0
76310.0
76357.0
76359.0
76360.0
76370.0
76417.0
76430.0
76453.0
76455.0
76482.0
76484.0
76485.0
76490.0
76514.0
76515.0
76517.0
76523.0
76538.0
76539.0
76550.0
76551.0
76552.0
76553.0
76574.0
76575.0
76605.0
76613.0
76614.0
76615.0
76617.0
76626.0
76634.0
76636.0
76638.0
76642.0
76643.0
76657.0
76662.0
76671.0
76672.0
76673.0
76685.0
76694.0
76697.0
76698.0
76703.0
76727.0
76732.0
76733.0
76743.0
76761.0
76787.0
76792.0
76793.0
76816.0
76819.0
76847.0
76849.0
76853.0
76877.0
76878.0
76906.0
76908.0
76913.0
76917.0
76920.0
76936.0
76937.0
76965.0
76974.0
76994.0
76995.0
77024.0
77025.0
77032.0
77033.0
77054.0
77056.0
77086.0
77093.0
77115.0
77116.0
77145.0
77146.0
77153.0
77154.0
77175.0
77176.0
77204.0
77205.0
77206.0
77213.0
77214.0
77234.0
77235.0
77236.0
77237.0
77266.0
77267.0
77273.0
77295.0
77296.0
77325.0
77326.0
77333.0
77334.0
77355.0
77370.0
77385.0
77393.0
77400.0
77415.0
77428.0
77453.0
77512.0
77513.0
77561.0
77573.0
77633.0
77692.0
77693.0
77753.0
77812.0
77813.0
77841.0
77851.0
77855.0
77856.0
77870.0
77873.0
77915.0
77916.0
77933.0
77971.0
77975.0
77976.0
77977.0
77992.0
77993.0
78024.0
78025.0
78031.0
78035.0
78036.0
78092.0
78096.0
78097.0
78110.0
78111.0
78112.0
78143.0
78152.0
78156.0
78157.0
78158.0
78159.0
78172.0
78212.0
78215.0
78216.0
78217.0
78218.0
78230.0
78276.0
78277.0
78278.0
78291.0
78292.0
78332.0
78335.0
78336.0
78337.0
78338.0
78350.0
78351.0
78380.0
78382.0
78392.0
78395.0
78397.0
78398.0
78410.0
78412.0
78456.0
78457.0
78460.0
78470.0
78512.0
78516.0
78517.0
78518.0
78531.0
78532.0
78572.0
78575.0
78576.0
78577.0
78590.0
78593.0
78594.0
78636.0
78637.0
78650.0
78651.0
78653.0
78692.0
78694.0
78695.0
78697.0
78698.0
78710.0
78712.0
78713.0
78752.0
78756.0
78757.0
78770.0
78816.0
78817.0
78830.0
78831.0
78832.0
78833.0
78834.0
78877.0
78890.0
78892.0
78893.0
78923.0
78931.0
78932.0
78937.0
78950.0
78952.0
78953.0
78997.0
78998.0
79009.0
79010.0
79012.0
79013.0
79042.0
79056.0
79057.0
79070.0
79072.0
79073.0
79117.0
79130.0
79131.0
79132.0
79133.0
79138.0
79142.0
79177.0
79178.0
79190.0
79192.0
79193.0
79237.0
79250.0
79252.0
79253.0
79297.0
79298.0
79310.0
79312.0
79313.0
79357.0
79358.0
79359.0
79370.0
79371.0
79372.0
79373.0
79417.0
79430.0
79433.0
79444.0
79477.0
79478.0
79490.0
79491.0
79492.0
79493.0
79537.0
79538.0
79550.0
79552.0
79553.0
79597.0
79598.0
79610.0
79613.0
79657.0
79670.0
79673.0
79674.0
79717.0
79730.0
79777.0
79790.0
79823.0
79837.0
79850.0
79851.0
79897.0
79910.0
79955.0
79970.0
80017.0
80030.0
80077.0
80137.0
80150.0
80270.0
80390.0
80557.0
80558.0
80570.0
80593.0
80617.0
80623.0
80652.0
80656.0
80658.0
80690.0
80715.0
80717.0
80718.0
80719.0
80750.0
80752.0
80777.0
80779.0
80835.0
80836.0
80837.0
80867.0
80872.0
80873.0
80898.0
80900.0
80957.0
80992.0
80993.0
80994.0
81016.0
81017.0
81052.0
81053.0
81075.0
81076.0
81077.0
81078.0
81108.0
81112.0
81113.0
81122.0
81137.0
81139.0
81157.0
81172.0
81173.0
81196.0
81197.0
81208.0
81233.0
81257.0
81292.0
81293.0
81294.0
81316.0
81317.0
81348.0
81352.0
81353.0
81376.0
81377.0
81405.0
81412.0
81413.0
81435.0
81436.0
81473.0
81532.0
81533.0
81592.0
81593.0
81652.0
81653.0
81712.0
81713.0
81772.0
81773.0
81802.0
81832.0
81833.0
81892.0
81893.0
81920.0
81932.0
81935.0
81937.0
81950.0
81953.0
81975.0
81976.0
81980.0
81991.0
81995.0
81997.0
82010.0
82011.0
82012.0
82013.0
82052.0
82055.0
82056.0
82057.0
82070.0
82072.0
82073.0
82111.0
82114.0
82115.0
82116.0
82117.0
82130.0
82132.0
82133.0
82171.0
82175.0
82177.0
82190.0
82192.0
82193.0
82231.0
82235.0
82236.0
82237.0
82250.0
82252.0
82253.0
82291.0
82295.0
82297.0
82310.0
82312.0
82313.0
82351.0
82355.0
82357.0
82370.0
82373.0
82402.0
82411.0
82415.0
82417.0
82418.0
82430.0
82432.0
82433.0
82471.0
82475.0
82476.0
82477.0
82490.0
82492.0
82493.0
82519.0
82531.0
82535.0
82537.0
82538.0
82539.0
82550.0
82551.0
82552.0
82553.0
82591.0
82595.0
82597.0
82603.0
82604.0
82605.0
82610.0
82612.0
82613.0
82651.0
82652.0
82655.0
82656.0
82657.0
82670.0
82671.0
82672.0
82673.0
82711.0
82715.0
82716.0
82717.0
82730.0
82732.0
82733.0
82737.0
82771.0
82775.0
82777.0
82790.0
82792.0
82793.0
82831.0
82835.0
82836.0
82837.0
82850.0
82852.0
82853.0
82875.0
82876.0
82891.0
82895.0
82896.0
82897.0
82910.0
82912.0
82913.0
82951.0
82955.0
82957.0
82958.0
82970.0
82973.0
82975.0
82984.0
83011.0
83017.0
83030.0
83032.0
83033.0
83040.0
83063.0
83071.0
83076.0
83077.0
83090.0
83092.0
83093.0
83131.0
83136.0
83137.0
83150.0
83152.0
83153.0
83197.0
83210.0
83212.0
83213.0
83257.0
83270.0
83272.0
83273.0
83317.0
83330.0
83332.0
83333.0
83363.0
83377.0
83390.0
83392.0
83393.0
83418.0
83438.0
83450.0
83453.0
83483.0
83497.0
83510.0
83512.0
83513.0
83543.0
83551.0
83557.0
83570.0
83571.0
83572.0
83573.0
83617.0
83618.0
83630.0
83631.0
83632.0
83633.0
83677.0
83690.0
83692.0
83693.0
83723.0
83737.0
83750.0
83751.0
83752.0
83797.0
83810.0
83857.0
83870.0
83917.0
83930.0
83977.0
83990.0
84037.0
84050.0
84097.0
84110.0
84157.0
84170.0
84217.0
84218.0
84230.0
84231.0
84277.0
84278.0
84290.0
84317.0
84337.0
84338.0
84350.0
84351.0
84397.0
84398.0
84410.0
84450.0
84457.0
84458.0
84470.0
84471.0
84517.0
84518.0
84530.0
84577.0
84578.0
84637.0
84650.0
84651.0
84681.0
84697.0
84698.0
84710.0
84711.0
84713.0
84715.0
84716.0
84734.0
84735.0
84740.0
84743.0
84752.0
84753.0
84766.0
84770.0
84771.0
84773.0
84774.0
84792.0
84793.0
84823.0
84830.0
84833.0
84851.0
84864.0
84881.0
84893.0
84894.0
84895.0
84917.0
84918.0
84924.0
84948.0
84953.0
84954.0
84971.0
84977.0
84983.0
85001.0
85013.0
85030.0
85066.0
85068.0
85073.0
85074.0
85095.0
85127.0
85128.0
85133.0
85156.0
85157.0
85184.0
85186.0
85193.0
85214.0
85215.0
85243.0
85244.0
85245.0
85253.0
85273.0
85274.0
85277.0
85307.0
85313.0
85336.0
85366.0
85367.0
85373.0
85395.0
85396.0
85397.0
85398.0
85426.0
85433.0
85434.0
85455.0
85456.0
85468.0
85486.0
85493.0
85494.0
85498.0
85516.0
85527.0
85553.0
85554.0
85575.0
85605.0
85613.0
85643.0
85652.0
85673.0
85733.0
85793.0
85794.0
85853.0
85912.0
85913.0
85972.0
85973.0
85974.0
86015.0
86016.0
86033.0
86075.0
86076.0
86077.0
86090.0
86092.0
86115.0
86131.0
86135.0
86136.0
86152.0
86153.0
86154.0
86191.0
86195.0
86196.0
86197.0
86203.0
86210.0
86212.0
86213.0
86254.0
86255.0
86256.0
86257.0
86258.0
86315.0
86316.0
86317.0
86318.0
86332.0
86336.0
86337.0
86375.0
86377.0
86378.0
86390.0
86391.0
86393.0
86435.0
86436.0
86437.0
86438.0
86450.0
86471.0
86475.0
86495.0
86496.0
86497.0
86510.0
86511.0
86537.0
86540.0
86541.0
86544.0
86550.0
86555.0
86556.0
86557.0
86558.0
86570.0
86572.0
86583.0
86589.0
86590.0
86592.0
86596.0
86604.0
86608.0
86615.0
86616.0
86617.0
86618.0
86619.0
86630.0
86633.0
86635.0
86639.0
86660.0
86671.0
86673.0
86674.0
86675.0
86677.0
86690.0
86691.0
86693.0
86710.0
86711.0
86713.0
86715.0
86720.0
86724.0
86725.0
86731.0
86735.0
86736.0
86737.0
86738.0
86752.0
86753.0
86768.0
86791.0
86795.0
86796.0
86797.0
86810.0
86812.0
86813.0
86814.0
86855.0
86856.0
86857.0
86858.0
86870.0
86871.0
86873.0
86874.0
86889.0
86930.0
86933.0
86934.0
86963.0
86973.0
86974.0
86975.0
86976.0
86977.0
86978.0
86979.0
86980.0
86990.0
86991.0
86993.0
87013.0
87014.0
87015.0
87018.0
87023.0
87025.0
87027.0
87028.0
87031.0
87032.0
87035.0
87037.0
87040.0
87044.0
87050.0
87053.0
87054.0
87055.0
87070.0
87083.0
87091.0
87097.0
87098.0
87106.0
87107.0
87110.0
87113.0
87147.0
87151.0
87157.0
87170.0
87171.0
87173.0
87174.0
87217.0
87231.0
87232.0
87233.0
87290.0
87291.0
87292.0
87293.0
87324.0
87337.0
87338.0
87350.0
87353.0
87355.0
87412.0
87413.0
87442.0
87457.0
87470.0
87473.0
87479.0
87530.0
87533.0
87534.0
87577.0
87592.0
87593.0
87652.0
87653.0
87697.0
87710.0
87772.0
87773.0
87803.0
87830.0
87832.0
87833.0
87877.0
87878.0
87879.0
87913.0
87937.0
87997.0
88010.0
88046.0
88047.0
88057.0
88070.0
88117.0
88130.0
88177.0
88190.0
88237.0
88250.0
88297.0
88310.0
88357.0
88370.0
88417.0
88418.0
88430.0
88477.0
88490.0
88537.0
88550.0
88597.0
88610.0
88657.0
88670.0
88717.0
88718.0
88725.0
88730.0
88731.0
88755.0
88777.0
88790.0
88812.0
88848.0
88850.0
88852.0
88853.0
88910.0
88912.0
88913.0
88945.0
88970.0
88971.0
88973.0
89003.0
89032.0
89033.0
89093.0
89153.0
89174.0
89176.0
89190.0
89213.0
89214.0
89222.0
89233.0
89245.0
89247.0
89248.0
89272.0
89273.0
89275.0
89281.0
89299.0
89300.0
89304.0
89307.0
89330.0
89332.0
89333.0
89334.0
89349.0
89358.0
89359.0
89379.0
89393.0
89408.0
89428.0
89429.0
89453.0
89459.0
89473.0
89477.0
89487.0
89488.0
89513.0
89536.0
89564.0
89566.0
89573.0
89594.0
89595.0
89596.0
89597.0
89602.0
89627.0
89632.0
89633.0
89655.0
89656.0
89669.0
89692.0
89693.0
89699.0
89722.0
89728.0
89752.0
89812.0
89813.0
89872.0
89873.0
89932.0
89933.0
89962.0
89992.0
89993.0
90023.0
90052.0
90053.0
90097.0
90110.0
90112.0
90113.0
90146.0
90147.0
90152.0
90155.0
90157.0
90170.0
90171.0
90172.0
90173.0
90174.0
90206.0
90212.0
90215.0
90217.0
90230.0
90232.0
90233.0
90240.0
90242.0
90243.0
90245.0
90272.0
90275.0
90277.0
90290.0
90293.0
90335.0
90336.0
90337.0
90338.0
90350.0
90351.0
90353.0
90395.0
90396.0
90397.0
90410.0
90412.0
90413.0
90452.0
90455.0
90457.0
90458.0
90470.0
90471.0
90473.0
90512.0
90515.0
90516.0
90517.0
90530.0
90532.0
90533.0
90571.0
90575.0
90576.0
90590.0
90592.0
90593.0
90610.0
90631.0
90635.0
90636.0
90637.0
90650.0
90653.0
90691.0
90692.0
90695.0
90696.0
90697.0
90713.0
90743.0
90751.0
90755.0
90770.0
90773.0
90812.0
90815.0
90816.0
90817.0
90830.0
90832.0
90833.0
90871.0
90875.0
90876.0
90892.0
90893.0
90931.0
90932.0
90935.0
90936.0
90950.0
90953.0
90966.0
90970.0
90991.0
90995.0
90996.0
91045.0
91055.0
91056.0
91065.0
91066.0
91067.0
91068.0
91070.0
91072.0
91115.0
91116.0
91117.0
91132.0
91175.0
91176.0
91178.0
91190.0
91236.0
91237.0
91238.0
91239.0
91250.0
91252.0
91296.0
91297.0
91298.0
91310.0
91357.0
91358.0
91370.0
91373.0
91417.0
91418.0
91430.0
91432.0
91477.0
91490.0
91492.0
91509.0
91537.0
91538.0
91550.0
91551.0
91552.0
91597.0
91610.0
91611.0
91612.0
91613.0
91642.0
91657.0
91670.0
91672.0
91673.0
91674.0
91717.0
91718.0
91730.0
91732.0
91733.0
91777.0
91790.0
91791.0
91792.0
91793.0
91850.0
91852.0
91853.0
91854.0
91899.0
91910.0
91912.0
91913.0
91945.0
92017.0
92032.0
92257.0
92270.0
92390.0
92408.0
92437.0
92438.0
92497.0
92498.0
92557.0
92570.0
92617.0
92630.0
92636.0
92645.0
92669.0
92677.0
92678.0
92691.0
92701.0
92702.0
92737.0
92738.0
92750.0
92751.0
92778.0
92779.0
92797.0
92802.0
92805.0
92810.0
92811.0
92824.0
92833.0
92835.0
92837.0
92858.0
92869.0
92870.0
92871.0
92896.0
92897.0
92898.0
92903.0
92917.0
92930.0
92931.0
92933.0
92934.0
92935.0
92956.0
92957.0
92987.0
92991.0
92992.0
92993.0
93017.0
93018.0
93019.0
93020.0
93047.0
93050.0
93052.0
93053.0
93071.0
93077.0
93081.0
93105.0
93112.0
93113.0
93114.0
93127.0
93136.0
93138.0
93164.0
93173.0
93201.0
93231.0
93232.0
93233.0
93258.0
93286.0
93287.0
93292.0
93294.0
93346.0
93353.0
93408.0
93412.0
93413.0
93473.0
93532.0
93533.0
93563.0
93593.0
93653.0
93712.0
93713.0
93737.0
93738.0
93739.0
93768.0
93772.0
93773.0
93797.0
93802.0
93833.0
93834.0
93842.0
93843.0
93893.0
93894.0
93952.0
93953.0
93983.0
94003.0
94012.0
94013.0
94063.0
94073.0
94132.0
94133.0
94192.0
94193.0
94234.0
94235.0
94236.0
94237.0
94250.0
94253.0
94254.0
94295.0
94296.0
94297.0
94310.0
94311.0
94312.0
94317.0
94318.0
94355.0
94356.0
94357.0
94358.0
94370.0
94372.0
94373.0
94415.0
94416.0
94417.0
94430.0
94431.0
94432.0
94433.0
94467.0
94475.0
94476.0
94477.0
94490.0
94491.0
94493.0
94531.0
94535.0
94536.0
94537.0
94538.0
94550.0
94552.0
94553.0
94554.0
94591.0
94595.0
94596.0
94597.0
94598.0
94600.0
94610.0
94612.0
94613.0
94654.0
94655.0
94656.0
94657.0
94662.0
94663.0
94664.0
94665.0
94670.0
94672.0
94673.0
94715.0
94716.0
94717.0
94730.0
94731.0
94733.0
94734.0
94775.0
94776.0
94777.0
94778.0
94790.0
94792.0
94793.0
94826.0
94835.0
94836.0
94837.0
94838.0
94850.0
94852.0
94853.0
94895.0
94896.0
94897.0
94902.0
94903.0
94911.0
94913.0
94951.0
94955.0
94956.0
94957.0
94958.0
94962.0
94970.0
94971.0
94973.0
95015.0
95016.0
95017.0
95030.0
95031.0
95032.0
95033.0
95075.0
95076.0
95077.0
95078.0
95090.0
95091.0
95092.0
95093.0
95136.0
95137.0
95140.0
95150.0
95153.0
95195.0
95196.0
95197.0
95198.0
95210.0
95213.0
95214.0
95255.0
95256.0
95257.0
95258.0
95271.0
95273.0
95311.0
95316.0
95317.0
95330.0
95331.0
95333.0
95376.0
95377.0
95390.0
95393.0
95437.0
95450.0
95451.0
95453.0
95483.0
95497.0
95499.0
95503.0
95505.0
95510.0
95513.0
95557.0
95570.0
95572.0
95573.0
95617.0
95630.0
95633.0
95636.0
95663.0
95677.0
95678.0
95690.0
95693.0
95737.0
95750.0
95752.0
95753.0
95797.0
95801.0
95802.0
95810.0
95811.0
95813.0
95843.0
95857.0
95858.0
95870.0
95873.0
95874.0
95917.0
95930.0
95933.0
95939.0
95940.0
95963.0
95977.0
95978.0
95990.0
95992.0
95993.0
96037.0
96050.0
96051.0
96052.0
96053.0
96110.0
96111.0
96157.0
96170.0
96217.0
96265.0
96277.0
96290.0
96350.0
96410.0
96514.0
96515.0
96527.0
96530.0
96648.0
96649.0
96659.0
96697.0
96710.0
96757.0
96817.0
96830.0
96877.0
96878.0
96890.0
96937.0
96938.0
96950.0
96976.0
96977.0
96978.0
96997.0
97004.0
97008.0
97009.0
97010.0
97012.0
97029.0
97035.0
97036.0
97037.0
97070.0
97098.0
97130.0
97132.0
97133.0
97140.0
97141.0
97156.0
97165.0
97170.0
97192.0
97193.0
97218.0
97219.0
97252.0
97253.0
97277.0
97279.0
97288.0
97312.0
97313.0
97337.0
97347.0
97372.0
97373.0
97374.0
97433.0
97436.0
97443.0
97457.0
97458.0
97486.0
97493.0
97494.0
97517.0
97530.0
97545.0
97552.0
97553.0
97565.0
97589.0
97595.0
97599.0
97600.0
97612.0
97613.0
97624.0
97667.0
97673.0
97732.0
97733.0
97792.0
97793.0
97814.0
97815.0
97817.0
97853.0
97866.0
97867.0
97868.0
97874.0
97875.0
97886.0
97912.0
97913.0
97973.0
98032.0
98033.0
98094.0
98152.0
98153.0
98154.0
98213.0
98273.0
98300.0
98316.0
98317.0
98330.0
98333.0
98334.0
98376.0
98377.0
98390.0
98393.0
98420.0
98435.0
98437.0
98450.0
98452.0
98453.0
98495.0
98497.0
98499.0
98510.0
98512.0
98513.0
98540.0
98543.0
98544.0
98552.0
98555.0
98556.0
98557.0
98570.0
98572.0
98602.0
98615.0
98617.0
98630.0
98632.0
98633.0
98672.0
98676.0
98677.0
98690.0
98692.0
98693.0
98735.0
98737.0
98750.0
98752.0
98753.0
98796.0
98797.0
98810.0
98812.0
98813.0
98842.0
98856.0
98857.0
98870.0
98872.0
98873.0
98912.0
98916.0
98917.0
98930.0
98933.0
98962.0
98975.0
98976.0
98977.0
98978.0
98990.0
98992.0
98993.0
99035.0
99036.0
99037.0
99050.0
99052.0
99082.0
99095.0
99096.0
99097.0
99110.0
99112.0
99113.0
99154.0
99155.0
99156.0
99157.0
99170.0
99172.0
99173.0
99215.0
99216.0
99217.0
99230.0
99232.0
99233.0
99272.0
99275.0
99277.0
99290.0
99292.0
99293.0
99322.0
99332.0
99335.0
99336.0
99337.0
99350.0
99352.0
99353.0
99360.0
99361.0
99367.0
99392.0
99395.0
99396.0
99397.0
99398.0
99410.0
99412.0
99413.0
99414.0
99452.0
99456.0
99457.0
99470.0
99472.0
99473.0
99512.0
99516.0
99517.0
99518.0
99530.0
99532.0
99533.0
99577.0
99590.0
99592.0
99593.0
99623.0
99637.0
99650.0
99651.0
99652.0
99653.0
99697.0
99710.0
99712.0
99713.0
99757.0
99770.0
99772.0
99773.0
99817.0
99830.0
99832.0
99833.0
99861.0
99877.0
99890.0
99893.0
99923.0
99937.0
99938.0
99950.0
99952.0
99953.0
99994.0
99997.0
100010.0
100012.0
100013.0
100056.0
100057.0
100070.0
100071.0
100072.0
100073.0
100116.0
100117.0
100130.0
100132.0
100133.0
100176.0
100177.0
100189.0
100190.0
100236.0
100237.0
100249.0
100250.0
100296.0
100297.0
100309.0
100310.0
100356.0
100357.0
100369.0
100370.0
100416.0
100417.0
100430.0
100476.0
100477.0
100489.0
100490.0
100536.0
100537.0
100549.0
100550.0
100599.0
100606.0
100607.0
100610.0
100656.0
100657.0
100669.0
100670.0
100717.0
100718.0
100732.0
100740.0
100760.0
100777.0
100778.0
100789.0
100790.0
100837.0
100850.0
100851.0
100893.0
100897.0
100910.0
100912.0
100970.0
100971.0
101019.0
101030.0
101057.0
101085.0
101086.0
101087.0
101092.0
101093.0
101095.0
101115.0
101116.0
101143.0
101145.0
101146.0
101152.0
101153.0
101154.0
101161.0
101173.0
101174.0
101177.0
101191.0
101195.0
101205.0
101206.0
101207.0
101209.0
101212.0
101213.0
101215.0
101235.0
101236.0
101237.0
101255.0
101266.0
101267.0
101272.0
101273.0
101274.0
101295.0
101297.0
101325.0
101327.0
101332.0
101333.0
101356.0
101357.0
101386.0
101387.0
101416.0
101417.0
101445.0
101447.0
101455.0
101475.0
101476.0
101477.0
101506.0
101508.0
101512.0
101536.0
101537.0
101566.0
101567.0
101596.0
101597.0
101625.0
101626.0
101627.0
101633.0
101656.0
101657.0
101685.0
101686.0
101687.0
101715.0
101716.0
101747.0
101775.0
101776.0
101777.0
101806.0
101807.0
101812.0
101835.0
101836.0
101866.0
101867.0
101869.0
101871.0
101872.0
101896.0
101899.0
101948.0
101958.0
101965.0
101966.0
101993.0
101994.0
102052.0
102053.0
102095.0
102112.0
102124.0
102174.0
102232.0
102352.0
102396.0
102397.0
102409.0
102410.0
102412.0
102447.0
102450.0
102451.0
102454.0
102455.0
102456.0
102457.0
102469.0
102470.0
102516.0
102517.0
102529.0
102530.0
102557.0
102558.0
102571.0
102575.0
102576.0
102577.0
102578.0
102580.0
102581.0
102583.0
102587.0
102588.0
102589.0
102590.0
102637.0
102650.0
102690.0
102695.0
102696.0
102697.0
102709.0
102710.0
102711.0
102712.0
102713.0
102756.0
102757.0
102769.0
102770.0
102772.0
102773.0
102815.0
102816.0
102817.0
102829.0
102830.0
102832.0
102833.0
102875.0
102876.0
102877.0
102880.0
102883.0
102884.0
102886.0
102889.0
102890.0
102891.0
102892.0
102893.0
102916.0
102922.0
102937.0
102949.0
102950.0
102952.0
102953.0
102993.0
102994.0
102995.0
102996.0
102997.0
103009.0
103010.0
103012.0
103013.0
103055.0
103056.0
103057.0
103069.0
103070.0
103072.0
103073.0
103102.0
103115.0
103116.0
103117.0
103129.0
103130.0
103132.0
103133.0
103176.0
103177.0
103190.0
103192.0
103193.0
103231.0
103235.0
103237.0
103249.0
103250.0
103252.0
103253.0
103282.0
103296.0
103297.0
103309.0
103310.0
103312.0
103313.0
103342.0
103351.0
103355.0
103356.0
103357.0
103370.0
103372.0
103373.0
103417.0
103429.0
103430.0
103432.0
103433.0
103457.0
103476.0
103477.0
103489.0
103490.0
103492.0
103493.0
103536.0
103537.0
103549.0
103550.0
103552.0
103589.0
103590.0
103596.0
103597.0
103609.0
103610.0
103612.0
103613.0
103656.0
103657.0
103669.0
103670.0
103673.0
103716.0
103717.0
103729.0
103730.0
103732.0
103733.0
103776.0
103777.0
103789.0
103790.0
103792.0
103793.0
103836.0
103837.0
103849.0
103850.0
103853.0
103892.0
103893.0
103896.0
103897.0
103909.0
103910.0
103912.0
103913.0
103952.0
103956.0
103957.0
103969.0
103970.0
103972.0
103973.0
104017.0
104029.0
104030.0
104032.0
104033.0
104077.0
104078.0
104089.0
104090.0
104092.0
104093.0
104136.0
104137.0
104149.0
104150.0
104152.0
104153.0
104182.0
104197.0
104204.0
104208.0
104209.0
104210.0
104211.0
104212.0
104213.0
104256.0
104257.0
104270.0
104317.0
104329.0
104330.0
104340.0
104341.0
104355.0
104356.0
104376.0
104377.0
104389.0
104390.0
104436.0
104437.0
104449.0
104450.0
104488.0
104496.0
104497.0
104509.0
104510.0
104556.0
104557.0
104569.0
104570.0
104616.0
104617.0
104629.0
104630.0
104676.0
104677.0
104689.0
104690.0
104737.0
104749.0
104750.0
104796.0
104797.0
104809.0
104810.0
104856.0
104857.0
104869.0
104870.0
104916.0
104917.0
104929.0
104930.0
104976.0
104977.0
104989.0
104990.0
105037.0
105049.0
105050.0
105096.0
105097.0
105110.0
105137.0
105156.0
105157.0
105169.0
105170.0
105196.0
105197.0
105198.0
105216.0
105217.0
105226.0
105228.0
105229.0
105230.0
105232.0
105233.0
105256.0
105258.0
105288.0
105289.0
105290.0
105292.0
105293.0
105316.0
105317.0
105318.0
105346.0
105349.0
105350.0
105352.0
105353.0
105376.0
105377.0
105379.0
105412.0
105413.0
105435.0
105436.0
105437.0
105466.0
105467.0
105472.0
105473.0
105495.0
105496.0
105497.0
105498.0
105503.0
105528.0
105532.0
105533.0
105554.0
105555.0
105556.0
105557.0
105568.0
105587.0
105592.0
105593.0
105615.0
105616.0
105617.0
105618.0
105647.0
105648.0
105652.0
105653.0
105657.0
105675.0
105676.0
105677.0
105687.0
105691.0
105707.0
105712.0
105713.0
105714.0
105716.0
105736.0
105750.0
105766.0
105773.0
105795.0
105796.0
105797.0
105798.0
105803.0
105825.0
105826.0
105827.0
105828.0
105833.0
105834.0
105856.0
105857.0
105858.0
105886.0
105887.0
105888.0
105892.0
105893.0
105916.0
105917.0
105918.0
105947.0
105948.0
105952.0
105953.0
105976.0
105978.0
106006.0
106007.0
106008.0
106012.0
106013.0
106037.0
106038.0
106066.0
106068.0
106072.0
106073.0
106096.0
106097.0
106132.0
106133.0
106192.0
106193.0
106252.0
106253.0
106312.0
106313.0
106372.0
106373.0
106432.0
106433.0
106463.0
106489.0
106490.0
106492.0
106493.0
106507.0
106510.0
106532.0
106535.0
106536.0
106537.0
106549.0
106550.0
106553.0
106595.0
106596.0
106597.0
106609.0
106610.0
106612.0
106613.0
106619.0
106649.0
106656.0
106657.0
106670.0
106672.0
106673.0
106715.0
106716.0
106717.0
106730.0
106732.0
106733.0
106772.0
106775.0
106777.0
106789.0
106790.0
106792.0
106793.0
106835.0
106836.0
106837.0
106838.0
106849.0
106850.0
106853.0
106883.0
106892.0
106895.0
106897.0
106910.0
106912.0
106913.0
106955.0
106956.0
106957.0
106958.0
106969.0
106970.0
106972.0
106973.0
106974.0
107012.0
107015.0
107016.0
107017.0
107029.0
107030.0
107032.0
107033.0
107052.0
107053.0
107075.0
107076.0
107077.0
107089.0
107090.0
107093.0
107108.0
107123.0
107127.0
107132.0
107133.0
107136.0
107137.0
107149.0
107150.0
107152.0
107153.0
107176.0
107185.0
107192.0
107195.0
107196.0
107197.0
107198.0
107210.0
107212.0
107213.0
107241.0
107252.0
107255.0
107256.0
107257.0
107260.0
107266.0
107269.0
107270.0
107272.0
107273.0
107315.0
107316.0
107317.0
107329.0
107331.0
107332.0
107333.0
107372.0
107376.0
107377.0
107389.0
107390.0
107392.0
107393.0
107394.0
107410.0
107435.0
107437.0
107449.0
107450.0
107452.0
107453.0
107488.0
107489.0
107495.0
107497.0
107509.0
107510.0
107512.0
107513.0
107544.0
107552.0
107555.0
107557.0
107559.0
107563.0
107568.0
107569.0
107570.0
107572.0
107573.0
107612.0
107617.0
107629.0
107630.0
107632.0
107633.0
107634.0
107671.0
107677.0
107690.0
107692.0
107693.0
107737.0
107750.0
107752.0
107753.0
107797.0
107805.0
107810.0
107813.0
107857.0
107870.0
107873.0
107930.0
107933.0
107936.0
107937.0
107938.0
107979.0
107990.0
107993.0
108053.0
108084.0
108096.0
108112.0
108113.0
108114.0
108173.0
108229.0
108233.0
108240.0
108241.0
108293.0
108336.0
108349.0
108456.0
108469.0
108516.0
108517.0
108577.0
108636.0
108637.0
108696.0
108697.0
108710.0
108757.0
108770.0
108816.0
108817.0
108829.0
108830.0
108850.0
108851.0
108876.0
108877.0
108889.0
108890.0
108937.0
108938.0
108949.0
108950.0
108983.0
108984.0
108997.0
109009.0
109010.0
109056.0
109057.0
109058.0
109069.0
109070.0
109117.0
109130.0
109177.0
109190.0
109236.0
109237.0
109250.0
109252.0
109282.0
109286.0
109287.0
109310.0
109312.0
109313.0
109338.0
109339.0
109367.0
109370.0
109372.0
109373.0
109397.0
109432.0
109433.0
109492.0
109493.0
109517.0
109552.0
109553.0
109606.0
109613.0
109672.0
109673.0
109757.0
109789.0
109790.0
109791.0
109792.0
109796.0
109797.0
109798.0
109799.0
109800.0
109801.0
109817.0
109819.0
109823.0
109827.0
109876.0
109877.0
109907.0
109912.0
109935.0
109936.0
109966.0
109972.0
109994.0
109995.0
109997.0
110055.0
110056.0
110085.0
110092.0
110112.0
110113.0
110114.0
110143.0
110152.0
110171.0
110172.0
110185.0
110272.0
110273.0
110274.0
110333.0
110334.0
110392.0
110393.0
110452.0
110453.0
110512.0
110513.0
110572.0
110573.0
110610.0
110611.0
110614.0
110616.0
110617.0
110620.0
110621.0
110629.0
110630.0
110632.0
110633.0
110644.0
110645.0
110646.0
110648.0
110676.0
110677.0
110690.0
110692.0
110693.0
110731.0
110737.0
110750.0
110752.0
110753.0
110754.0
110781.0
110797.0
110809.0
110810.0
110812.0
110813.0
110857.0
110870.0
110872.0
110873.0
110915.0
110917.0
110918.0
110930.0
110931.0
110932.0
110933.0
110975.0
110977.0
110990.0
110993.0
111005.0
111006.0
111038.0
111047.0
111050.0
111052.0
111053.0
111055.0
111084.0
111095.0
111096.0
111097.0
111110.0
111111.0
111113.0
111155.0
111156.0
111157.0
111169.0
111171.0
111172.0
111173.0
111215.0
111216.0
111217.0
111229.0
111230.0
111232.0
111233.0
111234.0
111275.0
111276.0
111277.0
111278.0
111290.0
111293.0
111335.0
111336.0
111337.0
111349.0
111350.0
111352.0
111353.0
111355.0
111395.0
111396.0
111397.0
111402.0
111409.0
111410.0
111411.0
111413.0
111455.0
111456.0
111470.0
111473.0
111474.0
111483.0
111515.0
111516.0
111532.0
111533.0
111535.0
111547.0
111574.0
111575.0
111576.0
111577.0
111589.0
111592.0
111593.0
111635.0
111636.0
111652.0
111653.0
111695.0
111696.0
111712.0
111713.0
111714.0
111756.0
111773.0
111816.0
111837.0
111838.0
111889.0
111892.0
111952.0
111983.0
111996.0
111998.0
112009.0
112057.0
112058.0
112072.0
112116.0
112117.0
112129.0
112130.0
112131.0
112176.0
112177.0
112190.0
112191.0
112192.0
112236.0
112237.0
112249.0
112296.0
112297.0
112310.0
112311.0
112312.0
112356.0
112357.0
112369.0
112370.0
112416.0
112417.0
112429.0
112430.0
112432.0
112433.0
112446.0
112476.0
112477.0
112489.0
112490.0
112493.0
112494.0
112536.0
112537.0
112550.0
112579.0
112597.0
112609.0
112610.0
112656.0
112657.0
112669.0
112670.0
112717.0
112730.0
112789.0
112790.0
112837.0
112849.0
112850.0
112970.0
113016.0
113136.0
113149.0
113269.0
113345.0
113364.0
113365.0
113376.0
113377.0
113389.0
113395.0
113423.0
113450.0
113452.0
113477.0
113478.0
113489.0
113510.0
113538.0
113539.0
113545.0
113546.0
113566.0
113572.0
113595.0
113596.0
113620.0
113649.0
113677.0
113692.0
113705.0
113706.0
113720.0
113737.0
113749.0
113765.0
113766.0
113781.0
113795.0
113812.0
113813.0
113823.0
113824.0
113872.0
113873.0
113874.0
113875.0
113876.0
113932.0
113933.0
113963.0
113993.0
113994.0
114010.0
114023.0
114049.0
114050.0
114052.0
114111.0
114128.0
114140.0
114172.0
114175.0
114254.0
114352.0
114472.0
114532.0
114533.0
114534.0
114592.0
114593.0
114652.0
114653.0
114680.0
114695.0
114696.0
114697.0
114709.0
114710.0
114712.0
114713.0
114755.0
114756.0
114757.0
114769.0
114770.0
114772.0
114773.0
114816.0
114817.0
114829.0
114830.0
114832.0
114833.0
114870.0
114872.0
114873.0
114877.0
114889.0
114890.0
114892.0
114893.0
114936.0
114949.0
114950.0
114952.0
114953.0
114995.0
114996.0
114997.0
115002.0
115009.0
115010.0
115012.0
115013.0
115056.0
115057.0
115070.0
115072.0
115073.0
115116.0
115117.0
115129.0
115130.0
115132.0
115133.0
115134.0
115135.0
115176.0
115177.0
115190.0
115192.0
115193.0
115237.0
115250.0
115252.0
115253.0
115276.0
115295.0
115297.0
115303.0
115310.0
115312.0
115313.0
115354.0
115355.0
115357.0
115370.0
115372.0
115373.0
115374.0
115415.0
115416.0
115417.0
115430.0
115432.0
115433.0
115437.0
115438.0
115475.0
115477.0
115489.0
115490.0
115492.0
115493.0
115500.0
115502.0
115535.0
115537.0
115538.0
115549.0
115550.0
115552.0
115553.0
115579.0
115595.0
115597.0
115609.0
115610.0
115612.0
115613.0
115655.0
115657.0
115670.0
115672.0
115673.0
115715.0
115717.0
115730.0
115733.0
115738.0
115776.0
115777.0
115790.0
115792.0
115793.0
115837.0
115850.0
115853.0
115897.0
115910.0
115913.0
115914.0
115956.0
115957.0
115969.0
115970.0
115973.0
115974.0
116017.0
116030.0
116033.0
116076.0
116077.0
116090.0
116091.0
116093.0
116137.0
116150.0
116153.0
116175.0
116196.0
116197.0
116209.0
116210.0
116212.0
116213.0
116269.0
116270.0
116273.0
116317.0
116329.0
116330.0
116332.0
116333.0
116393.0
116450.0
116453.0
116478.0
116512.0
116513.0
116556.0
116569.0
116572.0
116573.0
116574.0
116689.0
116809.0
116857.0
116916.0
116917.0
116929.0
116941.0
116976.0
116977.0
116989.0
116990.0
116991.0
117037.0
117038.0
117050.0
117074.0
117097.0
117110.0
117157.0
117170.0
117217.0
117230.0
117276.0
117277.0
117290.0
117337.0
117350.0
117397.0
117410.0
117456.0
117457.0
117459.0
117470.0
117472.0
117473.0
117494.0
117495.0
117530.0
117532.0
117533.0
117589.0
117590.0
117591.0
117592.0
117593.0
117610.0
117652.0
117653.0
117698.0
117712.0
117713.0
117714.0
117718.0
117773.0
117833.0
117857.0
117893.0
117895.0
117953.0
117974.0
118012.0
118073.0
118087.0
118133.0
118139.0
118140.0
118192.0
118193.0
118194.0
118224.0
118253.0
118254.0
118257.0
118276.0
118294.0
118312.0
118313.0
118321.0
118359.0
118373.0
118432.0
118433.0
118493.0
118553.0
118612.0
118613.0
118673.0
118732.0
118733.0
118769.0
118775.0
118776.0
118777.0
118789.0
118790.0
118793.0
118799.0
118835.0
118836.0
118837.0
118850.0
118852.0
118853.0
118872.0
118895.0
118896.0
118897.0
118909.0
118910.0
118913.0
118955.0
118956.0
118957.0
118969.0
118970.0
118971.0
118973.0
118974.0
119015.0
119016.0
119017.0
119030.0
119033.0
119037.0
119038.0
119074.0
119075.0
119076.0
119077.0
119090.0
119092.0
119093.0
119096.0
119100.0
119135.0
119136.0
119137.0
119150.0
119153.0
119175.0
119195.0
119196.0
119197.0
119209.0
119210.0
119212.0
119213.0
119255.0
119256.0
119257.0
119270.0
119272.0
119273.0
119315.0
119316.0
119317.0
119330.0
119332.0
119333.0
119375.0
119376.0
119377.0
119390.0
119393.0
119435.0
119436.0
119437.0
119449.0
119450.0
119453.0
119495.0
119496.0
119497.0
119509.0
119510.0
119513.0
119555.0
119556.0
119557.0
119569.0
119570.0
119572.0
119573.0
119615.0
119616.0
119617.0
119630.0
119632.0
119633.0
119638.0
119675.0
119676.0
119677.0
119689.0
119690.0
119693.0
119735.0
119737.0
119750.0
119751.0
119752.0
119753.0
119771.0
119794.0
119796.0
119797.0
119810.0
119812.0
119813.0
119855.0
119856.0
119857.0
119859.0
119860.0
119861.0
119869.0
119870.0
119872.0
119873.0
119916.0
119917.0
119930.0
119932.0
119933.0
119976.0
119977.0
119989.0
119990.0
119992.0
119993.0
120036.0
120037.0
120049.0
120050.0
120052.0
120053.0
120074.0
120096.0
120097.0
120109.0
120110.0
120112.0
120113.0
120156.0
120157.0
120170.0
120172.0
120173.0
120229.0
120230.0
120231.0
120232.0
120233.0
120280.0
120290.0
120292.0
120293.0
120352.0
120353.0
120412.0
120413.0
120456.0
120472.0
120473.0
120474.0
120532.0
120533.0
120537.0
120576.0
120589.0
120593.0
120670.0
120816.0
120817.0
120829.0
120876.0
120877.0
120936.0
120937.0
120949.0
120950.0
120996.0
120997.0
121009.0
121010.0
121056.0
121057.0
121069.0
121070.0
121116.0
121117.0
121129.0
121130.0
121176.0
121177.0
121189.0
121190.0
121236.0
121237.0
121249.0
121250.0
121307.0
121309.0
121310.0
121369.0
121370.0
121416.0
121417.0
121436.0
121440.0
121442.0
121443.0
121476.0
121477.0
121519.0
121536.0
121537.0
121550.0
121563.0
121569.0
121587.0
121596.0
121609.0
121610.0
121612.0
121613.0
121654.0
121656.0
121669.0
121670.0
121672.0
121673.0
121729.0
121730.0
121743.0
121745.0
121746.0
121798.0
121833.0
121852.0
121853.0
121854.0
121872.0
121912.0
121913.0
121937.0
121972.0
121973.0
121992.0
122032.0
122033.0
122092.0
122093.0
122094.0
122152.0
122153.0
122213.0
122277.0
122280.0
122281.0
122295.0
122296.0
122297.0
122306.0
122317.0
122346.0
122372.0
122386.0
122415.0
122452.0
122572.0
122636.0
122637.0
122692.0
122771.0
122812.0
122869.0
122886.0
122915.0
122916.0
122917.0
122932.0
122933.0
122975.0
122977.0
122986.0
122987.0
122988.0
122989.0
122992.0
122993.0
122994.0
122995.0
122996.0
122998.0
123053.0
123096.0
123097.0
123101.0
123109.0
123112.0
123113.0
123116.0
123117.0
123119.0
123120.0
123155.0
123157.0
123173.0
123216.0
123233.0
123234.0
123277.0
123290.0
123291.0
123292.0
123336.0
123337.0
123366.0
123395.0
123396.0
123397.0
123412.0
123456.0
123457.0
123461.0
123462.0
123470.0
123515.0
123516.0
123529.0
123530.0
123532.0
123576.0
123589.0
123590.0
123592.0
123595.0
123635.0
123636.0
123637.0
123649.0
123652.0
123670.0
123696.0
123709.0
123755.0
123756.0
123757.0
123769.0
123770.0
123772.0
123773.0
123814.0
123815.0
123817.0
123820.0
123829.0
123830.0
123833.0
123834.0
123875.0
123876.0
123877.0
123889.0
123890.0
123893.0
123937.0
123949.0
123950.0
123952.0
123953.0
123997.0
124009.0
124010.0
124012.0
124013.0
124058.0
124069.0
124070.0
124072.0
124073.0
124116.0
124132.0
124133.0
124176.0
124191.0
124193.0
124253.0
124254.0
124265.0
124296.0
124313.0
124373.0
124416.0
124494.0
124495.0
124536.0
124552.0
124569.0
124597.0
124612.0
124657.0
124669.0
124716.0
124717.0
124729.0
124730.0
124777.0
124789.0
124790.0
124791.0
124836.0
124849.0
124850.0
124896.0
124897.0
124909.0
124910.0
124956.0
124957.0
124969.0
124970.0
125016.0
125029.0
125031.0
125032.0
125077.0
125089.0
125090.0
125136.0
125137.0
125138.0
125149.0
125150.0
125164.0
125165.0
125196.0
125197.0
125209.0
125210.0
125256.0
125257.0
125269.0
125270.0
125316.0
125317.0
125329.0
125330.0
125376.0
125377.0
125389.0
125390.0
125436.0
125449.0
125450.0
125496.0
125509.0
125510.0
125556.0
125569.0
125570.0
125616.0
125617.0
125629.0
125630.0
125631.0
125661.0
125676.0
125677.0
125689.0
125690.0
125692.0
125693.0
125694.0
125749.0
125750.0
125753.0
125809.0
125810.0
125812.0
125813.0
125837.0
125873.0
125914.0
125933.0
125934.0
125960.0
125964.0
125976.0
125993.0
126021.0
126022.0
126024.0
126026.0
126052.0
126053.0
126054.0
126059.0
126082.0
126083.0
126113.0
126143.0
126154.0
126155.0
126173.0
126174.0
126206.0
126208.0
126233.0
126237.0
126238.0
126239.0
126264.0
126265.0
126293.0
126294.0
126313.0
126314.0
126316.0
126317.0
126325.0
126339.0
126353.0
126367.0
126368.0
126369.0
126412.0
126414.0
126415.0
126419.0
126429.0
126430.0
126431.0
126432.0
126465.0
126473.0
126533.0
126593.0
126653.0
126713.0
126773.0
126833.0
126893.0
126953.0
126954.0
126979.0
126995.0
126996.0
127009.0
127012.0
127013.0
127022.0
127055.0
127056.0
127058.0
127060.0
127061.0
127072.0
127073.0
127115.0
127116.0
127175.0
127176.0
127186.0
127190.0
127196.0
127197.0
127235.0
127236.0
127240.0
127241.0
127249.0
127252.0
127266.0
127295.0
127296.0
127355.0
127356.0
127357.0
127369.0
127372.0
127415.0
127416.0
127429.0
127430.0
127475.0
127476.0
127489.0
127490.0
127535.0
127536.0
127549.0
127552.0
127595.0
127596.0
127597.0
127609.0
127655.0
127656.0
127657.0
127669.0
127672.0
127715.0
127716.0
127717.0
127728.0
127729.0
127730.0
127733.0
127775.0
127776.0
127790.0
127792.0
127793.0
127794.0
127835.0
127836.0
127849.0
127850.0
127852.0
127853.0
127861.0
127862.0
127895.0
127896.0
127897.0
127909.0
127910.0
127912.0
127913.0
127956.0
127957.0
127969.0
127970.0
127972.0
127973.0
128016.0
128020.0
128029.0
128030.0
128033.0
128034.0
128086.0
128089.0
128090.0
128092.0
128093.0
128094.0
128136.0
128149.0
128150.0
128152.0
128153.0
128154.0
128165.0
128209.0
128212.0
128213.0
128261.0
128269.0
128270.0
128273.0
128316.0
128333.0
128393.0
128394.0
128449.0
128453.0
128512.0
128513.0
128556.0
128569.0
128573.0
128627.0
128628.0
128697.0
128698.0
128752.0
128761.0
128796.0
128797.0
128860.0
128869.0
128916.0
128930.0
128976.0
128977.0
128993.0
129036.0
129037.0
129049.0
129050.0
129096.0
129097.0
129109.0
129110.0
129156.0
129157.0
129169.0
129170.0
129216.0
129229.0
129230.0
129276.0
129289.0
129290.0
129337.0
129338.0
129350.0
129397.0
129398.0
129409.0
129410.0
129412.0
129457.0
129469.0
129471.0
129527.0
129530.0
129531.0
129532.0
129545.0
129546.0
129577.0
129578.0
129590.0
129636.0
129660.0
129696.0
129699.0
129710.0
129711.0
129729.0
129774.0
129775.0
129833.0
129834.0
129836.0
129847.0
129849.0
129893.0
129927.0
129963.0
129964.0
129986.0
130013.0
130014.0
130042.0
130073.0
130092.0
130103.0
130104.0
130132.0
130133.0
130158.0
130160.0
130162.0
130188.0
130214.0
130216.0
130245.0
130253.0
130279.0
130280.0
130337.0
130338.0
130373.0
130396.0
130399.0
130429.0
130458.0
130467.0
130488.0
130492.0
130521.0
130522.0
130523.0
130553.0
130586.0
130587.0
130644.0
130646.0
130674.0
130688.0
130689.0
130690.0
130852.0
130862.0
130972.0
131076.0
131089.0
131090.0
131092.0
131136.0
131137.0
131149.0
131196.0
131209.0
131210.0
131212.0
131256.0
131257.0
131269.0
131270.0
131272.0
131273.0
131316.0
131317.0
131324.0
131329.0
131330.0
131332.0
131333.0
131375.0
131376.0
131377.0
131389.0
131390.0
131392.0
131393.0
131436.0
131437.0
131449.0
131450.0
131452.0
131453.0
131458.0
131494.0
131496.0
131510.0
131512.0
131513.0
131515.0
131556.0
131557.0
131570.0
131572.0
131573.0
131616.0
131629.0
131632.0
131633.0
131676.0
131677.0
131682.0
131687.0
131690.0
131692.0
131693.0
131736.0
131737.0
131749.0
131750.0
131752.0
131753.0
131754.0
131761.0
131795.0
131796.0
131809.0
131810.0
131812.0
131813.0
131814.0
131856.0
131857.0
131869.0
131870.0
131873.0
131916.0
131917.0
131929.0
131930.0
131932.0
131933.0
131976.0
131989.0
131990.0
131992.0
131993.0
132035.0
132036.0
132037.0
132049.0
132050.0
132052.0
132053.0
132095.0
132096.0
132097.0
132112.0
132113.0
132155.0
132156.0
132157.0
132169.0
132170.0
132172.0
132173.0
132216.0
132217.0
132223.0
132229.0
132230.0
132232.0
132233.0
132276.0
132277.0
132289.0
132290.0
132293.0
132336.0
132349.0
132352.0
132353.0
132354.0
132357.0
132396.0
132409.0
132412.0
132413.0
132456.0
132457.0
132469.0
132472.0
132473.0
132516.0
132517.0
132529.0
132530.0
132532.0
132533.0
132576.0
132589.0
132592.0
132593.0
132636.0
132649.0
132650.0
132652.0
132653.0
132660.0
132696.0
132697.0
132709.0
132712.0
132713.0
132756.0
132770.0
132772.0
132773.0
132816.0
132829.0
132830.0
132832.0
132833.0
132876.0
132889.0
132893.0
132936.0
132937.0
132949.0
132950.0
132997.0
133005.0
133006.0
133010.0
133056.0
133069.0
133070.0
133116.0
133122.0
133129.0
133130.0
133138.0
133139.0
133176.0
133177.0
133189.0
133236.0
133249.0
133250.0
133255.0
133309.0
133354.0
133369.0
133416.0
133487.0
133536.0
133656.0
133669.0
133776.0
133811.0
133812.0
133836.0
133837.0
133861.0
133870.0
133877.0
133907.0
133936.0
133939.0
133941.0
133969.0
133970.0
133972.0
133973.0
133998.0
134002.0
134003.0
134062.0
134085.0
134089.0
134092.0
134115.0
134120.0
134121.0
134122.0
134178.0
134180.0
134208.0
134212.0
134232.0
134233.0
134237.0
134262.0
134268.0
134272.0
134273.0
134274.0
134291.0
134292.0
134294.0
134324.0
134333.0
134334.0
134335.0
134339.0
134342.0
134351.0
134354.0
134359.0
134384.0
134392.0
134393.0
134413.0
134415.0
134416.0
134424.0
134441.0
134443.0
134445.0
134452.0
134453.0
134454.0
134457.0
134458.0
134473.0
134477.0
134483.0
134506.0
134508.0
134512.0
134513.0
134537.0
134572.0
134575.0
134576.0
134606.0
134632.0
134633.0
134683.0
134684.0
134692.0
134693.0
134714.0
134715.0
134752.0
134753.0
134812.0
134813.0
134872.0
134877.0
134878.0
134932.0
134939.0
134992.0
135052.0
135053.0
135112.0
135113.0
135154.0
135155.0
135156.0
135157.0
135169.0
135172.0
135173.0
135183.0
135184.0
135185.0
135215.0
135216.0
135232.0
135233.0
135260.0
135262.0
135265.0
135267.0
135275.0
135276.0
135277.0
135281.0
135289.0
135290.0
135292.0
135293.0
135335.0
135336.0
135337.0
135349.0
135350.0
135352.0
135353.0
135357.0
135395.0
135396.0
135397.0
135409.0
135410.0
135412.0
135413.0
135455.0
135456.0
135457.0
135470.0
135472.0
135487.0
135488.0
135515.0
135516.0
135521.0
135522.0
135529.0
135530.0
135575.0
135576.0
135589.0
135590.0
135592.0
135593.0
135635.0
135636.0
135652.0
135653.0
135654.0
135655.0
135695.0
135696.0
135700.0
135701.0
135709.0
135710.0
135712.0
135713.0
135755.0
135756.0
135757.0
135760.0
135764.0
135769.0
135770.0
135772.0
135773.0
135816.0
135819.0
135829.0
135830.0
135832.0
135833.0
135875.0
135876.0
135889.0
135890.0
135893.0
135935.0
135936.0
135937.0
135949.0
135950.0
135952.0
135957.0
135958.0
135995.0
135996.0
136009.0
136013.0
136055.0
136056.0
136057.0
136069.0
136070.0
136072.0
136073.0
136115.0
136116.0
136129.0
136132.0
136133.0
136175.0
136176.0
136181.0
136189.0
136192.0
136193.0
136235.0
136236.0
136249.0
136252.0
136253.0
136255.0
136256.0
136296.0
136309.0
136310.0
136312.0
136313.0
136356.0
136369.0
136372.0
136373.0
136374.0
136416.0
136417.0
136430.0
136432.0
136433.0
136476.0
136489.0
136490.0
136492.0
136493.0
136542.0
136550.0
136552.0
136553.0
136596.0
136599.0
136600.0
136609.0
136610.0
136612.0
136613.0
136656.0
136657.0
136672.0
136673.0
136674.0
136675.0
136716.0
136718.0
136729.0
136730.0
136732.0
136733.0
136790.0
136793.0
136832.0
136833.0
136849.0
136851.0
136852.0
136853.0
136896.0
136912.0
136913.0
136914.0
136966.0
136969.0
136978.0
137016.0
137032.0
137033.0
137034.0
137036.0
137037.0
137093.0
137136.0
137149.0
137316.0
137376.0
137436.0
137449.0
137496.0
137509.0
137510.0
137556.0
137569.0
137570.0
137616.0
137617.0
137629.0
137676.0
137689.0
137736.0
137738.0
137739.0
137749.0
137750.0
137796.0
137809.0
137856.0
137871.0
137872.0
137916.0
137929.0
137976.0
137989.0
137990.0
137991.0
137992.0
137993.0
138022.0
138049.0
138052.0
138053.0
138054.0
138081.0
138105.0
138107.0
138109.0
138112.0
138113.0
138172.0
138173.0
138175.0
138183.0
138194.0
138199.0
138232.0
138233.0
138282.0
138292.0
138293.0
138352.0
138353.0
138404.0
138412.0
138413.0
138472.0
138473.0
138532.0
138533.0
138592.0
138593.0
138601.0
138602.0
138603.0
138653.0
138654.0
138669.0
138670.0
138709.0
138713.0
138738.0
138767.0
138772.0
138773.0
138796.0
138799.0
138832.0
138833.0
138892.0
138893.0
138952.0
138953.0
139013.0
139072.0
139073.0
139190.0
139191.0
139252.0
139295.0
139296.0
139355.0
139356.0
139369.0
139370.0
139372.0
139415.0
139416.0
139417.0
139429.0
139476.0
139477.0
139489.0
139492.0
139536.0
139537.0
139548.0
139549.0
139550.0
139596.0
139597.0
139609.0
139612.0
139655.0
139656.0
139657.0
139669.0
139673.0
139716.0
139717.0
139729.0
139732.0
139733.0
139776.0
139777.0
139789.0
139792.0
139793.0
139836.0
139837.0
139849.0
139851.0
139852.0
139853.0
139896.0
139897.0
139909.0
139912.0
139913.0
139956.0
139969.0
139972.0
139973.0
140012.0
140014.0
140015.0
140016.0
140029.0
140032.0
140033.0
140075.0
140076.0
140077.0
140089.0
140092.0
140093.0
140136.0
140137.0
140149.0
140152.0
140153.0
140195.0
140196.0
140199.0
140200.0
140209.0
140212.0
140213.0
140256.0
140269.0
140270.0
140271.0
140272.0
140273.0
140314.0
140315.0
140316.0
140317.0
140329.0
140332.0
140333.0
140376.0
140389.0
140392.0
140393.0
140436.0
140437.0
140447.0
140449.0
140450.0
140452.0
140453.0
140496.0
140497.0
140509.0
140512.0
140513.0
140556.0
140569.0
140572.0
140573.0
140574.0
140616.0
140629.0
140630.0
140632.0
140633.0
140636.0
140676.0
140689.0
140692.0
140693.0
140736.0
140749.0
140750.0
140751.0
140752.0
140753.0
140796.0
140809.0
140812.0
140813.0
140856.0
140869.0
140872.0
140873.0
140916.0
140929.0
140930.0
140932.0
140933.0
140976.0
140989.0
140992.0
140993.0
141036.0
141049.0
141052.0
141053.0
141096.0
141109.0
141112.0
141113.0
141156.0
141169.0
141172.0
141213.0
141216.0
141229.0
141276.0
141289.0
141336.0
141346.0
141349.0
141396.0
141409.0
141456.0
141469.0
141516.0
141517.0
141529.0
141576.0
141589.0
141636.0
141650.0
141696.0
141709.0
141769.0
141816.0
141829.0
141936.0
141949.0
142006.0
142022.0
142036.0
142051.0
142056.0
142072.0
142073.0
142101.0
142102.0
142109.0
142130.0
142131.0
142132.0
142156.0
142159.0
142160.0
142161.0
142187.0
142196.0
142217.0
142225.0
142252.0
142253.0
142256.0
142284.0
142285.0
142294.0
142312.0
142313.0
142325.0
142342.0
142344.0
142354.0
142370.0
142372.0
142399.0
142402.0
142424.0
142453.0
142460.0
142473.0
142478.0
142492.0
142502.0
142507.0
142548.0
142549.0
142557.0
142558.0
142612.0
142613.0
142648.0
142674.0
142704.0
142730.0
142732.0
142764.0
142765.0
142791.0
142792.0
142793.0
142794.0
142821.0
142822.0
142851.0
142852.0
142853.0
142912.0
142913.0
142943.0
142944.0
142972.0
142973.0
143032.0
143033.0
143092.0
143093.0
143152.0
143153.0
143212.0
143213.0
143272.0
143276.0
143332.0
143333.0
143346.0
143359.0
143370.0
143372.0
143376.0
143389.0
143392.0
143393.0
143435.0
143436.0
143448.0
143449.0
143452.0
143453.0
143496.0
143509.0
143512.0
143513.0
143556.0
143569.0
143572.0
143573.0
143615.0
143616.0
143617.0
143629.0
143632.0
143633.0
143675.0
143676.0
143689.0
143692.0
143693.0
143735.0
143736.0
143749.0
143752.0
143753.0
143795.0
143796.0
143800.0
143809.0
143810.0
143812.0
143813.0
143855.0
143856.0
143872.0
143873.0
143910.0
143915.0
143916.0
143921.0
143932.0
143933.0
143975.0
143976.0
143989.0
143992.0
143993.0
144035.0
144036.0
144043.0
144052.0
144053.0
144054.0
144096.0
144100.0
144112.0
144113.0
144155.0
144156.0
144169.0
144173.0
144215.0
144216.0
144236.0
144237.0
144271.0
144275.0
144276.0
144293.0
144335.0
144336.0
144346.0
144352.0
144393.0
144395.0
144396.0
144397.0
144409.0
144455.0
144456.0
144472.0
144515.0
144516.0
144529.0
144576.0
144589.0
144592.0
144636.0
144649.0
144696.0
144709.0
144710.0
144712.0
144756.0
144757.0
144769.0
144816.0
144817.0
144829.0
144830.0
144832.0
144833.0
144834.0
144876.0
144889.0
144893.0
144936.0
144950.0
144952.0
144953.0
144996.0
145009.0
145013.0
145014.0
145056.0
145069.0
145070.0
145072.0
145073.0
145115.0
145116.0
145129.0
145133.0
145176.0
145177.0
145189.0
145190.0
145236.0
145245.0
145249.0
145253.0
145254.0
145296.0
145309.0
145356.0
145369.0
145416.0
145429.0
145476.0
145477.0
145489.0
145490.0
145542.0
145549.0
145596.0
145609.0
145666.0
145670.0
145671.0
145674.0
145675.0
145708.0
145729.0
145730.0
145775.0
145776.0
145803.0
145804.0
145836.0
145841.0
145896.0
145909.0
145910.0
145956.0
145969.0
146016.0
146029.0
146030.0
146076.0
146089.0
146121.0
146122.0
146123.0
146136.0
146145.0
146149.0
146150.0
146153.0
146176.0
146185.0
146186.0
146194.0
146209.0
146212.0
146213.0
146240.0
146244.0
146251.0
146269.0
146270.0
146271.0
146272.0
146273.0
146303.0
146305.0
146333.0
146334.0
146336.0
146352.0
146360.0
146361.0
146364.0
146383.0
146393.0
146412.0
146452.0
146453.0
146454.0
146475.0
146476.0
146512.0
146513.0
146514.0
146541.0
146572.0
146573.0
146574.0
146607.0
146608.0
146616.0
146632.0
146633.0
146669.0
146670.0
146671.0
146692.0
146693.0
146694.0
146721.0
146724.0
146725.0
146752.0
146753.0
146786.0
146787.0
146812.0
146813.0
146821.0
146843.0
146844.0
146845.0
146846.0
146872.0
146873.0
146891.0
146892.0
146906.0
146907.0
146908.0
146932.0
146933.0
146950.0
146955.0
146992.0
146993.0
147044.0
147053.0
147112.0
147113.0
147114.0
147173.0
147297.0
147352.0
147412.0
147455.0
147456.0
147457.0
147469.0
147506.0
147516.0
147517.0
147529.0
147532.0
147533.0
147534.0
147575.0
147576.0
147577.0
147589.0
147636.0
147637.0
147639.0
147649.0
147652.0
147695.0
147696.0
147697.0
147709.0
147755.0
147756.0
147757.0
147769.0
147772.0
147816.0
147817.0
147822.0
147829.0
147833.0
147838.0
147867.0
147875.0
147876.0
147877.0
147889.0
147892.0
147893.0
147894.0
147935.0
147936.0
147937.0
147942.0
147943.0
147949.0
147953.0
147955.0
147995.0
147996.0
147997.0
148009.0
148013.0
148055.0
148068.0
148069.0
148070.0
148072.0
148073.0
148117.0
148121.0
148129.0
148132.0
148133.0
148176.0
148192.0
148193.0
148203.0
148205.0
148235.0
148236.0
148237.0
148252.0
148253.0
148259.0
148295.0
148296.0
148309.0
148312.0
148313.0
148355.0
148356.0
148357.0
148369.0
148372.0
148373.0
148405.0
148416.0
148429.0
148432.0
148433.0
148476.0
148489.0
148492.0
148505.0
148507.0
148508.0
148509.0
148536.0
148538.0
148549.0
148596.0
148609.0
148612.0
148613.0
148656.0
148657.0
148659.0
148662.0
148669.0
148672.0
148673.0
148715.0
148716.0
148729.0
148732.0
148733.0
148775.0
148776.0
148789.0
148792.0
148793.0
148836.0
148841.0
148842.0
148849.0
148852.0
148853.0
148895.0
148896.0
148909.0
148912.0
148913.0
148955.0
148956.0
148969.0
148972.0
148973.0
149015.0
149016.0
149029.0
149032.0
149033.0
149075.0
149076.0
149089.0
149092.0
149093.0
149135.0
149136.0
149149.0
149152.0
149153.0
149195.0
149196.0
149209.0
149213.0
149255.0
149256.0
149269.0
149272.0
149273.0
149308.0
149315.0
149316.0
149329.0
149333.0
149376.0
149389.0
149435.0
149436.0
149437.0
149441.0
149449.0
149495.0
149496.0
149509.0
149555.0
149556.0
149569.0
149615.0
149616.0
149629.0
149675.0
149676.0
149689.0
149735.0
149736.0
149749.0
149795.0
149796.0
149809.0
149856.0
149869.0
149916.0
149929.0
149975.0
149976.0
149989.0
150035.0
150036.0
150049.0
150096.0
150109.0
150155.0
150156.0
150157.0
150169.0
150189.0
150202.0
150203.0
150216.0
150229.0
150232.0
150248.0
150262.0
150289.0
150290.0
150291.0
150292.0
150293.0
150296.0
150297.0
150327.0
150336.0
150349.0
150351.0
150352.0
150353.0
150355.0
150356.0
150381.0
150382.0
150409.0
150410.0
150412.0
150413.0
150439.0
150464.0
150468.0
150472.0
150473.0
150494.0
150516.0
150517.0
150523.0
150532.0
150533.0
150547.0
150576.0
150592.0
150593.0
150594.0
150599.0
150607.0
150628.0
150639.0
150640.0
150652.0
150653.0
150654.0
150675.0
150682.0
150683.0
150686.0
150687.0
150708.0
150713.0
150736.0
150737.0
150742.0
150764.0
150772.0
150773.0
150793.0
150807.0
150826.0
150833.0
150855.0
150889.0
150892.0
150893.0
150918.0
150947.0
150952.0
150953.0
150976.0
150978.0
150979.0
151008.0
151012.0
151013.0
151037.0
151069.0
151072.0
151073.0
151098.0
151101.0
151132.0
151133.0
151163.0
151165.0
151192.0
151193.0
151252.0
151253.0
151312.0
151313.0
151372.0
151373.0
151432.0
151435.0
151436.0
151443.0
151444.0
151492.0
151493.0
151535.0
151536.0
151538.0
151539.0
151549.0
151552.0
151553.0
151595.0
151596.0
151609.0
151613.0
151655.0
151656.0
151669.0
151672.0
151673.0
151715.0
151716.0
151729.0
151732.0
151733.0
151775.0
151776.0
151779.0
151789.0
151792.0
151793.0
151835.0
151836.0
151849.0
151853.0
151895.0
151896.0
151909.0
151912.0
151913.0
151955.0
151956.0
151969.0
151972.0
151973.0
152015.0
152016.0
152029.0
152032.0
152033.0
152075.0
152076.0
152089.0
152092.0
152093.0
152134.0
152135.0
152136.0
152149.0
152152.0
152153.0
152195.0
152196.0
152209.0
152216.0
152217.0
152255.0
152256.0
152258.0
152264.0
152265.0
152266.0
152269.0
152272.0
152273.0
152315.0
152316.0
152329.0
152332.0
152333.0
152361.0
152365.0
152375.0
152376.0
152389.0
152392.0
152393.0
152435.0
152436.0
152437.0
152438.0
152449.0
152452.0
152453.0
152495.0
152496.0
152509.0
152512.0
152513.0
152555.0
152556.0
152569.0
152572.0
152573.0
152615.0
152616.0
152629.0
152632.0
152633.0
152675.0
152676.0
152689.0
152692.0
152693.0
152736.0
152737.0
152749.0
152752.0
152796.0
152809.0
152812.0
152813.0
152856.0
152869.0
152870.0
152872.0
152873.0
152899.0
152900.0
152916.0
152929.0
152932.0
152933.0
152976.0
152989.0
152992.0
152993.0
153033.0
153036.0
153049.0
153052.0
153053.0
153095.0
153096.0
153109.0
153112.0
153113.0
153156.0
153169.0
153170.0
153173.0
153174.0
153216.0
153229.0
153233.0
153276.0
153289.0
153290.0
153292.0
153293.0
153335.0
153336.0
153337.0
153349.0
153350.0
153353.0
153396.0
153409.0
153410.0
153413.0
153456.0
153469.0
153516.0
153529.0
153530.0
153589.0
153590.0
153636.0
153649.0
153709.0
153710.0
153756.0
153757.0
153769.0
153799.0
153815.0
153890.0
153932.0
153949.0
154069.0
154249.0
154260.0
154285.0
154296.0
154323.0
154350.0
154351.0
154356.0
154369.0
154372.0
154385.0
154387.0
154404.0
154415.0
154429.0
154431.0
154432.0
154433.0
154447.0
154462.0
154489.0
154506.0
154536.0
154537.0
154552.0
154582.0
154595.0
154612.0
154642.0
154672.0
154700.0
154701.0
154731.0
154732.0
154733.0
154760.0
154762.0
154791.0
154792.0
154793.0
154822.0
154877.0
154882.0
154911.0
154936.0
154937.0
154972.0
154996.0
155014.0
155035.0
155036.0
155044.0
155053.0
155074.0
155091.0
155092.0
155102.0
155111.0
155134.0
155135.0
155139.0
155155.0
155212.0
155332.0
155452.0
155453.0
155454.0
155512.0
155513.0
155572.0
155573.0
155574.0
155632.0
155633.0
155634.0
155636.0
155645.0
155656.0
155675.0
155676.0
155689.0
155692.0
155693.0
155730.0
155732.0
155736.0
155749.0
155752.0
155753.0
155796.0
155809.0
155812.0
155813.0
155814.0
155856.0
155857.0
155858.0
155861.0
155869.0
155873.0
155916.0
155929.0
155930.0
155932.0
155933.0
155956.0
155957.0
155976.0
155977.0
155989.0
155992.0
155993.0
156033.0
156034.0
156035.0
156036.0
156049.0
156052.0
156053.0
156096.0
156109.0
156112.0
156113.0
156156.0
156157.0
156169.0
156172.0
156173.0
156216.0
156217.0
156229.0
156230.0
156232.0
156233.0
156276.0
156277.0
156289.0
156292.0
156293.0
156335.0
156336.0
156337.0
156349.0
156350.0
156353.0
156395.0
156396.0
156397.0
156409.0
156412.0
156413.0
156456.0
156457.0
156469.0
156472.0
156473.0
156495.0
156496.0
156515.0
156516.0
156517.0
156529.0
156530.0
156533.0
156575.0
156576.0
156577.0
156589.0
156592.0
156593.0
156629.0
156635.0
156636.0
156637.0
156649.0
156650.0
156652.0
156653.0
156654.0
156695.0
156696.0
156697.0
156709.0
156712.0
156713.0
156754.0
156756.0
156757.0
156769.0
156770.0
156772.0
156773.0
156816.0
156817.0
156829.0
156832.0
156833.0
156834.0
156876.0
156889.0
156893.0
156932.0
156949.0
156953.0
156999.0
157009.0
157012.0
157013.0
157055.0
157073.0
157115.0
157132.0
157133.0
157193.0
157249.0
157253.0
157313.0
157395.0
157429.0
157436.0
157492.0
157528.0
157536.0
157537.0
157549.0
157596.0
157655.0
157656.0
157669.0
157716.0
157729.0
157776.0
157789.0
157835.0
157836.0
157849.0
157850.0
157895.0
157896.0
157909.0
157910.0
157955.0
157956.0
157969.0
158015.0
158016.0
158029.0
158075.0
158076.0
158089.0
158090.0
158136.0
158138.0
158149.0
158195.0
158197.0
158198.0
158199.0
158209.0
158210.0
158256.0
158269.0
158270.0
158293.0
158315.0
158316.0
158331.0
158332.0
158375.0
158376.0
158389.0
158434.0
158436.0
158437.0
158449.0
158452.0
158453.0
158489.0
158509.0
158512.0
158513.0
158514.0
158564.0
158569.0
158570.0
158572.0
158573.0
158574.0
158575.0
158632.0
158633.0
158634.0
158635.0
158636.0
158673.0
158692.0
158693.0
158703.0
158730.0
158732.0
158738.0
158752.0
158753.0
158812.0
158813.0
158872.0
158873.0
158874.0
158903.0
158929.0
158932.0
158933.0
158959.0
158986.0
158988.0
158992.0
158993.0
159045.0
159046.0
159047.0
159060.0
159061.0
159076.0
159108.0
159110.0
159112.0
159113.0
159114.0
159138.0
159169.0
159170.0
159172.0
159173.0
159200.0
159232.0
159233.0
159289.0
159292.0
159304.0
159305.0
159412.0
159416.0
159473.0
159532.0
159533.0
159592.0
159593.0
159629.0
159630.0
159652.0
159653.0
159712.0
159713.0
159714.0
159755.0
159756.0
159769.0
159772.0
159773.0
159815.0
159816.0
159829.0
159832.0
159833.0
159874.0
159875.0
159876.0
159877.0
159881.0
159885.0
159889.0
159892.0
159893.0
159934.0
159935.0
159936.0
159949.0
159952.0
159953.0
159995.0
159996.0
160009.0
160012.0
160013.0
160055.0
160056.0
160069.0
160072.0
160073.0
160091.0
160092.0
160115.0
160116.0
160125.0
160126.0
160129.0
160132.0
160133.0
160175.0
160176.0
160189.0
160192.0
160193.0
160225.0
160233.0
160235.0
160236.0
160240.0
160249.0
160252.0
160253.0
160295.0
160296.0
160309.0
160312.0
160313.0
160355.0
160356.0
160369.0
160372.0
160373.0
160415.0
160416.0
160429.0
160432.0
160433.0
160450.0
160451.0
160452.0
160475.0
160476.0
160489.0
160492.0
160493.0
160528.0
160529.0
160534.0
160535.0
160536.0
160549.0
160552.0
160553.0
160595.0
160596.0
160609.0
160612.0
160613.0
160655.0
160656.0
160669.0
160672.0
160673.0
160715.0
160716.0
160729.0
160732.0
160733.0
160775.0
160776.0
160789.0
160792.0
160793.0
160835.0
160836.0
160849.0
160852.0
160853.0
160895.0
160896.0
160909.0
160912.0
160913.0
160955.0
160956.0
160969.0
160972.0
160973.0
160991.0
161015.0
161016.0
161029.0
161032.0
161033.0
161075.0
161076.0
161089.0
161092.0
161093.0
161124.0
161135.0
161136.0
161149.0
161152.0
161153.0
161195.0
161196.0
161209.0
161212.0
161213.0
161255.0
161256.0
161269.0
161272.0
161273.0
161315.0
161316.0
161329.0
161332.0
161333.0
161375.0
161376.0
161389.0
161392.0
161393.0
161427.0
161428.0
161435.0
161436.0
161449.0
161452.0
161453.0
161495.0
161496.0
161509.0
161512.0
161513.0
161555.0
161556.0
161569.0
161572.0
161573.0
161602.0
161615.0
161616.0
161629.0
161675.0
161676.0
161689.0
161735.0
161736.0
161749.0
161795.0
161796.0
161799.0
161809.0
161810.0
161856.0
161869.0
161870.0
161889.0
161890.0
161915.0
161916.0
161929.0
161930.0
161932.0
161975.0
161976.0
161989.0
162023.0
162035.0
162036.0
162049.0
162095.0
162096.0
162109.0
162155.0
162156.0
162169.0
162215.0
162216.0
162229.0
162275.0
162276.0
162289.0
162335.0
162336.0
162349.0
162395.0
162396.0
162409.0
162410.0
162455.0
162456.0
162469.0
162498.0
162515.0
162516.0
162528.0
162529.0
162532.0
162533.0
162557.0
162558.0
162562.0
162588.0
162589.0
162592.0
162593.0
162617.0
162618.0
162648.0
162649.0
162653.0
162676.0
162677.0
162707.0
162708.0
162712.0
162713.0
162736.0
162739.0
162740.0
162768.0
162770.0
162772.0
162773.0
162798.0
162802.0
162828.0
162832.0
162833.0
162857.0
162886.0
162887.0
162893.0
162916.0
162918.0
162923.0
162948.0
162952.0
162953.0
162977.0
162978.0
162979.0
162983.0
163007.0
163008.0
163009.0
163012.0
163013.0
163037.0
163038.0
163039.0
163040.0
163067.0
163069.0
163070.0
163072.0
163073.0
163098.0
163099.0
163128.0
163132.0
163133.0
163142.0
163143.0
163152.0
163156.0
163157.0
163160.0
163187.0
163192.0
163193.0
163202.0
163203.0
163216.0
163225.0
163226.0
163232.0
163233.0
163248.0
163253.0
163261.0
163262.0
163277.0
163279.0
163291.0
163307.0
163308.0
163313.0
163314.0
163337.0
163338.0
163368.0
163372.0
163373.0
163403.0
163425.0
163432.0
163433.0
163492.0
163493.0
163494.0
163553.0
163613.0
163614.0
163672.0
163673.0
163732.0
163733.0
163792.0
163793.0
163835.0
163836.0
163837.0
163849.0
163853.0
163895.0
163896.0
163909.0
163912.0
163913.0
163955.0
163956.0
163969.0
163972.0
163973.0
164015.0
164016.0
164029.0
164032.0
164033.0
164045.0
164046.0
164050.0
164075.0
164076.0
164077.0
164089.0
164092.0
164093.0
164094.0
164124.0
164125.0
164135.0
164136.0
164149.0
164153.0
164195.0
164196.0
164209.0
164210.0
164212.0
164213.0
164256.0
164257.0
164269.0
164272.0
164273.0
164274.0
164315.0
164316.0
164317.0
164329.0
164333.0
164376.0
164377.0
164389.0
164392.0
164393.0
164435.0
164436.0
164437.0
164449.0
164450.0
164452.0
164453.0
164496.0
164497.0
164509.0
164512.0
164513.0
164514.0
164556.0
164557.0
164569.0
164573.0
164616.0
164617.0
164629.0
164633.0
164676.0
164677.0
164689.0
164693.0
164720.0
164736.0
164737.0
164753.0
164754.0
164796.0
164797.0
164809.0
164810.0
164813.0
164843.0
164855.0
164856.0
164857.0
164869.0
164872.0
164873.0
164916.0
164917.0
164929.0
164930.0
164932.0
164933.0
164946.0
164947.0
164975.0
164976.0
164977.0
164989.0
164993.0
165023.0
165024.0
165035.0
165036.0
165037.0
165049.0
165053.0
165095.0
165096.0
165109.0
165113.0
165114.0
165155.0
165156.0
165169.0
165173.0
165203.0
165216.0
165232.0
165233.0
165234.0
165275.0
165276.0
165289.0
165293.0
165336.0
165349.0
165352.0
165353.0
165354.0
165395.0
165396.0
165413.0
165456.0
165469.0
165472.0
165473.0
165485.0
165503.0
165515.0
165516.0
165529.0
165530.0
165532.0
165533.0
165534.0
165535.0
165576.0
165588.0
165589.0
165592.0
165593.0
165594.0
165618.0
165619.0
165635.0
165649.0
165652.0
165653.0
165695.0
165696.0
165709.0
165756.0
165768.0
165769.0
165815.0
165816.0
165829.0
165875.0
165876.0
165889.0
165935.0
165936.0
165949.0
165995.0
165996.0
166009.0
166055.0
166056.0
166069.0
166115.0
166116.0
166129.0
166175.0
166176.0
166189.0
166235.0
166248.0
166249.0
166295.0
166296.0
166309.0
166355.0
166356.0
166369.0
166384.0
166415.0
166416.0
166428.0
166429.0
166475.0
166476.0
166488.0
166489.0
166490.0
166517.0
166535.0
166536.0
166548.0
166549.0
166577.0
166578.0
166590.0
166595.0
166596.0
166606.0
166608.0
166609.0
166637.0
166638.0
166639.0
166656.0
166666.0
166669.0
166673.0
166699.0
166728.0
166729.0
166732.0
166733.0
166746.0
166757.0
166758.0
166763.0
166787.0
166788.0
166789.0
166790.0
166793.0
166794.0
166815.0
166817.0
166818.0
166821.0
166832.0
166847.0
166852.0
166853.0
166862.0
166879.0
166909.0
166913.0
166938.0
166967.0
166972.0
166973.0
166997.0
166998.0
167027.0
167032.0
167033.0
167057.0
167058.0
167059.0
167093.0
167118.0
167119.0
167153.0
167177.0
167190.0
167191.0
167213.0
167238.0
167239.0
167249.0
167269.0
167272.0
167273.0
167297.0
167298.0
167299.0
167330.0
167332.0
167333.0
167357.0
167358.0
167359.0
167360.0
167389.0
167393.0
167417.0
167418.0
167419.0
167453.0
167476.0
167477.0
167478.0
167513.0
167514.0
167538.0
167573.0
167633.0
167693.0
167720.0
167752.0
167812.0
167928.0
167929.0
167932.0
167945.0
167975.0
167976.0
167977.0
167989.0
168035.0
168036.0
168037.0
168049.0
168052.0
168095.0
168097.0
168109.0
168155.0
168156.0
168157.0
168169.0
168170.0
168172.0
168182.0
168215.0
168216.0
168229.0
168232.0
168233.0
168275.0
168277.0
168289.0
168292.0
168293.0
168316.0
168335.0
168336.0
168348.0
168349.0
168353.0
168395.0
168397.0
168413.0
168469.0
168473.0
168474.0
168515.0
168516.0
168528.0
168532.0
168533.0
168540.0
168542.0
168575.0
168576.0
168588.0
168589.0
168592.0
168593.0
168619.0
168620.0
168637.0
168653.0
168695.0
168696.0
168712.0
168755.0
168773.0
168828.0
168832.0
168875.0
168876.0
168877.0
168893.0
168935.0
168936.0
168995.0
168996.0
169000.0
169008.0
169009.0
169010.0
169012.0
169055.0
169056.0
169069.0
169081.0
169115.0
169116.0
169129.0
169132.0
169134.0
169176.0
169189.0
169214.0
169235.0
169236.0
169249.0
169295.0
169296.0
169308.0
169309.0
169312.0
169313.0
169314.0
169355.0
169356.0
169368.0
169369.0
169372.0
169373.0
169415.0
169416.0
169432.0
169433.0
169437.0
169438.0
169475.0
169476.0
169489.0
169492.0
169493.0
169494.0
169518.0
169536.0
169549.0
169553.0
169554.0
169595.0
169609.0
169612.0
169613.0
169614.0
169655.0
169656.0
169669.0
169670.0
169673.0
169716.0
169729.0
169730.0
169733.0
169775.0
169776.0
169777.0
169789.0
169792.0
169793.0
169835.0
169836.0
169849.0
169909.0
169910.0
169955.0
169956.0
169969.0
169980.0
170015.0
170016.0
170028.0
170029.0
170030.0
170075.0
170089.0
170114.0
170135.0
170136.0
170149.0
170195.0
170209.0
170317.0
170318.0
170328.0
170329.0
170375.0
170435.0
170451.0
170555.0
170675.0
170688.0
170718.0
170719.0
170720.0
170754.0
170755.0
170777.0
170778.0
170779.0
170809.0
170812.0
170839.0
170840.0
170841.0
170871.0
170872.0
170898.0
170899.0
170900.0
170901.0
170910.0
170959.0
170989.0
171018.0
171031.0
171061.0
171077.0
171078.0
171080.0
171112.0
171137.0
171139.0
171198.0
171199.0
171257.0
171258.0
171260.0
171270.0
171281.0
171293.0
171294.0
171315.0
171316.0
171317.0
171346.0
171353.0
171374.0
171378.0
171379.0
171409.0
171416.0
171470.0
171472.0
171499.0
171527.0
171558.0
171592.0
171619.0
171653.0
171712.0
171713.0
171832.0
171953.0
171954.0
172013.0
172055.0
172056.0
172068.0
172069.0
172072.0
172073.0
172115.0
172116.0
172128.0
172129.0
172133.0
172136.0
172140.0
172175.0
172176.0
172189.0
172193.0
172215.0
172235.0
172236.0
172240.0
172250.0
172252.0
172253.0
172254.0
172275.0
172295.0
172309.0
172310.0
172312.0
172313.0
172355.0
172356.0
172368.0
172369.0
172373.0
172415.0
172416.0
172422.0
172429.0
172432.0
172433.0
172434.0
172475.0
172488.0
172489.0
172492.0
172493.0
172548.0
172549.0
172553.0
172554.0
172595.0
172597.0
172598.0
172608.0
172609.0
172612.0
172613.0
172614.0
172655.0
172656.0
172673.0
172728.0
172732.0
172733.0
172734.0
172776.0
172777.0
172788.0
172793.0
172810.0
172835.0
172836.0
172837.0
172853.0
172896.0
172897.0
172913.0
172955.0
172956.0
172957.0
172968.0
173016.0
173017.0
173032.0
173035.0
173036.0
173037.0
173041.0
173075.0
173076.0
173077.0
173088.0
173092.0
173114.0
173135.0
173136.0
173137.0
173152.0
173195.0
173196.0
173197.0
173255.0
173257.0
173269.0
173315.0
173316.0
173329.0
173332.0
173376.0
173388.0
173389.0
173435.0
173436.0
173448.0
173449.0
173450.0
173452.0
173464.0
173471.0
173476.0
173508.0
173509.0
173512.0
173555.0
173556.0
173568.0
173569.0
173572.0
173573.0
173574.0
173576.0
173577.0
173581.0
173589.0
173604.0
173615.0
173616.0
173629.0
173630.0
173632.0
173633.0
173662.0
173676.0
173689.0
173692.0
173693.0
173707.0
173709.0
173714.0
173715.0
173721.0
173735.0
173736.0
173749.0
173753.0
173754.0
173761.0
173774.0
173778.0
173785.0
173796.0
173808.0
173809.0
173810.0
173812.0
173813.0
173816.0
173823.0
173838.0
173854.0
173855.0
173856.0
173859.0
173864.0
173869.0
173872.0
173873.0
173911.0
173913.0
173915.0
173916.0
173919.0
173929.0
173946.0
173947.0
173949.0
173956.0
173971.0
173972.0
173975.0
173976.0
173989.0
174008.0
174035.0
174036.0
174049.0
174096.0
174109.0
174119.0
174168.0
174169.0
174228.0
174229.0
174276.0
174289.0
174335.0
174395.0
174409.0
174410.0
174455.0
174468.0
174475.0
174575.0
174608.0
174635.0
174795.0
174798.0
174799.0
174815.0
174816.0
174819.0
174832.0
174837.0
174840.0
174858.0
174859.0
174860.0
174861.0
174864.0
174878.0
174879.0
174887.0
174888.0
174892.0
174900.0
174908.0
174909.0
174912.0
174914.0
174918.0
174928.0
174938.0
174939.0
174941.0
174949.0
174978.0
174979.0
174990.0
174999.0
175001.0
175012.0
175037.0
175038.0
175039.0
175043.0
175051.0
175052.0
175072.0
175073.0
175080.0
175081.0
175084.0
175093.0
175098.0
175099.0
175124.0
175132.0
175133.0
175138.0
175142.0
175150.0
175152.0
175153.0
175154.0
175157.0
175158.0
175161.0
175174.0
175177.0
175184.0
175185.0
175187.0
175198.0
175200.0
175201.0
175217.0
175219.0
175231.0
175245.0
175252.0
175253.0
175275.0
175276.0
175306.0
175312.0
175313.0
175335.0
175338.0
175339.0
175371.0
175373.0
175397.0
175398.0
175399.0
175432.0
175433.0
175435.0
175457.0
175458.0
175459.0
175474.0
175492.0
175493.0
175494.0
175517.0
175549.0
175552.0
175553.0
175579.0
175580.0
175610.0
175612.0
175613.0
175638.0
175672.0
175673.0
175697.0
175732.0
175733.0
175734.0
175792.0
175793.0
175794.0
175811.0
175852.0
175853.0
175912.0
175913.0
175972.0
176032.0
176094.0
176135.0
176136.0
176148.0
176152.0
176194.0
176195.0
176196.0
176197.0
176208.0
176212.0
176255.0
176256.0
176273.0
176315.0
176316.0
176317.0
176329.0
176331.0
176332.0
176375.0
176376.0
176389.0
176390.0
176406.0
176434.0
176435.0
176436.0
176437.0
176449.0
176495.0
176496.0
176508.0
176509.0
176512.0
176554.0
176555.0
176556.0
176557.0
176568.0
176569.0
176572.0
176615.0
176616.0
176628.0
176629.0
176631.0
176632.0
176633.0
176634.0
176635.0
176636.0
176675.0
176676.0
176688.0
176689.0
176690.0
176693.0
176710.0
176735.0
176736.0
176749.0
176752.0
176753.0
176770.0
176795.0
176796.0
176797.0
176809.0
176812.0
176813.0
176814.0
176855.0
176869.0
176873.0
176915.0
176916.0
176929.0
176930.0
176931.0
176932.0
176933.0
176975.0
176976.0
176989.0
176992.0
176993.0
176994.0
177035.0
177036.0
177048.0
177049.0
177052.0
177053.0
177095.0
177096.0
177108.0
177109.0
177112.0
177113.0
177155.0
177156.0
177169.0
177172.0
177173.0
177215.0
177216.0
177229.0
177230.0
177232.0
177233.0
177234.0
177235.0
177275.0
177276.0
177289.0
177290.0
177292.0
177293.0
177305.0
177335.0
177348.0
177349.0
177352.0
177353.0
177409.0
177412.0
177413.0
177452.0
177469.0
177472.0
177473.0
177515.0
177532.0
177533.0
177534.0
177585.0
177586.0
177592.0
177593.0
177609.0
177635.0
177652.0
177653.0
177712.0
177713.0
177755.0
177768.0
177772.0
177832.0
177889.0
177892.0
177922.0
177935.0
177936.0
177952.0
177995.0
178008.0
178069.0
178071.0
178114.0
178129.0
178226.0
178230.0
178236.0
178247.0
178248.0
178267.0
178296.0
178308.0
178309.0
178322.0
178330.0
178370.0
178375.0
178400.0
178418.0
178429.0
178455.0
178464.0
178476.0
178477.0
178549.0
178596.0
178597.0
178598.0
178656.0
178657.0
178669.0
178716.0
178717.0
178718.0
178730.0
178731.0
178776.0
178789.0
178790.0
178791.0
178836.0
178850.0
178851.0
178896.0
178909.0
178910.0
178913.0
178938.0
178969.0
178970.0
179029.0
179030.0
179033.0
179034.0
179035.0
179093.0
179094.0
179095.0
179153.0
179154.0
179155.0
179179.0
179188.0
179213.0
179214.0
179239.0
179241.0
179271.0
179273.0
179274.0
179299.0
179309.0
179333.0
179334.0
179363.0
179374.0
179393.0
179394.0
179407.0
179433.0
179443.0
179453.0
179454.0
179473.0
179480.0
179493.0
179506.0
179507.0
179513.0
179514.0
179539.0
179543.0
179573.0
179574.0
179577.0
179585.0
179625.0
179634.0
179635.0
179644.0
179658.0
179684.0
179690.0
179693.0
179694.0
179702.0
179738.0
179748.0
179753.0
179754.0
179813.0
179814.0
179873.0
179874.0
179933.0
179934.0
179993.0
179994.0
180053.0
180054.0
180113.0
180114.0
180115.0
180173.0
180174.0
180215.0
180216.0
180229.0
180230.0
180231.0
180233.0
180234.0
180235.0
180236.0
180275.0
180276.0
180289.0
180290.0
180294.0
180306.0
180327.0
180329.0
180331.0
180333.0
180335.0
180336.0
180349.0
180350.0
180353.0
180354.0
180365.0
180366.0
180395.0
180396.0
180399.0
180409.0
180410.0
180413.0
180414.0
180455.0
180456.0
180469.0
180470.0
180473.0
180474.0
180503.0
180515.0
180516.0
180517.0
180529.0
180530.0
180533.0
180534.0
180575.0
180576.0
180590.0
180593.0
180594.0
180623.0
180635.0
180636.0
180637.0
180649.0
180650.0
180653.0
180654.0
180695.0
180696.0
180709.0
180710.0
180713.0
180714.0
180755.0
180756.0
180757.0
180768.0
180769.0
180770.0
180773.0
180774.0
180815.0
180816.0
180817.0
180829.0
180830.0
180833.0
180834.0
180875.0
180876.0
180889.0
180890.0
180893.0
180894.0
180901.0
180935.0
180936.0
180949.0
180950.0
180953.0
180954.0
180995.0
180996.0
181009.0
181010.0
181013.0
181014.0
181054.0
181055.0
181056.0
181057.0
181058.0
181060.0
181069.0
181070.0
181073.0
181074.0
181114.0
181115.0
181116.0
181127.0
181129.0
181130.0
181131.0
181133.0
181134.0
181176.0
181177.0
181190.0
181193.0
181194.0
181205.0
181236.0
181237.0
181249.0
181250.0
181253.0
181254.0
181296.0
181297.0
181309.0
181310.0
181313.0
181314.0
181356.0
181357.0
181369.0
181370.0
181373.0
181374.0
181403.0
181416.0
181417.0
181429.0
181430.0
181434.0
181463.0
181476.0
181490.0
181494.0
181495.0
181536.0
181537.0
181549.0
181550.0
181553.0
181583.0
181596.0
181609.0
181610.0
181613.0
181614.0
181643.0
181656.0
181667.0
181669.0
181670.0
181673.0
181674.0
181716.0
181729.0
181730.0
181733.0
181734.0
181776.0
181790.0
181793.0
181794.0
181800.0
181836.0
181849.0
181850.0
181853.0
181854.0
181896.0
181905.0
181909.0
181910.0
181913.0
181914.0
181956.0
181969.0
181970.0
181973.0
181974.0
182016.0
182017.0
182029.0
182030.0
182033.0
182034.0
182038.0
182040.0
182044.0
182076.0
182089.0
182090.0
182120.0
182127.0
182136.0
182149.0
182150.0
182151.0
182196.0
182209.0
182210.0
182254.0
182256.0
182260.0
182269.0
182270.0
182316.0
182329.0
182330.0
182376.0
182377.0
182389.0
182390.0
182436.0
182449.0
182450.0
182496.0
182510.0
182556.0
182566.0
182569.0
182570.0
182616.0
182629.0
182630.0
182676.0
182689.0
182699.0
182736.0
182749.0
182750.0
182796.0
182810.0
182856.0
182869.0
182870.0
182909.0
182910.0
182916.0
182920.0
182929.0
182930.0
182958.0
182960.0
182970.0
182976.0
182977.0
182989.0
182990.0
183015.0
183016.0
183019.0
183029.0
183036.0
183042.0
183043.0
183045.0
183046.0
183049.0
183050.0
183053.0
183054.0
183074.0
183079.0
183080.0
183084.0
183089.0
183108.0
183109.0
183110.0
183111.0
183113.0
183114.0
183138.0
183140.0
183144.0
183168.0
183169.0
183170.0
183173.0
183174.0
183199.0
183204.0
183228.0
183229.0
183230.0
183233.0
183234.0
183250.0
183257.0
183258.0
183259.0
183260.0
183266.0
183279.0
183288.0
183289.0
183290.0
183293.0
183294.0
183318.0
183319.0
183320.0
183321.0
183322.0
183347.0
183348.0
183352.0
183353.0
183354.0
183357.0
183377.0
183378.0
183379.0
183384.0
183408.0
183409.0
183413.0
183414.0
183415.0
183438.0
183439.0
183469.0
183473.0
183474.0
183476.0
183490.0
183497.0
183498.0
183499.0
183528.0
183529.0
183558.0
183560.0
183564.0
183589.0
183590.0
183593.0
183594.0
183619.0
183620.0
183648.0
183649.0
183650.0
183653.0
183654.0
183678.0
183679.0
183707.0
183708.0
183709.0
183713.0
183714.0
183737.0
183738.0
183739.0
183768.0
183769.0
183773.0
183774.0
183798.0
183802.0
183803.0
183831.0
183833.0
183834.0
183835.0
183836.0
183853.0
183860.0
183861.0
183862.0
183864.0
183869.0
183881.0
183889.0
183890.0
183893.0
183894.0
183902.0
183919.0
183928.0
183953.0
183954.0
183984.0
184013.0
184014.0
184073.0
184104.0
184133.0
184134.0
184193.0
184194.0
184253.0
184254.0
184309.0
184310.0
184313.0
184314.0
184326.0
184355.0
184356.0
184357.0
184364.0
184369.0
184370.0
184373.0
184374.0
184415.0
184417.0
184418.0
184419.0
184430.0
184433.0
184434.0
184475.0
184477.0
184493.0
184494.0
184497.0
184524.0
184535.0
184536.0
184537.0
184538.0
184552.0
184553.0
184554.0
184595.0
184597.0
184609.0
184613.0
184614.0
184654.0
184655.0
184656.0
184657.0
184673.0
184674.0
184704.0
184715.0
184717.0
184725.0
184727.0
184734.0
184775.0
184776.0
184777.0
184801.0
184835.0
184837.0
184856.0
184895.0
184897.0
184909.0
184913.0
184955.0
184956.0
184957.0
185015.0
185016.0
185017.0
185029.0
185033.0
185075.0
185076.0
185077.0
185089.0
185090.0
185093.0
185135.0
185136.0
185137.0
185149.0
185150.0
185195.0
185196.0
185197.0
185209.0
185210.0
185213.0
185255.0
185256.0
185257.0
185262.0
185263.0
185270.0
185315.0
185316.0
185329.0
185330.0
185333.0
185375.0
185376.0
185377.0
185389.0
185390.0
185391.0
185393.0
185394.0
185436.0
185437.0
185449.0
185450.0
185452.0
185453.0
185454.0
185496.0
185509.0
185510.0
185513.0
185514.0
185556.0
185569.0
185570.0
185573.0
185574.0
185575.0
185616.0
185630.0
185634.0
185690.0
185691.0
185693.0
185694.0
185695.0
185700.0
185730.0
185736.0
185737.0
185753.0
185754.0
185756.0
185796.0
185813.0
185814.0
185870.0
185873.0
185874.0
185934.0
185993.0
185994.0
186049.0
186053.0
186054.0
186109.0
186161.0
186162.0
186174.0
186229.0
186276.0
186277.0
186295.0
186336.0
186337.0
186396.0
186409.0
186410.0
186456.0
186469.0
186470.0
186516.0
186517.0
186530.0
186576.0
186589.0
186590.0
186636.0
186637.0
186649.0
186650.0
186696.0
186710.0
186757.0
186769.0
186770.0
186816.0
186817.0
186829.0
186830.0
186831.0
186876.0
186890.0
186891.0
186936.0
186937.0
186949.0
186950.0
186951.0
186996.0
186997.0
187009.0
187010.0
187056.0
187057.0
187060.0
187061.0
187066.0
187069.0
187070.0
187116.0
187123.0
187129.0
187130.0
187133.0
187134.0
187135.0
187189.0
187190.0
187193.0
187194.0
187195.0
187250.0
187254.0
187256.0
187313.0
187314.0
187373.0
187374.0
187375.0
187433.0
187434.0
187435.0
187494.0
187498.0
187554.0
187572.0
187580.0
187582.0
187587.0
187614.0
187615.0
187638.0
187640.0
187641.0
187671.0
187674.0
187675.0
187699.0
187700.0
187733.0
187734.0
187759.0
187760.0
187761.0
187790.0
187794.0
187820.0
187850.0
187853.0
187854.0
187879.0
187880.0
187886.0
187914.0
187937.0
187939.0
187940.0
187941.0
187970.0
187974.0
188033.0
188034.0
188093.0
188094.0
188153.0
188154.0
188155.0
188214.0
188274.0
188334.0
188394.0
188397.0
188435.0
188436.0
188437.0
188449.0
188450.0
188454.0
188495.0
188496.0
188509.0
188510.0
188513.0
188514.0
188555.0
188556.0
188570.0
188573.0
188574.0
188615.0
188616.0
188629.0
188630.0
188633.0
188634.0
188675.0
188676.0
188689.0
188690.0
188693.0
188694.0
188695.0
188735.0
188736.0
188749.0
188750.0
188754.0
188795.0
188796.0
188797.0
188810.0
188814.0
188855.0
188856.0
188859.0
188874.0
188875.0
188915.0
188916.0
188930.0
188934.0
188975.0
188976.0
188992.0
188993.0
188994.0
189035.0
189036.0
189049.0
189054.0
189095.0
189096.0
189114.0
189155.0
189156.0
189215.0
189216.0
189220.0
189221.0
189234.0
189275.0
189276.0
189289.0
189296.0
189335.0
189336.0
189353.0
189395.0
189396.0
189397.0
189409.0
189455.0
189456.0
189469.0
189470.0
189516.0
189529.0
189530.0
189533.0
189576.0
189589.0
189590.0
189636.0
189649.0
189650.0
189696.0
189697.0
189710.0
189756.0
189757.0
189769.0
189770.0
189773.0
189774.0
189775.0
189816.0
189829.0
189830.0
189834.0
189876.0
189889.0
189890.0
189891.0
189894.0
189936.0
189949.0
189950.0
189954.0
189955.0
189996.0
190009.0
190010.0
190014.0
190056.0
190069.0
190070.0
190073.0
190074.0
190116.0
190129.0
190130.0
190134.0
190135.0
190176.0
190177.0
190189.0
190193.0
190194.0
190195.0
190236.0
190250.0
190254.0
190255.0
190296.0
190309.0
190369.0
190370.0
190413.0
190416.0
190429.0
190430.0
190546.0
190547.0
190596.0
190597.0
190609.0
190656.0
190729.0
190730.0
190731.0
190790.0
190849.0
190896.0
190932.0
190945.0
190956.0
190957.0
190969.0
191016.0
191030.0
191056.0
191076.0
191077.0
191079.0
191090.0
191121.0
191136.0
191149.0
191178.0
191179.0
191181.0
191189.0
191193.0
191196.0
191204.0
191209.0
191210.0
191221.0
191238.0
191250.0
191251.0
191252.0
191268.0
191269.0
191270.0
191272.0
191274.0
191301.0
191313.0
191314.0
191329.0
191330.0
191333.0
191334.0
191337.0
191344.0
191357.0
191360.0
191370.0
191372.0
191393.0
191394.0
191395.0
191418.0
191419.0
191422.0
191433.0
191453.0
191454.0
191477.0
191478.0
191481.0
191492.0
191493.0
191508.0
191509.0
191514.0
191515.0
191537.0
191538.0
191555.0
191556.0
191568.0
191573.0
191574.0
191600.0
191633.0
191634.0
191641.0
191647.0
191659.0
191679.0
191693.0
191694.0
191709.0
191723.0
191732.0
191733.0
191737.0
191742.0
191743.0
191770.0
191775.0
191779.0
191813.0
191814.0
191847.0
191873.0
191874.0
191877.0
191898.0
191907.0
191911.0
191933.0
191934.0
191937.0
191939.0
191943.0
191960.0
191967.0
191978.0
191993.0
191994.0
191997.0
192016.0
192027.0
192053.0
192054.0
192055.0
192057.0
192087.0
192114.0
192115.0
192117.0
192147.0
192174.0
192177.0
192207.0
192208.0
192233.0
192235.0
192236.0
192237.0
192267.0
192293.0
192294.0
192297.0
192323.0
192327.0
192353.0
192354.0
192357.0
192387.0
192413.0
192414.0
192417.0
192447.0
192474.0
192477.0
192499.0
192500.0
192502.0
192503.0
192507.0
192514.0
192516.0
192517.0
192518.0
192519.0
192529.0
192530.0
192531.0
192532.0
192533.0
192534.0
192537.0
192549.0
192555.0
192557.0
192559.0
192562.0
192563.0
192567.0
192576.0
192577.0
192579.0
192588.0
192589.0
192592.0
192593.0
192594.0
192595.0
192597.0
192622.0
192623.0
192627.0
192629.0
192634.0
192635.0
192636.0
192637.0
192647.0
192648.0
192649.0
192650.0
192652.0
192653.0
192654.0
192655.0
192657.0
192671.0
192672.0
192683.0
192687.0
192695.0
192696.0
192697.0
192698.0
192700.0
192702.0
192709.0
192713.0
192714.0
192717.0
192732.0
192747.0
192755.0
192757.0
192760.0
192762.0
192763.0
192769.0
192770.0
192773.0
192774.0
192777.0
192786.0
192788.0
192791.0
192792.0
192804.0
192807.0
192815.0
192816.0
192817.0
192818.0
192820.0
192822.0
192829.0
192830.0
192833.0
192834.0
192835.0
192837.0
192852.0
192867.0
192875.0
192876.0
192877.0
192880.0
192882.0
192891.0
192892.0
192893.0
192894.0
192897.0
192910.0
192912.0
192924.0
192927.0
192935.0
192937.0
192940.0
192941.0
192942.0
192949.0
192950.0
192953.0
192954.0
192957.0
192970.0
192972.0
192987.0
192995.0
192996.0
192997.0
193000.0
193002.0
193010.0
193014.0
193017.0
193030.0
193032.0
193044.0
193056.0
193057.0
193060.0
193062.0
193067.0
193068.0
193070.0
193071.0
193072.0
193073.0
193074.0
193085.0
193087.0
193090.0
193092.0
193093.0
193095.0
193104.0
193109.0
193115.0
193116.0
193117.0
193118.0
193120.0
193122.0
193130.0
193134.0
193135.0
193150.0
193152.0
193164.0
193175.0
193176.0
193177.0
193180.0
193182.0
193189.0
193190.0
193194.0
193195.0
193196.0
193210.0
193212.0
193235.0
193237.0
193238.0
193240.0
193242.0
193250.0
193254.0
193270.0
193272.0
193295.0
193296.0
193297.0
193300.0
193302.0
193310.0
193314.0
193330.0
193332.0
193353.0
193355.0
193356.0
193357.0
193358.0
193360.0
193362.0
193371.0
193374.0
193375.0
193390.0
193392.0
193415.0
193416.0
193417.0
193420.0
193422.0
193429.0
193430.0
193434.0
193435.0
193450.0
193452.0
193475.0
193476.0
193477.0
193480.0
193482.0
193487.0
193489.0
193490.0
193494.0
193510.0
193512.0
193535.0
193536.0
193537.0
193538.0
193540.0
193542.0
193549.0
193550.0
193554.0
193570.0
193572.0
193595.0
193596.0
193597.0
193598.0
193601.0
193602.0
193609.0
193610.0
193614.0
193615.0
193632.0
193638.0
193656.0
193657.0
193662.0
193669.0
193670.0
193675.0
193676.0
193692.0
193716.0
193717.0
193720.0
193729.0
193730.0
193734.0
193752.0
193776.0
193777.0
193789.0
193790.0
193791.0
193794.0
193795.0
193836.0
193849.0
193850.0
193854.0
193896.0
193909.0
193910.0
193914.0
193956.0
193969.0
193970.0
193974.0
194004.0
194016.0
194029.0
194030.0
194034.0
194064.0
194076.0
194089.0
194090.0
194094.0
194136.0
194149.0
194150.0
194154.0
194196.0
194197.0
194198.0
194209.0
194210.0
194214.0
194215.0
194252.0
194256.0
194269.0
194270.0
194274.0
194316.0
194330.0
194331.0
194334.0
194376.0
194386.0
194389.0
194390.0
194436.0
194449.0
194450.0
194496.0
194509.0
194510.0
194556.0
194569.0
194570.0
194616.0
194629.0
194630.0
194676.0
194689.0
194690.0
194736.0
194749.0
194750.0
194796.0
194805.0
194809.0
194856.0
194869.0
194870.0
194916.0
194929.0
194930.0
194976.0
194989.0
194990.0
195036.0
195049.0
195050.0
195096.0
195109.0
195110.0
195146.0
195151.0
195156.0
195169.0
195170.0
195216.0
195229.0
195230.0
195261.0
195262.0
195276.0
195285.0
195289.0
195290.0
195292.0
195320.0
195321.0
195324.0
195349.0
195350.0
195353.0
195354.0
195369.0
195383.0
195384.0
195387.0
195399.0
195409.0
195410.0
195414.0
195417.0
195428.0
195429.0
195430.0
195444.0
195446.0
195458.0
195459.0
195460.0
195474.0
195488.0
195489.0
195492.0
195493.0
195494.0
195504.0
195523.0
195532.0
195534.0
195535.0
195536.0
195546.0
195551.0
195552.0
195553.0
195554.0
195564.0
195579.0
195580.0
195581.0
195589.0
195594.0
195605.0
195609.0
195610.0
195619.0
195624.0
195648.0
195649.0
195678.0
195681.0
195684.0
195707.0
195711.0
195713.0
195714.0
195739.0
195740.0
195741.0
195742.0
195744.0
195770.0
195771.0
195772.0
195774.0
195775.0
195776.0
195777.0
195800.0
195804.0
195833.0
195834.0
195861.0
195863.0
195864.0
195891.0
195893.0
195894.0
195920.0
195922.0
195951.0
195953.0
195954.0
195981.0
195983.0
195984.0
196013.0
196014.0
196037.0
196042.0
196065.0
196066.0
196067.0
196070.0
196073.0
196074.0
196095.0
196096.0
196097.0
196104.0
196126.0
196127.0
196133.0
196134.0
196156.0
196164.0
196193.0
196194.0
196202.0
196203.0
196232.0
196253.0
196254.0
196313.0
196314.0
196344.0
196373.0
196374.0
196404.0
196433.0
196434.0
196488.0
196493.0
196524.0
196553.0
196554.0
196595.0
196596.0
196597.0
196598.0
196600.0
196601.0
196609.0
196610.0
196614.0
196655.0
196656.0
196669.0
196670.0
196673.0
196674.0
196715.0
196716.0
196717.0
196730.0
196733.0
196734.0
196735.0
196775.0
196776.0
196789.0
196790.0
196793.0
196794.0
196835.0
196836.0
196849.0
196850.0
196853.0
196854.0
196895.0
196896.0
196909.0
196910.0
196913.0
196914.0
196955.0
196956.0
196969.0
196970.0
196973.0
196974.0
197015.0
197016.0
197029.0
197030.0
197033.0
197034.0
197075.0
197076.0
197077.0
197083.0
197089.0
197090.0
197093.0
197094.0
197135.0
197136.0
197149.0
197150.0
197153.0
197154.0
197195.0
197196.0
197204.0
197210.0
197213.0
197214.0
197255.0
197256.0
197257.0
197269.0
197270.0
197271.0
197273.0
197274.0
197310.0
197311.0
197315.0
197316.0
197317.0
197333.0
197334.0
197336.0
197338.0
197375.0
197376.0
197377.0
197387.0
197390.0
197393.0
197394.0
197435.0
197436.0
197437.0
197450.0
197451.0
197453.0
197454.0
197495.0
197496.0
197497.0
197509.0
197513.0
197514.0
197515.0
197555.0
197556.0
197570.0
197573.0
197574.0
197575.0
197615.0
197616.0
197629.0
197630.0
197641.0
197642.0
197675.0
197676.0
197678.0
197690.0
197693.0
197694.0
197736.0
197754.0
197755.0
197796.0
197811.0
197812.0
197814.0
197848.0
197873.0
197874.0
197916.0
197929.0
197930.0
197933.0
197934.0
197935.0
197981.0
197994.0
198036.0
198049.0
198096.0
198115.0
198116.0
198173.0
198216.0
198233.0
198234.0
198276.0
198286.0
198336.0
198350.0
198353.0
198410.0
198452.0
198469.0
198470.0
198516.0
198586.0
198747.0
198756.0
198769.0
198881.0
198936.0
198996.0
198997.0
199056.0
199070.0
199116.0
199129.0
199130.0
199176.0
199189.0
199190.0
199236.0
199249.0
199250.0
199296.0
199309.0
199310.0
199356.0
199357.0
199370.0
199378.0
199416.0
199430.0
199433.0
199434.0
199490.0
199494.0
199518.0
199519.0
199523.0
199549.0
199550.0
199551.0
199553.0
199554.0
199586.0
199587.0
199588.0
199614.0
199618.0
199646.0
199674.0
199682.0
199734.0
199735.0
199770.0
199790.0
199794.0
199796.0
199797.0
199820.0
199823.0
199854.0
199855.0
199909.0
199914.0
199974.0
200032.0
200037.0
200038.0
200084.0
200091.0
200094.0
200153.0
200156.0
200158.0
200159.0
200213.0
200214.0
200215.0
200251.0
200273.0
200274.0
200306.0
200333.0
200334.0
200393.0
200394.0
200453.0
200454.0
200513.0
200514.0
200573.0
200574.0
200634.0
200690.0
200693.0
200694.0
200706.0
200708.0
200735.0
200736.0
200737.0
200749.0
200750.0
200753.0
200754.0
200795.0
200796.0
200797.0
200809.0
200810.0
200813.0
200814.0
200856.0
200860.0
200862.0
200864.0
200865.0
200866.0
200870.0
200871.0
200873.0
200874.0
200906.0
200907.0
200915.0
200916.0
200917.0
200929.0
200930.0
200933.0
200934.0
200976.0
200977.0
200979.0
200980.0
200982.0
200983.0
200993.0
200994.0
200998.0
200999.0
201036.0
201037.0
201038.0
201049.0
201050.0
201053.0
201054.0
201055.0
201095.0
201096.0
201097.0
201109.0
201110.0
201113.0
201114.0
201155.0
201156.0
201157.0
201169.0
201171.0
201172.0
201173.0
201174.0
201176.0
201204.0
201215.0
201216.0
201217.0
201229.0
201230.0
201231.0
201264.0
201275.0
201276.0
201277.0
201289.0
201290.0
201294.0
201302.0
201303.0
201335.0
201336.0
201337.0
201349.0
201350.0
201353.0
201354.0
201395.0
201396.0
201397.0
201398.0
201409.0
201410.0
201413.0
201414.0
201444.0
201455.0
201456.0
201457.0
201469.0
201470.0
201474.0
201475.0
201476.0
201515.0
201516.0
201517.0
201529.0
201531.0
201532.0
201533.0
201534.0
201535.0
201575.0
201576.0
201577.0
201578.0
201589.0
201590.0
201593.0
201594.0
201635.0
201636.0
201637.0
201648.0
201649.0
201650.0
201654.0
201684.0
201695.0
201697.0
201709.0
201710.0
201713.0
201714.0
201744.0
201755.0
201757.0
201773.0
201774.0
201782.0
201783.0
201807.0
201815.0
201816.0
201817.0
201829.0
201833.0
201834.0
201835.0
201836.0
201876.0
201877.0
201882.0
201889.0
201890.0
201893.0
201894.0
201936.0
201937.0
201949.0
201950.0
201953.0
201954.0
201996.0
202009.0
202010.0
202013.0
202014.0
202056.0
202070.0
202073.0
202086.0
202087.0
202116.0
202129.0
202130.0
202133.0
202176.0
202177.0
202189.0
202190.0
202193.0
202194.0
202195.0
202236.0
202249.0
202250.0
202253.0
202254.0
202296.0
202309.0
202310.0
202314.0
202343.0
202356.0
202370.0
202374.0
202375.0
202416.0
202429.0
202430.0
202433.0
202434.0
202476.0
202489.0
202494.0
202536.0
202549.0
202550.0
202554.0
202596.0
202609.0
202610.0
202656.0
202669.0
202670.0
202716.0
202729.0
202730.0
202776.0
202789.0
202790.0
202836.0
202849.0
202850.0
202896.0
202897.0
202909.0
202910.0
202956.0
202969.0
202970.0
203016.0
203029.0
203030.0
203076.0
203089.0
203090.0
203136.0
203149.0
203150.0
203205.0
203206.0
203209.0
203242.0
203256.0
203269.0
203270.0
203316.0
203339.0
203340.0
203375.0
203376.0
203389.0
203436.0
203449.0
203451.0
203482.0
203484.0
203509.0
203510.0
203513.0
203514.0
203554.0
203555.0
203569.0
203574.0
203584.0
203585.0
203606.0
203613.0
203615.0
203624.0
203632.0
203633.0
203643.0
203644.0
203654.0
203661.0
203670.0
203680.0
203683.0
203694.0
203701.0
203717.0
203718.0
203730.0
203744.0
203754.0
203774.0
203790.0
203803.0
203814.0
203816.0
203844.0
203845.0
203859.0
203868.0
203888.0
203889.0
203897.0
203902.0
203908.0
203925.0
203953.0
203954.0
203987.0
203993.0
203994.0
204015.0
204016.0
204051.0
204053.0
204054.0
204080.0
204112.0
204113.0
204114.0
204115.0
204141.0
204148.0
204172.0
204174.0
204175.0
204200.0
204201.0
204202.0
204232.0
204234.0
204258.0
204259.0
204261.0
204294.0
204295.0
204317.0
204318.0
204319.0
204323.0
204324.0
204354.0
204383.0
204384.0
204414.0
204474.0
204534.0
204535.0
204579.0
204593.0
204594.0
204654.0
204714.0
204789.0
204790.0
204799.0
204815.0
204816.0
204829.0
204875.0
204876.0
204889.0
204894.0
204935.0
204936.0
204954.0
204995.0
204996.0
205040.0
205055.0
205056.0
205072.0
205073.0
205074.0
205115.0
205116.0
205129.0
205133.0
205175.0
205176.0
205236.0
205250.0
205295.0
205296.0
205309.0
205310.0
205313.0
205355.0
205356.0
205369.0
205400.0
205401.0
205415.0
205416.0
205429.0
205433.0
205434.0
205475.0
205476.0
205478.0
205489.0
205490.0
205535.0
205536.0
205549.0
205550.0
205553.0
205554.0
205555.0
205596.0
205609.0
205610.0
205611.0
205612.0
205614.0
205656.0
205669.0
205670.0
205674.0
205715.0
205716.0
205730.0
205733.0
205734.0
205775.0
205776.0
205789.0
205790.0
205793.0
205794.0
205836.0
205849.0
205850.0
205854.0
205883.0
205895.0
205896.0
205909.0
205910.0
205914.0
205939.0
205943.0
205956.0
205969.0
205970.0
205973.0
205974.0
206016.0
206029.0
206030.0
206033.0
206034.0
206072.0
206073.0
206076.0
206089.0
206090.0
206094.0
206136.0
206137.0
206150.0
206153.0
206154.0
206196.0
206209.0
206210.0
206214.0
206256.0
206269.0
206270.0
206274.0
206316.0
206329.0
206330.0
206334.0
206364.0
206376.0
206377.0
206390.0
206394.0
206436.0
206450.0
206454.0
206496.0
206510.0
206514.0
206515.0
206556.0
206568.0
206569.0
206570.0
206574.0
206575.0
206629.0
206630.0
206634.0
206635.0
206676.0
206689.0
206701.0
206702.0
206736.0
206737.0
206796.0
206810.0
206838.0
206856.0
206869.0
206870.0
206916.0
206917.0
206930.0
206972.0
206976.0
206990.0
207036.0
207050.0
207096.0
207109.0
207110.0
207156.0
207169.0
207170.0
207216.0
207230.0
207231.0
207276.0
207277.0
207289.0
207290.0
207336.0
207349.0
207350.0
207396.0
207397.0
207410.0
207456.0
207457.0
207469.0
207470.0
207516.0
207530.0
207531.0
207533.0
207534.0
207564.0
207576.0
207590.0
207593.0
207594.0
207599.0
207629.0
207649.0
207650.0
207654.0
207655.0
207663.0
207665.0
207709.0
207710.0
207714.0
207715.0
207722.0
207723.0
207753.0
207774.0
207782.0
207784.0
207814.0
207834.0
207835.0
207843.0
207871.0
207875.0
207876.0
207894.0
207906.0
207919.0
207922.0
207946.0
207954.0
207955.0
207976.0
207977.0
207978.0
208008.0
208014.0
208034.0
208036.0
208037.0
208074.0
208094.0
208098.0
208128.0
208133.0
208134.0
208139.0
208157.0
208175.0
208194.0
208198.0
208216.0
208224.0
208225.0
208227.0
208254.0
208282.0
208283.0
208284.0
208311.0
208313.0
208314.0
208341.0
208342.0
208372.0
208373.0
208389.0
208390.0
208401.0
208494.0
208614.0
208734.0
208794.0
208795.0
208854.0
208895.0
208896.0
208897.0
208909.0
208914.0
208916.0
208955.0
208956.0
208957.0
208969.0
208970.0
208974.0
208997.0
209001.0
209015.0
209016.0
209017.0
209029.0
209030.0
209033.0
209034.0
209035.0
209074.0
209076.0
209089.0
209094.0
209134.0
209135.0
209136.0
209137.0
209149.0
209153.0
209154.0
209195.0
209196.0
209197.0
209209.0
209214.0
209255.0
209256.0
209269.0
209274.0
209315.0
209316.0
209317.0
209329.0
209334.0
209375.0
209376.0
209389.0
209393.0
209394.0
209437.0
209447.0
209449.0
209452.0
209453.0
209454.0
209509.0
209514.0
209534.0
209555.0
209557.0
209574.0
209576.0
209577.0
209586.0
209617.0
209620.0
209634.0
209675.0
209677.0
209694.0
209710.0
209735.0
209736.0
209737.0
209739.0
209740.0
209749.0
209753.0
209754.0
209795.0
209797.0
209813.0
209814.0
209844.0
209855.0
209856.0
209857.0
209874.0
209885.0
209891.0
209895.0
209897.0
209915.0
209917.0
209929.0
209973.0
209976.0
209977.0
210014.0
210015.0
210037.0
210049.0
210054.0
210097.0
210114.0
210156.0
210169.0
210215.0
210216.0
210234.0
210276.0
210289.0
210336.0
210337.0
210349.0
210354.0
210400.0
210401.0
210409.0
210410.0
210414.0
210434.0
210456.0
210469.0
210474.0
210533.0
210534.0
210567.0
210579.0
210589.0
210594.0
210635.0
210654.0
210712.0
210713.0
210714.0
210769.0
210875.0
210889.0
211116.0
211129.0
211176.0
211236.0
211249.0
211250.0
211251.0
211295.0
211296.0
211309.0
211310.0
211332.0
211355.0
211356.0
211369.0
211415.0
211416.0
211429.0
211466.0
211475.0
211476.0
211489.0
211535.0
211536.0
211549.0
211550.0
211598.0
211599.0
211600.0
211609.0
211641.0
211642.0
211655.0
211656.0
211669.0
211701.0
211708.0
211719.0
211731.0
211733.0
211734.0
211753.0
211763.0
211769.0
211771.0
211789.0
211792.0
211794.0
211841.0
211854.0
211855.0
211871.0
211872.0
211902.0
211914.0
211927.0
211974.0
212028.0
212034.0
212037.0
212038.0
212094.0
212145.0
212170.0
212171.0
212214.0
212260.0
212274.0
212334.0
212385.0
212387.0
212388.0
212389.0
212394.0
212420.0
212442.0
212443.0
212446.0
212454.0
212455.0
212473.0
212496.0
212497.0
212514.0
212556.0
212632.0
212633.0
212634.0
212636.0
212642.0
212643.0
212670.0
212694.0
212754.0
212874.0
212974.0
212975.0
212976.0
212979.0
212989.0
212991.0
212994.0
212995.0
213035.0
213036.0
213049.0
213054.0
213095.0
213096.0
213109.0
213131.0
213155.0
213156.0
213169.0
213170.0
213174.0
213215.0
213216.0
213222.0
213229.0
213234.0
213264.0
213275.0
213276.0
213280.0
213289.0
213294.0
213335.0
213336.0
213349.0
213354.0
213395.0
213396.0
213409.0
213410.0
213414.0
213455.0
213456.0
213457.0
213459.0
213460.0
213461.0
213465.0
213466.0
213467.0
213469.0
213474.0
213491.0
213495.0
213515.0
213516.0
213529.0
213534.0
213569.0
213575.0
213576.0
213589.0
213594.0
213635.0
213636.0
213649.0
213654.0
213660.0
213661.0
213695.0
213696.0
213709.0
213714.0
213755.0
213756.0
213769.0
213774.0
213775.0
213815.0
213829.0
213834.0
213875.0
213876.0
213889.0
213894.0
213935.0
213942.0
213949.0
213954.0
213995.0
213996.0
214000.0
214009.0
214014.0
214029.0
214055.0
214056.0
214069.0
214074.0
214075.0
214115.0
214116.0
214129.0
214134.0
214163.0
214175.0
214176.0
214189.0
214194.0
214235.0
214236.0
214249.0
214254.0
214295.0
214309.0
214314.0
214355.0
214356.0
214369.0
214374.0
214380.0
214415.0
214416.0
214429.0
214434.0
214468.0
214475.0
214476.0
214489.0
214494.0
214535.0
214536.0
214549.0
214554.0
214595.0
214596.0
214609.0
214614.0
214655.0
214656.0
214669.0
214674.0
214715.0
214716.0
214729.0
214734.0
214775.0
214776.0
214789.0
214794.0
214835.0
214836.0
214849.0
214854.0
214896.0
214909.0
214928.0
214955.0
214956.0
214969.0
215015.0
215016.0
215029.0
215062.0
215075.0
215076.0
215089.0
215135.0
215136.0
215149.0
215195.0
215196.0
215209.0
215255.0
215256.0
215269.0
215315.0
215316.0
215329.0
215375.0
215376.0
215389.0
215435.0
215436.0
215449.0
215495.0
215496.0
215509.0
215555.0
215556.0
215569.0
215571.0
215615.0
215616.0
215629.0
215678.0
215679.0
215689.0
215728.0
215735.0
215736.0
215749.0
215761.0
215764.0
215766.0
215784.0
215791.0
215794.0
215795.0
215801.0
215814.0
215830.0
215831.0
215860.0
215866.0
215869.0
215874.0
215895.0
215896.0
215904.0
215925.0
215928.0
215929.0
215934.0
215937.0
215966.0
215967.0
215994.0
215996.0
216024.0
216028.0
216040.0
216054.0
216056.0
216058.0
216080.0
216084.0
216086.0
216087.0
216109.0
216110.0
216114.0
216117.0
216118.0
216139.0
216142.0
216172.0
216174.0
216200.0
216201.0
216228.0
216229.0
216230.0
216231.0
216232.0
216233.0
216234.0
216257.0
216259.0
216262.0
216264.0
216266.0
216286.0
216291.0
216294.0
216311.0
216316.0
216338.0
216340.0
216341.0
216354.0
216369.0
216370.0
216398.0
216399.0
216414.0
216425.0
216428.0
216454.0
216455.0
216474.0
216475.0
216484.0
216513.0
216514.0
216534.0
216543.0
216556.0
216584.0
216586.0
216594.0
216614.0
216615.0
216622.0
216654.0
216681.0
216714.0
216715.0
216774.0
216834.0
216894.0
216924.0
216954.0
216984.0
217014.0
217074.0
217086.0
217087.0
217091.0
217100.0
217104.0
217115.0
217116.0
217117.0
217129.0
217133.0
217134.0
217164.0
217165.0
217176.0
217177.0
217190.0
217194.0
217236.0
217237.0
217241.0
217249.0
217254.0
217296.0
217297.0
217301.0
217309.0
217314.0
217355.0
217356.0
217357.0
217369.0
217370.0
217374.0
217375.0
217415.0
217416.0
217417.0
217429.0
217430.0
217434.0
217475.0
217476.0
217477.0
217481.0
217489.0
217490.0
217494.0
217535.0
217536.0
217539.0
217540.0
217542.0
217549.0
217553.0
217554.0
217596.0
217597.0
217609.0
217613.0
217614.0
217625.0
217634.0
217655.0
217656.0
217657.0
217669.0
217670.0
217673.0
217674.0
217715.0
217716.0
217717.0
217729.0
217733.0
217734.0
217768.0
217775.0
217776.0
217777.0
217780.0
217789.0
217790.0
217794.0
217836.0
217837.0
217849.0
217853.0
217854.0
217895.0
217896.0
217897.0
217899.0
217900.0
217909.0
217910.0
217913.0
217914.0
217955.0
217956.0
217957.0
217969.0
217970.0
217973.0
217974.0
217987.0
217990.0
218015.0
218016.0
218017.0
218029.0
218033.0
218034.0
218063.0
218072.0
218075.0
218076.0
218077.0
218089.0
218094.0
218135.0
218136.0
218137.0
218149.0
218153.0
218154.0
218196.0
218197.0
218200.0
218209.0
218214.0
218257.0
218269.0
218270.0
218273.0
218274.0
218317.0
218329.0
218334.0
218372.0
218389.0
218394.0
218435.0
218454.0
218506.0
218509.0
218513.0
218514.0
218524.0
218574.0
218575.0
218634.0
218658.0
218689.0
218694.0
218795.0
218809.0
218810.0
218813.0
218856.0
218873.0
218915.0
218916.0
218929.0
218975.0
218976.0
218989.0
218990.0
219035.0
219095.0
219096.0
219109.0
219155.0
219169.0
219215.0
219229.0
219275.0
219289.0
219335.0
219336.0
219337.0
219349.0
219395.0
219396.0
219409.0
219469.0
219470.0
219471.0
219516.0
219527.0
219528.0
219529.0
219557.0
219650.0
219695.0
219815.0
219829.0
219844.0
219874.0
219887.0
219954.0
219955.0
220013.0
220070.0
220073.0
220123.0
220133.0
220178.0
220180.0
220190.0
220209.0
220253.0
220284.0
220288.0
220310.0
220339.0
220346.0
220371.0
220373.0
220399.0
220400.0
220431.0
220459.0
220460.0
220493.0
220494.0
220495.0
220518.0
220524.0
220539.0
220553.0
220554.0
220555.0
220556.0
220597.0
220598.0
220601.0
220602.0
220604.0
220613.0
220614.0
220659.0
220661.0
220689.0
220699.0
220711.0
220717.0
220730.0
220731.0
220733.0
220740.0
