0.0
1.0
12.0
13.0
72.0
73.0
119.0
120.0
133.0
161.0
180.0
216.0
219.0
221.0
239.0
252.0
254.0
255.0
282.0
300.0
311.0
314.0
315.0
342.0
372.0
374.0
402.0
404.0
434.0
435.0
480.0
492.0
511.0
537.0
552.0
553.0
584.0
600.0
614.0
631.0
660.0
661.0
662.0
672.0
673.0
720.0
721.0
763.0
764.0
776.0
780.0
782.0
793.0
794.0
796.0
838.0
839.0
840.0
841.0
842.0
852.0
853.0
858.0
884.0
900.0
901.0
912.0
913.0
914.0
944.0
960.0
962.0
972.0
973.0
974.0
1020.0
1032.0
1033.0
1064.0
1065.0
1080.0
1092.0
1093.0
1094.0
1095.0
1096.0
1097.0
1099.0
1133.0
1134.0
1138.0
1140.0
1152.0
1153.0
1154.0
1155.0
1194.0
1200.0
1201.0
1212.0
1213.0
1214.0
1215.0
1216.0
1260.0
1270.0
1272.0
1273.0
1274.0
1275.0
1304.0
1320.0
1321.0
1332.0
1333.0
1334.0
1380.0
1381.0
1392.0
1393.0
1394.0
1395.0
1396.0
1440.0
1441.0
1452.0
1453.0
1454.0
1500.0
1501.0
1512.0
1513.0
1514.0
1560.0
1561.0
1572.0
1573.0
1574.0
1620.0
1621.0
1632.0
1633.0
1634.0
1680.0
1681.0
1692.0
1693.0
1694.0
1740.0
1752.0
1753.0
1754.0
1800.0
1801.0
1812.0
1813.0
1814.0
1860.0
1861.0
1872.0
1873.0
1920.0
1921.0
1932.0
1933.0
1980.0
1981.0
1992.0
1993.0
2037.0
2041.0
2052.0
2053.0
2100.0
2101.0
2112.0
2113.0
2160.0
2161.0
2169.0
2170.0
2172.0
2173.0
2221.0
2232.0
2233.0
2292.0
2293.0
2341.0
2342.0
2353.0
2355.0
2401.0
2402.0
2413.0
2414.0
2460.0
2461.0
2463.0
2474.0
2520.0
2521.0
2533.0
2535.0
2581.0
2593.0
2594.0
2595.0
2641.0
2642.0
2653.0
2701.0
2713.0
2714.0
2715.0
2716.0
2738.0
2761.0
2768.0
2774.0
2775.0
2795.0
2797.0
2827.0
2833.0
2834.0
2835.0
2836.0
2855.0
2856.0
2858.0
2888.0
2893.0
2894.0
2895.0
2896.0
2916.0
2917.0
2918.0
2920.0
2954.0
2955.0
2976.0
2977.0
2978.0
2979.0
2981.0
3011.0
3015.0
3016.0
3017.0
3036.0
3037.0
3038.0
3039.0
3074.0
3075.0
3076.0
3095.0
3096.0
3135.0
3136.0
3155.0
3157.0
3188.0
3194.0
3195.0
3196.0
3216.0
3217.0
3218.0
3219.0
3254.0
3258.0
3277.0
3278.0
3282.0
3283.0
3284.0
3285.0
3288.0
3306.0
3314.0
3315.0
3316.0
3336.0
3337.0
3342.0
3343.0
3350.0
3368.0
3369.0
3374.0
3375.0
3389.0
3390.0
3391.0
3395.0
3396.0
3429.0
3434.0
3435.0
3436.0
3437.0
3449.0
3450.0
3458.0
3495.0
3511.0
3517.0
3546.0
3551.0
3554.0
3555.0
3556.0
3576.0
3578.0
3607.0
3609.0
3614.0
3615.0
3637.0
3638.0
3644.0
3674.0
3675.0
3704.0
3735.0
3736.0
3795.0
3796.0
3855.0
3856.0
3914.0
3915.0
3916.0
3917.0
3945.0
3975.0
4005.0
4035.0
4075.0
4077.0
4078.0
4079.0
4080.0
4081.0
4082.0
4092.0
4094.0
4095.0
4096.0
4125.0
4129.0
4133.0
4135.0
4137.0
4138.0
4153.0
4155.0
4157.0
4180.0
4185.0
4188.0
4190.0
4193.0
4194.0
4195.0
4200.0
4201.0
4213.0
4214.0
4215.0
4230.0
4232.0
4245.0
4253.0
4255.0
4258.0
4260.0
4261.0
4262.0
4268.0
4269.0
4273.0
4274.0
4275.0
4289.0
4313.0
4315.0
4318.0
4332.0
4333.0
4334.0
4335.0
4336.0
4355.0
4364.0
4373.0
4375.0
4386.0
4388.0
4393.0
4394.0
4395.0
4396.0
4433.0
4435.0
4441.0
4442.0
4443.0
4453.0
4454.0
4455.0
4456.0
4493.0
4495.0
4504.0
4513.0
4514.0
4515.0
4516.0
4517.0
4518.0
4519.0
4553.0
4555.0
4556.0
4558.0
4561.0
4562.0
4566.0
4573.0
4574.0
4575.0
4576.0
4593.0
4594.0
4613.0
4614.0
4615.0
4617.0
4618.0
4622.0
4623.0
4624.0
4626.0
4627.0
4633.0
4634.0
4635.0
4636.0
4639.0
4665.0
4666.0
4673.0
4675.0
4676.0
4677.0
4678.0
4681.0
4682.0
4684.0
4693.0
4694.0
4695.0
4696.0
4698.0
4733.0
4735.0
4738.0
4741.0
4755.0
4756.0
4759.0
4795.0
4797.0
4799.0
4800.0
4801.0
4802.0
4803.0
4804.0
4814.0
4815.0
4820.0
4855.0
4857.0
4858.0
4860.0
4863.0
4865.0
4866.0
4872.0
4873.0
4874.0
4875.0
4876.0
4877.0
4913.0
4914.0
4915.0
4921.0
4922.0
4923.0
4933.0
4934.0
4935.0
4936.0
4937.0
4938.0
4973.0
4975.0
4981.0
4994.0
4995.0
4996.0
4998.0
4999.0
5001.0
5003.0
5033.0
5035.0
5041.0
5042.0
5043.0
5044.0
5053.0
5054.0
5057.0
5058.0
5060.0
5088.0
5090.0
5093.0
5094.0
5095.0
5099.0
5102.0
5113.0
5114.0
5115.0
5116.0
5117.0
5119.0
5153.0
5155.0
5167.0
5168.0
5173.0
5174.0
5175.0
5176.0
5177.0
5199.0
5213.0
5215.0
5220.0
5234.0
5235.0
5236.0
5237.0
5238.0
5239.0
5243.0
5248.0
5259.0
5274.0
5282.0
5284.0
5285.0
5294.0
5297.0
5300.0
5340.0
5341.0
5344.0
5345.0
5346.0
5347.0
5354.0
5355.0
5356.0
5384.0
5400.0
5401.0
5413.0
5415.0
5416.0
5417.0
5444.0
5461.0
5474.0
5475.0
5476.0
5477.0
5479.0
5520.0
5521.0
5533.0
5534.0
5539.0
5540.0
5541.0
5547.0
5550.0
5552.0
5581.0
5582.0
5583.0
5592.0
5593.0
5594.0
5633.0
5640.0
5641.0
5643.0
5653.0
5654.0
5655.0
5701.0
5702.0
5703.0
5714.0
5715.0
5716.0
5717.0
5718.0
5771.0
5772.0
5774.0
5776.0
5777.0
5780.0
5781.0
5802.0
5833.0
5834.0
5835.0
5863.0
5880.0
5881.0
5894.0
5895.0
5903.0
5905.0
5940.0
5941.0
5947.0
6000.0
6001.0
6013.0
6014.0
6015.0
6060.0
6062.0
6063.0
6073.0
6074.0
6120.0
6121.0
6122.0
6133.0
6134.0
6140.0
6180.0
6187.0
6188.0
6193.0
6195.0
6196.0
6254.0
6255.0
6313.0
6320.0
6327.0
6374.0
6413.0
6477.0
6480.0
6489.0
6490.0
6532.0
6600.0
6612.0
6664.0
6697.0
6780.0
6792.0
6818.0
6819.0
6822.0
6854.0
6876.0
6879.0
6880.0
6910.0
6913.0
6930.0
6937.0
6938.0
6939.0
6965.0
6966.0
6969.0
6974.0
6989.0
6997.0
6998.0
7010.0
7033.0
7046.0
7055.0
7077.0
7078.0
7079.0
7080.0
7088.0
7089.0
7097.0
7101.0
7117.0
7119.0
7124.0
7131.0
7177.0
7179.0
7214.0
7236.0
7237.0
7244.0
7245.0
7254.0
7273.0
7299.0
7309.0
7330.0
7334.0
7352.0
7356.0
7357.0
7358.0
7365.0
7367.0
7368.0
7388.0
7398.0
7399.0
7400.0
7402.0
7416.0
7418.0
7426.0
7491.0
7492.0
7493.0
7495.0
7514.0
7515.0
7523.0
7524.0
7527.0
7537.0
7542.0
7544.0
7574.0
7598.0
7635.0
7636.0
7637.0
7678.0
7683.0
7685.0
7694.0
7699.0
7700.0
7745.0
7754.0
7814.0
7815.0
7864.0
7865.0
7874.0
7886.0
7889.0
7891.0
7892.0
7924.0
7999.0
8000.0
8001.0
8003.0
8054.0
8055.0
8056.0
8094.0
8114.0
8115.0
8125.0
8137.0
8138.0
8140.0
8141.0
8153.0
8154.0
8160.0
8161.0
8163.0
8172.0
8173.0
8174.0
8175.0
8176.0
8178.0
8180.0
8182.0
8184.0
8187.0
8218.0
8219.0
8221.0
8222.0
8229.0
8234.0
8235.0
8236.0
8267.0
8268.0
8269.0
8283.0
8284.0
8292.0
8293.0
8294.0
8295.0
8332.0
8335.0
8336.0
8337.0
8341.0
8342.0
8343.0
8344.0
8346.0
8348.0
8353.0
8354.0
8355.0
8401.0
8402.0
8403.0
8413.0
8414.0
8415.0
8452.0
8453.0
8456.0
8458.0
8461.0
8462.0
8474.0
8476.0
8477.0
8479.0
8512.0
8513.0
8514.0
8515.0
8518.0
8519.0
8520.0
8521.0
8534.0
8535.0
8536.0
8573.0
8574.0
8580.0
8582.0
8593.0
8594.0
8595.0
8596.0
8597.0
8633.0
8634.0
8640.0
8642.0
8652.0
8653.0
8654.0
8655.0
8681.0
8683.0
8684.0
8693.0
8696.0
8701.0
8704.0
8706.0
8707.0
8708.0
8709.0
8713.0
8714.0
8715.0
8754.0
8761.0
8762.0
8763.0
8774.0
8775.0
8776.0
8818.0
8819.0
8820.0
8821.0
8822.0
8823.0
8824.0
8833.0
8834.0
8835.0
8837.0
8873.0
8877.0
8878.0
8881.0
8882.0
8893.0
8895.0
8896.0
8933.0
8934.0
8938.0
8941.0
8943.0
8947.0
8954.0
8955.0
8957.0
8958.0
8959.0
8963.0
8985.0
8994.0
8996.0
8997.0
8998.0
9001.0
9002.0
9014.0
9015.0
9016.0
9053.0
9054.0
9057.0
9058.0
9060.0
9061.0
9062.0
9064.0
9073.0
9074.0
9075.0
9077.0
9084.0
9085.0
9087.0
9088.0
9089.0
9113.0
9114.0
9121.0
9123.0
9133.0
9134.0
9135.0
9173.0
9174.0
9177.0
9178.0
9181.0
9182.0
9183.0
9194.0
9195.0
9197.0
9198.0
9229.0
9233.0
9234.0
9241.0
9243.0
9253.0
9254.0
9256.0
9294.0
9298.0
9300.0
9301.0
9302.0
9303.0
9314.0
9315.0
9316.0
9318.0
9345.0
9360.0
9361.0
9363.0
9373.0
9374.0
9375.0
9405.0
9420.0
9421.0
9433.0
9434.0
9435.0
9437.0
9481.0
9482.0
9484.0
9494.0
9495.0
9498.0
9500.0
9540.0
9541.0
9542.0
9553.0
9554.0
9555.0
9556.0
9567.0
9601.0
9602.0
9614.0
9616.0
9618.0
9661.0
9662.0
9663.0
9675.0
9720.0
9721.0
9733.0
9734.0
9735.0
9736.0
9782.0
9783.0
9793.0
9794.0
9795.0
9796.0
9841.0
9853.0
9854.0
9855.0
9901.0
9913.0
9914.0
9915.0
9919.0
9960.0
9962.0
9973.0
9974.0
9975.0
10021.0
10022.0
10023.0
10033.0
10034.0
10081.0
10082.0
10083.0
10093.0
10094.0
10127.0
10140.0
10141.0
10143.0
10154.0
10156.0
10214.0
10260.0
10261.0
10262.0
10273.0
10275.0
10320.0
10321.0
10322.0
10333.0
10334.0
10335.0
10381.0
10382.0
10393.0
10394.0
10441.0
10453.0
10454.0
10501.0
10513.0
10514.0
10515.0
10561.0
10562.0
10563.0
10573.0
10574.0
10621.0
10622.0
10633.0
10634.0
10635.0
10681.0
10683.0
10693.0
10694.0
10695.0
10741.0
10742.0
10753.0
10755.0
10801.0
10802.0
10804.0
10813.0
10814.0
10862.0
10872.0
10873.0
10874.0
10875.0
10886.0
10898.0
10899.0
10921.0
10922.0
10930.0
10931.0
10933.0
10934.0
10936.0
10960.0
10961.0
10964.0
10980.0
10981.0
10992.0
10994.0
10995.0
10997.0
11004.0
11018.0
11019.0
11033.0
11053.0
11054.0
11055.0
11056.0
11063.0
11064.0
11068.0
11080.0
11082.0
11092.0
11093.0
11108.0
11112.0
11113.0
11115.0
11117.0
11137.0
11138.0
11174.0
11175.0
11177.0
11196.0
11201.0
11204.0
11232.0
11235.0
11236.0
11237.0
11259.0
11260.0
11295.0
11296.0
11315.0
11317.0
11320.0
11355.0
11365.0
11366.0
11369.0
11374.0
11376.0
11378.0
11379.0
11380.0
11383.0
11385.0
11398.0
11414.0
11427.0
11439.0
11440.0
11441.0
11445.0
11457.0
11460.0
11461.0
11472.0
11474.0
11475.0
11477.0
11485.0
11497.0
11499.0
11516.0
11520.0
11528.0
11530.0
11534.0
11535.0
11536.0
11557.0
11558.0
11560.0
11590.0
11594.0
11595.0
11597.0
11618.0
11619.0
11634.0
11636.0
11654.0
11655.0
11656.0
11665.0
11679.0
11681.0
11691.0
11710.0
11714.0
11715.0
11717.0
11718.0
11737.0
11738.0
11740.0
11744.0
11774.0
11775.0
11776.0
11797.0
11835.0
11837.0
11858.0
11864.0
11865.0
11895.0
11896.0
11924.0
11954.0
11955.0
11956.0
11957.0
12014.0
12015.0
12016.0
12017.0
12075.0
12076.0
12077.0
12135.0
12136.0
12137.0
12194.0
12195.0
12196.0
12253.0
12254.0
12255.0
12256.0
12277.0
12279.0
12292.0
12293.0
12294.0
12295.0
12296.0
12300.0
12301.0
12302.0
12313.0
12314.0
12315.0
12316.0
12317.0
12352.0
12354.0
12355.0
12356.0
12357.0
12358.0
12360.0
12362.0
12373.0
12375.0
12393.0
12413.0
12415.0
12417.0
12418.0
12421.0
12422.0
12423.0
12434.0
12436.0
12473.0
12475.0
12477.0
12479.0
12481.0
12483.0
12494.0
12495.0
12497.0
12525.0
12536.0
12538.0
12539.0
12540.0
12541.0
12544.0
12554.0
12555.0
12585.0
12593.0
12594.0
12595.0
12599.0
12602.0
12603.0
12613.0
12614.0
12615.0
12616.0
12653.0
12654.0
12655.0
12657.0
12658.0
12661.0
12663.0
12673.0
12674.0
12675.0
12676.0
12683.0
12685.0
12688.0
12713.0
12714.0
12715.0
12718.0
12720.0
12721.0
12725.0
12734.0
12735.0
12736.0
12765.0
12773.0
12775.0
12777.0
12780.0
12781.0
12782.0
12783.0
12793.0
12794.0
12795.0
12796.0
12825.0
12826.0
12833.0
12835.0
12836.0
12837.0
12838.0
12841.0
12843.0
12853.0
12854.0
12855.0
12857.0
12885.0
12894.0
12895.0
12897.0
12901.0
12902.0
12903.0
12914.0
12915.0
12917.0
12955.0
12958.0
12959.0
12960.0
12961.0
12962.0
12967.0
12974.0
12975.0
12976.0
13005.0
13013.0
13015.0
13017.0
13021.0
13022.0
13033.0
13034.0
13035.0
13036.0
13073.0
13075.0
13082.0
13094.0
13095.0
13096.0
13097.0
13125.0
13135.0
13137.0
13140.0
13141.0
13142.0
13154.0
13155.0
13168.0
13178.0
13180.0
13185.0
13194.0
13195.0
13197.0
13198.0
13202.0
13203.0
13213.0
13214.0
13215.0
13216.0
13253.0
13255.0
13258.0
13259.0
13260.0
13261.0
13262.0
13274.0
13275.0
13276.0
13298.0
13314.0
13315.0
13321.0
13333.0
13334.0
13335.0
13337.0
13375.0
13380.0
13381.0
13396.0
13397.0
13434.0
13435.0
13440.0
13441.0
13453.0
13454.0
13455.0
13494.0
13502.0
13513.0
13514.0
13515.0
13516.0
13561.0
13563.0
13573.0
13574.0
13575.0
13576.0
13621.0
13623.0
13633.0
13634.0
13636.0
13681.0
13682.0
13693.0
13694.0
13695.0
13741.0
13753.0
13754.0
13755.0
13756.0
13801.0
13814.0
13844.0
13857.0
13861.0
13874.0
13876.0
13921.0
13922.0
13934.0
13935.0
13936.0
13937.0
13980.0
13982.0
13993.0
13995.0
14041.0
14054.0
14055.0
14056.0
14057.0
14101.0
14102.0
14113.0
14114.0
14115.0
14161.0
14162.0
14174.0
14223.0
14234.0
14283.0
14294.0
14297.0
14341.0
14342.0
14343.0
14353.0
14354.0
14414.0
14415.0
14461.0
14462.0
14474.0
14521.0
14522.0
14534.0
14580.0
14581.0
14594.0
14622.0
14641.0
14642.0
14654.0
14701.0
14702.0
14713.0
14755.0
14756.0
14761.0
14762.0
14774.0
14821.0
14822.0
14835.0
14881.0
14882.0
14894.0
14929.0
14954.0
15013.0
15014.0
15017.0
15019.0
15032.0
15034.0
15035.0
15036.0
15057.0
15076.0
15077.0
15093.0
15094.0
15097.0
15099.0
15107.0
15133.0
15134.0
15135.0
15136.0
15137.0
15157.0
15163.0
15164.0
15165.0
15167.0
15169.0
15186.0
15195.0
15215.0
15218.0
15219.0
15256.0
15257.0
15277.0
15278.0
15279.0
15280.0
15281.0
15285.0
15315.0
15316.0
15337.0
15338.0
15339.0
15340.0
15341.0
15362.0
15398.0
15403.0
15429.0
15434.0
15455.0
15457.0
15458.0
15465.0
15466.0
15480.0
15487.0
15494.0
15515.0
15516.0
15517.0
15518.0
15519.0
15531.0
15555.0
15582.0
15583.0
15608.0
15609.0
15615.0
15616.0
15617.0
15619.0
15643.0
15644.0
15647.0
15653.0
15675.0
15676.0
15696.0
15698.0
15700.0
15728.0
15735.0
15736.0
15738.0
15741.0
15742.0
15752.0
15783.0
15794.0
15795.0
15803.0
15810.0
15825.0
15833.0
15863.0
15870.0
15872.0
15880.0
15881.0
15884.0
15888.0
15889.0
15892.0
15907.0
15937.0
15938.0
15955.0
15956.0
15967.0
15975.0
16034.0
16095.0
16096.0
16097.0
16098.0
16155.0
16156.0
16157.0
16215.0
16218.0
16219.0
16276.0
16277.0
16279.0
16335.0
16336.0
16337.0
16351.0
16373.0
16376.0
16381.0
16382.0
16383.0
16387.0
16393.0
16394.0
16395.0
16396.0
16397.0
16417.0
16421.0
16433.0
16434.0
16435.0
16437.0
16438.0
16439.0
16441.0
16442.0
16453.0
16454.0
16455.0
16456.0
16457.0
16458.0
16493.0
16494.0
16500.0
16501.0
16513.0
16514.0
16515.0
16516.0
16517.0
16518.0
16519.0
16522.0
16553.0
16554.0
16557.0
16558.0
16559.0
16560.0
16561.0
16562.0
16565.0
16573.0
16576.0
16577.0
16587.0
16613.0
16614.0
16621.0
16622.0
16623.0
16633.0
16634.0
16635.0
16636.0
16637.0
16676.0
16678.0
16679.0
16681.0
16693.0
16694.0
16695.0
16699.0
16701.0
16702.0
16703.0
16704.0
16707.0
16708.0
16709.0
16711.0
16712.0
16715.0
16719.0
16733.0
16734.0
16740.0
16741.0
16753.0
16754.0
16755.0
16756.0
16757.0
16768.0
16774.0
16778.0
16785.0
16793.0
16800.0
16801.0
16802.0
16813.0
16814.0
16815.0
16816.0
16817.0
16821.0
16823.0
16855.0
16861.0
16862.0
16863.0
16873.0
16874.0
16875.0
16913.0
16914.0
16916.0
16917.0
16918.0
16919.0
16921.0
16922.0
16934.0
16935.0
16965.0
16973.0
16974.0
16977.0
16978.0
16979.0
16980.0
16981.0
16982.0
16993.0
16994.0
16996.0
17033.0
17034.0
17037.0
17038.0
17039.0
17041.0
17042.0
17053.0
17054.0
17055.0
17056.0
17057.0
17093.0
17095.0
17096.0
17098.0
17113.0
17114.0
17115.0
17145.0
17153.0
17154.0
17156.0
17157.0
17158.0
17159.0
17166.0
17168.0
17172.0
17174.0
17175.0
17176.0
17213.0
17214.0
17218.0
17235.0
17236.0
17274.0
17276.0
17277.0
17278.0
17279.0
17295.0
17296.0
17297.0
17298.0
17299.0
17301.0
17305.0
17320.0
17334.0
17336.0
17338.0
17339.0
17353.0
17355.0
17356.0
17387.0
17394.0
17397.0
17398.0
17399.0
17401.0
17409.0
17413.0
17415.0
17416.0
17445.0
17452.0
17453.0
17454.0
17456.0
17457.0
17469.0
17475.0
17476.0
17505.0
17514.0
17521.0
17533.0
17537.0
17539.0
17562.0
17563.0
17602.0
17604.0
17653.0
17760.0
17763.0
17764.0
17774.0
17783.0
17813.0
17820.0
17821.0
17823.0
17835.0
17883.0
17894.0
17941.0
17943.0
17944.0
17954.0
18001.0
18003.0
18004.0
18013.0
18014.0
18016.0
18060.0
18062.0
18073.0
18074.0
18075.0
18121.0
18122.0
18123.0
18133.0
18134.0
18136.0
18181.0
18185.0
18194.0
18195.0
18196.0
18219.0
18241.0
18242.0
18243.0
18253.0
18254.0
18301.0
18302.0
18304.0
18305.0
18313.0
18314.0
18317.0
18351.0
18361.0
18362.0
18374.0
18376.0
18421.0
18422.0
18434.0
18480.0
18481.0
18494.0
18541.0
18543.0
18545.0
18546.0
18553.0
18554.0
18601.0
18602.0
18603.0
18613.0
18614.0
18630.0
18631.0
18632.0
18660.0
18661.0
18673.0
18675.0
18677.0
18678.0
18721.0
18722.0
18733.0
18734.0
18735.0
18764.0
18780.0
18781.0
18782.0
18793.0
18794.0
18841.0
18853.0
18854.0
18855.0
18866.0
18901.0
18905.0
18913.0
18914.0
18957.0
18960.0
18962.0
18973.0
18974.0
19020.0
19021.0
19033.0
19034.0
19037.0
19080.0
19081.0
19094.0
19095.0
19117.0
19118.0
19120.0
19141.0
19153.0
19154.0
19156.0
19176.0
19178.0
19179.0
19181.0
19185.0
19186.0
19213.0
19214.0
19215.0
19216.0
19238.0
19243.0
19244.0
19250.0
19273.0
19275.0
19296.0
19297.0
19298.0
19299.0
19335.0
19339.0
19356.0
19359.0
19367.0
19394.0
19396.0
19398.0
19423.0
19455.0
19472.0
19473.0
19478.0
19479.0
19505.0
19507.0
19515.0
19516.0
19517.0
19530.0
19537.0
19539.0
19541.0
19544.0
19551.0
19552.0
19575.0
19596.0
19598.0
19601.0
19602.0
19605.0
19632.0
19635.0
19656.0
19657.0
19659.0
19660.0
19665.0
19694.0
19695.0
19717.0
19749.0
19754.0
19755.0
19756.0
19778.0
19785.0
19807.0
19833.0
19837.0
19838.0
19839.0
19840.0
19841.0
19846.0
19876.0
19897.0
19899.0
19903.0
19934.0
19935.0
19958.0
19960.0
19968.0
19970.0
19971.0
19987.0
19988.0
19995.0
19996.0
19997.0
20024.0
20025.0
20055.0
20115.0
20145.0
20175.0
20176.0
20177.0
20235.0
20237.0
20295.0
20296.0
20356.0
20357.0
20370.0
20415.0
20416.0
20443.0
20451.0
20453.0
20454.0
20461.0
20463.0
20473.0
20474.0
20475.0
20476.0
20477.0
20478.0
20480.0
20510.0
20513.0
20514.0
20521.0
20522.0
20533.0
20534.0
20536.0
20537.0
20573.0
20574.0
20578.0
20581.0
20582.0
20594.0
20595.0
20596.0
20634.0
20641.0
20643.0
20655.0
20656.0
20658.0
20659.0
20693.0
20694.0
20701.0
20703.0
20713.0
20714.0
20715.0
20716.0
20752.0
20761.0
20773.0
20774.0
20775.0
20776.0
20812.0
20813.0
20814.0
20818.0
20821.0
20834.0
20835.0
20836.0
20837.0
20873.0
20874.0
20881.0
20882.0
20894.0
20896.0
20932.0
20934.0
20937.0
20942.0
20943.0
20953.0
20955.0
20956.0
20995.0
20997.0
20998.0
21001.0
21002.0
21013.0
21014.0
21015.0
21016.0
21048.0
21054.0
21057.0
21059.0
21061.0
21075.0
21076.0
21115.0
21116.0
21117.0
21118.0
21119.0
21121.0
21122.0
21123.0
21135.0
21136.0
21175.0
21177.0
21178.0
21183.0
21193.0
21194.0
21195.0
21196.0
21233.0
21235.0
21238.0
21239.0
21241.0
21242.0
21243.0
21253.0
21255.0
21270.0
21273.0
21274.0
21295.0
21298.0
21300.0
21301.0
21302.0
21313.0
21314.0
21315.0
21316.0
21349.0
21350.0
21355.0
21356.0
21358.0
21359.0
21361.0
21362.0
21373.0
21374.0
21375.0
21377.0
21378.0
21413.0
21415.0
21417.0
21420.0
21421.0
21434.0
21435.0
21437.0
21475.0
21477.0
21478.0
21481.0
21489.0
21494.0
21495.0
21496.0
21497.0
21535.0
21537.0
21538.0
21542.0
21543.0
21553.0
21554.0
21556.0
21585.0
21595.0
21601.0
21602.0
21616.0
21621.0
21623.0
21646.0
21655.0
21661.0
21662.0
21674.0
21676.0
21721.0
21722.0
21723.0
21731.0
21734.0
21736.0
21782.0
21793.0
21795.0
21796.0
21814.0
21826.0
21841.0
21842.0
21843.0
21854.0
21855.0
21886.0
21901.0
21913.0
21914.0
21915.0
21916.0
21923.0
21947.0
21961.0
21962.0
21964.0
21974.0
21975.0
21976.0
21977.0
22023.0
22033.0
22034.0
22035.0
22036.0
22037.0
22081.0
22082.0
22095.0
22096.0
22141.0
22142.0
22153.0
22154.0
22155.0
22156.0
22157.0
22201.0
22202.0
22213.0
22214.0
22215.0
22217.0
22230.0
22231.0
22249.0
22261.0
22262.0
22273.0
22274.0
22275.0
22276.0
22321.0
22322.0
22334.0
22335.0
22363.0
22364.0
22381.0
22396.0
22440.0
22442.0
22443.0
22453.0
22454.0
22513.0
22514.0
22562.0
22563.0
22573.0
22574.0
22575.0
22622.0
22623.0
22634.0
22635.0
22636.0
22681.0
22682.0
22684.0
22693.0
22695.0
22741.0
22754.0
22802.0
22803.0
22814.0
22816.0
22846.0
22861.0
22862.0
22873.0
22875.0
22876.0
22921.0
22922.0
22934.0
22980.0
22981.0
22982.0
22994.0
22995.0
23041.0
23053.0
23054.0
23101.0
23102.0
23114.0
23115.0
23161.0
23162.0
23174.0
23199.0
23200.0
23201.0
23222.0
23223.0
23234.0
23251.0
23259.0
23260.0
23266.0
23291.0
23294.0
23295.0
23296.0
23297.0
23320.0
23321.0
23332.0
23334.0
23341.0
23354.0
23355.0
23356.0
23376.0
23380.0
23392.0
23401.0
23402.0
23410.0
23416.0
23443.0
23444.0
23446.0
23475.0
23476.0
23477.0
23484.0
23497.0
23514.0
23536.0
23544.0
23552.0
23554.0
23556.0
23566.0
23568.0
23571.0
23584.0
23588.0
23596.0
23597.0
23611.0
23655.0
23656.0
23658.0
23678.0
23686.0
23716.0
23717.0
23739.0
23741.0
23743.0
23769.0
23776.0
23777.0
23797.0
23799.0
23800.0
23812.0
23831.0
23835.0
23836.0
23855.0
23858.0
23860.0
23862.0
23866.0
23887.0
23890.0
23895.0
23896.0
23897.0
23926.0
23955.0
23956.0
23970.0
23975.0
23976.0
23980.0
23984.0
24007.0
24011.0
24014.0
24015.0
24016.0
24017.0
24018.0
24037.0
24040.0
24042.0
24043.0
24047.0
24053.0
24070.0
24071.0
24075.0
24076.0
24077.0
24078.0
24099.0
24130.0
24135.0
24136.0
24137.0
24157.0
24158.0
24196.0
24197.0
24255.0
24256.0
24257.0
24315.0
24316.0
24317.0
24376.0
24435.0
24436.0
24496.0
24497.0
24500.0
24501.0
24502.0
24534.0
24537.0
24539.0
24541.0
24542.0
24553.0
24554.0
24555.0
24556.0
24571.0
24585.0
24593.0
24594.0
24597.0
24598.0
24601.0
24613.0
24614.0
24615.0
24616.0
24617.0
24644.0
24653.0
24654.0
24657.0
24658.0
24661.0
24662.0
24673.0
24674.0
24675.0
24676.0
24677.0
24714.0
24717.0
24718.0
24719.0
24721.0
24722.0
24733.0
24734.0
24735.0
24736.0
24737.0
24774.0
24778.0
24781.0
24794.0
24795.0
24796.0
24834.0
24836.0
24837.0
24838.0
24839.0
24841.0
24842.0
24843.0
24844.0
24853.0
24854.0
24855.0
24856.0
24868.0
24870.0
24895.0
24897.0
24898.0
24899.0
24901.0
24902.0
24913.0
24916.0
24917.0
24946.0
24953.0
24954.0
24958.0
24959.0
24962.0
24963.0
24974.0
24975.0
24976.0
25013.0
25014.0
25016.0
25017.0
25022.0
25033.0
25034.0
25035.0
25036.0
25037.0
25073.0
25074.0
25077.0
25078.0
25079.0
25082.0
25094.0
25095.0
25096.0
25097.0
25134.0
25136.0
25137.0
25138.0
25139.0
25141.0
25142.0
25154.0
25156.0
25157.0
25194.0
25196.0
25197.0
25198.0
25202.0
25203.0
25213.0
25214.0
25215.0
25245.0
25254.0
25256.0
25258.0
25259.0
25261.0
25262.0
25274.0
25275.0
25276.0
25318.0
25319.0
25320.0
25321.0
25322.0
25323.0
25324.0
25332.0
25334.0
25335.0
25336.0
25338.0
25339.0
25362.0
25374.0
25377.0
25378.0
25381.0
25394.0
25395.0
25396.0
25397.0
25398.0
25411.0
25433.0
25434.0
25436.0
25441.0
25442.0
25454.0
25455.0
25456.0
25457.0
25494.0
25496.0
25498.0
25501.0
25502.0
25513.0
25516.0
25517.0
25543.0
25544.0
25553.0
25554.0
25558.0
25559.0
25562.0
25573.0
25574.0
25576.0
25577.0
25614.0
25617.0
25621.0
25622.0
25634.0
25636.0
25637.0
25674.0
25681.0
25682.0
25694.0
25695.0
25696.0
25697.0
25741.0
25742.0
25754.0
25756.0
25757.0
25764.0
25801.0
25802.0
25803.0
25814.0
25815.0
25831.0
25844.0
25845.0
25846.0
25861.0
25862.0
25874.0
25875.0
25876.0
25933.0
25934.0
25936.0
25937.0
25963.0
25964.0
25978.0
25979.0
25994.0
25995.0
25996.0
26041.0
26056.0
26057.0
26104.0
26111.0
26113.0
26116.0
26117.0
26175.0
26176.0
26177.0
26221.0
26233.0
26236.0
26237.0
26265.0
26296.0
26310.0
26353.0
26401.0
26442.0
26461.0
26462.0
26463.0
26521.0
26522.0
26533.0
26581.0
26593.0
26594.0
26641.0
26642.0
26643.0
26654.0
26655.0
26701.0
26713.0
26714.0
26761.0
26773.0
26821.0
26833.0
26834.0
26881.0
26893.0
26894.0
26941.0
26942.0
26953.0
26954.0
27001.0
27002.0
27013.0
27014.0
27061.0
27073.0
27074.0
27121.0
27133.0
27134.0
27181.0
27193.0
27194.0
27208.0
27209.0
27237.0
27241.0
27253.0
27254.0
27269.0
27302.0
27304.0
27313.0
27314.0
27323.0
27335.0
27339.0
27342.0
27357.0
27358.0
27369.0
27373.0
27374.0
27375.0
27405.0
27430.0
27435.0
27436.0
27488.0
27490.0
27495.0
27555.0
27585.0
27606.0
27607.0
27615.0
27643.0
27666.0
27675.0
27753.0
27754.0
27755.0
27791.0
27792.0
27795.0
27810.0
27817.0
27819.0
27822.0
27855.0
27876.0
27893.0
27923.0
27939.0
27940.0
27952.0
27975.0
27997.0
27998.0
27999.0
28029.0
28057.0
28058.0
28059.0
28089.0
28095.0
28116.0
28117.0
28118.0
28176.0
28177.0
28178.0
28179.0
28215.0
28219.0
28238.0
28275.0
28276.0
28335.0
28336.0
28337.0
28395.0
28455.0
28515.0
28541.0
28542.0
28575.0
28576.0
28633.0
28634.0
28635.0
28673.0
28681.0
28693.0
28694.0
28695.0
28741.0
28753.0
28754.0
28755.0
28794.0
28801.0
28813.0
28814.0
28815.0
28861.0
28862.0
28873.0
28874.0
28875.0
28914.0
28921.0
28933.0
28934.0
28935.0
28981.0
28993.0
28994.0
28995.0
29007.0
29034.0
29041.0
29042.0
29053.0
29054.0
29055.0
29094.0
29097.0
29098.0
29101.0
29113.0
29114.0
29115.0
29139.0
29140.0
29154.0
29157.0
29158.0
29159.0
29161.0
29173.0
29174.0
29175.0
29213.0
29214.0
29218.0
29221.0
29233.0
29234.0
29235.0
29273.0
29274.0
29278.0
29281.0
29293.0
29294.0
29295.0
29296.0
29332.0
29334.0
29338.0
29341.0
29353.0
29354.0
29355.0
29363.0
29364.0
29393.0
29394.0
29398.0
29401.0
29413.0
29414.0
29415.0
29431.0
29441.0
29453.0
29454.0
29458.0
29461.0
29473.0
29474.0
29475.0
29476.0
29513.0
29514.0
29517.0
29521.0
29533.0
29534.0
29535.0
29563.0
29564.0
29573.0
29574.0
29577.0
29581.0
29582.0
29593.0
29594.0
29595.0
29633.0
29634.0
29641.0
29653.0
29654.0
29655.0
29692.0
29694.0
29697.0
29701.0
29713.0
29714.0
29715.0
29754.0
29761.0
29773.0
29774.0
29775.0
29814.0
29821.0
29833.0
29834.0
29835.0
29864.0
29865.0
29866.0
29874.0
29881.0
29893.0
29894.0
29895.0
29906.0
29941.0
29953.0
29954.0
29955.0
29985.0
30001.0
30013.0
30014.0
30015.0
30016.0
30038.0
30061.0
30073.0
30074.0
30075.0
30121.0
30133.0
30134.0
30135.0
30181.0
30182.0
30193.0
30194.0
30195.0
30241.0
30253.0
30254.0
30255.0
30301.0
30313.0
30314.0
30315.0
30316.0
30340.0
30361.0
30373.0
30374.0
30375.0
30376.0
30421.0
30433.0
30434.0
30435.0
30481.0
30493.0
30494.0
30495.0
30541.0
30553.0
30554.0
30601.0
30613.0
30614.0
30661.0
30673.0
30674.0
30721.0
30733.0
30734.0
30781.0
30793.0
30794.0
30804.0
30805.0
30841.0
30842.0
30853.0
30854.0
30869.0
30901.0
30902.0
30913.0
30914.0
30938.0
30961.0
30962.0
30974.0
30975.0
31021.0
31081.0
31094.0
31141.0
31153.0
31154.0
31201.0
31213.0
31214.0
31261.0
31273.0
31274.0
31321.0
31333.0
31334.0
31381.0
31382.0
31393.0
31394.0
31408.0
31409.0
31421.0
31422.0
31438.0
31441.0
31453.0
31454.0
31455.0
31479.0
31480.0
31481.0
31508.0
31511.0
31513.0
31514.0
31515.0
31537.0
31539.0
31565.0
31573.0
31574.0
31575.0
31596.0
31599.0
31627.0
31629.0
31635.0
31658.0
31688.0
31695.0
31748.0
31755.0
31777.0
31808.0
31811.0
31815.0
31816.0
31840.0
31841.0
31869.0
31870.0
31875.0
31898.0
31899.0
31926.0
31929.0
31934.0
31935.0
31959.0
31964.0
31987.0
31988.0
31989.0
31991.0
31995.0
32017.0
32018.0
32020.0
32021.0
32049.0
32050.0
32055.0
32079.0
32080.0
32094.0
32098.0
32100.0
32115.0
32123.0
32124.0
32125.0
32126.0
32128.0
32129.0
32138.0
32153.0
32155.0
32175.0
32176.0
32189.0
32190.0
32221.0
32235.0
32245.0
32246.0
32248.0
32249.0
32276.0
32295.0
32304.0
32325.0
32355.0
32415.0
32475.0
32535.0
32595.0
32655.0
32656.0
32715.0
32731.0
32736.0
32744.0
32753.0
32754.0
32758.0
32761.0
32773.0
32774.0
32775.0
32813.0
32815.0
32818.0
32821.0
32822.0
32833.0
32834.0
32835.0
32873.0
32874.0
32878.0
32881.0
32882.0
32893.0
32894.0
32895.0
32933.0
32934.0
32938.0
32941.0
32953.0
32954.0
32955.0
32958.0
32994.0
32998.0
33001.0
33013.0
33014.0
33015.0
33016.0
33036.0
33037.0
33054.0
33058.0
33061.0
33074.0
33075.0
33076.0
33113.0
33114.0
33118.0
33121.0
33133.0
33134.0
33135.0
33163.0
33164.0
33173.0
33174.0
33178.0
33181.0
33193.0
33194.0
33195.0
33196.0
33233.0
33234.0
33238.0
33241.0
33242.0
33253.0
33254.0
33255.0
33256.0
33293.0
33294.0
33298.0
33301.0
33313.0
33314.0
33315.0
33316.0
33353.0
33354.0
33358.0
33361.0
33374.0
33375.0
33376.0
33413.0
33414.0
33418.0
33421.0
33434.0
33435.0
33436.0
33465.0
33473.0
33474.0
33478.0
33481.0
33493.0
33494.0
33495.0
33502.0
33533.0
33534.0
33538.0
33541.0
33542.0
33553.0
33554.0
33555.0
33556.0
33593.0
33594.0
33598.0
33601.0
33613.0
33614.0
33615.0
33634.0
33653.0
33654.0
33658.0
33661.0
33673.0
33674.0
33675.0
33676.0
33713.0
33714.0
33718.0
33721.0
33734.0
33735.0
33736.0
33773.0
33774.0
33778.0
33781.0
33793.0
33794.0
33795.0
33796.0
33834.0
33838.0
33841.0
33853.0
33854.0
33855.0
33856.0
33859.0
33894.0
33901.0
33902.0
33913.0
33914.0
33915.0
33916.0
33935.0
33936.0
33954.0
33962.0
33973.0
33974.0
33975.0
33976.0
34021.0
34022.0
34034.0
34035.0
34036.0
34081.0
34094.0
34095.0
34141.0
34142.0
34154.0
34155.0
34156.0
34202.0
34203.0
34214.0
34215.0
34216.0
34261.0
34262.0
34274.0
34275.0
34276.0
34321.0
34322.0
34334.0
34335.0
34336.0
34337.0
34382.0
34394.0
34395.0
34396.0
34400.0
34401.0
34441.0
34442.0
34443.0
34454.0
34455.0
34456.0
34470.0
34501.0
34502.0
34514.0
34515.0
34516.0
34534.0
34561.0
34562.0
34563.0
34574.0
34575.0
34576.0
34621.0
34622.0
34634.0
34635.0
34636.0
34681.0
34694.0
34695.0
34741.0
34742.0
34754.0
34801.0
34813.0
34814.0
34861.0
34874.0
34921.0
34933.0
34934.0
34981.0
34993.0
34994.0
35041.0
35053.0
35054.0
35101.0
35114.0
35161.0
35174.0
35221.0
35233.0
35234.0
35281.0
35293.0
35294.0
35341.0
35342.0
35353.0
35354.0
35401.0
35413.0
35414.0
35432.0
35461.0
35474.0
35492.0
35493.0
35494.0
35521.0
35534.0
35535.0
35536.0
35560.0
35562.0
35565.0
35566.0
35593.0
35594.0
35595.0
35596.0
35621.0
35623.0
35624.0
35628.0
35653.0
35654.0
35655.0
35656.0
35678.0
35684.0
35686.0
35695.0
35706.0
35715.0
35716.0
35723.0
35733.0
35734.0
35743.0
35745.0
35748.0
35749.0
35755.0
35764.0
35775.0
35776.0
35778.0
35805.0
35807.0
35810.0
35835.0
35836.0
35840.0
35864.0
35866.0
35895.0
35902.0
35924.0
35925.0
35926.0
35927.0
35929.0
35931.0
35935.0
35941.0
35955.0
35956.0
35966.0
35971.0
35988.0
35992.0
35995.0
36047.0
36048.0
36049.0
36076.0
36077.0
36078.0
36104.0
36105.0
36117.0
36164.0
36174.0
36175.0
36195.0
36221.0
36222.0
36224.0
36225.0
36259.0
36279.0
36288.0
36315.0
36323.0
36350.0
36363.0
36413.0
36425.0
36435.0
36615.0
36616.0
36617.0
36633.0
36675.0
36676.0
36735.0
36736.0
36795.0
36796.0
36841.0
36842.0
36854.0
36856.0
36857.0
36858.0
36898.0
36899.0
36902.0
36914.0
36916.0
36953.0
36954.0
36961.0
36974.0
36975.0
36976.0
36977.0
36978.0
37014.0
37021.0
37022.0
37023.0
37034.0
37035.0
37036.0
37037.0
37064.0
37065.0
37082.0
37083.0
37084.0
37094.0
37095.0
37096.0
37098.0
37138.0
37142.0
37143.0
37154.0
37156.0
37157.0
37202.0
37214.0
37216.0
37217.0
37218.0
37230.0
37253.0
37261.0
37262.0
37274.0
37275.0
37276.0
37277.0
37334.0
37335.0
37336.0
37382.0
37384.0
37394.0
37395.0
37396.0
37434.0
37437.0
37438.0
37441.0
37442.0
37453.0
37454.0
37455.0
37456.0
37457.0
37458.0
37494.0
37497.0
37498.0
37501.0
37502.0
37515.0
37516.0
37518.0
37532.0
37554.0
37558.0
37561.0
37562.0
37576.0
37577.0
37614.0
37618.0
37621.0
37622.0
37635.0
37636.0
37637.0
37638.0
37674.0
37677.0
37678.0
37683.0
37684.0
37694.0
37696.0
37697.0
37698.0
37734.0
37737.0
37738.0
37742.0
37743.0
37754.0
37755.0
37756.0
37757.0
37759.0
37796.0
37797.0
37798.0
37799.0
37814.0
37815.0
37816.0
37817.0
37818.0
37854.0
37857.0
37858.0
37861.0
37862.0
37863.0
37874.0
37876.0
37877.0
37878.0
37883.0
37884.0
37888.0
37914.0
37918.0
37919.0
37922.0
37934.0
37935.0
37936.0
37937.0
37974.0
37978.0
37982.0
37994.0
37995.0
37996.0
37997.0
38039.0
38042.0
38055.0
38056.0
38057.0
38070.0
38101.0
38102.0
38103.0
38114.0
38116.0
38129.0
38130.0
38161.0
38162.0
38163.0
38174.0
38175.0
38176.0
38222.0
38234.0
38235.0
38236.0
38237.0
38294.0
38296.0
38341.0
38342.0
38355.0
38356.0
38358.0
38402.0
38403.0
38414.0
38415.0
38416.0
38418.0
38431.0
38432.0
38462.0
38463.0
38474.0
38475.0
38476.0
38477.0
38478.0
38522.0
38534.0
38535.0
38536.0
38537.0
38582.0
38594.0
38595.0
38596.0
38642.0
38654.0
38655.0
38656.0
38657.0
38702.0
38703.0
38714.0
38715.0
38716.0
38761.0
38762.0
38774.0
38775.0
38776.0
38822.0
38834.0
38882.0
38894.0
38896.0
38942.0
38954.0
38955.0
39001.0
39002.0
39014.0
39015.0
39028.0
39062.0
39063.0
39074.0
39075.0
39121.0
39123.0
39135.0
39182.0
39194.0
39242.0
39243.0
39256.0
39301.0
39302.0
39314.0
39315.0
39362.0
39374.0
39421.0
39434.0
39482.0
39495.0
39542.0
39553.0
39554.0
39601.0
39602.0
39609.0
39610.0
39611.0
39613.0
39614.0
39615.0
39641.0
39662.0
39664.0
39665.0
39667.0
39674.0
39675.0
39676.0
39677.0
39721.0
39722.0
39723.0
39734.0
39736.0
39737.0
39781.0
39782.0
39794.0
39795.0
39796.0
39797.0
39842.0
39855.0
39856.0
39857.0
39887.0
39915.0
39916.0
39917.0
39942.0
39943.0
39975.0
39976.0
39977.0
39978.0
39998.0
39999.0
40000.0
40001.0
40003.0
40036.0
40038.0
40046.0
40058.0
40064.0
40065.0
40076.0
40095.0
40096.0
40097.0
40101.0
40120.0
40121.0
40155.0
40156.0
40157.0
40163.0
40188.0
40190.0
40191.0
40198.0
40201.0
40202.0
40229.0
40252.0
40257.0
40262.0
40265.0
40266.0
40274.0
40275.0
40279.0
40292.0
40321.0
40330.0
40388.0
40394.0
40395.0
40404.0
40450.0
40456.0
40462.0
40480.0
40508.0
40575.0
40576.0
40665.0
40695.0
40696.0
40756.0
40757.0
40816.0
40817.0
40876.0
40877.0
40919.0
40921.0
40922.0
40923.0
40933.0
40934.0
40935.0
40936.0
40975.0
40978.0
40981.0
40982.0
40994.0
40995.0
40996.0
41026.0
41042.0
41048.0
41050.0
41054.0
41055.0
41056.0
41057.0
41093.0
41095.0
41101.0
41114.0
41115.0
41116.0
41117.0
41128.0
41155.0
41158.0
41161.0
41174.0
41175.0
41176.0
41177.0
41221.0
41233.0
41234.0
41236.0
41237.0
41238.0
41275.0
41281.0
41282.0
41294.0
41296.0
41297.0
41341.0
41353.0
41354.0
41356.0
41357.0
41358.0
41395.0
41401.0
41414.0
41416.0
41417.0
41461.0
41474.0
41476.0
41477.0
41484.0
41485.0
41488.0
41518.0
41521.0
41533.0
41534.0
41536.0
41566.0
41574.0
41576.0
41577.0
41579.0
41581.0
41582.0
41584.0
41592.0
41594.0
41626.0
41635.0
41636.0
41638.0
41639.0
41641.0
41642.0
41643.0
41654.0
41656.0
41686.0
41695.0
41698.0
41699.0
41701.0
41714.0
41715.0
41725.0
41746.0
41753.0
41754.0
41758.0
41761.0
41774.0
41775.0
41776.0
41806.0
41814.0
41818.0
41822.0
41833.0
41834.0
41835.0
41836.0
41866.0
41874.0
41878.0
41881.0
41882.0
41893.0
41894.0
41895.0
41896.0
41934.0
41937.0
41939.0
41942.0
41948.0
41954.0
41955.0
41956.0
41973.0
41986.0
41994.0
41997.0
42001.0
42002.0
42014.0
42015.0
42016.0
42017.0
42027.0
42028.0
42054.0
42059.0
42062.0
42063.0
42074.0
42076.0
42077.0
42122.0
42134.0
42135.0
42136.0
42182.0
42183.0
42194.0
42195.0
42196.0
42241.0
42242.0
42254.0
42256.0
42257.0
42258.0
42301.0
42314.0
42316.0
42317.0
42362.0
42376.0
42377.0
42421.0
42422.0
42423.0
42434.0
42436.0
42437.0
42438.0
42481.0
42482.0
42491.0
42492.0
42494.0
42495.0
42496.0
42497.0
42542.0
42555.0
42556.0
42557.0
42602.0
42615.0
42616.0
42617.0
42618.0
42624.0
42625.0
42662.0
42663.0
42674.0
42675.0
42676.0
42677.0
42722.0
42734.0
42736.0
42781.0
42782.0
42794.0
42841.0
42843.0
42854.0
42855.0
42901.0
42902.0
42914.0
42915.0
42961.0
42962.0
42974.0
42975.0
43021.0
43022.0
43034.0
43081.0
43094.0
43141.0
43142.0
43154.0
43201.0
43214.0
43261.0
43262.0
43274.0
43321.0
43322.0
43334.0
43381.0
43391.0
43394.0
43441.0
43442.0
43453.0
43454.0
43501.0
43502.0
43514.0
43523.0
43524.0
43561.0
43562.0
43574.0
43621.0
43634.0
43661.0
43662.0
43663.0
43666.0
43681.0
43682.0
43693.0
43694.0
43720.0
43721.0
43723.0
43724.0
43725.0
43728.0
43729.0
43741.0
43753.0
43754.0
43756.0
43779.0
43783.0
43791.0
43797.0
43808.0
43813.0
43814.0
43816.0
43821.0
43826.0
43832.0
43834.0
43849.0
43864.0
43874.0
43876.0
43888.0
43890.0
43892.0
43936.0
43939.0
43941.0
43969.0
43996.0
43999.0
44027.0
44048.0
44049.0
44055.0
44056.0
44079.0
44099.0
44102.0
44116.0
44129.0
44174.0
44176.0
44203.0
44220.0
44222.0
44235.0
44236.0
44250.0
44251.0
44264.0
44265.0
44266.0
44279.0
44296.0
44309.0
44310.0
44341.0
44343.0
44356.0
44371.0
44372.0
44412.0
44416.0
44442.0
44443.0
44476.0
44477.0
44485.0
44486.0
44499.0
44500.0
44515.0
44534.0
44536.0
44537.0
44564.0
44565.0
44567.0
44596.0
44621.0
44623.0
44656.0
44657.0
44716.0
44717.0
44725.0
44776.0
44777.0
44778.0
44836.0
44837.0
44838.0
44839.0
44896.0
44897.0
44956.0
44957.0
44958.0
45016.0
45017.0
45018.0
45054.0
45058.0
45061.0
45062.0
45074.0
45076.0
45077.0
45083.0
45084.0
45085.0
45114.0
45118.0
45121.0
45122.0
45123.0
45124.0
45134.0
45136.0
45137.0
45174.0
45178.0
45181.0
45183.0
45194.0
45195.0
45196.0
45234.0
45238.0
45241.0
45242.0
45243.0
45254.0
45255.0
45256.0
45257.0
45258.0
45297.0
45298.0
45299.0
45301.0
45302.0
45303.0
45315.0
45316.0
45317.0
45318.0
45321.0
45322.0
45358.0
45359.0
45361.0
45362.0
45363.0
45375.0
45376.0
45377.0
45414.0
45418.0
45421.0
45422.0
45434.0
45435.0
45436.0
45437.0
45438.0
45478.0
45479.0
45494.0
45496.0
45497.0
45498.0
45534.0
45537.0
45538.0
45539.0
45543.0
45544.0
45555.0
45556.0
45557.0
45573.0
45598.0
45599.0
45601.0
45616.0
45617.0
45623.0
45624.0
45657.0
45658.0
45659.0
45676.0
45677.0
45678.0
45717.0
45718.0
45719.0
45734.0
45736.0
45737.0
45777.0
45778.0
45779.0
45781.0
45794.0
45796.0
45797.0
45798.0
45834.0
45838.0
45839.0
45856.0
45857.0
45898.0
45899.0
45958.0
45959.0
45978.0
45979.0
46014.0
46018.0
46034.0
46074.0
46077.0
46078.0
46079.0
46081.0
46082.0
46083.0
46088.0
46096.0
46137.0
46138.0
46139.0
46142.0
46143.0
46144.0
46154.0
46198.0
46199.0
46202.0
46215.0
46216.0
46220.0
46221.0
46258.0
46262.0
46274.0
46275.0
46276.0
46321.0
46322.0
46334.0
46336.0
46381.0
46382.0
46384.0
46394.0
46396.0
46441.0
46442.0
46454.0
46455.0
46456.0
46502.0
46514.0
46515.0
46516.0
46517.0
46518.0
46522.0
46523.0
46561.0
46562.0
46575.0
46576.0
46577.0
46578.0
46622.0
46634.0
46635.0
46636.0
46637.0
46682.0
46694.0
46695.0
46696.0
46697.0
46741.0
46742.0
46754.0
46756.0
46757.0
46758.0
46801.0
46802.0
46814.0
46815.0
46816.0
46817.0
46818.0
46874.0
46875.0
46876.0
46877.0
46924.0
46925.0
46934.0
46936.0
46937.0
46938.0
46986.0
47041.0
47057.0
47120.0
47174.0
47294.0
47401.0
47414.0
47431.0
47462.0
47521.0
47522.0
47524.0
47563.0
47564.0
47581.0
47582.0
47594.0
47595.0
47642.0
47644.0
47655.0
47656.0
47701.0
47702.0
47714.0
47761.0
47762.0
47774.0
47775.0
47776.0
47822.0
47834.0
47835.0
47836.0
47837.0
47864.0
47865.0
47866.0
47894.0
47896.0
47897.0
47898.0
47903.0
47904.0
47915.0
47954.0
47955.0
47956.0
47957.0
47958.0
47968.0
47969.0
47995.0
48016.0
48017.0
48076.0
48077.0
48078.0
48079.0
48080.0
48093.0
48105.0
48106.0
48109.0
48136.0
48137.0
48168.0
48169.0
48188.0
48189.0
48196.0
48197.0
48198.0
48244.0
48254.0
48256.0
48257.0
48258.0
48278.0
48285.0
48308.0
48310.0
48316.0
48317.0
48320.0
48321.0
48376.0
48377.0
48378.0
48427.0
48436.0
48437.0
48496.0
48497.0
48550.0
48556.0
48557.0
48616.0
48639.0
48676.0
48736.0
48796.0
48856.0
48916.0
48976.0
49036.0
49096.0
49112.0
49124.0
49137.0
49138.0
49140.0
49141.0
49142.0
49143.0
49154.0
49156.0
49174.0
49197.0
49198.0
49199.0
49201.0
49202.0
49214.0
49216.0
49219.0
49220.0
49257.0
49258.0
49259.0
49260.0
49261.0
49262.0
49274.0
49276.0
49317.0
49318.0
49319.0
49320.0
49321.0
49322.0
49324.0
49334.0
49336.0
49377.0
49378.0
49379.0
49380.0
49382.0
49394.0
49396.0
49435.0
49438.0
49440.0
49441.0
49442.0
49455.0
49456.0
49495.0
49498.0
49501.0
49502.0
49515.0
49516.0
49555.0
49558.0
49560.0
49561.0
49562.0
49574.0
49576.0
49615.0
49618.0
49621.0
49622.0
49634.0
49636.0
49675.0
49678.0
49681.0
49682.0
49684.0
49694.0
49696.0
49735.0
49738.0
49741.0
49754.0
49756.0
49757.0
49795.0
49798.0
49800.0
49814.0
49816.0
49817.0
49855.0
49858.0
49862.0
49863.0
49875.0
49876.0
49915.0
49918.0
49920.0
49922.0
49923.0
49934.0
49935.0
49936.0
49975.0
49978.0
49982.0
49983.0
49996.0
50035.0
50038.0
50040.0
50054.0
50056.0
50095.0
50098.0
50102.0
50103.0
50115.0
50116.0
50118.0
50119.0
50155.0
50158.0
50161.0
50164.0
50175.0
50176.0
50177.0
50215.0
50218.0
50220.0
50222.0
50234.0
50235.0
50236.0
50237.0
50275.0
50282.0
50295.0
50296.0
50297.0
50335.0
50342.0
50344.0
50354.0
50355.0
50356.0
50357.0
50358.0
50402.0
50415.0
50416.0
50417.0
50462.0
50474.0
50475.0
50477.0
50479.0
50521.0
50522.0
50535.0
50536.0
50537.0
50582.0
50583.0
50595.0
50596.0
50597.0
50598.0
50641.0
50642.0
50655.0
50656.0
50657.0
50701.0
50702.0
50703.0
50704.0
50714.0
50715.0
50716.0
50717.0
50718.0
50762.0
50763.0
50764.0
50774.0
50777.0
50822.0
50835.0
50836.0
50837.0
50838.0
50881.0
50882.0
50883.0
50894.0
50895.0
50896.0
50897.0
50941.0
50954.0
50955.0
50956.0
50957.0
51002.0
51014.0
51015.0
51031.0
51062.0
51075.0
51122.0
51134.0
51135.0
51136.0
51163.0
51164.0
51182.0
51184.0
51194.0
51195.0
51241.0
51254.0
51255.0
51303.0
51314.0
51315.0
51316.0
51362.0
51363.0
51374.0
51375.0
51422.0
51435.0
51482.0
51495.0
51541.0
51554.0
51555.0
51602.0
51614.0
51615.0
51662.0
51674.0
51675.0
51682.0
51684.0
51722.0
51734.0
51782.0
51795.0
51813.0
51814.0
51815.0
51817.0
51842.0
51855.0
51856.0
51860.0
51861.0
51862.0
51883.0
51889.0
51900.0
51901.0
51902.0
51904.0
51915.0
51916.0
51917.0
51919.0
51920.0
51948.0
51955.0
51956.0
51957.0
51974.0
51975.0
51977.0
51986.0
51987.0
51992.0
51995.0
51996.0
51997.0
52034.0
52035.0
52036.0
52037.0
52057.0
52059.0
52060.0
52061.0
52063.0
52090.0
52096.0
52097.0
52115.0
52116.0
52117.0
52118.0
52119.0
52121.0
52123.0
52124.0
52149.0
52157.0
52158.0
52188.0
52189.0
52191.0
52216.0
52217.0
52239.0
52240.0
52241.0
52245.0
52246.0
52276.0
52277.0
52297.0
52299.0
52300.0
52301.0
52336.0
52337.0
52338.0
52353.0
52354.0
52355.0
52359.0
52367.0
52369.0
52370.0
52388.0
52396.0
52397.0
52411.0
52412.0
52413.0
52415.0
52416.0
52456.0
52457.0
52474.0
52476.0
52477.0
52491.0
52492.0
52493.0
52508.0
52516.0
52517.0
52518.0
52530.0
52532.0
52560.0
52561.0
52571.0
52572.0
52573.0
52576.0
52577.0
52581.0
52582.0
52590.0
52591.0
52594.0
52595.0
52616.0
52636.0
52637.0
52658.0
52676.0
52689.0
52693.0
52696.0
52697.0
52698.0
52724.0
52725.0
52726.0
52751.0
52755.0
52756.0
52757.0
52816.0
52817.0
52876.0
52877.0
52936.0
52937.0
52996.0
52997.0
52998.0
53056.0
53057.0
53116.0
53117.0
53176.0
53177.0
53178.0
53218.0
53219.0
53221.0
53222.0
53224.0
53234.0
53235.0
53236.0
53237.0
53238.0
53277.0
53278.0
53279.0
53280.0
53282.0
53284.0
53294.0
53295.0
53296.0
53297.0
53298.0
53338.0
53339.0
53342.0
53343.0
53355.0
53357.0
53358.0
53389.0
53392.0
53393.0
53394.0
53396.0
53397.0
53399.0
53400.0
53402.0
53403.0
53404.0
53412.0
53413.0
53414.0
53415.0
53416.0
53417.0
53418.0
53457.0
53458.0
53459.0
53462.0
53463.0
53475.0
53477.0
53478.0
53516.0
53517.0
53518.0
53519.0
53522.0
53534.0
53536.0
53578.0
53579.0
53581.0
53582.0
53593.0
53594.0
53595.0
53596.0
53597.0
53634.0
53638.0
53639.0
53642.0
53644.0
53654.0
53655.0
53656.0
53657.0
53658.0
53698.0
53699.0
53701.0
53702.0
53703.0
53715.0
53716.0
53717.0
53718.0
53757.0
53758.0
53759.0
53762.0
53774.0
53775.0
53776.0
53777.0
53778.0
53818.0
53819.0
53822.0
53835.0
53836.0
53837.0
53838.0
53877.0
53878.0
53879.0
53882.0
53894.0
53895.0
53896.0
53897.0
53898.0
53938.0
53939.0
53955.0
53956.0
53957.0
53958.0
53997.0
53998.0
54003.0
54004.0
54014.0
54015.0
54016.0
54017.0
54057.0
54058.0
54059.0
54076.0
54077.0
54118.0
54119.0
54121.0
54136.0
54137.0
54177.0
54178.0
54179.0
54194.0
54196.0
54197.0
54238.0
54239.0
54256.0
54257.0
54258.0
54297.0
54298.0
54299.0
54312.0
54316.0
54317.0
54354.0
54359.0
54362.0
54374.0
54418.0
54419.0
54437.0
54438.0
54481.0
54496.0
54542.0
54556.0
54601.0
54602.0
54604.0
54613.0
54614.0
54630.0
54632.0
54656.0
54662.0
54664.0
54675.0
54676.0
54677.0
54721.0
54722.0
54723.0
54735.0
54765.0
54782.0
54794.0
54795.0
54796.0
54842.0
54844.0
54855.0
54902.0
54904.0
54914.0
54915.0
54916.0
54962.0
54963.0
54975.0
54976.0
54977.0
55022.0
55036.0
55037.0
55038.0
55067.0
55077.0
55078.0
55082.0
55084.0
55095.0
55096.0
55097.0
55143.0
55155.0
55202.0
55211.0
55214.0
55215.0
55216.0
55262.0
55275.0
55322.0
55323.0
55334.0
55335.0
55336.0
55382.0
55394.0
55395.0
55442.0
55444.0
55455.0
55456.0
55502.0
55503.0
55504.0
55514.0
55515.0
55562.0
55563.0
55576.0
55622.0
55624.0
55636.0
55637.0
55682.0
55695.0
55742.0
55755.0
55802.0
55862.0
55863.0
55875.0
55876.0
55922.0
55935.0
55981.0
55982.0
55983.0
55990.0
55994.0
55995.0
56003.0
56004.0
56052.0
56053.0
56054.0
56055.0
56056.0
56057.0
56058.0
56084.0
56109.0
56110.0
56115.0
56116.0
56117.0
56119.0
56121.0
56151.0
56175.0
56176.0
56177.0
56181.0
56183.0
56184.0
56185.0
56188.0
56237.0
56238.0
56251.0
56252.0
56253.0
56255.0
56283.0
56297.0
56319.0
56350.0
56356.0
56357.0
56375.0
56376.0
56378.0
56379.0
56381.0
56383.0
56407.0
56412.0
56413.0
56416.0
56417.0
56418.0
56419.0
56434.0
56435.0
56436.0
56457.0
56470.0
56476.0
56477.0
56478.0
56493.0
56499.0
56502.0
56504.0
56531.0
56534.0
56536.0
56537.0
56550.0
56564.0
56565.0
56580.0
56595.0
56596.0
56597.0
56598.0
56609.0
56615.0
56617.0
56618.0
56642.0
56645.0
56657.0
56658.0
56672.0
56689.0
56716.0
56717.0
56731.0
56732.0
56733.0
56736.0
56776.0
56777.0
56778.0
56791.0
56792.0
56793.0
56796.0
56836.0
56837.0
56838.0
56849.0
56853.0
56879.0
56896.0
56897.0
56898.0
56956.0
56957.0
57016.0
57017.0
57018.0
57076.0
57077.0
57078.0
57136.0
57137.0
57196.0
57197.0
57198.0
57256.0
57257.0
57258.0
57259.0
57298.0
57299.0
57300.0
57302.0
57304.0
57311.0
57315.0
57317.0
57318.0
57319.0
57357.0
57358.0
57359.0
57360.0
57362.0
57375.0
57376.0
57377.0
57378.0
57417.0
57418.0
57419.0
57420.0
57422.0
57423.0
57434.0
57435.0
57436.0
57437.0
57438.0
57477.0
57478.0
57479.0
57480.0
57482.0
57483.0
57495.0
57497.0
57498.0
57538.0
57539.0
57540.0
57542.0
57555.0
57556.0
57598.0
57599.0
57600.0
57602.0
57603.0
57604.0
57615.0
57616.0
57617.0
57618.0
57657.0
57658.0
57660.0
57675.0
57676.0
57677.0
57678.0
57679.0
57718.0
57720.0
57722.0
57723.0
57737.0
57738.0
57739.0
57774.0
57775.0
57776.0
57778.0
57779.0
57780.0
57781.0
57782.0
57795.0
57797.0
57838.0
57839.0
57840.0
57842.0
57843.0
57855.0
57856.0
57857.0
57897.0
57898.0
57899.0
57900.0
57902.0
57903.0
57914.0
57915.0
57916.0
57917.0
57918.0
57919.0
57957.0
57958.0
57959.0
57960.0
57962.0
57963.0
57975.0
57977.0
57978.0
58018.0
58019.0
58020.0
58022.0
58023.0
58034.0
58035.0
58036.0
58037.0
58077.0
58078.0
58080.0
58083.0
58084.0
58095.0
58096.0
58097.0
58130.0
58133.0
58137.0
58138.0
58140.0
58142.0
58143.0
58144.0
58154.0
58155.0
58156.0
58157.0
58158.0
58196.0
58197.0
58198.0
58200.0
58202.0
58203.0
58204.0
58210.0
58216.0
58217.0
58231.0
58258.0
58259.0
58260.0
58262.0
58263.0
58264.0
58274.0
58275.0
58276.0
58277.0
58318.0
58319.0
58322.0
58323.0
58334.0
58335.0
58336.0
58337.0
58338.0
58363.0
58364.0
58378.0
58380.0
58381.0
58382.0
58383.0
58394.0
58396.0
58397.0
58398.0
58440.0
58443.0
58445.0
58454.0
58455.0
58456.0
58457.0
58458.0
58498.0
58499.0
58502.0
58503.0
58515.0
58516.0
58517.0
58518.0
58520.0
58562.0
58575.0
58576.0
58577.0
58579.0
58623.0
58635.0
58636.0
58637.0
58638.0
58664.0
58665.0
58666.0
58674.0
58683.0
58695.0
58696.0
58697.0
58698.0
58699.0
58742.0
58744.0
58755.0
58756.0
58757.0
58758.0
58802.0
58807.0
58815.0
58816.0
58817.0
58818.0
58862.0
58863.0
58875.0
58877.0
58878.0
58879.0
58923.0
58935.0
58936.0
58937.0
58981.0
58982.0
58995.0
58997.0
58998.0
59042.0
59043.0
59054.0
59055.0
59056.0
59057.0
59058.0
59102.0
59103.0
59108.0
59109.0
59114.0
59115.0
59116.0
59117.0
59162.0
59164.0
59174.0
59175.0
59177.0
59223.0
59234.0
59235.0
59237.0
59282.0
59283.0
59294.0
59295.0
59296.0
59297.0
59344.0
59354.0
59355.0
59356.0
59357.0
59402.0
59404.0
59415.0
59417.0
59462.0
59463.0
59474.0
59475.0
59522.0
59523.0
59536.0
59572.0
59573.0
59582.0
59594.0
59595.0
59597.0
59642.0
59643.0
59654.0
59655.0
59656.0
59673.0
59702.0
59706.0
59714.0
59715.0
59762.0
59774.0
59775.0
59822.0
59823.0
59835.0
59883.0
59895.0
59942.0
59943.0
59955.0
59956.0
60002.0
60014.0
60015.0
60062.0
60063.0
60075.0
60076.0
60122.0
60123.0
60135.0
60137.0
60155.0
60156.0
60160.0
60162.0
60163.0
60193.0
60195.0
60196.0
60197.0
60198.0
60220.0
60221.0
60254.0
60255.0
60256.0
60257.0
60258.0
60284.0
60285.0
60286.0
60287.0
60317.0
60318.0
60319.0
60320.0
60340.0
60347.0
60348.0
60377.0
60379.0
60380.0
60400.0
60401.0
60402.0
60408.0
60436.0
60437.0
60438.0
60439.0
60462.0
60478.0
60479.0
60497.0
60498.0
60519.0
60521.0
60522.0
60524.0
60537.0
60557.0
60577.0
60578.0
60582.0
60586.0
60587.0
60617.0
60644.0
60646.0
60649.0
60677.0
60679.0
60682.0
60705.0
60707.0
60736.0
60737.0
60739.0
60741.0
60768.0
60770.0
60772.0
60777.0
60797.0
60798.0
60799.0
60806.0
60808.0
60827.0
60828.0
60829.0
60835.0
60856.0
60857.0
60859.0
60861.0
60880.0
60888.0
60889.0
60900.0
60906.0
60907.0
60917.0
60918.0
60919.0
60935.0
60946.0
60947.0
60949.0
60951.0
60952.0
60977.0
60978.0
60979.0
61001.0
61002.0
61003.0
61037.0
61097.0
61157.0
61217.0
61218.0
61277.0
61279.0
61337.0
61338.0
61397.0
61398.0
61399.0
61404.0
61425.0
61430.0
61438.0
61439.0
61441.0
61442.0
61443.0
61454.0
61455.0
61457.0
61458.0
61498.0
61499.0
61501.0
61502.0
61503.0
61504.0
61515.0
61517.0
61518.0
61556.0
61558.0
61559.0
61561.0
61562.0
61574.0
61577.0
61617.0
61618.0
61619.0
61622.0
61623.0
61624.0
61635.0
61637.0
61638.0
61639.0
61677.0
61678.0
61682.0
61686.0
61695.0
61697.0
61698.0
61699.0
61728.0
61729.0
61737.0
61738.0
61739.0
61742.0
61744.0
61754.0
61755.0
61757.0
61759.0
61798.0
61799.0
61801.0
61802.0
61805.0
61806.0
61815.0
61817.0
61818.0
61831.0
61858.0
61859.0
61861.0
61875.0
61876.0
61877.0
61918.0
61919.0
61922.0
61936.0
61937.0
61938.0
61963.0
61977.0
61978.0
61979.0
61981.0
61982.0
61983.0
61994.0
61995.0
61996.0
61997.0
62038.0
62039.0
62042.0
62043.0
62055.0
62057.0
62059.0
62098.0
62099.0
62101.0
62103.0
62114.0
62115.0
62116.0
62117.0
62158.0
62159.0
62162.0
62174.0
62175.0
62176.0
62177.0
62178.0
62218.0
62219.0
62222.0
62235.0
62236.0
62237.0
62239.0
62264.0
62265.0
62266.0
62270.0
62277.0
62278.0
62279.0
62282.0
62284.0
62294.0
62295.0
62297.0
62298.0
62299.0
62337.0
62338.0
62339.0
62342.0
62344.0
62355.0
62356.0
62357.0
62358.0
62359.0
62397.0
62398.0
62399.0
62402.0
62414.0
62415.0
62416.0
62417.0
62418.0
62457.0
62458.0
62459.0
62475.0
62476.0
62477.0
62479.0
62519.0
62522.0
62534.0
62535.0
62537.0
62538.0
62539.0
62579.0
62582.0
62594.0
62595.0
62597.0
62624.0
62639.0
62642.0
62655.0
62657.0
62659.0
62701.0
62702.0
62704.0
62705.0
62715.0
62717.0
62718.0
62719.0
62762.0
62775.0
62777.0
62778.0
62779.0
62822.0
62834.0
62835.0
62837.0
62883.0
62895.0
62897.0
62898.0
62899.0
62942.0
62955.0
62957.0
62959.0
63002.0
63015.0
63017.0
63062.0
63063.0
63075.0
63076.0
63077.0
63122.0
63123.0
63135.0
63136.0
63137.0
63168.0
63169.0
63182.0
63183.0
63195.0
63197.0
63242.0
63243.0
63255.0
63256.0
63257.0
63301.0
63302.0
63315.0
63361.0
63362.0
63364.0
63375.0
63422.0
63423.0
63434.0
63435.0
63482.0
63494.0
63495.0
63542.0
63544.0
63602.0
63603.0
63615.0
63617.0
63662.0
63674.0
63675.0
63722.0
63723.0
63734.0
63735.0
63782.0
63784.0
63794.0
63795.0
63796.0
63842.0
63843.0
63854.0
63855.0
63857.0
63902.0
63914.0
63915.0
63962.0
63974.0
63975.0
64022.0
64034.0
64082.0
64094.0
64095.0
64141.0
64142.0
64143.0
64144.0
64155.0
64170.0
64198.0
64199.0
64200.0
64201.0
64202.0
64214.0
64215.0
64217.0
64218.0
64219.0
64258.0
64275.0
64277.0
64278.0
64284.0
64314.0
64334.0
64335.0
64336.0
64337.0
64338.0
64341.0
64370.0
64395.0
64396.0
64397.0
64398.0
64425.0
64426.0
64438.0
64441.0
64447.0
64450.0
64457.0
64458.0
64466.0
64478.0
64479.0
64483.0
64485.0
64486.0
64503.0
64510.0
64517.0
64518.0
64519.0
64540.0
64568.0
64569.0
64577.0
64578.0
64579.0
64597.0
64598.0
64599.0
64637.0
64689.0
64715.0
64717.0
64719.0
64725.0
64727.0
64728.0
64755.0
64777.0
64778.0
64780.0
64792.0
64809.0
64817.0
64837.0
64839.0
64898.0
64903.0
64958.0
64963.0
64964.0
64996.0
64997.0
65017.0
65018.0
65077.0
65078.0
65081.0
65116.0
65236.0
65237.0
65238.0
65297.0
65298.0
65357.0
65401.0
65402.0
65416.0
65417.0
65477.0
65521.0
65522.0
65534.0
65537.0
65538.0
65562.0
65565.0
65575.0
65578.0
65580.0
65581.0
65582.0
65595.0
65597.0
65598.0
65640.0
65641.0
65642.0
65654.0
65655.0
65657.0
65658.0
65698.0
65700.0
65701.0
65702.0
65714.0
65717.0
65718.0
65719.0
65761.0
65762.0
65774.0
65775.0
65777.0
65779.0
65820.0
65821.0
65822.0
65834.0
65837.0
65838.0
65839.0
65866.0
65867.0
65882.0
65894.0
65895.0
65897.0
65898.0
65899.0
65938.0
65940.0
65941.0
65942.0
65954.0
65955.0
65957.0
65998.0
65999.0
66001.0
66002.0
66014.0
66015.0
66016.0
66017.0
66057.0
66058.0
66060.0
66061.0
66062.0
66074.0
66075.0
66077.0
66117.0
66118.0
66119.0
66122.0
66134.0
66135.0
66137.0
66178.0
66180.0
66181.0
66182.0
66194.0
66195.0
66197.0
66223.0
66238.0
66240.0
66242.0
66243.0
66254.0
66255.0
66257.0
66298.0
66299.0
66300.0
66301.0
66314.0
66315.0
66317.0
66359.0
66360.0
66362.0
66363.0
66374.0
66375.0
66376.0
66377.0
66418.0
66419.0
66420.0
66422.0
66423.0
66435.0
66436.0
66437.0
66477.0
66478.0
66480.0
66482.0
66484.0
66494.0
66495.0
66496.0
66497.0
66538.0
66539.0
66540.0
66542.0
66556.0
66557.0
66599.0
66600.0
66602.0
66603.0
66615.0
66617.0
66658.0
66660.0
66662.0
66675.0
66676.0
66677.0
66678.0
66688.0
66690.0
66719.0
66722.0
66735.0
66736.0
66737.0
66738.0
66739.0
66742.0
66782.0
66795.0
66797.0
66798.0
66842.0
66843.0
66855.0
66857.0
66858.0
66898.0
66902.0
66903.0
66914.0
66915.0
66917.0
66918.0
66962.0
66964.0
66974.0
66975.0
66977.0
66978.0
67022.0
67023.0
67035.0
67037.0
67038.0
67083.0
67095.0
67097.0
67098.0
67142.0
67143.0
67155.0
67157.0
67158.0
67199.0
67200.0
67202.0
67203.0
67214.0
67215.0
67216.0
67217.0
67218.0
67262.0
67263.0
67275.0
67277.0
67278.0
67279.0
67323.0
67335.0
67336.0
67337.0
67339.0
67381.0
67382.0
67395.0
67397.0
67443.0
67455.0
67456.0
67502.0
67503.0
67504.0
67514.0
67515.0
67562.0
67563.0
67574.0
67575.0
67622.0
67624.0
67635.0
67636.0
67664.0
67682.0
67683.0
67684.0
67695.0
67742.0
67743.0
67744.0
67755.0
67756.0
67796.0
67797.0
67802.0
67815.0
67862.0
67863.0
67875.0
67876.0
67923.0
67935.0
67981.0
67982.0
67983.0
67984.0
67996.0
68042.0
68043.0
68054.0
68055.0
68056.0
68102.0
68103.0
68114.0
68115.0
68162.0
68175.0
68176.0
68222.0
68223.0
68235.0
68282.0
68283.0
68290.0
68294.0
68295.0
68296.0
68297.0
68298.0
68322.0
68325.0
68326.0
68352.0
68355.0
68357.0
68358.0
68407.0
68414.0
68416.0
68417.0
68418.0
68419.0
68437.0
68441.0
68442.0
68443.0
68445.0
68455.0
68474.0
68477.0
68478.0
68479.0
68500.0
68503.0
68526.0
68527.0
68529.0
68530.0
68531.0
68537.0
68538.0
68539.0
68560.0
68596.0
68597.0
68598.0
68599.0
68625.0
68641.0
68653.0
68654.0
68656.0
68657.0
68658.0
68665.0
68666.0
68677.0
68686.0
68696.0
68698.0
68707.0
68717.0
68718.0
68719.0
68756.0
68758.0
68761.0
68777.0
68778.0
68786.0
68813.0
68818.0
68819.0
68820.0
68823.0
68837.0
68839.0
68850.0
68887.0
68888.0
68889.0
68890.0
68897.0
68898.0
68933.0
68946.0
68952.0
68953.0
68957.0
68958.0
68962.0
68963.0
68991.0
68997.0
68998.0
69017.0
69018.0
69021.0
69022.0
69052.0
69077.0
69078.0
69082.0
69083.0
69094.0
69095.0
69125.0
69137.0
69138.0
69139.0
69152.0
69153.0
69197.0
69198.0
69199.0
69257.0
69258.0
69317.0
69318.0
69377.0
69378.0
69379.0
69438.0
69465.0
69466.0
69498.0
69557.0
69558.0
69595.0
69597.0
69598.0
69599.0
69602.0
69615.0
69617.0
69657.0
69658.0
69659.0
69663.0
69675.0
69677.0
69678.0
69679.0
69718.0
69719.0
69722.0
69735.0
69736.0
69737.0
69738.0
69778.0
69779.0
69782.0
69795.0
69796.0
69797.0
69798.0
69799.0
69819.0
69838.0
69839.0
69843.0
69844.0
69855.0
69857.0
69858.0
69859.0
69896.0
69897.0
69898.0
69899.0
69902.0
69903.0
69904.0
69914.0
69915.0
69917.0
69918.0
69957.0
69958.0
69959.0
69962.0
69963.0
69974.0
69975.0
69977.0
69979.0
70018.0
70019.0
70022.0
70023.0
70025.0
70035.0
70037.0
70038.0
70039.0
70077.0
70078.0
70079.0
70082.0
70083.0
70095.0
70097.0
70098.0
70099.0
70138.0
70139.0
70142.0
70143.0
70144.0
70155.0
70157.0
70158.0
70197.0
70198.0
70202.0
70203.0
70214.0
70216.0
70217.0
70257.0
70258.0
70259.0
70263.0
70275.0
70276.0
70277.0
70278.0
70284.0
70285.0
70286.0
70288.0
70316.0
70318.0
70319.0
70322.0
70335.0
70337.0
70338.0
70340.0
70360.0
70361.0
70378.0
70379.0
70382.0
70383.0
70395.0
70396.0
70397.0
70398.0
70399.0
70438.0
70439.0
70442.0
70455.0
70457.0
70458.0
70459.0
70460.0
70494.0
70498.0
70499.0
70502.0
70515.0
70517.0
70518.0
70557.0
70558.0
70559.0
70562.0
70574.0
70575.0
70577.0
70578.0
70579.0
70617.0
70618.0
70619.0
70622.0
70634.0
70635.0
70637.0
70638.0
70678.0
70679.0
70682.0
70694.0
70695.0
70697.0
70698.0
70719.0
70739.0
70742.0
70754.0
70755.0
70757.0
70777.0
70796.0
70799.0
70802.0
70814.0
70815.0
70817.0
70818.0
70862.0
70874.0
70875.0
70876.0
70877.0
70922.0
70934.0
70935.0
70936.0
70937.0
70982.0
70994.0
70995.0
70996.0
70997.0
71042.0
71055.0
71056.0
71057.0
71102.0
71114.0
71115.0
71117.0
71162.0
71174.0
71175.0
71177.0
71222.0
71234.0
71235.0
71237.0
71260.0
71282.0
71294.0
71295.0
71297.0
71342.0
71343.0
71354.0
71355.0
71356.0
71357.0
71392.0
71393.0
71402.0
71403.0
71414.0
71415.0
71417.0
71462.0
71463.0
71475.0
71476.0
71477.0
71522.0
71523.0
71535.0
71536.0
71582.0
71583.0
71595.0
71642.0
71655.0
71703.0
71715.0
71762.0
71763.0
71774.0
71775.0
71822.0
71823.0
71835.0
71836.0
71882.0
71883.0
71884.0
71895.0
71942.0
71943.0
71955.0
71956.0
72002.0
72003.0
72004.0
72123.0
72135.0
72137.0
72160.0
72183.0
72195.0
72196.0
72242.0
72255.0
72291.0
72303.0
72315.0
72316.0
72362.0
72363.0
72374.0
72375.0
72376.0
72377.0
72403.0
72404.0
72423.0
72424.0
72433.0
72434.0
72435.0
72437.0
72438.0
72439.0
72440.0
72463.0
72464.0
72493.0
72495.0
72496.0
72498.0
72499.0
72500.0
72529.0
72530.0
72537.0
72556.0
72557.0
72558.0
72559.0
72562.0
72567.0
72591.0
72592.0
72594.0
72595.0
72596.0
72617.0
72618.0
72621.0
72625.0
72629.0
72630.0
72631.0
72634.0
72635.0
72677.0
72678.0
72679.0
72703.0
72705.0
72733.0
72737.0
72739.0
72761.0
72762.0
72763.0
72797.0
72798.0
72821.0
72823.0
72844.0
72851.0
72854.0
72857.0
72858.0
72874.0
72904.0
72917.0
72918.0
72933.0
72958.0
72959.0
72977.0
72978.0
72985.0
72986.0
72988.0
72997.0
73015.0
73037.0
73038.0
73064.0
73065.0
73066.0
73084.0
73094.0
73096.0
73097.0
73098.0
73155.0
73157.0
73158.0
73160.0
73187.0
73217.0
73218.0
73239.0
73250.0
73263.0
73267.0
73268.0
73279.0
73337.0
73338.0
73397.0
73398.0
73399.0
73457.0
73458.0
73459.0
73460.0
73491.0
73492.0
73493.0
73494.0
73517.0
73518.0
73519.0
73577.0
73578.0
73579.0
73637.0
73638.0
73639.0
73695.0
73697.0
73698.0
73699.0
73737.0
73738.0
73740.0
73742.0
73757.0
73758.0
73759.0
73798.0
73799.0
73800.0
73818.0
73819.0
73857.0
73858.0
73860.0
73862.0
73875.0
73877.0
73885.0
73889.0
73918.0
73919.0
73920.0
73921.0
73937.0
73938.0
73956.0
73978.0
73980.0
73981.0
73982.0
73983.0
73995.0
74038.0
74040.0
74060.0
74061.0
74090.0
74097.0
74098.0
74100.0
74103.0
74115.0
74117.0
74157.0
74158.0
74160.0
74162.0
74164.0
74177.0
74217.0
74218.0
74220.0
74223.0
74225.0
74235.0
74278.0
74280.0
74281.0
74282.0
74283.0
74295.0
74296.0
74297.0
74313.0
74315.0
74337.0
74338.0
74340.0
74342.0
74355.0
74356.0
74378.0
74392.0
74397.0
74398.0
74400.0
74402.0
74415.0
74417.0
74458.0
74459.0
74460.0
74462.0
74463.0
74475.0
74517.0
74518.0
74520.0
74522.0
74534.0
74535.0
74537.0
74578.0
74579.0
74580.0
74582.0
74595.0
74597.0
74598.0
74599.0
74638.0
74640.0
74642.0
74654.0
74655.0
74657.0
74658.0
74659.0
74698.0
74700.0
74702.0
74714.0
74715.0
74717.0
74760.0
74762.0
74775.0
74777.0
74822.0
74834.0
74835.0
74837.0
74856.0
74882.0
74885.0
74895.0
74897.0
74942.0
74954.0
74955.0
74957.0
74989.0
75002.0
75014.0
75015.0
75017.0
75062.0
75074.0
75075.0
75077.0
75122.0
75134.0
75135.0
75137.0
75182.0
75195.0
75197.0
75242.0
75254.0
75255.0
75257.0
75290.0
75291.0
75302.0
75315.0
75317.0
75362.0
75374.0
75375.0
75377.0
75422.0
75435.0
75437.0
75482.0
75495.0
75497.0
75542.0
75555.0
75557.0
75602.0
75614.0
75615.0
75662.0
75675.0
75722.0
75735.0
75755.0
75782.0
75794.0
75795.0
75842.0
75855.0
75887.0
75888.0
75902.0
75915.0
75962.0
75974.0
75975.0
76022.0
76035.0
76082.0
76095.0
76142.0
76155.0
76202.0
76215.0
76230.0
76231.0
76262.0
76275.0
76322.0
76335.0
76363.0
76364.0
76382.0
76394.0
76395.0
76442.0
76455.0
76475.0
76476.0
76487.0
76503.0
76505.0
76506.0
76514.0
76515.0
76517.0
76518.0
76535.0
76544.0
76545.0
76574.0
76575.0
76577.0
76596.0
76603.0
76604.0
76626.0
76636.0
76637.0
76655.0
76656.0
76657.0
76664.0
76665.0
76666.0
76687.0
76697.0
76715.0
76716.0
76721.0
76722.0
76749.0
76751.0
76752.0
76757.0
76780.0
76781.0
76787.0
76793.0
76817.0
76818.0
76823.0
76847.0
76852.0
76862.0
76877.0
76878.0
76907.0
76921.0
76932.0
76937.0
76938.0
76939.0
76967.0
76997.0
76998.0
77015.0
77025.0
77026.0
77045.0
77051.0
77058.0
77059.0
77074.0
77075.0
77082.0
77089.0
77104.0
77105.0
77106.0
77110.0
77118.0
77134.0
77135.0
77164.0
77165.0
77177.0
77178.0
77194.0
77197.0
77226.0
77227.0
77237.0
77238.0
77239.0
77256.0
77260.0
77289.0
77290.0
77298.0
77319.0
77322.0
77351.0
77358.0
77359.0
77381.0
77382.0
77418.0
77477.0
77478.0
77538.0
77598.0
77628.0
77658.0
77718.0
77719.0
77748.0
77777.0
77778.0
77808.0
77817.0
77818.0
77819.0
77821.0
77822.0
77823.0
77824.0
77835.0
77836.0
77837.0
77838.0
77840.0
77878.0
77879.0
77881.0
77882.0
77883.0
77895.0
77897.0
77898.0
77899.0
77908.0
77909.0
77938.0
77939.0
77943.0
77955.0
77956.0
77957.0
77958.0
77979.0
77987.0
77988.0
77998.0
77999.0
78002.0
78003.0
78015.0
78016.0
78017.0
78018.0
78019.0
78047.0
78058.0
78059.0
78062.0
78063.0
78075.0
78076.0
78077.0
78078.0
78079.0
78117.0
78118.0
78119.0
78122.0
78123.0
78135.0
78138.0
78139.0
78177.0
78178.0
78182.0
78195.0
78198.0
78238.0
78239.0
78242.0
78255.0
78257.0
78258.0
78259.0
78298.0
78299.0
78302.0
78315.0
78317.0
78318.0
78358.0
78359.0
78362.0
78375.0
78377.0
78378.0
78417.0
78419.0
78422.0
78435.0
78437.0
78438.0
78452.0
78467.0
78478.0
78479.0
78482.0
78495.0
78497.0
78498.0
78538.0
78539.0
78542.0
78555.0
78557.0
78558.0
78585.0
78587.0
78598.0
78599.0
78602.0
78615.0
78617.0
78647.0
78658.0
78659.0
78662.0
78675.0
78677.0
78707.0
78718.0
78722.0
78735.0
78737.0
78753.0
78767.0
78776.0
78777.0
78778.0
78779.0
78780.0
78782.0
78783.0
78795.0
78797.0
78808.0
78809.0
78810.0
78811.0
78827.0
78838.0
78839.0
78840.0
78842.0
78843.0
78855.0
78857.0
78886.0
78887.0
78898.0
78899.0
78902.0
78909.0
78910.0
78912.0
78915.0
78916.0
78917.0
78918.0
78943.0
78945.0
78947.0
78959.0
78962.0
78973.0
78975.0
78976.0
78977.0
78990.0
79007.0
79022.0
79035.0
79036.0
79037.0
79038.0
79067.0
79082.0
79095.0
79097.0
79098.0
79142.0
79143.0
79155.0
79157.0
79187.0
79188.0
79202.0
79203.0
79211.0
79212.0
79213.0
79215.0
79217.0
79218.0
79245.0
79246.0
79247.0
79262.0
79263.0
79267.0
79271.0
79275.0
79277.0
79292.0
79307.0
79308.0
79322.0
79323.0
79335.0
79336.0
79337.0
79338.0
79350.0
79351.0
79383.0
79395.0
79397.0
79427.0
79428.0
79442.0
79443.0
79454.0
79455.0
79457.0
79458.0
79483.0
79484.0
79502.0
79515.0
79516.0
79517.0
79518.0
79547.0
79562.0
79563.0
79573.0
79575.0
79577.0
79578.0
79609.0
79622.0
79623.0
79635.0
79637.0
79638.0
79682.0
79683.0
79695.0
79742.0
79743.0
79755.0
79756.0
79802.0
79803.0
79815.0
79829.0
79830.0
79831.0
79862.0
79863.0
79875.0
79876.0
79922.0
79923.0
79935.0
79963.0
79982.0
79983.0
79995.0
80042.0
80043.0
80055.0
80102.0
80103.0
80115.0
80116.0
80162.0
80163.0
80175.0
80214.0
80215.0
80222.0
80223.0
80235.0
80282.0
80283.0
80295.0
80342.0
80343.0
80355.0
80356.0
80382.0
80402.0
80403.0
80415.0
80416.0
80423.0
80463.0
80475.0
80522.0
80523.0
80535.0
80536.0
80563.0
80566.0
80574.0
80582.0
80583.0
80595.0
80596.0
80597.0
80598.0
80603.0
80618.0
80620.0
80633.0
80647.0
80649.0
80650.0
80655.0
80656.0
80658.0
80677.0
80680.0
80681.0
80682.0
80684.0
80685.0
80688.0
80708.0
80712.0
80714.0
80715.0
80716.0
80718.0
80721.0
80741.0
80742.0
80769.0
80770.0
80772.0
80799.0
80800.0
80801.0
80831.0
80837.0
80838.0
80860.0
80864.0
80868.0
80891.0
80893.0
80894.0
80897.0
80898.0
80922.0
80923.0
80937.0
80952.0
80953.0
80957.0
80958.0
80967.0
80977.0
80978.0
80988.0
80996.0
81006.0
81007.0
81017.0
81018.0
81022.0
81036.0
81037.0
81042.0
81070.0
81071.0
81078.0
81100.0
81101.0
81108.0
81117.0
81137.0
81138.0
81146.0
81147.0
81161.0
81169.0
81171.0
81176.0
81188.0
81189.0
81190.0
81191.0
81197.0
81198.0
81220.0
81222.0
81250.0
81251.0
81252.0
81257.0
81258.0
81266.0
81280.0
81281.0
81282.0
81288.0
81311.0
81317.0
81318.0
81341.0
81348.0
81371.0
81377.0
81378.0
81386.0
81387.0
81402.0
81416.0
81430.0
81432.0
81438.0
81460.0
81461.0
81490.0
81498.0
81558.0
81579.0
81584.0
81617.0
81618.0
81648.0
81708.0
81738.0
81768.0
81797.0
81798.0
81828.0
81857.0
81858.0
81886.0
81888.0
81898.0
81899.0
81902.0
81903.0
81914.0
81915.0
81916.0
81918.0
81948.0
81958.0
81959.0
81963.0
81964.0
81975.0
81976.0
81978.0
82018.0
82019.0
82023.0
82024.0
82035.0
82036.0
82037.0
82038.0
82042.0
82047.0
82078.0
82079.0
82083.0
82095.0
82096.0
82097.0
82098.0
82128.0
82139.0
82140.0
82143.0
82155.0
82157.0
82158.0
82180.0
82199.0
82200.0
82203.0
82204.0
82216.0
82217.0
82218.0
82248.0
82259.0
82260.0
82263.0
82276.0
82277.0
82278.0
82308.0
82319.0
82320.0
82322.0
82323.0
82324.0
82336.0
82337.0
82338.0
82368.0
82379.0
82380.0
82383.0
82384.0
82395.0
82396.0
82398.0
82399.0
82403.0
82404.0
82405.0
82439.0
82440.0
82442.0
82443.0
82445.0
82456.0
82458.0
82459.0
82482.0
82499.0
82500.0
82503.0
82504.0
82515.0
82516.0
82518.0
82519.0
82542.0
82548.0
82559.0
82560.0
82562.0
82564.0
82565.0
82576.0
82578.0
82579.0
82580.0
82619.0
82620.0
82622.0
82623.0
82625.0
82635.0
82636.0
82638.0
82639.0
82669.0
82678.0
82679.0
82680.0
82682.0
82683.0
82695.0
82696.0
82698.0
82699.0
82729.0
82739.0
82740.0
82743.0
82745.0
82755.0
82756.0
82759.0
82760.0
82798.0
82799.0
82800.0
82802.0
82803.0
82816.0
82818.0
82819.0
82820.0
82859.0
82860.0
82861.0
82862.0
82863.0
82865.0
82875.0
82876.0
82878.0
82879.0
82880.0
82918.0
82919.0
82920.0
82936.0
82938.0
82940.0
82946.0
82947.0
82967.0
82978.0
82980.0
82982.0
82995.0
82996.0
82998.0
82999.0
83040.0
83058.0
83059.0
83100.0
83115.0
83118.0
83178.0
83179.0
83222.0
83235.0
83238.0
83239.0
83298.0
83299.0
83342.0
83382.0
83417.0
83418.0
83429.0
83431.0
83448.0
83475.0
83478.0
83522.0
83523.0
83524.0
83525.0
83538.0
83563.0
83582.0
83583.0
83595.0
83642.0
83643.0
83656.0
83703.0
83715.0
83716.0
83717.0
83762.0
83763.0
83775.0
83822.0
83835.0
83836.0
83845.0
83882.0
83883.0
83895.0
83942.0
83943.0
83955.0
83978.0
84002.0
84003.0
84015.0
84016.0
84062.0
84063.0
84075.0
84123.0
84124.0
84135.0
84182.0
84183.0
84195.0
84243.0
84245.0
84255.0
84256.0
84303.0
84315.0
84316.0
84363.0
84375.0
84376.0
84423.0
84436.0
84437.0
84483.0
84490.0
84496.0
84542.0
84543.0
84556.0
84557.0
84603.0
84663.0
84675.0
84676.0
84678.0
84679.0
84736.0
84738.0
84739.0
84762.0
84769.0
84771.0
84788.0
84789.0
84795.0
84797.0
84798.0
84799.0
84822.0
84824.0
84828.0
84852.0
84858.0
84859.0
84880.0
84883.0
84918.0
84919.0
84942.0
84946.0
84972.0
84976.0
84978.0
84979.0
85002.0
85003.0
85005.0
85033.0
85038.0
85039.0
85061.0
85098.0
85099.0
85105.0
85122.0
85134.0
85146.0
85151.0
85159.0
85161.0
85176.0
85180.0
85181.0
85183.0
85189.0
85204.0
85211.0
85213.0
85218.0
85219.0
85242.0
85249.0
85271.0
85272.0
85273.0
85278.0
85279.0
85280.0
85301.0
85302.0
85330.0
85331.0
85339.0
85340.0
85361.0
85391.0
85392.0
85400.0
85421.0
85425.0
85452.0
85458.0
85459.0
85461.0
85462.0
85463.0
85464.0
85483.0
85484.0
85488.0
85512.0
85513.0
85519.0
85520.0
85528.0
85543.0
85578.0
85579.0
85580.0
85638.0
85639.0
85640.0
85698.0
85699.0
85700.0
85728.0
85758.0
85759.0
85760.0
85789.0
85818.0
85819.0
85878.0
85879.0
85939.0
85940.0
85969.0
85978.0
85980.0
85981.0
85982.0
85983.0
85995.0
85996.0
85999.0
86000.0
86003.0
86027.0
86028.0
86038.0
86040.0
86058.0
86059.0
86078.0
86079.0
86098.0
86099.0
86100.0
86102.0
86103.0
86116.0
86118.0
86119.0
86149.0
86159.0
86160.0
86162.0
86163.0
86164.0
86176.0
86178.0
86179.0
86180.0
86218.0
86219.0
86222.0
86223.0
86225.0
86236.0
86238.0
86239.0
86278.0
86279.0
86280.0
86283.0
86284.0
86295.0
86296.0
86298.0
86299.0
86300.0
86338.0
86339.0
86340.0
86356.0
86358.0
86359.0
86362.0
86374.0
86389.0
86398.0
86399.0
86402.0
86403.0
86416.0
86418.0
86419.0
86458.0
86459.0
86460.0
86462.0
86463.0
86476.0
86479.0
86509.0
86514.0
86518.0
86520.0
86521.0
86535.0
86536.0
86538.0
86539.0
86543.0
86545.0
86548.0
86569.0
86578.0
86579.0
86582.0
86583.0
86598.0
86599.0
86600.0
86601.0
86638.0
86639.0
86640.0
86654.0
86655.0
86658.0
86660.0
86675.0
86676.0
86698.0
86699.0
86701.0
86702.0
86715.0
86719.0
86720.0
86750.0
86758.0
86759.0
86778.0
86779.0
86810.0
86817.0
86818.0
86819.0
86822.0
86823.0
86835.0
86838.0
86839.0
86870.0
86878.0
86879.0
86880.0
86882.0
86883.0
86899.0
86928.0
86929.0
86938.0
86939.0
86943.0
86978.0
86990.0
86998.0
87000.0
87002.0
87003.0
87018.0
87031.0
87058.0
87059.0
87062.0
87063.0
87065.0
87119.0
87122.0
87123.0
87135.0
87136.0
87137.0
87138.0
87162.0
87163.0
87179.0
87183.0
87196.0
87211.0
87219.0
87244.0
87255.0
87256.0
87302.0
87304.0
87315.0
87316.0
87317.0
87318.0
87344.0
87359.0
87363.0
87376.0
87377.0
87425.0
87435.0
87436.0
87437.0
87438.0
87439.0
87465.0
87466.0
87482.0
87483.0
87496.0
87498.0
87499.0
87543.0
87555.0
87556.0
87558.0
87574.0
87602.0
87604.0
87616.0
87618.0
87619.0
87620.0
87647.0
87655.0
87662.0
87664.0
87675.0
87676.0
87677.0
87678.0
87680.0
87723.0
87724.0
87735.0
87736.0
87739.0
87743.0
87782.0
87783.0
87796.0
87798.0
87799.0
87842.0
87843.0
87856.0
87903.0
87904.0
87915.0
87916.0
87963.0
87965.0
87975.0
87976.0
88024.0
88025.0
88035.0
88036.0
88082.0
88083.0
88085.0
88095.0
88096.0
88097.0
88142.0
88144.0
88155.0
88156.0
88203.0
88215.0
88216.0
88217.0
88263.0
88276.0
88278.0
88324.0
88335.0
88336.0
88337.0
88341.0
88382.0
88384.0
88395.0
88396.0
88431.0
88443.0
88445.0
88455.0
88456.0
88457.0
88473.0
88474.0
88503.0
88504.0
88515.0
88516.0
88563.0
88575.0
88576.0
88577.0
88623.0
88636.0
88683.0
88684.0
88685.0
88696.0
88733.0
88735.0
88743.0
88745.0
88756.0
88763.0
88775.0
88776.0
88781.0
88782.0
88803.0
88804.0
88816.0
88817.0
88818.0
88820.0
88837.0
88838.0
88867.0
88876.0
88879.0
88881.0
88893.0
88902.0
88903.0
88932.0
88936.0
88939.0
88940.0
88961.0
88967.0
88990.0
88992.0
88993.0
88998.0
88999.0
89000.0
89022.0
89023.0
89025.0
89058.0
89059.0
89082.0
89106.0
89118.0
89119.0
89120.0
89136.0
89137.0
89149.0
89169.0
89179.0
89180.0
89202.0
89204.0
89234.0
89238.0
89239.0
89258.0
89259.0
89260.0
89289.0
89299.0
89316.0
89322.0
89324.0
89359.0
89360.0
89380.0
89382.0
89383.0
89384.0
89387.0
89414.0
89441.0
89443.0
89448.0
89470.0
89479.0
89502.0
89504.0
89506.0
89534.0
89538.0
89539.0
89562.0
89569.0
89580.0
89598.0
89599.0
89622.0
89624.0
89629.0
89637.0
89651.0
89654.0
89660.0
89675.0
89679.0
89682.0
89711.0
89719.0
89720.0
89735.0
89779.0
89780.0
89838.0
89839.0
89869.0
89898.0
89899.0
89900.0
89930.0
89959.0
89960.0
90018.0
90019.0
90020.0
90050.0
90075.0
90076.0
90077.0
90079.0
90080.0
90094.0
90104.0
90118.0
90119.0
90123.0
90136.0
90138.0
90139.0
90178.0
90179.0
90183.0
90196.0
90198.0
90199.0
90200.0
90238.0
90239.0
90242.0
90243.0
90244.0
90254.0
90256.0
90258.0
90259.0
90272.0
90298.0
90299.0
90302.0
90303.0
90304.0
90305.0
90315.0
90316.0
90319.0
90321.0
90358.0
90359.0
90362.0
90366.0
90375.0
90376.0
90377.0
90378.0
90379.0
90380.0
90418.0
90419.0
90422.0
90423.0
90425.0
90439.0
90440.0
90478.0
90479.0
90482.0
90483.0
90485.0
90494.0
90495.0
90496.0
90499.0
90530.0
90538.0
90539.0
90542.0
90543.0
90556.0
90557.0
90559.0
90560.0
90574.0
90575.0
90590.0
90598.0
90599.0
90602.0
90603.0
90604.0
90615.0
90617.0
90618.0
90619.0
90630.0
90631.0
90658.0
90659.0
90662.0
90663.0
90664.0
90676.0
90677.0
90679.0
90719.0
90722.0
90723.0
90735.0
90736.0
90737.0
90739.0
90740.0
90763.0
90764.0
90778.0
90779.0
90782.0
90783.0
90796.0
90799.0
90800.0
90838.0
90839.0
90842.0
90843.0
90844.0
90855.0
90856.0
90858.0
90859.0
90860.0
90898.0
90899.0
90902.0
90903.0
90904.0
90905.0
90916.0
90918.0
90919.0
90958.0
90959.0
90961.0
90976.0
90977.0
90979.0
91018.0
91019.0
91023.0
91025.0
91035.0
91036.0
91037.0
91038.0
91039.0
91066.0
91067.0
91077.0
91078.0
91079.0
91083.0
91084.0
91085.0
91096.0
91097.0
91098.0
91099.0
91100.0
91138.0
91139.0
91143.0
91156.0
91157.0
91159.0
91160.0
91170.0
91199.0
91203.0
91216.0
91217.0
91218.0
91219.0
91220.0
91221.0
91258.0
91259.0
91260.0
91263.0
91266.0
91276.0
91279.0
91323.0
91336.0
91339.0
91340.0
91383.0
91397.0
91398.0
91399.0
91400.0
91443.0
91444.0
91456.0
91458.0
91459.0
91460.0
91472.0
91473.0
91503.0
91504.0
91515.0
91516.0
91519.0
91563.0
91564.0
91575.0
91576.0
91579.0
91623.0
91625.0
91636.0
91639.0
91683.0
91684.0
91685.0
91695.0
91696.0
91699.0
91700.0
91701.0
91742.0
91743.0
91756.0
91757.0
91759.0
91803.0
91804.0
91816.0
91817.0
91818.0
91819.0
91849.0
91864.0
91865.0
91876.0
91879.0
91923.0
91936.0
91937.0
91939.0
91940.0
91946.0
91996.0
92046.0
92056.0
92070.0
92102.0
92179.0
92235.0
92282.0
92295.0
92402.0
92523.0
92535.0
92583.0
92584.0
92585.0
92643.0
92644.0
92655.0
92703.0
92716.0
92762.0
92763.0
92776.0
92777.0
92799.0
92823.0
92835.0
92836.0
92860.0
92864.0
92866.0
92883.0
92893.0
92895.0
92896.0
92898.0
92919.0
92924.0
92925.0
92927.0
92955.0
92956.0
92968.0
92979.0
92985.0
93012.0
93015.0
93016.0
93018.0
93020.0
93041.0
93042.0
93070.0
93079.0
93111.0
93113.0
93138.0
93139.0
93163.0
93165.0
93170.0
93171.0
93218.0
93221.0
93232.0
93234.0
93258.0
93264.0
93271.0
93276.0
93291.0
93318.0
93326.0
93356.0
93378.0
93386.0
93412.0
93428.0
93438.0
93496.0
93498.0
93550.0
93579.0
93618.0
93619.0
93678.0
93721.0
93738.0
93798.0
93799.0
93858.0
93859.0
93918.0
93919.0
93978.0
93979.0
94038.0
94039.0
94098.0
94099.0
94158.0
94170.0
94173.0
94186.0
94198.0
94200.0
94202.0
94203.0
94215.0
94216.0
94218.0
94229.0
94230.0
94258.0
94260.0
94262.0
94263.0
94275.0
94276.0
94278.0
94308.0
94318.0
94320.0
94323.0
94335.0
94336.0
94338.0
94339.0
94362.0
94363.0
94364.0
94378.0
94380.0
94383.0
94395.0
94396.0
94398.0
94438.0
94440.0
94443.0
94455.0
94456.0
94458.0
94459.0
94498.0
94500.0
94503.0
94504.0
94515.0
94516.0
94518.0
94519.0
94540.0
94558.0
94560.0
94562.0
94563.0
94575.0
94576.0
94578.0
94618.0
94619.0
94620.0
94623.0
94633.0
94634.0
94636.0
94665.0
94666.0
94668.0
94678.0
94679.0
94680.0
94683.0
94696.0
94698.0
94728.0
94738.0
94739.0
94740.0
94743.0
94755.0
94756.0
94758.0
94759.0
94766.0
94798.0
94800.0
94802.0
94803.0
94815.0
94816.0
94818.0
94819.0
94848.0
94858.0
94859.0
94863.0
94876.0
94878.0
94879.0
94908.0
94918.0
94919.0
94923.0
94935.0
94936.0
94939.0
94978.0
94980.0
94982.0
94983.0
94993.0
94995.0
94996.0
94998.0
95028.0
95038.0
95040.0
95043.0
95055.0
95056.0
95058.0
95059.0
95068.0
95088.0
95098.0
95100.0
95102.0
95103.0
95115.0
95116.0
95118.0
95148.0
95158.0
95160.0
95163.0
95175.0
95176.0
95178.0
95179.0
95218.0
95219.0
95223.0
95224.0
95225.0
95235.0
95236.0
95238.0
95239.0
95278.0
95279.0
95283.0
95284.0
95295.0
95296.0
95298.0
95328.0
95339.0
95343.0
95344.0
95356.0
95357.0
95358.0
95388.0
95399.0
95403.0
95404.0
95406.0
95416.0
95417.0
95418.0
95464.0
95465.0
95476.0
95478.0
95523.0
95524.0
95532.0
95533.0
95537.0
95538.0
95539.0
95568.0
95584.0
95596.0
95597.0
95598.0
95628.0
95643.0
95645.0
95657.0
95659.0
95660.0
95666.0
95679.0
95704.0
95716.0
95717.0
95720.0
95762.0
95763.0
95777.0
95778.0
95779.0
95780.0
95823.0
95824.0
95837.0
95884.0
95895.0
95896.0
95898.0
95899.0
95900.0
95943.0
95944.0
95945.0
95955.0
95956.0
95957.0
95959.0
95960.0
95968.0
96003.0
96016.0
96017.0
96018.0
96019.0
96063.0
96064.0
96065.0
96076.0
96123.0
96124.0
96125.0
96137.0
96138.0
96183.0
96185.0
96197.0
96243.0
96256.0
96303.0
96304.0
96316.0
96318.0
96363.0
96376.0
96377.0
96378.0
96423.0
96424.0
96431.0
96436.0
96437.0
96483.0
96484.0
96495.0
96543.0
96544.0
96557.0
96564.0
96603.0
96604.0
96616.0
96663.0
96664.0
96676.0
96723.0
96725.0
96736.0
96783.0
96784.0
96796.0
96797.0
96798.0
96844.0
96853.0
96856.0
96903.0
96904.0
96941.0
96942.0
96943.0
96963.0
96971.0
96973.0
96977.0
96979.0
96980.0
97002.0
97003.0
97036.0
97037.0
97039.0
97062.0
97063.0
97095.0
97096.0
97097.0
97099.0
97104.0
97124.0
97133.0
97134.0
97155.0
97159.0
97160.0
97163.0
97180.0
97183.0
97184.0
97187.0
97219.0
97220.0
97238.0
97240.0
97242.0
97243.0
97244.0
97279.0
97281.0
97299.0
97300.0
97304.0
97338.0
97339.0
97340.0
97359.0
97362.0
97364.0
97367.0
97398.0
97399.0
97420.0
97421.0
97422.0
97423.0
97425.0
97460.0
97481.0
97482.0
97512.0
97518.0
97519.0
97520.0
97543.0
97579.0
97580.0
97602.0
97603.0
97635.0
97641.0
97662.0
97663.0
97665.0
97694.0
97698.0
97721.0
97722.0
97723.0
97731.0
97753.0
97758.0
97759.0
97766.0
97786.0
97790.0
97816.0
97818.0
97819.0
97820.0
97845.0
97879.0
97909.0
97940.0
97969.0
97998.0
98059.0
98119.0
98179.0
98180.0
98239.0
98240.0
98265.0
98266.0
98279.0
98283.0
98284.0
98285.0
98289.0
98296.0
98297.0
98299.0
98300.0
98338.0
98339.0
98342.0
98343.0
98356.0
98359.0
98362.0
98366.0
98373.0
98392.0
98398.0
98399.0
98403.0
98409.0
98411.0
98416.0
98417.0
98418.0
98419.0
98420.0
98421.0
98459.0
98463.0
98464.0
98476.0
98479.0
98480.0
98481.0
98519.0
98522.0
98523.0
98524.0
98536.0
98538.0
98539.0
98540.0
98579.0
98582.0
98583.0
98584.0
98589.0
98595.0
98596.0
98597.0
98599.0
98638.0
98639.0
98643.0
98644.0
98655.0
98656.0
98658.0
98659.0
98665.0
98698.0
98699.0
98703.0
98704.0
98715.0
98716.0
98717.0
98718.0
98720.0
98748.0
98759.0
98763.0
98776.0
98778.0
98779.0
98783.0
98784.0
98788.0
98789.0
98795.0
98805.0
98808.0
98818.0
98819.0
98823.0
98836.0
98837.0
98838.0
98839.0
98879.0
98882.0
98883.0
98884.0
98896.0
98899.0
98900.0
98916.0
98917.0
98921.0
98928.0
98936.0
98938.0
98939.0
98943.0
98956.0
98957.0
98958.0
98959.0
98988.0
98999.0
99001.0
99002.0
99003.0
99016.0
99017.0
99018.0
99019.0
99020.0
99048.0
99058.0
99059.0
99063.0
99064.0
99076.0
99078.0
99079.0
99084.0
99086.0
99088.0
99089.0
99118.0
99121.0
99123.0
99128.0
99136.0
99138.0
99139.0
99168.0
99179.0
99180.0
99183.0
99184.0
99196.0
99197.0
99198.0
99199.0
99208.0
99214.0
99219.0
99223.0
99224.0
99229.0
99231.0
99239.0
99240.0
99241.0
99242.0
99243.0
99256.0
99258.0
99259.0
99261.0
99280.0
99288.0
99298.0
99299.0
99303.0
99304.0
99316.0
99319.0
99334.0
99342.0
99353.0
99357.0
99359.0
99360.0
99363.0
99376.0
99378.0
99379.0
99398.0
99401.0
99419.0
99423.0
99436.0
99439.0
99455.0
99467.0
99469.0
99475.0
99479.0
99480.0
99482.0
99483.0
99484.0
99486.0
99488.0
99493.0
99494.0
99496.0
99497.0
99499.0
99500.0
99501.0
99503.0
99508.0
99511.0
99522.0
99523.0
99526.0
99529.0
99530.0
99531.0
99534.0
99538.0
99539.0
99540.0
99541.0
99543.0
99551.0
99552.0
99553.0
99554.0
99556.0
99558.0
99559.0
99560.0
99564.0
99568.0
99575.0
99576.0
99577.0
99581.0
99589.0
99600.0
99601.0
99602.0
99603.0
99604.0
99606.0
99613.0
99614.0
99615.0
99616.0
99617.0
99618.0
99619.0
99621.0
99622.0
99623.0
99626.0
99627.0
99629.0
99630.0
99632.0
99636.0
99639.0
99641.0
99644.0
99649.0
99657.0
99658.0
99660.0
99662.0
99663.0
99664.0
99671.0
99672.0
99673.0
99674.0
99676.0
99678.0
99679.0
99684.0
99685.0
99687.0
99701.0
99702.0
99703.0
99708.0
99709.0
99713.0
99714.0
99715.0
99716.0
99717.0
99723.0
99733.0
99734.0
99735.0
99736.0
99737.0
99738.0
99739.0
99743.0
99746.0
99751.0
99752.0
99753.0
99755.0
99756.0
99758.0
99759.0
99760.0
99762.0
99763.0
99765.0
99769.0
99770.0
99771.0
99773.0
99775.0
99783.0
99788.0
99796.0
99798.0
99799.0
99825.0
99826.0
99829.0
99833.0
99834.0
99837.0
99838.0
99843.0
99856.0
99859.0
99889.0
99901.0
99903.0
99904.0
99916.0
99918.0
99919.0
99920.0
99924.0
99927.0
99929.0
99930.0
99935.0
99944.0
99947.0
99949.0
99958.0
99959.0
99962.0
99963.0
99965.0
99966.0
99973.0
99974.0
99975.0
99976.0
99978.0
99979.0
99986.0
99987.0
99988.0
99989.0
99990.0
99995.0
100004.0
100005.0
100009.0
100010.0
100011.0
100012.0
100016.0
100017.0
100018.0
100019.0
100020.0
100023.0
100027.0
100036.0
100037.0
100038.0
100039.0
100041.0
100042.0
100046.0
100052.0
100053.0
100054.0
100055.0
100056.0
100057.0
100058.0
100059.0
100062.0
100063.0
100065.0
100066.0
100068.0
100074.0
100076.0
100079.0
100083.0
100096.0
100099.0
100143.0
100144.0
100156.0
100160.0
100203.0
100216.0
100263.0
100276.0
100277.0
100323.0
100324.0
100336.0
100383.0
100384.0
100396.0
100443.0
100456.0
100457.0
100458.0
100503.0
100504.0
100516.0
100517.0
100563.0
100564.0
100576.0
100623.0
100624.0
100637.0
100683.0
100684.0
100696.0
100697.0
100698.0
100743.0
100756.0
100757.0
100803.0
100805.0
100816.0
100863.0
100865.0
100876.0
100923.0
100924.0
100926.0
100937.0
100996.0
100997.0
101024.0
101025.0
101046.0
101054.0
101057.0
101059.0
101083.0
101084.0
101110.0
101111.0
101112.0
101119.0
101140.0
101142.0
101143.0
101169.0
101170.0
101173.0
101178.0
101179.0
101200.0
101202.0
101219.0
101232.0
101239.0
101240.0
101241.0
101249.0
101278.0
101292.0
101299.0
101300.0
101322.0
101328.0
101353.0
101354.0
101359.0
101362.0
101384.0
101387.0
101413.0
101414.0
101429.0
101444.0
101447.0
101459.0
101472.0
101475.0
101482.0
101503.0
101530.0
101531.0
101538.0
101560.0
101561.0
101590.0
101591.0
101592.0
101599.0
101620.0
101623.0
101624.0
101653.0
101682.0
101683.0
101684.0
101719.0
101742.0
101743.0
101770.0
101772.0
101800.0
101801.0
101803.0
101805.0
101833.0
101835.0
101863.0
101865.0
101866.0
101895.0
101898.0
101923.0
101925.0
101955.0
101983.0
102019.0
102020.0
102079.0
102080.0
102139.0
102199.0
102259.0
102261.0
102319.0
102363.0
102376.0
102378.0
102379.0
102418.0
102420.0
102423.0
102424.0
102436.0
102437.0
102438.0
102439.0
102483.0
102484.0
102496.0
102497.0
102499.0
102500.0
102540.0
102543.0
102544.0
102545.0
102556.0
102557.0
102558.0
102559.0
102603.0
102604.0
102616.0
102619.0
102660.0
102663.0
102676.0
102677.0
102679.0
102686.0
102687.0
102688.0
102690.0
102709.0
102718.0
102723.0
102724.0
102725.0
102736.0
102739.0
102769.0
102784.0
102796.0
102797.0
102799.0
102839.0
102840.0
102842.0
102843.0
102844.0
102856.0
102857.0
102859.0
102898.0
102902.0
102903.0
102916.0
102917.0
102919.0
102958.0
102960.0
102963.0
102964.0
102976.0
102978.0
102979.0
102980.0
103018.0
103020.0
103023.0
103024.0
103036.0
103037.0
103038.0
103039.0
103078.0
103080.0
103083.0
103084.0
103085.0
103096.0
103099.0
103129.0
103138.0
103140.0
103143.0
103156.0
103157.0
103159.0
103160.0
103183.0
103198.0
103199.0
103200.0
103203.0
103204.0
103216.0
103219.0
103220.0
103258.0
103260.0
103263.0
103264.0
103276.0
103278.0
103279.0
103309.0
103318.0
103320.0
103323.0
103336.0
103339.0
103369.0
103378.0
103380.0
103383.0
103396.0
103397.0
103398.0
103399.0
103438.0
103440.0
103443.0
103456.0
103458.0
103459.0
103460.0
103500.0
103503.0
103516.0
103518.0
103519.0
103560.0
103563.0
103576.0
103577.0
103579.0
103623.0
103636.0
103639.0
103683.0
103684.0
103696.0
103698.0
103699.0
103700.0
103743.0
103756.0
103757.0
103759.0
103789.0
103803.0
103816.0
103817.0
103819.0
103863.0
103864.0
103876.0
103879.0
103923.0
103924.0
103936.0
103939.0
103983.0
103996.0
103999.0
104029.0
104043.0
104044.0
104056.0
104059.0
104089.0
104103.0
104116.0
104119.0
104120.0
104149.0
104163.0
104176.0
104177.0
104179.0
104209.0
104223.0
104224.0
104236.0
104283.0
104296.0
104343.0
104356.0
104357.0
104403.0
104416.0
104463.0
104476.0
104523.0
104536.0
104583.0
104596.0
104644.0
104656.0
104703.0
104704.0
104716.0
104763.0
104776.0
104777.0
104823.0
104824.0
104836.0
104837.0
104883.0
104896.0
104943.0
104944.0
104956.0
105004.0
105016.0
105029.0
105030.0
105064.0
105065.0
105076.0
105077.0
105124.0
105125.0
105130.0
105133.0
105137.0
105138.0
105162.0
105163.0
105164.0
105184.0
105185.0
105192.0
105194.0
105196.0
105197.0
105199.0
105222.0
105223.0
105224.0
105256.0
105257.0
105258.0
105259.0
105282.0
105283.0
105312.0
105313.0
105317.0
105318.0
105319.0
105341.0
105342.0
105370.0
105371.0
105372.0
105373.0
105379.0
105400.0
105401.0
105403.0
105409.0
105432.0
105433.0
105439.0
105440.0
105441.0
105462.0
105465.0
105466.0
105492.0
105499.0
105500.0
105552.0
105554.0
105559.0
105560.0
105561.0
105582.0
105583.0
105584.0
105589.0
105612.0
105614.0
105619.0
105621.0
105642.0
105643.0
105644.0
105672.0
105673.0
105679.0
105681.0
105702.0
105703.0
105733.0
105739.0
105762.0
105764.0
105770.0
105792.0
105794.0
105799.0
105821.0
105822.0
105823.0
105830.0
105852.0
105854.0
105857.0
105859.0
105860.0
105880.0
105882.0
105883.0
105910.0
105911.0
105912.0
105919.0
105920.0
105940.0
105941.0
105942.0
105944.0
105946.0
105976.0
105979.0
105980.0
105981.0
106004.0
106039.0
106040.0
106062.0
106063.0
106099.0
106101.0
106102.0
106103.0
106159.0
106160.0
106219.0
106220.0
106279.0
106280.0
106339.0
106340.0
106341.0
106352.0
106456.0
106462.0
106470.0
106489.0
106499.0
106503.0
106513.0
106516.0
106519.0
106559.0
106563.0
106564.0
106576.0
106579.0
106618.0
106619.0
106623.0
106624.0
106625.0
106678.0
106679.0
106683.0
106684.0
106696.0
106697.0
106699.0
106739.0
106743.0
106757.0
106758.0
106759.0
106799.0
106801.0
106802.0
106803.0
106804.0
106805.0
106816.0
106849.0
106863.0
106919.0
106920.0
106921.0
106923.0
106924.0
106938.0
106969.0
106979.0
106981.0
106982.0
106983.0
106999.0
107000.0
107039.0
107042.0
107043.0
107056.0
107060.0
107061.0
107099.0
107102.0
107104.0
107119.0
107159.0
107163.0
107164.0
107219.0
107241.0
107283.0
107284.0
107296.0
107329.0
107338.0
107339.0
107343.0
107344.0
107352.0
107359.0
107398.0
107404.0
107405.0
107416.0
107464.0
107476.0
107478.0
107479.0
107524.0
107536.0
107537.0
107538.0
107569.0
107579.0
107584.0
107596.0
107597.0
107599.0
107655.0
107656.0
107657.0
107685.0
107707.0
107715.0
107716.0
107717.0
107779.0
107780.0
107781.0
107823.0
107839.0
107840.0
107841.0
107896.0
107899.0
107900.0
107943.0
107956.0
107959.0
107960.0
108019.0
108020.0
108119.0
108142.0
108143.0
108169.0
108183.0
108196.0
108199.0
108244.0
108251.0
108303.0
108304.0
108316.0
108319.0
108363.0
108364.0
108376.0
108377.0
108423.0
108424.0
108436.0
108437.0
108438.0
108483.0
108484.0
108496.0
108497.0
108543.0
108556.0
108603.0
108616.0
108617.0
108630.0
108663.0
108664.0
108676.0
108723.0
108736.0
108762.0
108763.0
108783.0
108784.0
108796.0
108797.0
108798.0
108843.0
108844.0
108856.0
108903.0
108904.0
108916.0
108963.0
108976.0
108977.0
109023.0
109024.0
109027.0
109036.0
109083.0
109096.0
109143.0
109150.0
109156.0
109157.0
109203.0
109204.0
109216.0
109244.0
109263.0
109264.0
109265.0
109276.0
109279.0
109280.0
109333.0
109337.0
109339.0
109340.0
109369.0
109399.0
109400.0
109419.0
109429.0
109451.0
109453.0
109455.0
109459.0
109460.0
109489.0
109519.0
109520.0
109544.0
109545.0
109547.0
109576.0
109579.0
109603.0
109605.0
109609.0
109641.0
109662.0
109663.0
109664.0
109699.0
109700.0
109701.0
109721.0
109722.0
109724.0
109725.0
109759.0
109760.0
109783.0
109784.0
109785.0
109819.0
109820.0
109822.0
109843.0
109844.0
109845.0
109879.0
109880.0
109881.0
109903.0
109904.0
109933.0
109935.0
109939.0
109940.0
109941.0
109962.0
109963.0
109964.0
109972.0
109990.0
109995.0
109999.0
110000.0
110021.0
110022.0
110023.0
110024.0
110054.0
110059.0
110060.0
110083.0
110084.0
110085.0
110120.0
110143.0
110144.0
110179.0
110180.0
110181.0
110240.0
110299.0
110300.0
110353.0
110359.0
110360.0
110419.0
110420.0
110421.0
110479.0
110480.0
110481.0
110539.0
110540.0
110554.0
110567.0
110580.0
110582.0
110583.0
110584.0
110596.0
110597.0
110598.0
110599.0
110600.0
110640.0
110641.0
110643.0
110644.0
110657.0
110659.0
110661.0
110662.0
110700.0
110702.0
110703.0
110704.0
110705.0
110716.0
110717.0
110720.0
110763.0
110764.0
110765.0
110777.0
110780.0
110815.0
110818.0
110820.0
110823.0
110824.0
110837.0
110840.0
110883.0
110884.0
110885.0
110897.0
110899.0
110900.0
110901.0
110940.0
110942.0
110943.0
110944.0
110945.0
110948.0
110949.0
110956.0
110957.0
110960.0
110990.0
111002.0
111003.0
111004.0
111005.0
111016.0
111017.0
111018.0
111019.0
111020.0
111022.0
111029.0
111060.0
111062.0
111063.0
111064.0
111076.0
111077.0
111078.0
111079.0
111080.0
111081.0
111120.0
111122.0
111123.0
111124.0
111136.0
111137.0
111138.0
111140.0
111167.0
111173.0
111175.0
111180.0
111182.0
111183.0
111184.0
111191.0
111196.0
111197.0
111198.0
111200.0
111205.0
111230.0
111240.0
111242.0
111243.0
111244.0
111245.0
111251.0
111252.0
111256.0
111257.0
111259.0
111260.0
111290.0
111300.0
111303.0
111304.0
111305.0
111317.0
111318.0
111319.0
111320.0
111322.0
111332.0
111360.0
111362.0
111363.0
111364.0
111365.0
111377.0
111379.0
111380.0
111382.0
111420.0
111422.0
111423.0
111424.0
111436.0
111437.0
111439.0
111440.0
111441.0
111480.0
111483.0
111484.0
111496.0
111497.0
111499.0
111500.0
111540.0
111542.0
111543.0
111545.0
111557.0
111559.0
111560.0
111561.0
111562.0
111600.0
111602.0
111603.0
111604.0
111616.0
111617.0
111619.0
111620.0
111622.0
111627.0
111660.0
111664.0
111677.0
111679.0
111680.0
111681.0
111714.0
111715.0
111724.0
111725.0
111737.0
111738.0
111739.0
111740.0
111780.0
111784.0
111796.0
111797.0
111799.0
111800.0
111801.0
111844.0
111845.0
111848.0
111857.0
111859.0
111860.0
111904.0
111905.0
111917.0
111920.0
111964.0
111965.0
111976.0
111977.0
111980.0
111982.0
112023.0
112025.0
112037.0
112039.0
112040.0
112041.0
112083.0
112084.0
112097.0
112098.0
112099.0
112100.0
112101.0
112143.0
112144.0
112151.0
112156.0
112158.0
112159.0
112160.0
112161.0
112204.0
112217.0
112221.0
112229.0
112230.0
112231.0
112264.0
112277.0
112279.0
112280.0
112324.0
112337.0
112340.0
112342.0
112363.0
112384.0
112397.0
112400.0
112401.0
112444.0
112456.0
112457.0
112503.0
112504.0
112517.0
112564.0
112565.0
112577.0
112613.0
112624.0
112636.0
112637.0
112683.0
112684.0
112697.0
112698.0
112743.0
112744.0
112745.0
112746.0
112757.0
112804.0
112816.0
112817.0
112863.0
112864.0
112877.0
112923.0
112925.0
112927.0
112936.0
112937.0
112938.0
112984.0
112997.0
113043.0
113044.0
113056.0
113058.0
113060.0
113117.0
113118.0
113160.0
113163.0
113223.0
113237.0
113293.0
113329.0
113356.0
113358.0
113359.0
113360.0
113361.0
113362.0
113385.0
113386.0
113413.0
113415.0
113419.0
113420.0
113441.0
113443.0
113444.0
113479.0
113480.0
113499.0
113500.0
113504.0
113507.0
113534.0
113560.0
113564.0
113566.0
113569.0
113577.0
113587.0
113590.0
113591.0
113596.0
113599.0
113624.0
113625.0
113659.0
113667.0
113682.0
113683.0
113687.0
113696.0
113697.0
113715.0
113745.0
113747.0
113756.0
113771.0
113772.0
113806.0
113807.0
113819.0
113839.0
113866.0
113867.0
113895.0
113922.0
113923.0
113925.0
113926.0
113941.0
113948.0
113949.0
113952.0
113959.0
113970.0
113981.0
113985.0
114011.0
114013.0
114032.0
114041.0
114043.0
114059.0
114060.0
114071.0
114079.0
114080.0
114102.0
114103.0
114105.0
114106.0
114135.0
114140.0
114142.0
114158.0
114159.0
114160.0
114199.0
114200.0
114216.0
114217.0
114259.0
114260.0
114261.0
114319.0
114320.0
114379.0
114380.0
114439.0
114440.0
114441.0
114499.0
114500.0
114559.0
114560.0
114561.0
114619.0
114620.0
114621.0
114659.0
114663.0
114664.0
114676.0
114679.0
114680.0
114723.0
114724.0
114736.0
114737.0
114739.0
114740.0
114768.0
114769.0
114783.0
114784.0
114796.0
114797.0
114799.0
114800.0
114843.0
114844.0
114847.0
114856.0
114857.0
114859.0
114889.0
114899.0
114903.0
114904.0
114916.0
114917.0
114919.0
114920.0
114959.0
114962.0
114963.0
114964.0
114976.0
114977.0
114979.0
115019.0
115022.0
115023.0
115024.0
115036.0
115037.0
115039.0
115083.0
115084.0
115096.0
115097.0
115099.0
115100.0
115139.0
115141.0
115143.0
115144.0
115156.0
115157.0
115159.0
115160.0
115202.0
115203.0
115204.0
115216.0
115217.0
115219.0
115220.0
115259.0
115262.0
115263.0
115264.0
115276.0
115277.0
115279.0
115280.0
115310.0
115311.0
115319.0
115322.0
115323.0
115324.0
115336.0
115337.0
115339.0
115340.0
115379.0
115382.0
115383.0
115384.0
115396.0
115399.0
115439.0
115442.0
115443.0
115444.0
115456.0
115457.0
115459.0
115499.0
115502.0
115503.0
115504.0
115516.0
115517.0
115519.0
115559.0
115563.0
115564.0
115576.0
115577.0
115579.0
115619.0
115623.0
115624.0
115636.0
115637.0
115639.0
115640.0
115641.0
115668.0
115669.0
115679.0
115683.0
115684.0
115696.0
115697.0
115699.0
115739.0
115743.0
115744.0
115746.0
115747.0
115756.0
115757.0
115759.0
115789.0
115799.0
115803.0
115804.0
115816.0
115817.0
115819.0
115829.0
115830.0
115859.0
115863.0
115864.0
115876.0
115877.0
115879.0
115880.0
115923.0
115924.0
115936.0
115937.0
115939.0
115940.0
115963.0
115983.0
115984.0
115996.0
115999.0
116000.0
116004.0
116044.0
116056.0
116057.0
116059.0
116103.0
116104.0
116116.0
116117.0
116119.0
116120.0
116163.0
116164.0
116177.0
116179.0
116180.0
116209.0
116223.0
116224.0
116236.0
116237.0
116239.0
116240.0
116265.0
116266.0
116283.0
116284.0
116296.0
116297.0
116299.0
116300.0
116342.0
116343.0
116344.0
116356.0
116357.0
116359.0
116360.0
116403.0
116404.0
116416.0
116417.0
116419.0
116420.0
116464.0
116476.0
116477.0
116480.0
116525.0
116526.0
116536.0
116537.0
116539.0
116540.0
116584.0
116597.0
116644.0
116657.0
116704.0
116716.0
116717.0
116765.0
116777.0
116824.0
116837.0
116884.0
116885.0
116886.0
116897.0
116898.0
116944.0
116945.0
116956.0
116957.0
117004.0
117016.0
117064.0
117065.0
117076.0
117078.0
117109.0
117124.0
117137.0
117138.0
117184.0
117185.0
117241.0
117242.0
117244.0
117257.0
117303.0
117304.0
117317.0
117318.0
117323.0
117324.0
117364.0
117377.0
117414.0
117424.0
117425.0
117436.0
117437.0
117438.0
117466.0
117467.0
117495.0
117497.0
117499.0
117500.0
117501.0
117511.0
117512.0
117525.0
117528.0
117536.0
117541.0
117544.0
117545.0
117546.0
117548.0
117557.0
117558.0
117560.0
117576.0
117577.0
117586.0
117594.0
117596.0
117610.0
117612.0
117620.0
117621.0
117640.0
117641.0
117666.0
117667.0
117680.0
117696.0
117740.0
117741.0
117749.0
117750.0
117800.0
117801.0
117813.0
117815.0
117816.0
117840.0
117860.0
117861.0
117870.0
117871.0
117919.0
117920.0
117926.0
117927.0
117979.0
117980.0
117981.0
117982.0
118014.0
118039.0
118040.0
118041.0
118042.0
118043.0
118044.0
118100.0
118105.0
118131.0
118140.0
118159.0
118160.0
118162.0
118168.0
118171.0
118172.0
118195.0
118211.0
118219.0
118220.0
118221.0
118237.0
118239.0
118279.0
118280.0
118281.0
118283.0
118315.0
118339.0
118340.0
118341.0
118377.0
118399.0
118400.0
118402.0
118443.0
118460.0
118461.0
118519.0
118520.0
118521.0
118579.0
118580.0
118581.0
118639.0
118640.0
118642.0
118700.0
118740.0
118743.0
118744.0
118745.0
118757.0
118758.0
118760.0
118800.0
118802.0
118803.0
118804.0
118805.0
118816.0
118817.0
118820.0
118860.0
118861.0
118863.0
118864.0
118865.0
118876.0
118877.0
118880.0
118907.0
118920.0
118923.0
118924.0
118925.0
118936.0
118937.0
118940.0
118941.0
118980.0
118983.0
118984.0
118985.0
118996.0
118997.0
118999.0
119000.0
119001.0
119040.0
119043.0
119044.0
119056.0
119057.0
119060.0
119061.0
119100.0
119102.0
119103.0
119104.0
119105.0
119116.0
119117.0
119119.0
119120.0
119160.0
119161.0
119162.0
119163.0
119164.0
119165.0
119176.0
119177.0
119179.0
119180.0
119221.0
119223.0
119224.0
119225.0
119236.0
119237.0
119239.0
119240.0
119263.0
119265.0
119280.0
119283.0
119284.0
119296.0
119297.0
119299.0
119300.0
119340.0
119342.0
119343.0
119344.0
119345.0
119356.0
119357.0
119359.0
119360.0
119403.0
119404.0
119405.0
119416.0
119417.0
119419.0
119420.0
119430.0
119462.0
119463.0
119464.0
119465.0
119476.0
119477.0
119479.0
119480.0
119520.0
119523.0
119524.0
119525.0
119536.0
119537.0
119539.0
119540.0
119563.0
119580.0
119582.0
119583.0
119584.0
119585.0
119597.0
119599.0
119600.0
119640.0
119642.0
119643.0
119644.0
119656.0
119657.0
119659.0
119660.0
119700.0
119703.0
119704.0
119716.0
119717.0
119719.0
119720.0
119762.0
119763.0
119764.0
119765.0
119776.0
119777.0
119779.0
119780.0
119805.0
119820.0
119823.0
119824.0
119825.0
119836.0
119837.0
119839.0
119840.0
119865.0
119866.0
119880.0
119883.0
119884.0
119885.0
119896.0
119897.0
119899.0
119900.0
119938.0
119940.0
119943.0
119944.0
119956.0
119957.0
119959.0
119960.0
120003.0
120004.0
120017.0
120019.0
120020.0
120063.0
120064.0
120076.0
120077.0
120079.0
120080.0
120123.0
120124.0
120136.0
120137.0
120139.0
120140.0
120184.0
120186.0
120196.0
120197.0
120199.0
120200.0
120241.0
120244.0
120256.0
120257.0
120259.0
120260.0
120304.0
120317.0
120318.0
120319.0
120320.0
120364.0
120377.0
120378.0
120379.0
120380.0
120424.0
120426.0
120437.0
120438.0
120439.0
120440.0
120484.0
120497.0
120499.0
120500.0
120543.0
120544.0
120557.0
120558.0
120559.0
120560.0
120616.0
120617.0
120620.0
120621.0
120664.0
120665.0
120677.0
120678.0
120705.0
120724.0
120726.0
120736.0
120737.0
120738.0
120784.0
120785.0
120796.0
120797.0
120798.0
120837.0
120838.0
120843.0
120857.0
120858.0
120904.0
120905.0
120917.0
120964.0
120966.0
120977.0
120978.0
121024.0
121036.0
121038.0
121084.0
121097.0
121143.0
121144.0
121157.0
121204.0
121217.0
121263.0
121264.0
121276.0
121277.0
121323.0
121324.0
121336.0
121337.0
121384.0
121397.0
121443.0
121444.0
121456.0
121457.0
121503.0
121504.0
121514.0
121516.0
121517.0
121540.0
121542.0
121543.0
121563.0
121564.0
121576.0
121577.0
121579.0
121580.0
121591.0
121592.0
121621.0
121637.0
121639.0
121640.0
121641.0
121642.0
121697.0
121699.0
121700.0
121759.0
121760.0
121767.0
121807.0
121819.0
121820.0
121830.0
121831.0
121847.0
121867.0
121868.0
121869.0
121879.0
121880.0
121896.0
121897.0
121898.0
121900.0
121938.0
121939.0
121940.0
121995.0
121999.0
122000.0
122013.0
122020.0
122028.0
122029.0
122032.0
122039.0
122040.0
122048.0
122049.0
122059.0
122060.0
122074.0
122077.0
122078.0
122088.0
122090.0
122107.0
122119.0
122120.0
122134.0
122135.0
122148.0
122179.0
122180.0
122190.0
122191.0
122192.0
122239.0
122240.0
122244.0
122245.0
122251.0
122252.0
122299.0
122300.0
122304.0
122305.0
122306.0
122338.0
122359.0
122360.0
122367.0
122368.0
122420.0
122467.0
122479.0
122480.0
122539.0
122540.0
122599.0
122600.0
122604.0
122659.0
122660.0
122719.0
122720.0
122779.0
122780.0
122781.0
122839.0
122840.0
122854.0
122859.0
122867.0
122879.0
122883.0
122884.0
122897.0
122899.0
122900.0
122938.0
122939.0
122943.0
122944.0
122956.0
122957.0
122958.0
122960.0
122999.0
123003.0
123005.0
123016.0
123017.0
123019.0
123020.0
123059.0
123063.0
123064.0
123076.0
123077.0
123079.0
123080.0
123119.0
123123.0
123124.0
123138.0
123139.0
123140.0
123162.0
123163.0
123179.0
123183.0
123184.0
123197.0
123199.0
123200.0
123239.0
123243.0
123244.0
123256.0
123257.0
123259.0
123260.0
123261.0
123299.0
123303.0
123304.0
123317.0
123319.0
123320.0
123359.0
123363.0
123364.0
123377.0
123380.0
123401.0
123419.0
123420.0
123421.0
123423.0
123424.0
123428.0
123436.0
123437.0
123439.0
123440.0
123441.0
123466.0
123479.0
123483.0
123484.0
123496.0
123497.0
123499.0
123500.0
123534.0
123539.0
123543.0
123544.0
123557.0
123559.0
123560.0
123599.0
123603.0
123604.0
123617.0
123619.0
123620.0
123659.0
123663.0
123664.0
123677.0
123679.0
123680.0
123719.0
123723.0
123724.0
123737.0
123740.0
123758.0
123759.0
123779.0
123783.0
123784.0
123796.0
123797.0
123799.0
123800.0
123837.0
123839.0
123843.0
123844.0
123857.0
123860.0
123899.0
123903.0
123904.0
123916.0
123917.0
123920.0
123959.0
123963.0
123964.0
123965.0
123977.0
123980.0
124019.0
124024.0
124036.0
124037.0
124039.0
124040.0
124084.0
124097.0
124098.0
124100.0
124143.0
124144.0
124145.0
124157.0
124158.0
124159.0
124160.0
124204.0
124205.0
124216.0
124217.0
124220.0
124264.0
124265.0
124277.0
124278.0
124280.0
124301.0
124324.0
124326.0
124337.0
124338.0
124339.0
124340.0
124384.0
124385.0
124400.0
124401.0
124434.0
124444.0
124445.0
124457.0
124459.0
124460.0
124461.0
124504.0
124518.0
124519.0
124520.0
124564.0
124577.0
124578.0
124580.0
124581.0
124624.0
124625.0
124637.0
124638.0
124639.0
124640.0
124641.0
124684.0
124685.0
124697.0
124698.0
124701.0
124737.0
124744.0
124757.0
124758.0
124761.0
124804.0
124805.0
124817.0
124818.0
124864.0
124877.0
124878.0
124924.0
124926.0
124937.0
124938.0
124984.0
124997.0
124998.0
125000.0
125044.0
125045.0
125057.0
125058.0
125105.0
125117.0
125118.0
125164.0
125165.0
125177.0
125178.0
125199.0
125224.0
125225.0
125237.0
125238.0
125284.0
125297.0
125298.0
125344.0
125345.0
125357.0
125358.0
125404.0
125417.0
125464.0
125465.0
125477.0
125478.0
125479.0
125524.0
125538.0
125584.0
125586.0
125597.0
125598.0
125609.0
125627.0
125628.0
125629.0
125644.0
125645.0
125646.0
125647.0
125657.0
125658.0
125660.0
125661.0
125665.0
125675.0
125688.0
125695.0
125706.0
125714.0
125717.0
125719.0
125720.0
125740.0
125741.0
125742.0
125755.0
125760.0
125768.0
125769.0
125777.0
125779.0
125780.0
125781.0
125784.0
125840.0
125841.0
125842.0
125860.0
125861.0
125862.0
125867.0
125870.0
125872.0
125873.0
125889.0
125892.0
125900.0
125901.0
125917.0
125954.0
125960.0
125961.0
125962.0
125981.0
125982.0
126000.0
126011.0
126020.0
126021.0
126022.0
126037.0
126038.0
126080.0
126081.0
126082.0
126091.0
126092.0
126140.0
126141.0
126142.0
126144.0
126146.0
126200.0
126201.0
126202.0
126203.0
126204.0
126233.0
126260.0
126261.0
126263.0
126264.0
126320.0
126327.0
126328.0
126380.0
126381.0
126390.0
126391.0
126392.0
126393.0
126420.0
126427.0
126440.0
126441.0
126468.0
126497.0
126500.0
126501.0
126534.0
126535.0
126560.0
126561.0
126562.0
126620.0
126621.0
126622.0
126680.0
126681.0
126682.0
126740.0
126741.0
126800.0
126801.0
126860.0
126861.0
126920.0
126934.0
126963.0
126964.0
126965.0
126966.0
126977.0
126980.0
126981.0
126997.0
127023.0
127024.0
127025.0
127026.0
127037.0
127038.0
127040.0
127041.0
127065.0
127066.0
127083.0
127084.0
127085.0
127097.0
127100.0
127101.0
127130.0
127140.0
127143.0
127144.0
127145.0
127158.0
127159.0
127160.0
127161.0
127203.0
127204.0
127205.0
127217.0
127220.0
127221.0
127263.0
127264.0
127265.0
127277.0
127278.0
127280.0
127281.0
127321.0
127323.0
127324.0
127325.0
127337.0
127341.0
127342.0
127355.0
127358.0
127383.0
127384.0
127385.0
127386.0
127397.0
127400.0
127401.0
127433.0
127434.0
127442.0
127443.0
127444.0
127445.0
127457.0
127458.0
127460.0
127461.0
127462.0
127502.0
127504.0
127505.0
127518.0
127519.0
127520.0
127563.0
127564.0
127565.0
127577.0
127579.0
127580.0
127581.0
127622.0
127623.0
127624.0
127625.0
127626.0
127637.0
127640.0
127641.0
127642.0
127683.0
127684.0
127685.0
127701.0
127702.0
127740.0
127743.0
127744.0
127745.0
127757.0
127758.0
127760.0
127761.0
127762.0
127800.0
127802.0
127803.0
127804.0
127805.0
127817.0
127820.0
127821.0
127822.0
127862.0
127863.0
127864.0
127865.0
127877.0
127878.0
127881.0
127882.0
127887.0
127888.0
127890.0
127896.0
127920.0
127922.0
127923.0
127924.0
127925.0
127926.0
127937.0
127939.0
127940.0
127941.0
127951.0
127983.0
127984.0
127985.0
127997.0
127998.0
128001.0
128002.0
128029.0
128044.0
128045.0
128057.0
128058.0
128059.0
128060.0
128061.0
128062.0
128104.0
128105.0
128117.0
128118.0
128120.0
128164.0
128178.0
128180.0
128181.0
128182.0
128224.0
128225.0
128237.0
128238.0
128240.0
128241.0
128242.0
128284.0
128285.0
128297.0
128298.0
128300.0
128301.0
128302.0
128332.0
128333.0
128343.0
128344.0
128357.0
128358.0
128360.0
128361.0
128362.0
128403.0
128404.0
128417.0
128418.0
128420.0
128421.0
128422.0
128463.0
128464.0
128476.0
128477.0
128480.0
128481.0
128523.0
128524.0
128536.0
128537.0
128540.0
128541.0
128583.0
128584.0
128597.0
128600.0
128601.0
128644.0
128656.0
128657.0
128660.0
128661.0
128705.0
128717.0
128720.0
128721.0
128764.0
128776.0
128777.0
128780.0
128795.0
128824.0
128825.0
128836.0
128837.0
128838.0
128839.0
128840.0
128884.0
128885.0
128897.0
128899.0
128928.0
128944.0
128957.0
129004.0
129005.0
129006.0
129017.0
129018.0
129064.0
129077.0
129124.0
129125.0
129137.0
129184.0
129186.0
129197.0
129198.0
129245.0
129257.0
129258.0
129304.0
129317.0
129318.0
129365.0
129377.0
129378.0
129425.0
129437.0
129484.0
129485.0
129497.0
129498.0
129544.0
129545.0
129557.0
129558.0
129604.0
129617.0
129618.0
129664.0
129678.0
129694.0
129707.0
129724.0
129725.0
129734.0
129735.0
129736.0
129737.0
129738.0
129740.0
129741.0
129764.0
129765.0
129766.0
129768.0
129792.0
129793.0
129794.0
129797.0
129799.0
129800.0
129801.0
129823.0
129828.0
129857.0
129858.0
129861.0
129862.0
129870.0
129871.0
129881.0
129900.0
129915.0
129916.0
129921.0
129945.0
129946.0
129980.0
129981.0
129982.0
130004.0
130006.0
130011.0
130013.0
130014.0
130041.0
130069.0
130070.0
130071.0
130082.0
130087.0
130100.0
130101.0
130102.0
130109.0
130116.0
130127.0
130130.0
130131.0
130161.0
130162.0
130193.0
130194.0
130198.0
130199.0
130207.0
130220.0
130221.0
130222.0
130224.0
130240.0
130251.0
130252.0
130253.0
130259.0
130260.0
130270.0
130281.0
130287.0
130304.0
130317.0
130340.0
130341.0
130358.0
130359.0
130364.0
130365.0
130401.0
130402.0
130415.0
130416.0
130447.0
130461.0
130475.0
130476.0
130506.0
130520.0
130521.0
130534.0
130580.0
130581.0
130641.0
130642.0
130666.0
130667.0
130701.0
130702.0
130760.0
130761.0
130820.0
130821.0
130880.0
130881.0
130941.0
130942.0
131001.0
131002.0
131003.0
131029.0
131030.0
131042.0
131043.0
131044.0
131045.0
131046.0
131057.0
131061.0
131103.0
131104.0
131105.0
131117.0
131118.0
131119.0
131121.0
131122.0
131163.0
131164.0
131165.0
131177.0
131178.0
131179.0
131180.0
131181.0
131223.0
131225.0
131238.0
131240.0
131241.0
131283.0
131284.0
131285.0
131297.0
131301.0
131343.0
131344.0
131358.0
131361.0
131362.0
131402.0
131403.0
131404.0
131405.0
131417.0
131418.0
131421.0
131422.0
131462.0
131464.0
131465.0
131477.0
131481.0
131485.0
131486.0
131488.0
131492.0
131493.0
131522.0
131523.0
131524.0
131525.0
131526.0
131537.0
131540.0
131541.0
131543.0
131552.0
131582.0
131583.0
131584.0
131585.0
131597.0
131598.0
131599.0
131601.0
131625.0
131643.0
131644.0
131645.0
131658.0
131660.0
131661.0
131662.0
131663.0
131702.0
131703.0
131704.0
131705.0
131706.0
131717.0
131718.0
131721.0
131762.0
131763.0
131764.0
131765.0
131777.0
131778.0
131780.0
131781.0
131823.0
131824.0
131825.0
131838.0
131840.0
131841.0
131842.0
131853.0
131883.0
131884.0
131885.0
131897.0
131898.0
131900.0
131901.0
131928.0
131929.0
131943.0
131944.0
131945.0
131958.0
131960.0
131961.0
131962.0
131999.0
132003.0
132004.0
132005.0
132017.0
132018.0
132020.0
132021.0
132022.0
132063.0
132064.0
132065.0
132077.0
132080.0
132081.0
132082.0
132083.0
132122.0
132123.0
132124.0
132125.0
132137.0
132138.0
132139.0
132140.0
132141.0
132143.0
132184.0
132185.0
132197.0
132198.0
132200.0
132201.0
132202.0
132257.0
132258.0
132260.0
132261.0
132262.0
132263.0
132304.0
132305.0
132317.0
132318.0
132320.0
132321.0
132322.0
132365.0
132366.0
132377.0
132378.0
132380.0
132381.0
132391.0
132424.0
132426.0
132438.0
132439.0
132440.0
132441.0
132484.0
132485.0
132486.0
132498.0
132500.0
132501.0
132524.0
132544.0
132545.0
132557.0
132558.0
132560.0
132561.0
132562.0
132604.0
132617.0
132618.0
132619.0
132620.0
132621.0
132664.0
132677.0
132678.0
132680.0
132681.0
132737.0
132738.0
132740.0
132741.0
132784.0
132785.0
132797.0
132798.0
132799.0
132800.0
132801.0
132802.0
132828.0
132844.0
132845.0
132857.0
132858.0
132861.0
132862.0
132905.0
132906.0
132918.0
132919.0
132964.0
132965.0
132977.0
132979.0
133025.0
133026.0
133037.0
133038.0
133084.0
133085.0
133086.0
133098.0
133144.0
133157.0
133158.0
133204.0
133205.0
133217.0
133219.0
133264.0
133265.0
133266.0
133277.0
133324.0
133326.0
133338.0
133384.0
133385.0
133397.0
133398.0
133424.0
133444.0
133445.0
133446.0
133457.0
133458.0
133504.0
133505.0
133506.0
133517.0
133518.0
133519.0
133564.0
133565.0
133577.0
133579.0
133624.0
133625.0
133637.0
133685.0
133686.0
133697.0
133698.0
133744.0
133746.0
133757.0
133758.0
133759.0
133774.0
133776.0
133777.0
133804.0
133805.0
133818.0
133819.0
133829.0
133833.0
133834.0
133836.0
133866.0
133877.0
133880.0
133881.0
133882.0
133883.0
133893.0
133894.0
133895.0
133896.0
133897.0
133940.0
133941.0
133942.0
133953.0
133957.0
133958.0
133960.0
133962.0
133963.0
133997.0
133998.0
134000.0
134001.0
134003.0
134015.0
134018.0
134019.0
134049.0
134060.0
134061.0
134062.0
134063.0
134075.0
134076.0
134077.0
134108.0
134120.0
134121.0
134122.0
134130.0
134131.0
134132.0
134133.0
134161.0
134180.0
134181.0
134182.0
134193.0
134194.0
134212.0
134224.0
134240.0
134241.0
134242.0
134253.0
134254.0
134255.0
134257.0
134265.0
134266.0
134300.0
134301.0
134314.0
134315.0
134324.0
134326.0
134351.0
134353.0
134361.0
134363.0
134384.0
134385.0
134415.0
134421.0
134422.0
134423.0
134442.0
134443.0
134475.0
134476.0
134477.0
134481.0
134482.0
134483.0
134503.0
134504.0
134505.0
134506.0
134534.0
134541.0
134542.0
134543.0
134562.0
134563.0
134568.0
134595.0
134597.0
134598.0
134600.0
134601.0
134606.0
134625.0
134626.0
134629.0
134632.0
134633.0
134636.0
134640.0
134654.0
134660.0
134661.0
134663.0
134692.0
134695.0
134696.0
134699.0
134720.0
134721.0
134723.0
134725.0
134781.0
134840.0
134900.0
134901.0
134960.0
134961.0
135020.0
135021.0
135022.0
135080.0
135081.0
135083.0
135124.0
135125.0
135137.0
135140.0
135141.0
135148.0
135153.0
135183.0
135184.0
135185.0
135197.0
135199.0
135200.0
135201.0
135202.0
135222.0
135242.0
135243.0
135244.0
135245.0
135258.0
135260.0
135261.0
135262.0
135303.0
135304.0
135305.0
135317.0
135318.0
135320.0
135321.0
135322.0
135362.0
135364.0
135378.0
135379.0
135380.0
135381.0
135382.0
135423.0
135424.0
135425.0
135437.0
135438.0
135439.0
135440.0
135441.0
135449.0
135450.0
135483.0
135484.0
135485.0
135497.0
135498.0
135500.0
135501.0
135502.0
135524.0
135525.0
135544.0
135545.0
135558.0
135560.0
135561.0
135562.0
135604.0
135605.0
135618.0
135620.0
135621.0
135660.0
135664.0
135665.0
135677.0
135678.0
135680.0
135681.0
135722.0
135723.0
135724.0
135725.0
135726.0
135737.0
135740.0
135741.0
135783.0
135784.0
135785.0
135786.0
135800.0
135801.0
135802.0
135842.0
135843.0
135844.0
135845.0
135860.0
135861.0
135902.0
135903.0
135904.0
135905.0
135917.0
135918.0
135921.0
135922.0
135961.0
135963.0
135964.0
135965.0
135978.0
135981.0
135982.0
135987.0
135988.0
136021.0
136023.0
136024.0
136025.0
136037.0
136038.0
136039.0
136040.0
136041.0
136081.0
136083.0
136084.0
136085.0
136086.0
136101.0
136121.0
136142.0
136143.0
136144.0
136145.0
136146.0
136157.0
136158.0
136160.0
136161.0
136203.0
136204.0
136205.0
136218.0
136221.0
136222.0
136260.0
136264.0
136265.0
136278.0
136279.0
136281.0
136283.0
136325.0
136337.0
136341.0
136342.0
136345.0
136384.0
136385.0
136397.0
136398.0
136400.0
136401.0
136402.0
136424.0
136444.0
136445.0
136446.0
136457.0
136458.0
136461.0
136463.0
136504.0
136505.0
136517.0
136520.0
136521.0
136565.0
136578.0
136581.0
136582.0
136624.0
136625.0
136638.0
136640.0
136641.0
136684.0
136685.0
136697.0
136698.0
136701.0
136745.0
136757.0
136758.0
136760.0
136761.0
136762.0
136763.0
136804.0
136805.0
136818.0
136820.0
136821.0
136822.0
136864.0
136877.0
136878.0
136881.0
136886.0
136887.0
136924.0
136937.0
136938.0
136940.0
136941.0
136984.0
136997.0
137000.0
137001.0
137020.0
137044.0
137057.0
137058.0
137104.0
137117.0
137164.0
137177.0
137224.0
137237.0
137238.0
137284.0
137297.0
137298.0
137345.0
137357.0
137404.0
137405.0
137417.0
137429.0
137430.0
137464.0
137478.0
137524.0
137538.0
137563.0
137584.0
137597.0
137644.0
137657.0
137704.0
137705.0
137717.0
137764.0
137765.0
137777.0
137785.0
137825.0
137839.0
137898.0
137908.0
137909.0
137910.0
137912.0
137918.0
137919.0
137944.0
137945.0
137958.0
137960.0
137961.0
137968.0
137978.0
137979.0
137983.0
138009.0
138010.0
138018.0
138020.0
138021.0
138038.0
138049.0
138050.0
138051.0
138078.0
138080.0
138081.0
138109.0
138141.0
138142.0
138165.0
138172.0
138192.0
138195.0
138200.0
138201.0
138202.0
138222.0
138227.0
138228.0
138229.0
138230.0
138250.0
138256.0
138257.0
138258.0
138261.0
138281.0
138286.0
138287.0
138310.0
138311.0
138321.0
138322.0
138335.0
138336.0
138340.0
138364.0
138365.0
138381.0
138394.0
138395.0
138399.0
138427.0
138429.0
138441.0
138442.0
138457.0
138458.0
138459.0
138460.0
138489.0
138500.0
138501.0
138502.0
138513.0
138514.0
138515.0
138516.0
138518.0
138532.0
138544.0
138560.0
138561.0
138572.0
138573.0
138574.0
138598.0
138602.0
138603.0
138620.0
138621.0
138622.0
138628.0
138629.0
138654.0
138656.0
138658.0
138680.0
138681.0
138682.0
138683.0
138706.0
138707.0
138708.0
138714.0
138715.0
138738.0
138741.0
138742.0
138764.0
138766.0
138770.0
138771.0
138777.0
138789.0
138800.0
138801.0
138802.0
138806.0
138807.0
138836.0
138861.0
138921.0
138922.0
138972.0
138973.0
138974.0
138981.0
138982.0
138983.0
139041.0
139042.0
139100.0
139120.0
139160.0
139161.0
139162.0
139220.0
139221.0
139222.0
139223.0
139247.0
139262.0
139263.0
139264.0
139265.0
139277.0
139278.0
139281.0
139323.0
139324.0
139325.0
139333.0
139337.0
139338.0
139339.0
139340.0
139341.0
139343.0
139349.0
139383.0
139384.0
139385.0
139397.0
139398.0
139401.0
139402.0
139403.0
139443.0
139444.0
139445.0
139458.0
139461.0
139462.0
139502.0
139503.0
139504.0
139506.0
139518.0
139519.0
139520.0
139521.0
139523.0
139562.0
139563.0
139565.0
139566.0
139567.0
139578.0
139581.0
139584.0
139622.0
139623.0
139624.0
139638.0
139640.0
139641.0
139643.0
139683.0
139684.0
139685.0
139698.0
139700.0
139701.0
139702.0
139716.0
139717.0
139743.0
139744.0
139745.0
139746.0
139757.0
139758.0
139761.0
139762.0
139793.0
139794.0
139797.0
139798.0
139802.0
139803.0
139804.0
139807.0
139818.0
139820.0
139821.0
139823.0
139863.0
139864.0
139878.0
139880.0
139881.0
139923.0
139924.0
139925.0
139937.0
139938.0
139941.0
139942.0
139943.0
139944.0
139982.0
139983.0
139984.0
139985.0
139997.0
140001.0
140002.0
140013.0
140020.0
140042.0
140043.0
140044.0
140045.0
140047.0
140057.0
140058.0
140061.0
140062.0
140063.0
140102.0
140104.0
140105.0
140118.0
140119.0
140121.0
140163.0
140164.0
140165.0
140178.0
140180.0
140181.0
140183.0
140222.0
140223.0
140224.0
140225.0
140237.0
140238.0
140241.0
140242.0
140243.0
140283.0
140284.0
140286.0
140298.0
140300.0
140301.0
140344.0
140345.0
140346.0
140358.0
140360.0
140361.0
140362.0
140363.0
140404.0
140405.0
140418.0
140419.0
140421.0
140464.0
140465.0
140478.0
140479.0
140480.0
140481.0
140482.0
140483.0
140524.0
140538.0
140540.0
140541.0
140584.0
140597.0
140598.0
140600.0
140601.0
140602.0
140616.0
140644.0
140657.0
140658.0
140661.0
140663.0
140704.0
140717.0
140718.0
140721.0
140722.0
140723.0
140764.0
140777.0
140781.0
140782.0
140824.0
140837.0
140838.0
140841.0
140842.0
140843.0
140884.0
140885.0
140897.0
140901.0
140918.0
140919.0
140944.0
140957.0
140958.0
140960.0
140961.0
141004.0
141017.0
141018.0
141020.0
141021.0
141029.0
141030.0
141064.0
141065.0
141077.0
141080.0
141081.0
141125.0
141137.0
141140.0
141141.0
141163.0
141185.0
141186.0
141197.0
141198.0
141258.0
141259.0
141305.0
141306.0
141365.0
141378.0
141381.0
141382.0
141424.0
141425.0
141439.0
141484.0
141498.0
141545.0
141558.0
141560.0
141605.0
141618.0
141619.0
141664.0
141665.0
141678.0
141724.0
141725.0
141785.0
141798.0
141845.0
141846.0
141857.0
141858.0
141905.0
141918.0
141919.0
141920.0
141965.0
141966.0
141978.0
142014.0
142016.0
142037.0
142038.0
142040.0
142041.0
142042.0
142070.0
142071.0
142096.0
142098.0
142101.0
142102.0
142126.0
142127.0
142158.0
142160.0
142161.0
142162.0
142163.0
142171.0
142187.0
142188.0
142218.0
142221.0
142222.0
142223.0
142250.0
142260.0
142262.0
142274.0
142281.0
142297.0
142307.0
142308.0
142309.0
142331.0
142341.0
142390.0
142391.0
142398.0
142399.0
142401.0
142402.0
142452.0
142453.0
142461.0
142462.0
142463.0
142464.0
142515.0
142516.0
142521.0
142522.0
142523.0
142579.0
142581.0
142582.0
142584.0
142641.0
142642.0
142643.0
142644.0
142645.0
142663.0
142682.0
142683.0
142700.0
142701.0
142702.0
142712.0
142713.0
142717.0
142737.0
142746.0
142757.0
142761.0
142762.0
142776.0
142777.0
142790.0
142811.0
142813.0
142821.0
142822.0
142823.0
142881.0
142882.0
142941.0
142942.0
142944.0
143001.0
143002.0
143003.0
143061.0
143062.0
143121.0
143122.0
143181.0
143182.0
143183.0
143241.0
143242.0
143301.0
143302.0
143328.0
143343.0
143345.0
143357.0
143358.0
143361.0
143362.0
143403.0
143404.0
143405.0
143418.0
143419.0
143421.0
143422.0
143463.0
143464.0
143465.0
143466.0
143478.0
143481.0
143482.0
143524.0
143525.0
143538.0
143539.0
143540.0
143541.0
143542.0
143543.0
143584.0
143585.0
143598.0
143600.0
143601.0
143602.0
143603.0
143615.0
143616.0
143643.0
143644.0
143657.0
143658.0
143661.0
143662.0
143702.0
143703.0
143704.0
143705.0
143717.0
143718.0
143719.0
143721.0
143722.0
143723.0
143763.0
143765.0
143778.0
143779.0
143781.0
143782.0
143783.0
143822.0
143823.0
143824.0
143825.0
143827.0
143828.0
143837.0
143838.0
143841.0
143842.0
143843.0
143883.0
143885.0
143901.0
143902.0
143903.0
143943.0
143944.0
143945.0
143960.0
143961.0
144002.0
144003.0
144004.0
144005.0
144017.0
144021.0
144022.0
144023.0
144063.0
144064.0
144065.0
144077.0
144078.0
144081.0
144082.0
144083.0
144101.0
144123.0
144125.0
144141.0
144142.0
144183.0
144185.0
144197.0
144212.0
144242.0
144243.0
144245.0
144264.0
144265.0
144302.0
144303.0
144304.0
144305.0
144317.0
144363.0
144364.0
144365.0
144381.0
144425.0
144440.0
144484.0
144485.0
144498.0
144514.0
144515.0
144516.0
144544.0
144545.0
144559.0
144604.0
144605.0
144618.0
144621.0
144630.0
144631.0
144632.0
144664.0
144665.0
144677.0
144678.0
144724.0
144725.0
144737.0
144738.0
144741.0
144762.0
144764.0
144765.0
144784.0
144797.0
144798.0
144801.0
144802.0
144803.0
144845.0
144857.0
144858.0
144861.0
144862.0
144904.0
144905.0
144917.0
144918.0
144921.0
144964.0
144965.0
144977.0
144978.0
144981.0
145024.0
145025.0
145037.0
145038.0
145041.0
145067.0
145084.0
145085.0
145097.0
145098.0
145101.0
145111.0
145145.0
145157.0
145158.0
145161.0
145205.0
145217.0
145218.0
145221.0
145264.0
145265.0
145277.0
145278.0
145324.0
145338.0
145339.0
145385.0
145397.0
145398.0
145444.0
145445.0
145457.0
145458.0
145506.0
145517.0
145518.0
145519.0
145520.0
145564.0
145565.0
145578.0
145579.0
145624.0
145625.0
145638.0
145639.0
145684.0
145685.0
145744.0
145758.0
145804.0
145805.0
145818.0
145864.0
145877.0
145878.0
145925.0
145937.0
145938.0
145954.0
145985.0
145997.0
145998.0
146010.0
146045.0
146057.0
146058.0
146105.0
146118.0
146119.0
146120.0
146121.0
146147.0
146148.0
146175.0
146176.0
146178.0
146179.0
146181.0
146205.0
146207.0
146232.0
146235.0
146236.0
146237.0
146238.0
146241.0
146265.0
146266.0
146286.0
146301.0
146303.0
146304.0
146312.0
146313.0
146314.0
146333.0
146334.0
146344.0
146345.0
146361.0
146362.0
146363.0
146364.0
146365.0
146394.0
146400.0
146413.0
146421.0
146422.0
146423.0
146442.0
146443.0
146451.0
146470.0
146481.0
146482.0
146483.0
146499.0
146541.0
146542.0
146549.0
146601.0
146602.0
146603.0
146607.0
146638.0
146659.0
146661.0
146662.0
146663.0
146696.0
146720.0
146721.0
146722.0
146754.0
146778.0
146780.0
146781.0
146782.0
146788.0
146813.0
146839.0
146841.0
146842.0
146843.0
146872.0
146901.0
146902.0
146903.0
146931.0
146961.0
146962.0
146993.0
147022.0
147081.0
147082.0
147083.0
147141.0
147143.0
147201.0
147202.0
147203.0
147211.0
147212.0
147261.0
147262.0
147322.0
147323.0
147381.0
147422.0
147423.0
147424.0
147425.0
147427.0
147437.0
147438.0
147440.0
147441.0
147442.0
147443.0
147482.0
147483.0
147484.0
147485.0
147497.0
147498.0
147501.0
147502.0
147543.0
147544.0
147545.0
147558.0
147561.0
147562.0
147563.0
147564.0
147568.0
147603.0
147604.0
147617.0
147618.0
147621.0
147622.0
147623.0
147661.0
147663.0
147664.0
147665.0
147674.0
147677.0
147678.0
147681.0
147682.0
147683.0
147723.0
147724.0
147737.0
147738.0
147741.0
147742.0
147743.0
147783.0
147784.0
147797.0
147798.0
147801.0
147802.0
147803.0
147808.0
147841.0
147843.0
147844.0
147845.0
147857.0
147858.0
147861.0
147862.0
147863.0
147903.0
147904.0
147917.0
147918.0
147921.0
147922.0
147963.0
147964.0
147977.0
147978.0
147981.0
148023.0
148024.0
148025.0
148033.0
148034.0
148037.0
148038.0
148041.0
148082.0
148083.0
148084.0
148085.0
148097.0
148098.0
148101.0
148110.0
148111.0
148143.0
148144.0
148145.0
148157.0
148158.0
148160.0
148161.0
148203.0
148204.0
148218.0
148221.0
148230.0
148263.0
148264.0
148265.0
148278.0
148281.0
148323.0
148324.0
148326.0
148337.0
148338.0
148341.0
148363.0
148381.0
148382.0
148383.0
148384.0
148388.0
148397.0
148398.0
148401.0
148441.0
148444.0
148457.0
148458.0
148461.0
148462.0
148504.0
148505.0
148506.0
148507.0
148517.0
148518.0
148521.0
148522.0
148523.0
148563.0
148564.0
148565.0
148573.0
148577.0
148578.0
148581.0
148582.0
148623.0
148624.0
148625.0
148639.0
148641.0
148665.0
148666.0
148667.0
148684.0
148685.0
148698.0
148701.0
148702.0
148706.0
148745.0
148758.0
148761.0
148804.0
148818.0
148821.0
148864.0
148865.0
148878.0
148881.0
148924.0
148925.0
148937.0
148938.0
148941.0
148942.0
148944.0
148984.0
148985.0
148986.0
148998.0
149002.0
149003.0
149009.0
149010.0
149044.0
149045.0
149046.0
149058.0
149062.0
149063.0
149105.0
149117.0
149118.0
149121.0
149122.0
149164.0
149165.0
149178.0
149179.0
149182.0
149226.0
149238.0
149240.0
149241.0
149285.0
149298.0
149299.0
149302.0
149345.0
149346.0
149357.0
149358.0
149405.0
149406.0
149417.0
149418.0
149465.0
149466.0
149472.0
149478.0
149479.0
149524.0
149525.0
149537.0
149538.0
149584.0
149585.0
149597.0
149598.0
149606.0
149644.0
149645.0
149658.0
149660.0
149705.0
149718.0
149764.0
149778.0
149825.0
149837.0
149838.0
149884.0
149885.0
149898.0
149900.0
149944.0
149945.0
149957.0
149958.0
149960.0
150004.0
150018.0
150064.0
150065.0
150066.0
150078.0
150079.0
150124.0
150125.0
150137.0
150185.0
150198.0
150225.0
150227.0
150231.0
150244.0
150245.0
150258.0
150261.0
150262.0
150263.0
150282.0
150284.0
150285.0
150287.0
150288.0
150290.0
150317.0
150318.0
150319.0
150320.0
150321.0
150322.0
150323.0
150344.0
150371.0
150378.0
150379.0
150381.0
150382.0
150396.0
150398.0
150399.0
150406.0
150409.0
150441.0
150452.0
150454.0
150455.0
150456.0
150490.0
150501.0
150502.0
150515.0
150517.0
150519.0
150520.0
150561.0
150562.0
150583.0
150584.0
150585.0
150622.0
150623.0
150624.0
150646.0
150655.0
150676.0
150681.0
150682.0
150683.0
150702.0
150703.0
150704.0
150707.0
150710.0
150736.0
150741.0
150742.0
150743.0
150753.0
150763.0
150764.0
150765.0
150780.0
150801.0
150802.0
150803.0
150807.0
150808.0
150842.0
150849.0
150861.0
150862.0
150863.0
150864.0
150885.0
150886.0
150892.0
150893.0
150906.0
150921.0
150922.0
150938.0
150939.0
150942.0
150943.0
150944.0
150963.0
150982.0
150990.0
150991.0
151041.0
151102.0
151139.0
151161.0
151162.0
151222.0
151223.0
151282.0
151283.0
151342.0
151343.0
151402.0
151462.0
151517.0
151518.0
151519.0
151522.0
151534.0
151564.0
151565.0
151566.0
151582.0
151583.0
151623.0
151624.0
151625.0
151628.0
151630.0
151639.0
151641.0
151684.0
151685.0
151687.0
151698.0
151700.0
151701.0
151702.0
151706.0
151707.0
151743.0
151745.0
151747.0
151758.0
151760.0
151761.0
151762.0
151804.0
151805.0
151806.0
151818.0
151820.0
151821.0
151822.0
151831.0
151864.0
151865.0
151867.0
151878.0
151880.0
151881.0
151882.0
151883.0
151923.0
151924.0
151925.0
151937.0
151938.0
151941.0
151942.0
151944.0
151964.0
151983.0
151984.0
151985.0
151998.0
151999.0
152000.0
152001.0
152002.0
152043.0
152044.0
152045.0
152058.0
152061.0
152062.0
152063.0
152103.0
152104.0
152105.0
152107.0
152118.0
152121.0
152122.0
152123.0
152163.0
152164.0
152165.0
152166.0
152168.0
152169.0
152178.0
152181.0
152182.0
152183.0
152184.0
152223.0
152225.0
152239.0
152241.0
152242.0
152243.0
152265.0
152267.0
152268.0
152282.0
152283.0
152284.0
152285.0
152298.0
152301.0
152302.0
152304.0
152342.0
152343.0
152344.0
152345.0
152358.0
152359.0
152362.0
152403.0
152404.0
152405.0
152418.0
152419.0
152421.0
152422.0
152423.0
152464.0
152465.0
152478.0
152480.0
152481.0
152482.0
152522.0
152523.0
152524.0
152525.0
152526.0
152527.0
152528.0
152530.0
152537.0
152538.0
152542.0
152543.0
152583.0
152585.0
152587.0
152597.0
152598.0
152599.0
152602.0
152603.0
152606.0
152644.0
152645.0
152658.0
152660.0
152661.0
152662.0
152663.0
152703.0
152704.0
152705.0
152717.0
152718.0
152722.0
152764.0
152765.0
152766.0
152777.0
152778.0
152781.0
152782.0
152783.0
152825.0
152827.0
152838.0
152839.0
152841.0
152842.0
152885.0
152897.0
152898.0
152899.0
152901.0
152902.0
152904.0
152944.0
152945.0
152958.0
152991.0
153004.0
153005.0
153018.0
153019.0
153021.0
153022.0
153023.0
153064.0
153065.0
153068.0
153078.0
153081.0
153082.0
153124.0
153125.0
153138.0
153141.0
153142.0
153143.0
153155.0
153184.0
153185.0
153197.0
153198.0
153201.0
153202.0
153204.0
153244.0
153245.0
153257.0
153258.0
153262.0
153263.0
153304.0
153305.0
153317.0
153318.0
153321.0
153322.0
153364.0
153365.0
153377.0
153378.0
153381.0
153382.0
153383.0
153424.0
153425.0
153437.0
153438.0
153484.0
153485.0
153497.0
153498.0
153544.0
153545.0
153558.0
153604.0
153605.0
153617.0
153618.0
153664.0
153677.0
153678.0
153724.0
153737.0
153738.0
153784.0
153785.0
153797.0
153798.0
153844.0
153845.0
153857.0
153858.0
153904.0
153905.0
153917.0
153918.0
153964.0
153965.0
153967.0
153978.0
154024.0
154025.0
154037.0
154038.0
154084.0
154085.0
154098.0
154101.0
154144.0
154145.0
154157.0
154158.0
154204.0
154205.0
154217.0
154218.0
154264.0
154265.0
154277.0
154278.0
154283.0
154284.0
154315.0
154324.0
154325.0
154337.0
154338.0
154341.0
154342.0
154345.0
154348.0
154359.0
154375.0
154380.0
154397.0
154398.0
154401.0
154402.0
154403.0
154404.0
154405.0
154458.0
154459.0
154460.0
154461.0
154462.0
154463.0
154490.0
154514.0
154518.0
154519.0
154521.0
154522.0
154568.0
154569.0
154573.0
154581.0
154582.0
154599.0
154628.0
154641.0
154642.0
154648.0
154677.0
154701.0
154702.0
154728.0
154733.0
154734.0
154752.0
154761.0
154762.0
154781.0
154785.0
154786.0
154807.0
154821.0
154822.0
154835.0
154836.0
154865.0
154881.0
154882.0
154893.0
154894.0
154933.0
154941.0
154942.0
154961.0
154962.0
154988.0
154990.0
155001.0
155002.0
155018.0
155019.0
155050.0
155051.0
155061.0
155062.0
155080.0
155115.0
155116.0
155121.0
155122.0
155144.0
155145.0
155181.0
155182.0
155241.0
155242.0
155301.0
155302.0
155303.0
155361.0
155362.0
155421.0
155422.0
155481.0
155482.0
155541.0
155542.0
155601.0
155602.0
155615.0
155628.0
155643.0
155644.0
155645.0
155657.0
155658.0
155661.0
155662.0
155703.0
155704.0
155705.0
155718.0
155721.0
155722.0
155763.0
155764.0
155765.0
155777.0
155778.0
155781.0
155782.0
155823.0
155824.0
155825.0
155838.0
155841.0
155842.0
155865.0
155866.0
155867.0
155883.0
155884.0
155885.0
155898.0
155899.0
155901.0
155902.0
155943.0
155944.0
155945.0
155958.0
155961.0
155962.0
156003.0
156004.0
156005.0
156006.0
156018.0
156021.0
156022.0
156063.0
156064.0
156065.0
156077.0
156078.0
156081.0
156082.0
156123.0
156124.0
156125.0
156138.0
156139.0
156141.0
156142.0
156183.0
156184.0
156185.0
156198.0
156201.0
156202.0
156243.0
156244.0
156245.0
156258.0
156261.0
156303.0
156304.0
156305.0
156318.0
156321.0
156363.0
156364.0
156365.0
156378.0
156381.0
156423.0
156424.0
156425.0
156438.0
156441.0
156442.0
156483.0
156484.0
156485.0
156498.0
156501.0
156502.0
156543.0
156544.0
156545.0
156557.0
156558.0
156561.0
156603.0
156604.0
156605.0
156617.0
156618.0
156621.0
156622.0
156663.0
156664.0
156665.0
156678.0
156681.0
156682.0
156688.0
156689.0
156691.0
156723.0
156724.0
156725.0
156738.0
156741.0
156742.0
156784.0
156785.0
156797.0
156798.0
156801.0
156844.0
156845.0
156858.0
156861.0
156904.0
156905.0
156917.0
156918.0
156921.0
156922.0
156964.0
156965.0
156978.0
156981.0
156982.0
157024.0
157025.0
157038.0
157041.0
157042.0
157084.0
157085.0
157098.0
157100.0
157101.0
157102.0
157144.0
157145.0
157158.0
157161.0
157162.0
157192.0
157204.0
157205.0
157218.0
157221.0
157264.0
157265.0
157278.0
157281.0
157282.0
157324.0
157325.0
157338.0
157341.0
157342.0
157384.0
157385.0
157398.0
157401.0
157402.0
157444.0
157445.0
157458.0
157461.0
157462.0
157504.0
157505.0
157518.0
157521.0
157522.0
157563.0
157564.0
157565.0
157578.0
157624.0
157625.0
157638.0
157684.0
157685.0
157697.0
157698.0
157745.0
157758.0
157804.0
157805.0
157818.0
157864.0
157865.0
157878.0
157924.0
157925.0
157938.0
157984.0
157985.0
157998.0
158044.0
158045.0
158058.0
158104.0
158105.0
158118.0
158164.0
158165.0
158178.0
158224.0
158225.0
158238.0
158298.0
158348.0
158358.0
158388.0
158389.0
158421.0
158422.0
158460.0
158481.0
158482.0
158511.0
158512.0
158540.0
158541.0
158542.0
158599.0
158601.0
158602.0
158621.0
158650.0
158661.0
158680.0
158685.0
158686.0
158714.0
158716.0
158744.0
158745.0
158746.0
158775.0
158776.0
158785.0
158801.0
158805.0
158830.0
158831.0
158860.0
158865.0
158866.0
158867.0
158895.0
158896.0
158899.0
158901.0
158924.0
158926.0
158952.0
158953.0
158954.0
158982.0
158983.0
159010.0
159012.0
159021.0
159035.0
159040.0
159041.0
159064.0
159065.0
159094.0
159095.0
159096.0
159124.0
159126.0
159141.0
159147.0
159154.0
159155.0
159176.0
159177.0
159203.0
159206.0
159231.0
159232.0
159233.0
159261.0
159262.0
159321.0
159322.0
159324.0
159382.0
159384.0
159441.0
159442.0
159466.0
159501.0
159502.0
159561.0
159562.0
159621.0
159622.0
159623.0
159624.0
159681.0
159682.0
159684.0
159708.0
159724.0
159725.0
159738.0
159739.0
159741.0
159742.0
159784.0
159785.0
159797.0
159798.0
159801.0
159802.0
159803.0
159844.0
159845.0
159858.0
159861.0
159862.0
159898.0
159899.0
159904.0
159905.0
159918.0
159922.0
159964.0
159965.0
159978.0
159981.0
159982.0
160024.0
160025.0
160038.0
160042.0
160085.0
160098.0
160101.0
160102.0
160144.0
160145.0
160146.0
160149.0
160158.0
160161.0
160162.0
160203.0
160204.0
160205.0
160218.0
160221.0
160222.0
160260.0
160263.0
160264.0
160265.0
160278.0
160281.0
160282.0
160288.0
160289.0
160290.0
160292.0
160323.0
160324.0
160325.0
160328.0
160338.0
160341.0
160342.0
160382.0
160385.0
160387.0
160388.0
160394.0
160398.0
160401.0
160402.0
160444.0
160445.0
160446.0
160458.0
160461.0
160462.0
160503.0
160504.0
160505.0
160518.0
160521.0
160522.0
160563.0
160564.0
160565.0
160568.0
160578.0
160581.0
160582.0
160583.0
160618.0
160620.0
160623.0
160624.0
160625.0
160626.0
160638.0
160641.0
160642.0
160683.0
160684.0
160685.0
160696.0
160697.0
160698.0
160701.0
160702.0
160743.0
160745.0
160746.0
160758.0
160761.0
160762.0
160793.0
160804.0
160805.0
160818.0
160821.0
160822.0
160864.0
160865.0
160878.0
160881.0
160882.0
160925.0
160927.0
160938.0
160941.0
160942.0
160985.0
160998.0
161001.0
161002.0
161044.0
161045.0
161058.0
161061.0
161062.0
161104.0
161105.0
161118.0
161121.0
161122.0
161159.0
161165.0
161178.0
161181.0
161182.0
161225.0
161238.0
161241.0
161242.0
161285.0
161293.0
161298.0
161301.0
161302.0
161344.0
161345.0
161358.0
161361.0
161362.0
161404.0
161405.0
161418.0
161421.0
161422.0
161465.0
161478.0
161481.0
161482.0
161524.0
161525.0
161538.0
161541.0
161542.0
161585.0
161596.0
161598.0
161601.0
161602.0
161644.0
161645.0
161658.0
161718.0
161719.0
161765.0
161778.0
161898.0
161899.0
161958.0
162018.0
162058.0
162138.0
162191.0
162258.0
162305.0
162306.0
162365.0
162366.0
162378.0
162425.0
162440.0
162482.0
162485.0
162486.0
162498.0
162499.0
162503.0
162504.0
162511.0
162512.0
162523.0
162524.0
162534.0
162541.0
162548.0
162559.0
162561.0
162562.0
162576.0
162578.0
162606.0
162607.0
162613.0
162618.0
162619.0
162641.0
162642.0
162643.0
162671.0
162672.0
162675.0
162676.0
162682.0
162705.0
162706.0
162735.0
162742.0
162743.0
162771.0
162773.0
162801.0
162802.0
162803.0
162830.0
162831.0
162832.0
162860.0
162861.0
162862.0
162863.0
162892.0
162893.0
162922.0
162923.0
162953.0
162954.0
162982.0
162983.0
163036.0
163042.0
163043.0
163044.0
163065.0
163066.0
163095.0
163102.0
163103.0
163154.0
163156.0
163162.0
163163.0
163164.0
163222.0
163223.0
163224.0
163282.0
163283.0
163284.0
163292.0
163293.0
163338.0
163339.0
163342.0
163343.0
163369.0
163393.0
163397.0
163402.0
163403.0
163461.0
163462.0
163463.0
163522.0
163523.0
163524.0
163582.0
163583.0
163642.0
163702.0
163703.0
163762.0
163763.0
163802.0
163803.0
163804.0
163805.0
163806.0
163819.0
163822.0
163823.0
163856.0
163864.0
163866.0
163867.0
163868.0
163879.0
163882.0
163883.0
163888.0
163889.0
163923.0
163927.0
163938.0
163939.0
163942.0
163982.0
163983.0
163984.0
163985.0
163986.0
163988.0
163990.0
164002.0
164003.0
164042.0
164043.0
164044.0
164048.0
164056.0
164057.0
164058.0
164062.0
164063.0
164102.0
164103.0
164104.0
164105.0
164107.0
164118.0
164122.0
164123.0
164163.0
164164.0
164167.0
164168.0
164182.0
164183.0
164218.0
164223.0
164224.0
164225.0
164242.0
164243.0
164283.0
164284.0
164293.0
164342.0
164343.0
164344.0
164347.0
164348.0
164360.0
164361.0
164394.0
164403.0
164404.0
164405.0
164407.0
164408.0
164422.0
164463.0
164464.0
164465.0
164466.0
164467.0
164478.0
164523.0
164524.0
164525.0
164528.0
164539.0
164542.0
164583.0
164584.0
164585.0
164598.0
164599.0
164643.0
164644.0
164645.0
164648.0
164658.0
164659.0
164662.0
164703.0
164704.0
164705.0
164707.0
164718.0
164755.0
164756.0
164763.0
164764.0
164765.0
164768.0
164778.0
164779.0
164782.0
164823.0
164824.0
164825.0
164838.0
164839.0
164842.0
164843.0
164844.0
164883.0
164884.0
164885.0
164889.0
164898.0
164899.0
164902.0
164903.0
164904.0
164943.0
164944.0
164945.0
164946.0
164958.0
164962.0
165005.0
165006.0
165007.0
165018.0
165022.0
165065.0
165066.0
165078.0
165079.0
165081.0
165082.0
165125.0
165126.0
165138.0
165139.0
165141.0
165142.0
165185.0
165191.0
165192.0
165198.0
165199.0
165202.0
165245.0
165259.0
165261.0
165262.0
165305.0
165318.0
165319.0
165322.0
165365.0
165378.0
165379.0
165382.0
165425.0
165438.0
165439.0
165442.0
165443.0
165485.0
165498.0
165502.0
165503.0
165504.0
165545.0
165558.0
165559.0
165562.0
165563.0
165605.0
165609.0
165618.0
165622.0
165623.0
165643.0
165644.0
165648.0
165649.0
165655.0
165665.0
165666.0
165667.0
165670.0
165678.0
165679.0
165725.0
165738.0
165739.0
165742.0
165756.0
165777.0
165782.0
165785.0
165786.0
165787.0
165788.0
165798.0
165799.0
165801.0
165803.0
165804.0
165845.0
165858.0
165859.0
165905.0
165918.0
165919.0
165965.0
165978.0
166025.0
166038.0
166039.0
166085.0
166098.0
166122.0
166126.0
166129.0
166132.0
166135.0
166139.0
166144.0
166145.0
166154.0
166155.0
166158.0
166159.0
166184.0
166205.0
166218.0
166219.0
166228.0
166229.0
166259.0
166260.0
166262.0
166263.0
166265.0
166266.0
166268.0
166272.0
166277.0
166278.0
166287.0
166288.0
166325.0
166326.0
166338.0
166339.0
166351.0
166362.0
166363.0
166379.0
166383.0
166385.0
166387.0
166398.0
166399.0
166438.0
166445.0
166458.0
166459.0
166484.0
166505.0
166512.0
166516.0
166518.0
166520.0
166545.0
166546.0
166547.0
166553.0
166565.0
166576.0
166577.0
166578.0
166579.0
166605.0
166606.0
166608.0
166621.0
166625.0
166626.0
166638.0
166639.0
166642.0
166664.0
166665.0
166666.0
166667.0
166678.0
166685.0
166686.0
166693.0
166695.0
166698.0
166699.0
166702.0
166723.0
166724.0
166732.0
166739.0
166741.0
166758.0
166759.0
166762.0
166769.0
166771.0
166783.0
166787.0
166788.0
166792.0
166798.0
166815.0
166816.0
166817.0
166820.0
166822.0
166824.0
166830.0
166832.0
166845.0
166846.0
166847.0
166877.0
166882.0
166889.0
166890.0
166906.0
166912.0
166919.0
166923.0
166935.0
166936.0
166941.0
166942.0
166943.0
166954.0
166956.0
166961.0
166964.0
166965.0
166967.0
166968.0
166971.0
166975.0
166976.0
166977.0
166983.0
166987.0
166990.0
167002.0
167005.0
167008.0
167009.0
167013.0
167015.0
167025.0
167026.0
167027.0
167028.0
167031.0
167048.0
167056.0
167057.0
167062.0
167063.0
167078.0
167086.0
167087.0
167088.0
167116.0
167117.0
167118.0
167122.0
167146.0
167147.0
167160.0
167175.0
167176.0
167177.0
167182.0
167205.0
167206.0
167234.0
167235.0
167242.0
167264.0
167265.0
167295.0
167302.0
167324.0
167326.0
167327.0
167328.0
167357.0
167362.0
167386.0
167387.0
167411.0
167415.0
167416.0
167417.0
167422.0
167423.0
167437.0
167438.0
167443.0
167444.0
167445.0
167446.0
167447.0
167448.0
167456.0
167462.0
167463.0
167464.0
167467.0
167482.0
167484.0
167485.0
167486.0
167487.0
167488.0
167489.0
167491.0
167492.0
167495.0
167497.0
167499.0
167502.0
167504.0
167505.0
167517.0
167518.0
167542.0
167572.0
167602.0
167603.0
167662.0
167722.0
167723.0
167782.0
167783.0
167821.0
167842.0
167843.0
167889.0
167894.0
167898.0
167899.0
167900.0
167901.0
167902.0
167903.0
167943.0
167944.0
167945.0
167946.0
167958.0
167959.0
167961.0
167962.0
167963.0
167983.0
168003.0
168004.0
168006.0
168019.0
168020.0
168021.0
168022.0
168063.0
168064.0
168066.0
168079.0
168082.0
168084.0
168123.0
168124.0
168126.0
168137.0
168139.0
168140.0
168143.0
168183.0
168184.0
168185.0
168198.0
168199.0
168202.0
168203.0
168205.0
168243.0
168244.0
168245.0
168246.0
168247.0
168252.0
168259.0
168262.0
168263.0
168304.0
168305.0
168306.0
168307.0
168318.0
168322.0
168323.0
168324.0
168351.0
168364.0
168365.0
168366.0
168379.0
168380.0
168382.0
168383.0
168397.0
168407.0
168421.0
168424.0
168425.0
168426.0
168427.0
168439.0
168441.0
168442.0
168443.0
168484.0
168485.0
168486.0
168487.0
168499.0
168502.0
168503.0
168544.0
168545.0
168546.0
168548.0
168559.0
168562.0
168563.0
168603.0
168604.0
168605.0
168608.0
168619.0
168621.0
168622.0
168645.0
168664.0
168665.0
168666.0
168667.0
168668.0
168679.0
168680.0
168682.0
168683.0
168684.0
168685.0
168689.0
168698.0
168710.0
168711.0
168714.0
168724.0
168725.0
168726.0
168728.0
168731.0
168739.0
168740.0
168742.0
168743.0
168765.0
168772.0
168784.0
168785.0
168786.0
168788.0
168798.0
168799.0
168803.0
168820.0
168843.0
168844.0
168845.0
168846.0
168847.0
168848.0
168859.0
168860.0
168862.0
168863.0
168904.0
168905.0
168908.0
168918.0
168919.0
168922.0
168923.0
168925.0
168966.0
168967.0
168968.0
168978.0
168980.0
168983.0
169024.0
169025.0
169026.0
169027.0
169038.0
169039.0
169040.0
169043.0
169085.0
169086.0
169089.0
169099.0
169102.0
169103.0
169158.0
169162.0
169163.0
169202.0
169204.0
169218.0
169222.0
169250.0
169282.0
169283.0
169285.0
169335.0
169336.0
169342.0
169343.0
169383.0
169398.0
169402.0
169403.0
169445.0
169462.0
169463.0
169522.0
169523.0
169565.0
169578.0
169639.0
169640.0
169685.0
169686.0
169687.0
169688.0
169698.0
169699.0
169702.0
169745.0
169746.0
169747.0
169805.0
169818.0
169819.0
169820.0
169821.0
169829.0
169830.0
169865.0
169878.0
169879.0
169891.0
169925.0
169938.0
169939.0
169962.0
169963.0
169985.0
169998.0
169999.0
170045.0
170049.0
170058.0
170072.0
170106.0
170118.0
170149.0
170166.0
170178.0
170182.0
170183.0
170225.0
170226.0
170227.0
170239.0
170240.0
170282.0
170298.0
170299.0
170345.0
170346.0
170359.0
170360.0
170405.0
170419.0
170465.0
170479.0
170480.0
170525.0
170526.0
170539.0
170541.0
170585.0
170597.0
170599.0
170645.0
170646.0
170659.0
170705.0
170706.0
170719.0
170720.0
170722.0
170723.0
170747.0
170779.0
170780.0
170782.0
170783.0
170784.0
170800.0
170839.0
170843.0
170844.0
170868.0
170902.0
170903.0
170904.0
170905.0
170926.0
170963.0
170987.0
170988.0
170989.0
171023.0
171024.0
171047.0
171048.0
171049.0
171078.0
171083.0
171105.0
171106.0
171107.0
171108.0
171137.0
171143.0
171166.0
171167.0
171171.0
171173.0
171174.0
171190.0
171191.0
171193.0
171197.0
171202.0
171203.0
171209.0
171226.0
171227.0
171257.0
171262.0
171263.0
171286.0
171288.0
171318.0
171322.0
171323.0
171324.0
171346.0
171347.0
171372.0
171373.0
171383.0
171402.0
171403.0
171407.0
171409.0
171427.0
171437.0
171442.0
171443.0
171468.0
171485.0
171487.0
171502.0
171503.0
171504.0
171511.0
171518.0
171527.0
171528.0
171545.0
171562.0
171563.0
171570.0
171596.0
171622.0
171623.0
171682.0
171683.0
171742.0
171743.0
171744.0
171802.0
171803.0
171862.0
171863.0
171923.0
171924.0
171982.0
171983.0
171984.0
171985.0
171995.0
172006.0
172008.0
172023.0
172025.0
172038.0
172039.0
172041.0
172042.0
172043.0
172083.0
172085.0
172087.0
172088.0
172098.0
172099.0
172103.0
172104.0
172105.0
172145.0
172147.0
172148.0
172158.0
172159.0
172162.0
172163.0
172164.0
172203.0
172204.0
172205.0
172207.0
172208.0
172218.0
172219.0
172222.0
172223.0
172263.0
172264.0
172265.0
172266.0
172268.0
172278.0
172279.0
172282.0
172283.0
172284.0
172308.0
172322.0
172323.0
172324.0
172325.0
172327.0
172328.0
172338.0
172339.0
172343.0
172345.0
172372.0
172383.0
172384.0
172385.0
172386.0
172388.0
172398.0
172399.0
172402.0
172403.0
172442.0
172443.0
172444.0
172445.0
172458.0
172459.0
172462.0
172463.0
172504.0
172505.0
172506.0
172507.0
172508.0
172518.0
172519.0
172522.0
172523.0
172563.0
172565.0
172567.0
172568.0
172578.0
172579.0
172582.0
172583.0
172623.0
172624.0
172625.0
172626.0
172628.0
172639.0
172640.0
172642.0
172672.0
172683.0
172684.0
172685.0
172686.0
172687.0
172688.0
172698.0
172702.0
172703.0
172732.0
172743.0
172744.0
172746.0
172747.0
172748.0
172758.0
172759.0
172762.0
172763.0
172804.0
172805.0
172806.0
172809.0
172819.0
172821.0
172822.0
172823.0
172846.0
172863.0
172864.0
172865.0
172866.0
172867.0
172878.0
172879.0
172882.0
172883.0
172923.0
172924.0
172926.0
172928.0
172938.0
172939.0
172940.0
172941.0
172942.0
172943.0
172944.0
172950.0
172951.0
172979.0
172980.0
172986.0
172988.0
172999.0
173000.0
173002.0
173003.0
173032.0
173043.0
173044.0
173046.0
173047.0
173048.0
173059.0
173062.0
173063.0
173104.0
173105.0
173119.0
173122.0
173123.0
173124.0
173162.0
173165.0
173169.0
173178.0
173179.0
173183.0
173185.0
173204.0
173224.0
173225.0
173226.0
173239.0
173243.0
173244.0
173284.0
173286.0
173287.0
173298.0
173299.0
173303.0
173305.0
173343.0
173346.0
173348.0
173363.0
173364.0
173406.0
173418.0
173419.0
173420.0
173423.0
173424.0
173429.0
173430.0
173465.0
173466.0
173479.0
173480.0
173483.0
173484.0
173526.0
173543.0
173562.0
173586.0
173587.0
173599.0
173603.0
173633.0
173645.0
173646.0
173658.0
173659.0
173662.0
173663.0
173664.0
173705.0
173706.0
173718.0
173719.0
173723.0
173724.0
173745.0
173765.0
173766.0
173779.0
173783.0
173784.0
173825.0
173826.0
173827.0
173838.0
173839.0
173840.0
173841.0
173843.0
173878.0
173885.0
173886.0
173887.0
173898.0
173899.0
173945.0
173946.0
173959.0
173961.0
174005.0
174006.0
174007.0
174018.0
174019.0
174065.0
174066.0
174079.0
174081.0
174125.0
174126.0
174127.0
174138.0
174140.0
174185.0
174186.0
174200.0
174245.0
174246.0
174247.0
174258.0
174259.0
174260.0
174305.0
174318.0
174365.0
174379.0
174380.0
174438.0
174439.0
174441.0
174486.0
174499.0
174605.0
174619.0
174620.0
174644.0
174737.0
174738.0
174771.0
174773.0
174774.0
174777.0
174778.0
174785.0
174791.0
174792.0
174797.0
174799.0
174800.0
174803.0
174810.0
174813.0
174858.0
174859.0
174887.0
174888.0
174890.0
174908.0
174917.0
174918.0
174923.0
174924.0
174946.0
174953.0
174978.0
174982.0
174995.0
175007.0
175008.0
175037.0
175038.0
175039.0
175042.0
175049.0
175050.0
175068.0
175080.0
175081.0
175082.0
175097.0
175108.0
175115.0
175117.0
175127.0
175130.0
175131.0
175134.0
175145.0
175160.0
175162.0
175187.0
175188.0
175189.0
175190.0
175191.0
175193.0
175196.0
175212.0
175222.0
175240.0
175248.0
175249.0
175250.0
175257.0
175290.0
175293.0
175295.0
175303.0
175307.0
175308.0
175310.0
175340.0
175342.0
175368.0
175370.0
175371.0
175372.0
175383.0
175429.0
175431.0
175460.0
175462.0
175463.0
175464.0
175488.0
175489.0
175490.0
175523.0
175524.0
175547.0
175548.0
175550.0
175553.0
175565.0
175582.0
175583.0
175584.0
175608.0
175609.0
175610.0
175640.0
175643.0
175666.0
175667.0
175702.0
175704.0
175762.0
175763.0
175764.0
175823.0
175824.0
175882.0
175883.0
175884.0
175942.0
175943.0
175944.0
175980.0
176002.0
176003.0
176006.0
176007.0
176064.0
176105.0
176109.0
176111.0
176114.0
176118.0
176119.0
176122.0
176123.0
176164.0
176165.0
176183.0
176244.0
176245.0
176284.0
176287.0
176288.0
176302.0
176303.0
176343.0
176344.0
176345.0
176346.0
176347.0
176348.0
176362.0
176404.0
176405.0
176406.0
176407.0
176408.0
176418.0
176442.0
176464.0
176466.0
176468.0
176478.0
176479.0
176480.0
176482.0
176524.0
176525.0
176526.0
176527.0
176528.0
176529.0
176540.0
176541.0
176575.0
176583.0
176584.0
176585.0
176586.0
176587.0
176588.0
176599.0
176603.0
176644.0
176645.0
176646.0
176647.0
176648.0
176649.0
176658.0
176659.0
176702.0
176704.0
176707.0
176719.0
176722.0
176723.0
176763.0
176764.0
176765.0
176766.0
176767.0
176768.0
176778.0
176779.0
176780.0
176783.0
176803.0
176804.0
176824.0
176825.0
176826.0
176829.0
176830.0
176839.0
176842.0
176843.0
176844.0
176879.0
176885.0
176886.0
176887.0
176889.0
176890.0
176898.0
176901.0
176902.0
176903.0
176944.0
176945.0
176946.0
176947.0
176949.0
176950.0
176951.0
176959.0
176962.0
176963.0
176964.0
177019.0
177021.0
177023.0
177024.0
177029.0
177030.0
177065.0
177069.0
177070.0
177079.0
177080.0
177083.0
177084.0
177125.0
177126.0
177139.0
177140.0
177143.0
177144.0
177162.0
177163.0
177185.0
177186.0
177187.0
177198.0
177203.0
177204.0
177246.0
177247.0
177259.0
177262.0
177263.0
177306.0
177307.0
177308.0
177319.0
177320.0
177323.0
177341.0
177366.0
177367.0
177379.0
177383.0
177384.0
177385.0
177388.0
177413.0
177426.0
177439.0
177440.0
177443.0
177444.0
177446.0
177466.0
177467.0
177474.0
177485.0
177486.0
177499.0
177502.0
177503.0
177546.0
177563.0
177606.0
177618.0
177619.0
177620.0
177623.0
177624.0
177652.0
177666.0
177679.0
177680.0
177682.0
177683.0
177725.0
177739.0
177743.0
177744.0
177778.0
177786.0
177799.0
177800.0
177803.0
177804.0
177845.0
177846.0
177858.0
177859.0
177862.0
177863.0
177905.0
177907.0
177918.0
177920.0
177921.0
177923.0
177924.0
177956.0
177966.0
177979.0
177980.0
178026.0
178039.0
178041.0
178085.0
178086.0
178087.0
178099.0
178100.0
178145.0
178146.0
178159.0
178160.0
178205.0
178206.0
178219.0
178240.0
178265.0
178266.0
178280.0
178325.0
178340.0
178341.0
178374.0
178385.0
178386.0
178388.0
178399.0
178400.0
178445.0
178446.0
178458.0
178459.0
178505.0
178506.0
178519.0
178520.0
178565.0
178566.0
178579.0
178626.0
178639.0
178699.0
178700.0
178748.0
178749.0
178759.0
178819.0
178837.0
178848.0
178849.0
178870.0
178882.0
178887.0
178907.0
178909.0
178913.0
178938.0
178942.0
178943.0
178968.0
178969.0
178998.0
179003.0
179004.0
179028.0
179057.0
179062.0
179063.0
179087.0
179088.0
179089.0
179090.0
179110.0
179139.0
179148.0
179150.0
179180.0
179186.0
179187.0
179191.0
179208.0
179232.0
179240.0
179242.0
179264.0
179266.0
179267.0
179271.0
179272.0
179274.0
179275.0
179287.0
179302.0
179328.0
179329.0
179330.0
179362.0
179387.0
179388.0
179389.0
179390.0
179445.0
179447.0
179448.0
179449.0
179463.0
179479.0
179482.0
179483.0
179504.0
179506.0
179508.0
179509.0
179510.0
179538.0
179542.0
179569.0
179574.0
179576.0
179588.0
179618.0
179627.0
179646.0
179657.0
179662.0
179674.0
179687.0
179688.0
179709.0
179718.0
179722.0
179723.0
179724.0
179738.0
179748.0
179750.0
179765.0
179782.0
179783.0
179784.0
179808.0
179842.0
179843.0
179902.0
179903.0
179945.0
179946.0
179962.0
179963.0
180022.0
180023.0
180082.0
180083.0
180142.0
180143.0
180144.0
180183.0
180185.0
180186.0
180198.0
180199.0
180202.0
180203.0
180218.0
180227.0
180231.0
180245.0
180246.0
180258.0
180259.0
180262.0
180263.0
180292.0
180294.0
180303.0
180305.0
180306.0
180318.0
180319.0
180322.0
180323.0
180365.0
180366.0
180367.0
180373.0
180378.0
180379.0
180382.0
180383.0
180398.0
180400.0
180412.0
180425.0
180426.0
180431.0
180438.0
180439.0
180442.0
180443.0
180475.0
180476.0
180485.0
180486.0
180487.0
180495.0
180496.0
180498.0
180499.0
180500.0
180503.0
180531.0
180543.0
180545.0
180546.0
180548.0
180550.0
180558.0
180559.0
180562.0
180563.0
180564.0
180588.0
180604.0
180605.0
180606.0
180608.0
180609.0
180618.0
180619.0
180622.0
180623.0
180628.0
180629.0
180663.0
180665.0
180678.0
180679.0
180682.0
180683.0
180712.0
180721.0
180723.0
180724.0
180725.0
180726.0
180739.0
180742.0
180743.0
180763.0
180783.0
180785.0
180786.0
180799.0
180802.0
180804.0
180843.0
180844.0
180845.0
180846.0
180852.0
180859.0
180862.0
180863.0
180868.0
180877.0
180903.0
180904.0
180905.0
180906.0
180919.0
180922.0
180923.0
180937.0
180946.0
180963.0
180964.0
180965.0
180966.0
180968.0
180978.0
180979.0
180982.0
180983.0
181012.0
181023.0
181024.0
181025.0
181026.0
181038.0
181039.0
181042.0
181043.0
181065.0
181066.0
181067.0
181070.0
181079.0
181083.0
181084.0
181085.0
181086.0
181088.0
181098.0
181099.0
181102.0
181103.0
181114.0
181118.0
181143.0
181144.0
181145.0
181156.0
181158.0
181159.0
181162.0
181163.0
181165.0
181181.0
181203.0
181204.0
181205.0
181206.0
181219.0
181223.0
181252.0
181263.0
181264.0
181265.0
181266.0
181278.0
181279.0
181282.0
181283.0
181298.0
181299.0
181324.0
181325.0
181326.0
181338.0
181339.0
181340.0
181342.0
181343.0
181348.0
181354.0
181372.0
181374.0
181383.0
181384.0
181385.0
181386.0
181398.0
181399.0
181402.0
181403.0
181406.0
181434.0
181437.0
181445.0
181446.0
181458.0
181459.0
181462.0
181463.0
181505.0
181506.0
181515.0
181518.0
181519.0
181520.0
181522.0
181523.0
181528.0
181531.0
181532.0
181535.0
181542.0
181543.0
181544.0
181550.0
181565.0
181566.0
181579.0
181582.0
181583.0
181602.0
181613.0
181625.0
181626.0
181638.0
181639.0
181642.0
181643.0
181644.0
181649.0
181653.0
181655.0
181656.0
181660.0
181661.0
181665.0
181668.0
181676.0
181677.0
181683.0
181684.0
181685.0
181686.0
181699.0
181702.0
181703.0
181745.0
181746.0
181758.0
181759.0
181762.0
181763.0
181781.0
181805.0
181806.0
181819.0
181822.0
181823.0
181824.0
181836.0
181865.0
181866.0
181875.0
181879.0
181882.0
181883.0
181913.0
181926.0
181939.0
181942.0
181943.0
181953.0
181959.0
181964.0
181965.0
181969.0
181972.0
181980.0
181981.0
181985.0
181986.0
181987.0
181988.0
181998.0
181999.0
182002.0
182003.0
182033.0
182045.0
182046.0
182059.0
182063.0
182094.0
182105.0
182106.0
182119.0
182165.0
182166.0
182179.0
182225.0
182226.0
182238.0
182239.0
182286.0
182287.0
182298.0
182299.0
182345.0
182346.0
182359.0
182406.0
182418.0
182419.0
182420.0
182465.0
182466.0
182478.0
182479.0
182525.0
182526.0
182538.0
182539.0
182585.0
182586.0
182599.0
182646.0
182647.0
182659.0
182705.0
182706.0
182719.0
182765.0
182766.0
182767.0
182778.0
182779.0
182780.0
182825.0
182826.0
182839.0
182868.0
182885.0
182886.0
182898.0
182899.0
182900.0
182945.0
182946.0
182959.0
182977.0
182987.0
182989.0
182996.0
182998.0
183005.0
183006.0
183007.0
183009.0
183018.0
183019.0
183022.0
183023.0
183037.0
183047.0
183048.0
183066.0
183077.0
183079.0
183083.0
183084.0
183091.0
183107.0
183138.0
183139.0
183140.0
183142.0
183143.0
183168.0
183169.0
183170.0
183172.0
183202.0
183203.0
183204.0
183229.0
183257.0
183258.0
183259.0
183262.0
183263.0
183287.0
183288.0
183289.0
183305.0
183306.0
183322.0
183323.0
183336.0
183348.0
183349.0
183365.0
183377.0
183379.0
183382.0
183383.0
183407.0
183408.0
183409.0
183433.0
183439.0
183443.0
183455.0
183457.0
183468.0
183469.0
183470.0
183485.0
183486.0
183500.0
183502.0
183503.0
183528.0
183529.0
183533.0
183548.0
183553.0
183559.0
183563.0
183578.0
183589.0
183590.0
183591.0
183592.0
183608.0
183621.0
183623.0
183648.0
183649.0
183683.0
183684.0
183685.0
183714.0
183743.0
183744.0
183769.0
183773.0
183788.0
183789.0
183797.0
183798.0
183799.0
183803.0
183804.0
183823.0
183827.0
183828.0
183854.0
183863.0
183864.0
183865.0
183866.0
183867.0
183882.0
183896.0
183923.0
183924.0
183925.0
183983.0
183984.0
184043.0
184044.0
184131.0
184133.0
184162.0
184163.0
184193.0
184223.0
184224.0
184279.0
184280.0
184283.0
184284.0
184296.0
184323.0
184324.0
184326.0
184327.0
184341.0
184343.0
184344.0
184361.0
184362.0
184383.0
184384.0
184385.0
184386.0
184388.0
184399.0
184400.0
184403.0
184404.0
184443.0
184444.0
184446.0
184448.0
184459.0
184460.0
184463.0
184464.0
184504.0
184507.0
184508.0
184509.0
184521.0
184523.0
184524.0
184533.0
184564.0
184566.0
184567.0
184568.0
184569.0
184579.0
184581.0
184614.0
184626.0
184628.0
184639.0
184640.0
184644.0
184645.0
184647.0
184665.0
184666.0
184683.0
184684.0
184686.0
184687.0
184688.0
184689.0
184700.0
184703.0
184704.0
184744.0
184748.0
184760.0
184763.0
184764.0
184806.0
184807.0
184808.0
184809.0
184819.0
184820.0
184823.0
184824.0
184863.0
184864.0
184866.0
184867.0
184868.0
184879.0
184880.0
184881.0
184883.0
184884.0
184894.0
184924.0
184926.0
184928.0
184940.0
184941.0
184942.0
184943.0
184944.0
184970.0
184974.0
184983.0
184984.0
184986.0
184988.0
185000.0
185004.0
185006.0
185007.0
185043.0
185044.0
185045.0
185046.0
185047.0
185048.0
185049.0
185059.0
185060.0
185061.0
185063.0
185064.0
185065.0
185103.0
185104.0
185105.0
185106.0
185108.0
185109.0
185120.0
185121.0
185123.0
185124.0
185125.0
185164.0
185166.0
185168.0
185169.0
185179.0
185180.0
185181.0
185185.0
185215.0
185225.0
185226.0
185227.0
185228.0
185229.0
185240.0
185243.0
185244.0
185284.0
185285.0
185287.0
185289.0
185290.0
185299.0
185300.0
185303.0
185304.0
185345.0
185346.0
185347.0
185349.0
185360.0
185363.0
185364.0
185365.0
185405.0
185406.0
185409.0
185419.0
185420.0
185423.0
185424.0
185432.0
185466.0
185467.0
185469.0
185470.0
185479.0
185480.0
185481.0
185482.0
185483.0
185484.0
185490.0
185525.0
185530.0
185539.0
185540.0
185541.0
185543.0
185544.0
185545.0
185565.0
185586.0
185587.0
185589.0
185599.0
185600.0
185603.0
185604.0
185646.0
185659.0
185660.0
185661.0
185663.0
185664.0
185694.0
185706.0
185719.0
185720.0
185722.0
185723.0
185724.0
185766.0
185767.0
185779.0
185783.0
185784.0
185786.0
185826.0
185839.0
185840.0
185843.0
185844.0
185869.0
185885.0
185886.0
185887.0
185888.0
185899.0
185900.0
185903.0
185904.0
185933.0
185946.0
185959.0
185960.0
185963.0
185964.0
185965.0
185967.0
186005.0
186007.0
186019.0
186020.0
186023.0
186024.0
186025.0
186066.0
186079.0
186083.0
186084.0
186140.0
186143.0
186144.0
186145.0
186185.0
186200.0
186245.0
186318.0
186319.0
186379.0
186464.0
186499.0
186606.0
186608.0
186619.0
186726.0
186727.0
186728.0
186785.0
186786.0
186845.0
186846.0
186859.0
186860.0
186905.0
186906.0
186919.0
186920.0
186921.0
186965.0
186966.0
186979.0
187025.0
187026.0
187039.0
187069.0
187070.0
187071.0
187073.0
187085.0
187086.0
187099.0
187127.0
187129.0
187130.0
187131.0
187133.0
187159.0
187163.0
187164.0
187165.0
187184.0
187189.0
187190.0
187191.0
187219.0
187221.0
187223.0
187224.0
187225.0
187248.0
187249.0
187279.0
187283.0
187307.0
187308.0
187311.0
187313.0
187343.0
187369.0
187370.0
187403.0
187425.0
187430.0
187463.0
187517.0
187518.0
187523.0
187547.0
187548.0
187583.0
187634.0
187643.0
187667.0
187668.0
187669.0
187703.0
187763.0
187788.0
187823.0
187883.0
187908.0
187909.0
187943.0
188003.0
188063.0
188123.0
188124.0
188183.0
188243.0
188267.0
188268.0
188303.0
188363.0
188376.0
188389.0
188403.0
188405.0
188406.0
188408.0
188419.0
188423.0
188463.0
188465.0
188466.0
188467.0
188468.0
188479.0
188483.0
188488.0
188490.0
188513.0
188523.0
188525.0
188526.0
188528.0
188539.0
188543.0
188544.0
188566.0
188585.0
188586.0
188588.0
188600.0
188601.0
188603.0
188643.0
188645.0
188646.0
188648.0
188659.0
188661.0
188663.0
188703.0
188705.0
188706.0
188707.0
188708.0
188719.0
188720.0
188723.0
188753.0
188763.0
188765.0
188767.0
188768.0
188780.0
188783.0
188823.0
188825.0
188826.0
188827.0
188828.0
188839.0
188840.0
188841.0
188843.0
188873.0
188883.0
188885.0
188886.0
188887.0
188888.0
188899.0
188900.0
188903.0
188904.0
188905.0
188943.0
188945.0
188946.0
188947.0
188948.0
188960.0
188963.0
188964.0
188965.0
189003.0
189005.0
189006.0
189008.0
189019.0
189020.0
189023.0
189024.0
189028.0
189063.0
189065.0
189066.0
189068.0
189080.0
189082.0
189083.0
189084.0
189085.0
189087.0
189088.0
189090.0
189125.0
189126.0
189127.0
189128.0
189139.0
189140.0
189143.0
189144.0
189145.0
189161.0
189183.0
189185.0
189187.0
189189.0
189200.0
189202.0
189203.0
189204.0
189205.0
189243.0
189245.0
189246.0
189247.0
189248.0
189259.0
189260.0
189263.0
189264.0
189265.0
189303.0
189305.0
189306.0
189307.0
189308.0
189319.0
189320.0
189323.0
189324.0
189365.0
189366.0
189368.0
189380.0
189383.0
189384.0
189385.0
189390.0
189425.0
189426.0
189428.0
189439.0
189440.0
189441.0
189443.0
189444.0
189445.0
189466.0
189483.0
189485.0
189486.0
189500.0
189502.0
189503.0
189504.0
189505.0
189545.0
189546.0
189547.0
189548.0
189559.0
189560.0
189563.0
189564.0
189604.0
189607.0
189608.0
189624.0
189625.0
189666.0
189680.0
189684.0
189685.0
189719.0
189726.0
189727.0
189740.0
189741.0
189743.0
189744.0
189745.0
189786.0
189787.0
189799.0
189801.0
189803.0
189804.0
189845.0
189846.0
189859.0
189860.0
189861.0
189864.0
189906.0
189919.0
189920.0
189923.0
189924.0
189925.0
189965.0
189966.0
189979.0
189983.0
189984.0
189985.0
190026.0
190039.0
190043.0
190044.0
190045.0
190060.0
190061.0
190085.0
190086.0
190099.0
190100.0
190104.0
190105.0
190145.0
190146.0
190159.0
190163.0
190164.0
190165.0
190205.0
190206.0
190219.0
190223.0
190224.0
190265.0
190266.0
190279.0
190326.0
190339.0
190386.0
190399.0
190446.0
190459.0
190505.0
190506.0
190519.0
190566.0
190579.0
190626.0
190639.0
190685.0
190686.0
190700.0
190746.0
190747.0
190759.0
190760.0
190806.0
190819.0
190821.0
190866.0
190867.0
190868.0
190880.0
190925.0
190926.0
190928.0
190959.0
190986.0
190988.0
191000.0
191001.0
191046.0
191047.0
191060.0
191105.0
191106.0
191119.0
191120.0
191145.0
191165.0
191166.0
191174.0
191175.0
191180.0
191183.0
191184.0
191186.0
191204.0
191209.0
191210.0
191230.0
191238.0
191239.0
191240.0
191243.0
191244.0
191263.0
191268.0
191269.0
191270.0
191289.0
191298.0
191299.0
191300.0
191302.0
191304.0
191305.0
191323.0
191328.0
191329.0
191330.0
191358.0
191359.0
191360.0
191363.0
191364.0
191365.0
191388.0
191389.0
191390.0
191418.0
191420.0
191424.0
191425.0
191448.0
191449.0
191450.0
191478.0
191479.0
191484.0
191485.0
191508.0
191509.0
191538.0
191540.0
191543.0
191544.0
191568.0
191575.0
191599.0
191603.0
191604.0
191605.0
191629.0
191634.0
191657.0
191658.0
191659.0
191660.0
191663.0
191664.0
191666.0
191685.0
191686.0
191687.0
191688.0
191714.0
191715.0
191716.0
191723.0
191724.0
191725.0
191744.0
191745.0
191748.0
191749.0
191778.0
191779.0
191783.0
191784.0
191808.0
191837.0
191838.0
191843.0
191844.0
191845.0
191866.0
191867.0
191868.0
191885.0
191903.0
191904.0
191927.0
191928.0
191929.0
191930.0
191934.0
191963.0
191964.0
191965.0
191989.0
191990.0
192024.0
192025.0
192049.0
192084.0
192085.0
192143.0
192163.0
192203.0
192204.0
192206.0
192263.0
192264.0
192265.0
192324.0
192326.0
192386.0
192443.0
192444.0
192486.0
192487.0
192488.0
192489.0
192491.0
192499.0
192504.0
192544.0
192546.0
192547.0
192548.0
192560.0
192563.0
192564.0
192604.0
192606.0
192607.0
192608.0
192609.0
192619.0
192620.0
192621.0
192623.0
192624.0
192665.0
192666.0
192667.0
192668.0
192679.0
192684.0
192685.0
192686.0
192688.0
192689.0
192724.0
192726.0
192727.0
192728.0
192729.0
192739.0
192740.0
192743.0
192744.0
192784.0
192786.0
192787.0
192788.0
192789.0
192799.0
192800.0
192804.0
192805.0
192844.0
192846.0
192847.0
192848.0
192849.0
192860.0
192861.0
192863.0
192864.0
192865.0
192904.0
192905.0
192906.0
192908.0
192909.0
192919.0
192920.0
192921.0
192924.0
192925.0
192926.0
192964.0
192966.0
192967.0
192968.0
192979.0
192980.0
192983.0
192984.0
192985.0
192986.0
193024.0
193025.0
193026.0
193027.0
193028.0
193029.0
193039.0
193043.0
193044.0
193045.0
193046.0
193062.0
193084.0
193085.0
193086.0
193087.0
193088.0
193089.0
193099.0
193100.0
193101.0
193104.0
193105.0
193146.0
193147.0
193148.0
193149.0
193159.0
193160.0
193161.0
193163.0
193164.0
193200.0
193207.0
193208.0
193209.0
193219.0
193220.0
193221.0
193224.0
193225.0
193264.0
193265.0
193266.0
193267.0
193268.0
193269.0
193280.0
193281.0
193283.0
193284.0
193285.0
193324.0
193326.0
193328.0
193339.0
193340.0
193343.0
193344.0
193384.0
193385.0
193386.0
193387.0
193388.0
193401.0
193403.0
193404.0
193438.0
193444.0
193445.0
193446.0
193447.0
193448.0
193449.0
193459.0
193460.0
193463.0
193464.0
193465.0
193466.0
193504.0
193505.0
193506.0
193508.0
193509.0
193520.0
193523.0
193524.0
193564.0
193566.0
193568.0
193580.0
193583.0
193584.0
193626.0
193627.0
193629.0
193639.0
193640.0
193643.0
193644.0
193656.0
193687.0
193688.0
193699.0
193700.0
193701.0
193703.0
193704.0
193745.0
193746.0
193759.0
193761.0
193763.0
193764.0
193806.0
193819.0
193823.0
193824.0
193826.0
193866.0
193867.0
193880.0
193881.0
193883.0
193884.0
193885.0
193926.0
193939.0
193940.0
193941.0
193943.0
193944.0
193960.0
193973.0
193986.0
194000.0
194004.0
194046.0
194047.0
194059.0
194060.0
194063.0
194064.0
194065.0
194105.0
194106.0
194119.0
194120.0
194124.0
194165.0
194166.0
194167.0
194179.0
194180.0
194183.0
194184.0
194186.0
194226.0
194227.0
194239.0
194243.0
194244.0
194245.0
194246.0
194286.0
194288.0
194299.0
194300.0
194301.0
194303.0
194304.0
194306.0
194346.0
194347.0
194348.0
194359.0
194360.0
194406.0
194408.0
194419.0
194420.0
194422.0
194466.0
194468.0
194469.0
194479.0
194480.0
194481.0
194526.0
194527.0
194528.0
194539.0
194540.0
194542.0
194555.0
194557.0
194585.0
194586.0
194587.0
194600.0
194601.0
194646.0
194659.0
194660.0
194661.0
194705.0
194706.0
194719.0
194720.0
194766.0
194779.0
194780.0
194781.0
194826.0
194839.0
194840.0
194899.0
194900.0
194944.0
194945.0
194959.0
194960.0
195028.0
195029.0
195078.0
195079.0
195125.0
195139.0
195162.0
195228.0
195232.0
195246.0
195247.0
195248.0
195259.0
195268.0
195277.0
195289.0
195290.0
195292.0
195306.0
195318.0
195348.0
195349.0
195366.0
195382.0
195383.0
195398.0
195413.0
195425.0
195426.0
195437.0
195438.0
195443.0
195466.0
195467.0
195468.0
195471.0
195485.0
195488.0
195490.0
195528.0
195529.0
195530.0
195532.0
195533.0
195534.0
195548.0
195561.0
195563.0
195590.0
195591.0
195621.0
195648.0
195649.0
195650.0
195651.0
195653.0
195654.0
195683.0
195708.0
195710.0
195712.0
195727.0
195729.0
195759.0
195769.0
195770.0
195771.0
195773.0
195774.0
195785.0
195786.0
195803.0
195827.0
195830.0
195831.0
195832.0
195833.0
195890.0
195891.0
195893.0
195923.0
195924.0
195926.0
195948.0
195950.0
195951.0
195953.0
195983.0
195984.0
196008.0
196009.0
196010.0
196012.0
196043.0
196044.0
196067.0
196068.0
196069.0
196070.0
196103.0
196104.0
196128.0
196129.0
196130.0
196163.0
196164.0
196223.0
196224.0
196283.0
196284.0
196343.0
196344.0
196403.0
196404.0
196463.0
196464.0
196505.0
196523.0
196524.0
196565.0
196566.0
196579.0
196580.0
196583.0
196584.0
196593.0
196625.0
196626.0
196628.0
196639.0
196643.0
196644.0
196656.0
196657.0
196671.0
196686.0
196699.0
196703.0
196704.0
196745.0
196746.0
196748.0
196749.0
196759.0
196760.0
196763.0
196764.0
196801.0
196805.0
196806.0
196808.0
196819.0
196820.0
196823.0
196824.0
196865.0
196866.0
196868.0
196879.0
196880.0
196883.0
196884.0
196885.0
196897.0
196903.0
196905.0
196925.0
196926.0
196927.0
196928.0
196939.0
196943.0
196944.0
196985.0
196986.0
196988.0
196999.0
197003.0
197004.0
197045.0
197046.0
197048.0
197059.0
197060.0
197063.0
197064.0
197105.0
197106.0
197108.0
197118.0
197119.0
197123.0
197124.0
197165.0
197166.0
197168.0
197179.0
197180.0
197183.0
197184.0
197225.0
197226.0
197228.0
197239.0
197243.0
197244.0
197252.0
197285.0
197286.0
197288.0
197299.0
197300.0
197303.0
197304.0
197330.0
197345.0
197346.0
197348.0
197359.0
197364.0
197405.0
197406.0
197408.0
197419.0
197423.0
197424.0
197465.0
197466.0
197468.0
197479.0
197480.0
197483.0
197484.0
197525.0
197526.0
197528.0
197530.0
197539.0
197543.0
197544.0
197556.0
197585.0
197586.0
197588.0
197599.0
197604.0
197645.0
197646.0
197648.0
197659.0
197663.0
197664.0
197705.0
197706.0
197710.0
197719.0
197720.0
197723.0
197724.0
197754.0
197765.0
197767.0
197768.0
197779.0
197780.0
197783.0
197784.0
197826.0
197827.0
197828.0
197839.0
197843.0
197844.0
197886.0
197900.0
197903.0
197904.0
197946.0
197947.0
197948.0
197959.0
197961.0
197962.0
197963.0
197964.0
198006.0
198018.0
198020.0
198023.0
198024.0
198066.0
198067.0
198068.0
198080.0
198081.0
198083.0
198084.0
198126.0
198139.0
198140.0
198143.0
198144.0
198151.0
198152.0
198186.0
198199.0
198200.0
198202.0
198204.0
198207.0
198246.0
198260.0
198261.0
198264.0
198266.0
198307.0
198308.0
198320.0
198324.0
198380.0
198384.0
198385.0
198386.0
198427.0
198428.0
198439.0
198440.0
198486.0
198487.0
198500.0
198501.0
198546.0
198547.0
198559.0
198560.0
198561.0
198606.0
198620.0
198628.0
198629.0
198665.0
198666.0
198667.0
198680.0
198726.0
198727.0
198739.0
198740.0
198762.0
198763.0
198786.0
198787.0
198800.0
198846.0
198847.0
198860.0
198906.0
198907.0
198916.0
198917.0
198919.0
198920.0
198967.0
198980.0
198981.0
199026.0
199027.0
199039.0
199040.0
199050.0
199086.0
199087.0
199088.0
199099.0
199100.0
199146.0
199147.0
199148.0
199160.0
199206.0
199220.0
199266.0
199268.0
199280.0
199281.0
199282.0
199308.0
199322.0
199323.0
199326.0
199327.0
199336.0
199337.0
199338.0
199339.0
199340.0
199341.0
199366.0
199367.0
199372.0
199377.0
199382.0
199386.0
199392.0
199399.0
199400.0
199404.0
199405.0
199406.0
199422.0
199426.0
199429.0
199430.0
199431.0
199448.0
199454.0
199460.0
199464.0
199481.0
199484.0
199514.0
199519.0
199520.0
199521.0
199522.0
199523.0
199524.0
199525.0
199542.0
199543.0
199545.0
199584.0
199585.0
199586.0
199602.0
199604.0
199632.0
199643.0
199644.0
199661.0
199663.0
199673.0
199688.0
199700.0
199703.0
199704.0
199705.0
199729.0
199731.0
199760.0
199763.0
199764.0
199765.0
199766.0
199787.0
199788.0
199789.0
199790.0
199818.0
199823.0
199824.0
199825.0
199847.0
199851.0
199852.0
199882.0
199883.0
199884.0
199885.0
199910.0
199911.0
199938.0
199943.0
199944.0
199946.0
199957.0
199968.0
199974.0
199992.0
200003.0
200004.0
200006.0
200007.0
200017.0
200030.0
200033.0
200046.0
200050.0
200063.0
200064.0
200076.0
200124.0
200149.0
200151.0
200177.0
200184.0
200205.0
200206.0
200208.0
200218.0
200244.0
200254.0
200265.0
200277.0
200303.0
200304.0
200363.0
200364.0
200423.0
200424.0
200483.0
200484.0
200543.0
200544.0
200574.0
200603.0
200604.0
200663.0
200664.0
200676.0
200689.0
200706.0
200707.0
200708.0
200709.0
200715.0
200719.0
200720.0
200723.0
200724.0
200764.0
200766.0
200767.0
200768.0
200779.0
200780.0
200783.0
200784.0
200826.0
200827.0
200828.0
200829.0
200839.0
200840.0
200843.0
200844.0
200848.0
200884.0
200886.0
200887.0
200888.0
200889.0
200900.0
200903.0
200904.0
200944.0
200946.0
200947.0
200948.0
200949.0
200960.0
200963.0
200964.0
201004.0
201006.0
201007.0
201008.0
201020.0
201023.0
201024.0
201064.0
201066.0
201068.0
201074.0
201078.0
201079.0
201083.0
201084.0
201124.0
201126.0
201128.0
201139.0
201140.0
201143.0
201144.0
201152.0
201153.0
201184.0
201188.0
201200.0
201203.0
201204.0
201205.0
201206.0
201223.0
201244.0
201246.0
201247.0
201248.0
201261.0
201264.0
201304.0
201307.0
201308.0
201319.0
201320.0
201323.0
201324.0
201364.0
201366.0
201367.0
201368.0
201379.0
201380.0
201384.0
201385.0
201424.0
201427.0
201428.0
201440.0
201441.0
201444.0
201484.0
201488.0
201501.0
201503.0
201504.0
201505.0
201544.0
201546.0
201548.0
201560.0
201564.0
201565.0
201566.0
201604.0
201608.0
201613.0
201623.0
201624.0
201625.0
201626.0
201664.0
201668.0
201679.0
201684.0
201724.0
201726.0
201728.0
201739.0
201743.0
201744.0
201746.0
201747.0
201748.0
201784.0
201788.0
201804.0
201844.0
201859.0
201863.0
201864.0
201904.0
201906.0
201983.0
201984.0
202039.0
202043.0
202052.0
202086.0
202087.0
202146.0
202159.0
202164.0
202205.0
202206.0
202222.0
202229.0
202266.0
202279.0
202280.0
202326.0
202339.0
202343.0
202362.0
202386.0
202399.0
202400.0
202446.0
202459.0
202460.0
202463.0
202506.0
202513.0
202519.0
202520.0
202524.0
202525.0
202527.0
202566.0
202579.0
202580.0
202626.0
202640.0
202646.0
202686.0
202699.0
202700.0
202746.0
202759.0
202760.0
202806.0
202819.0
202820.0
202866.0
202879.0
202880.0
202926.0
202939.0
202940.0
202986.0
203000.0
203047.0
203059.0
203060.0
203106.0
203107.0
203108.0
203119.0
203120.0
203166.0
203167.0
203179.0
203180.0
203181.0
203227.0
203228.0
203240.0
203287.0
203288.0
203300.0
203302.0
203346.0
203359.0
203360.0
203362.0
203406.0
203412.0
203413.0
203420.0
203457.0
203458.0
203466.0
203479.0
203480.0
203483.0
203484.0
203485.0
203488.0
203512.0
203516.0
203517.0
203539.0
203540.0
203543.0
203544.0
203545.0
203546.0
203563.0
203564.0
203571.0
203572.0
203574.0
203575.0
203576.0
203593.0
203594.0
203599.0
203600.0
203603.0
203604.0
203623.0
203631.0
203661.0
203664.0
203665.0
203690.0
203699.0
203701.0
203702.0
203723.0
203724.0
203725.0
203726.0
203732.0
203759.0
203760.0
203761.0
203763.0
203784.0
203787.0
203817.0
203821.0
203822.0
203825.0
203826.0
203843.0
203844.0
203847.0
203849.0
203850.0
203876.0
203885.0
203896.0
203903.0
203904.0
203905.0
203927.0
203934.0
203956.0
203957.0
203963.0
203964.0
203985.0
203986.0
204002.0
204013.0
204015.0
204023.0
204024.0
204042.0
204043.0
204044.0
204071.0
204072.0
204083.0
204084.0
204095.0
204101.0
204123.0
204124.0
204125.0
204143.0
204144.0
204153.0
204154.0
204174.0
204196.0
204203.0
204204.0
204225.0
204255.0
204263.0
204264.0
204267.0
204268.0
204269.0
204297.0
204298.0
204323.0
204324.0
204383.0
204384.0
204443.0
204444.0
204503.0
204504.0
204563.0
204564.0
204623.0
204624.0
204683.0
204684.0
204743.0
204744.0
204748.0
204749.0
204785.0
204786.0
204789.0
204790.0
204804.0
204845.0
204846.0
204848.0
204905.0
204906.0
204908.0
204910.0
204919.0
204922.0
204923.0
204965.0
204967.0
204968.0
204970.0
204984.0
205025.0
205026.0
205027.0
205028.0
205085.0
205086.0
205087.0
205088.0
205099.0
205100.0
205101.0
205104.0
205145.0
205146.0
205147.0
205149.0
205150.0
205159.0
205160.0
205167.0
205205.0
205206.0
205208.0
205210.0
205219.0
205220.0
205221.0
205222.0
205223.0
205265.0
205266.0
205268.0
205279.0
205280.0
205313.0
205325.0
205326.0
205328.0
205339.0
205340.0
205343.0
205344.0
205385.0
205386.0
205388.0
205399.0
205400.0
205404.0
205405.0
205445.0
205446.0
205448.0
205450.0
205459.0
205460.0
205464.0
205465.0
205466.0
205505.0
205506.0
205508.0
205519.0
205520.0
205524.0
205525.0
205526.0
205565.0
205566.0
205568.0
205570.0
205573.0
205579.0
205580.0
205583.0
205584.0
205585.0
205625.0
205626.0
205628.0
205639.0
205640.0
205643.0
205644.0
205647.0
205648.0
205686.0
205699.0
205700.0
205703.0
205704.0
205744.0
205746.0
205747.0
205759.0
205760.0
205764.0
205806.0
205808.0
205819.0
205820.0
205823.0
205824.0
205828.0
205829.0
205866.0
205879.0
205880.0
205883.0
205884.0
205925.0
205926.0
205939.0
205940.0
205943.0
205944.0
205961.0
205962.0
205986.0
205999.0
206000.0
206003.0
206004.0
206046.0
206047.0
206048.0
206059.0
206060.0
206063.0
206064.0
206106.0
206109.0
206119.0
206120.0
206123.0
206124.0
206166.0
206181.0
206183.0
206184.0
206226.0
206227.0
206240.0
206242.0
206244.0
206266.0
206267.0
206286.0
206300.0
206303.0
206304.0
206346.0
206348.0
206364.0
206407.0
206420.0
206423.0
206424.0
206466.0
206467.0
206468.0
206480.0
206484.0
206485.0
206486.0
206528.0
206540.0
206544.0
206545.0
206546.0
206547.0
206587.0
206600.0
206604.0
206605.0
206660.0
206665.0
206706.0
206707.0
206719.0
206720.0
206721.0
206767.0
206780.0
206826.0
206827.0
206828.0
206840.0
206886.0
206887.0
206900.0
206902.0
206946.0
206960.0
207006.0
207007.0
207008.0
207020.0
207021.0
207066.0
207067.0
207079.0
207080.0
207126.0
207140.0
207141.0
207142.0
207164.0
207186.0
207187.0
207200.0
207246.0
207247.0
207260.0
207261.0
207306.0
207307.0
207308.0
207319.0
207322.0
207366.0
207367.0
207368.0
207380.0
207426.0
207440.0
207441.0
207486.0
207487.0
207528.0
207529.0
207530.0
207547.0
207548.0
207560.0
207563.0
207564.0
207565.0
207566.0
207594.0
207606.0
207610.0
207618.0
207620.0
207621.0
207624.0
207625.0
207627.0
207664.0
207676.0
207681.0
207684.0
207685.0
207694.0
207735.0
207744.0
207745.0
207746.0
207750.0
207780.0
207781.0
207794.0
207804.0
207805.0
207806.0
207807.0
207825.0
207837.0
207854.0
207855.0
207864.0
207865.0
207866.0
207895.0
207899.0
207917.0
207924.0
207925.0
207947.0
207948.0
207949.0
207951.0
207973.0
207974.0
207985.0
207986.0
207987.0
208003.0
208035.0
208045.0
208046.0
208060.0
208063.0
208065.0
208094.0
208104.0
208105.0
208106.0
208124.0
208125.0
208126.0
208157.0
208164.0
208165.0
208166.0
208187.0
208188.0
208216.0
208218.0
208224.0
208225.0
208226.0
208236.0
208247.0
208248.0
208266.0
208284.0
208285.0
208306.0
208307.0
208308.0
208309.0
208344.0
208345.0
208369.0
208404.0
208405.0
208406.0
208430.0
208431.0
208432.0
208464.0
208465.0
208466.0
208524.0
208525.0
208584.0
208585.0
208586.0
208644.0
208645.0
208704.0
208705.0
208764.0
208765.0
208766.0
208824.0
208825.0
208866.0
208867.0
208868.0
208869.0
208879.0
208927.0
208928.0
208929.0
208940.0
208945.0
208946.0
208988.0
208989.0
208999.0
209004.0
209047.0
209048.0
209049.0
209064.0
209106.0
209107.0
209108.0
209109.0
209120.0
209167.0
209168.0
209169.0
209179.0
209180.0
209184.0
209227.0
209228.0
209229.0
209239.0
209240.0
209243.0
209244.0
209286.0
209287.0
209288.0
209289.0
209299.0
209300.0
209304.0
209348.0
209349.0
209359.0
209361.0
209403.0
209404.0
209406.0
209407.0
209408.0
209409.0
209420.0
209421.0
209424.0
209428.0
209429.0
209466.0
209468.0
209469.0
209484.0
209485.0
209486.0
209527.0
209529.0
209536.0
209537.0
209539.0
209545.0
209546.0
209562.0
209586.0
209588.0
209599.0
209604.0
209605.0
209606.0
209648.0
209649.0
209664.0
209665.0
209666.0
209705.0
209724.0
209725.0
209768.0
209769.0
209826.0
209827.0
209839.0
209841.0
209865.0
209866.0
209867.0
209887.0
209904.0
209946.0
209947.0
209960.0
210004.0
210006.0
210020.0
210024.0
210064.0
210066.0
210069.0
210080.0
210081.0
210126.0
210140.0
210142.0
210143.0
210144.0
210186.0
210200.0
210246.0
210259.0
210260.0
210264.0
210306.0
210307.0
210319.0
210320.0
210324.0
210325.0
210326.0
210366.0
210379.0
210380.0
210384.0
210385.0
210386.0
210426.0
210439.0
210440.0
210444.0
210486.0
210500.0
210504.0
210546.0
210560.0
210564.0
210604.0
210606.0
210607.0
210619.0
210620.0
210624.0
210666.0
210679.0
210680.0
210684.0
210726.0
210738.0
210740.0
210744.0
210786.0
210799.0
210800.0
210846.0
210859.0
210860.0
210906.0
210920.0
210966.0
210979.0
210980.0
211026.0
211040.0
211086.0
211099.0
211100.0
211146.0
211159.0
211160.0
211206.0
211219.0
211220.0
211266.0
211279.0
211280.0
211326.0
211340.0
211386.0
211400.0
211446.0
211459.0
211460.0
211503.0
211519.0
211520.0
211566.0
211579.0
211580.0
211636.0
211649.0
211651.0
211681.0
211700.0
211704.0
211709.0
211710.0
211715.0
211716.0
211717.0
211747.0
211764.0
211774.0
211775.0
211776.0
211805.0
211824.0
211834.0
211835.0
211842.0
211884.0
211894.0
211895.0
211896.0
211897.0
211901.0
211909.0
211928.0
211940.0
211941.0
211954.0
211956.0
211962.0
211968.0
211992.0
212004.0
212021.0
212042.0
212072.0
212083.0
212084.0
212085.0
212101.0
212115.0
212124.0
212143.0
212144.0
212146.0
212176.0
212189.0
212205.0
212207.0
212218.0
212237.0
212244.0
212265.0
212266.0
212277.0
212295.0
212307.0
212324.0
212333.0
212334.0
212335.0
212336.0
212337.0
212364.0
212366.0
212390.0
212392.0
212419.0
212420.0
212440.0
212441.0
212449.0
212469.0
212470.0
212484.0
212499.0
212500.0
212529.0
212544.0
212545.0
212558.0
212604.0
212605.0
212664.0
212724.0
212725.0
212726.0
212784.0
212785.0
212786.0
212840.0
212844.0
212845.0
212904.0
212905.0
212906.0
212946.0
212950.0
212959.0
212960.0
212964.0
212965.0
212966.0
212976.0
213006.0
213019.0
213020.0
213024.0
213025.0
213028.0
213066.0
213070.0
213079.0
213080.0
213084.0
213085.0
213086.0
213126.0
213139.0
213140.0
213144.0
213145.0
213146.0
213162.0
213186.0
213188.0
213199.0
213200.0
213204.0
213205.0
213246.0
213247.0
213259.0
213260.0
213264.0
213300.0
213305.0
213306.0
213319.0
213320.0
213324.0
213366.0
213368.0
213369.0
213370.0
213379.0
213380.0
213381.0
213384.0
213426.0
213428.0
213429.0
213430.0
213434.0
213439.0
213440.0
213444.0
213465.0
213466.0
213467.0
213485.0
213486.0
213488.0
213490.0
213499.0
213500.0
213504.0
213546.0
213547.0
213548.0
213549.0
213550.0
213559.0
213560.0
213564.0
213606.0
213608.0
213610.0
213619.0
213620.0
213624.0
213663.0
213665.0
213666.0
213667.0
213668.0
213670.0
213679.0
213680.0
213684.0
213685.0
213726.0
213727.0
213728.0
213729.0
213730.0
213739.0
213740.0
213744.0
213786.0
213787.0
213788.0
213789.0
213790.0
213799.0
213800.0
213804.0
213846.0
213847.0
213848.0
213849.0
213850.0
213859.0
213860.0
213864.0
213906.0
213908.0
213910.0
213919.0
213920.0
213924.0
213925.0
213966.0
213968.0
213969.0
213970.0
213979.0
213980.0
213984.0
213985.0
214026.0
214030.0
214039.0
214040.0
214044.0
214086.0
214090.0
214099.0
214100.0
214104.0
214146.0
214150.0
214159.0
214160.0
214164.0
214200.0
214206.0
214210.0
214219.0
214220.0
214224.0
214225.0
214266.0
214279.0
214280.0
214284.0
214326.0
214333.0
214334.0
214339.0
214340.0
214344.0
214386.0
214399.0
214400.0
214404.0
214405.0
214446.0
214459.0
214460.0
214464.0
214465.0
214499.0
214506.0
214519.0
214520.0
214524.0
214566.0
214579.0
214580.0
214584.0
214626.0
214638.0
214639.0
214640.0
214644.0
214686.0
214699.0
214700.0
214704.0
214705.0
214746.0
214759.0
214760.0
214764.0
214765.0
214806.0
214819.0
214820.0
214866.0
214879.0
214880.0
214926.0
214939.0
214940.0
214986.0
214999.0
215000.0
215046.0
215059.0
215060.0
215099.0
215106.0
215119.0
215120.0
215166.0
215179.0
215180.0
215226.0
215232.0
215239.0
215240.0
215286.0
215299.0
215300.0
215346.0
215347.0
215359.0
215360.0
215406.0
215419.0
215420.0
215466.0
215479.0
215480.0
215526.0
215539.0
215540.0
215586.0
215599.0
215600.0
215646.0
215658.0
215659.0
215660.0
215688.0
215689.0
215706.0
215717.0
215718.0
215719.0
215720.0
215747.0
215748.0
215749.0
215754.0
215766.0
215777.0
215778.0
215779.0
215780.0
215784.0
215785.0
215805.0
215807.0
215830.0
215834.0
215835.0
215839.0
215840.0
215844.0
215845.0
215860.0
215864.0
215889.0
215890.0
215899.0
215900.0
215904.0
215905.0
215919.0
215949.0
215950.0
215964.0
215965.0
215975.0
215979.0
216004.0
216005.0
216024.0
216025.0
216028.0
216034.0
216057.0
216058.0
216082.0
216084.0
216085.0
216087.0
216111.0
216112.0
216141.0
216144.0
216145.0
216168.0
216169.0
216198.0
216199.0
216204.0
216205.0
216228.0
216229.0
216256.0
216258.0
216264.0
216265.0
216285.0
216286.0
216315.0
216324.0
216344.0
216345.0
216368.0
216369.0
216371.0
216374.0
216377.0
216384.0
216385.0
216387.0
216405.0
216406.0
216407.0
216429.0
216435.0
216436.0
216437.0
216444.0
216445.0
216465.0
216466.0
216467.0
216495.0
216496.0
216504.0
216505.0
216507.0
216526.0
216527.0
216528.0
216556.0
216557.0
216564.0
216565.0
216581.0
216582.0
216583.0
216611.0
216612.0
216624.0
216625.0
216626.0
216684.0
216685.0
216745.0
216746.0
216804.0
216805.0
216864.0
216865.0
216924.0
216925.0
216984.0
216985.0
217044.0
217045.0
217066.0
217068.0
217086.0
217088.0
217089.0
217090.0
217100.0
217104.0
217105.0
217146.0
217147.0
217148.0
217149.0
217160.0
217161.0
217164.0
217165.0
217207.0
217208.0
217210.0
217220.0
217224.0
217225.0
217258.0
217267.0
217268.0
217269.0
217280.0
217281.0
217284.0
217285.0
217327.0
217328.0
217329.0
217334.0
217335.0
217340.0
217341.0
217345.0
217346.0
217347.0
217387.0
217388.0
217389.0
217400.0
217405.0
217447.0
217448.0
217449.0
217460.0
217461.0
217465.0
217507.0
217508.0
217509.0
217521.0
217524.0
217525.0
217566.0
217567.0
217568.0
217569.0
217580.0
217585.0
217586.0
217627.0
217628.0
217630.0
217640.0
217645.0
217686.0
217688.0
217690.0
217700.0
217705.0
217746.0
217747.0
217748.0
217749.0
217761.0
217765.0
217795.0
217796.0
217806.0
217808.0
217809.0
217820.0
217824.0
217825.0
217826.0
217867.0
217868.0
217869.0
217880.0
217881.0
217885.0
217886.0
217889.0
217891.0
217892.0
217893.0
217926.0
217928.0
217929.0
217940.0
217941.0
217942.0
217945.0
217986.0
217987.0
217988.0
217989.0
218000.0
218004.0
218005.0
218006.0
218046.0
218047.0
218048.0
218049.0
218060.0
218061.0
218064.0
218065.0
218066.0
218107.0
218108.0
218109.0
218121.0
218122.0
218124.0
218125.0
218159.0
218166.0
218167.0
218168.0
218169.0
218180.0
218181.0
218184.0
218185.0
218227.0
218228.0
218234.0
218240.0
218245.0
218246.0
218247.0
218286.0
218289.0
218300.0
218301.0
218304.0
218305.0
218306.0
218346.0
218347.0
218360.0
218361.0
218364.0
218365.0
218404.0
218407.0
218408.0
218420.0
218424.0
218425.0
218466.0
218467.0
218468.0
218480.0
218481.0
218482.0
218484.0
218485.0
218541.0
218545.0
218587.0
218600.0
218601.0
218604.0
218605.0
218606.0
218607.0
218646.0
218647.0
218660.0
218662.0
218665.0
218666.0
218694.0
218707.0
218720.0
218721.0
218724.0
218766.0
218767.0
218780.0
218781.0
218785.0
218826.0
218827.0
218828.0
218829.0
218840.0
218841.0
218844.0
218845.0
218886.0
218887.0
218900.0
218902.0
218906.0
218947.0
218960.0
218961.0
219007.0
219008.0
219020.0
219067.0
219080.0
219081.0
219127.0
219140.0
219187.0
219200.0
219201.0
219247.0
219248.0
219260.0
219261.0
219307.0
219320.0
219321.0
219367.0
219381.0
219427.0
219440.0
219441.0
219487.0
219500.0
219546.0
219560.0
219562.0
219594.0
219606.0
219607.0
219620.0
219621.0
219666.0
219667.0
219679.0
219680.0
219726.0
219727.0
219740.0
219741.0
219786.0
219787.0
219788.0
219817.0
219837.0
219838.0
219839.0
219846.0
219847.0
219849.0
219851.0
219852.0
219854.0
219860.0
219861.0
219864.0
219865.0
219866.0
219908.0
219918.0
219919.0
219920.0
219921.0
219925.0
219948.0
219974.0
219980.0
219981.0
219983.0
219984.0
219985.0
219986.0
219989.0
219990.0
220004.0
220032.0
220044.0
220045.0
220046.0
220047.0
220056.0
220057.0
220059.0
220060.0
220100.0
220105.0
220106.0
220116.0
220130.0
220164.0
220165.0
220190.0
220219.0
220220.0
220224.0
220225.0
220227.0
220249.0
220251.0
220252.0
220253.0
220283.0
220285.0
220308.0
220311.0
220338.0
220345.0
220346.0
220347.0
220362.0
220364.0
220365.0
220367.0
220404.0
220405.0
220406.0
220407.0
220419.0
220420.0
220422.0
220450.0
220465.0
220478.0
220480.0
220481.0
220507.0
220510.0
220525.0
220526.0
220536.0
220537.0
220539.0
220565.0
220584.0
220585.0
220605.0
220633.0
220635.0
220639.0
220644.0
220645.0
220663.0
220666.0
220667.0
220671.0
220701.0
220705.0
220707.0
220765.0
220766.0
220824.0
220825.0
220826.0
220827.0
220884.0
220885.0
220914.0
220930.0
220931.0
220945.0
221004.0
221005.0
221006.0
221064.0
221065.0
221066.0
221124.0
221125.0
221126.0
221166.0
221167.0
221168.0
221169.0
221170.0
221180.0
221181.0
221184.0
221226.0
221227.0
221229.0
221230.0
221240.0
221241.0
221244.0
221245.0
221286.0
221287.0
221288.0
221289.0
221290.0
221300.0
221301.0
221304.0
221305.0
221346.0
221347.0
221348.0
221349.0
221350.0
221360.0
221364.0
221365.0
221366.0
221367.0
221391.0
221392.0
221406.0
221407.0
221409.0
221410.0
221420.0
221421.0
221424.0
221425.0
221426.0
221467.0
221468.0
221469.0
221470.0
221481.0
221482.0
221484.0
221485.0
221489.0
221490.0
221526.0
221527.0
221528.0
221529.0
221540.0
221544.0
221545.0
221586.0
221587.0
221589.0
221590.0
221600.0
221604.0
221605.0
221646.0
221647.0
221649.0
221650.0
221660.0
221661.0
221664.0
221665.0
221700.0
221706.0
221708.0
221709.0
221710.0
221721.0
221724.0
221725.0
221726.0
221754.0
221755.0
221766.0
221767.0
221768.0
221769.0
221770.0
221781.0
221784.0
221785.0
221787.0
221829.0
221830.0
221840.0
221841.0
221844.0
221845.0
221886.0
221887.0
221888.0
221889.0
221890.0
221901.0
221904.0
221905.0
221907.0
221946.0
221947.0
221949.0
221950.0
221960.0
221961.0
221962.0
221965.0
221966.0
222008.0
222009.0
222010.0
222020.0
222021.0
222024.0
222025.0
222066.0
222067.0
222069.0
222070.0
222080.0
222084.0
222085.0
222086.0
222127.0
222129.0
222130.0
222140.0
222141.0
222144.0
222145.0
222187.0
222188.0
222189.0
222190.0
222200.0
222201.0
222202.0
222204.0
222205.0
222247.0
222248.0
222249.0
222250.0
222260.0
222261.0
222265.0
222291.0
222307.0
222309.0
222310.0
222320.0
222321.0
222325.0
222326.0
222366.0
222367.0
222369.0
222380.0
222381.0
222384.0
222385.0
222424.0
222425.0
222427.0
222442.0
222445.0
222446.0
222447.0
222487.0
222500.0
222502.0
222505.0
222507.0
222546.0
222561.0
222564.0
222565.0
222566.0
222567.0
222607.0
222621.0
222622.0
222625.0
222626.0
222666.0
222667.0
222680.0
222685.0
222727.0
222729.0
222740.0
222741.0
222742.0
222745.0
222746.0
222747.0
222787.0
222801.0
222802.0
222805.0
222846.0
222860.0
222861.0
222865.0
222907.0
222920.0
222921.0
222924.0
222925.0
222927.0
222966.0
222967.0
222969.0
222981.0
222984.0
222985.0
223026.0
223027.0
223040.0
223041.0
223086.0
223087.0
223100.0
223101.0
223146.0
223147.0
223160.0
223161.0
223189.0
223190.0
223206.0
223208.0
223220.0
223221.0
223266.0
223267.0
223269.0
223280.0
223281.0
223324.0
223341.0
223387.0
223401.0
223402.0
223447.0
223461.0
223462.0
223507.0
223520.0
223567.0
223580.0
223581.0
223627.0
223640.0
223641.0
223687.0
223688.0
223700.0
223701.0
223702.0
223746.0
223747.0
223760.0
223761.0
223806.0
223820.0
223821.0
223827.0
223829.0
223866.0
223881.0
223909.0
223911.0
223926.0
223930.0
223940.0
223941.0
223944.0
223945.0
223962.0
223963.0
223964.0
223965.0
223969.0
223992.0
224000.0
224004.0
224005.0
224006.0
224017.0
224019.0
224060.0
224064.0
224065.0
224066.0
224067.0
224072.0
224075.0
224124.0
224125.0
224128.0
224130.0
224132.0
224139.0
224180.0
224181.0
224185.0
224188.0
224209.0
224231.0
224233.0
224244.0
224245.0
224247.0
224263.0
224266.0
224267.0
224304.0
224305.0
224362.0
224364.0
224365.0
224387.0
224389.0
224390.0
224398.0
224399.0
224400.0
224401.0
224422.0
224424.0
224425.0
224449.0
224450.0
224453.0
224481.0
224484.0
224485.0
224492.0
224506.0
224507.0
224509.0
224510.0
224526.0
224527.0
224542.0
224544.0
224545.0
224569.0
224570.0
224590.0
224592.0
224593.0
224595.0
224604.0
224605.0
224649.0
224664.0
224665.0
224695.0
224713.0
224716.0
224723.0
224724.0
224725.0
224772.0
224784.0
224785.0
